id,Age
15000,14.463848774847866
15001,13.103298842697107
15002,9.50911110350803
15003,11.058606096907816
15004,9.288590662184248
15005,9.774597562052069
15006,10.276590931982142
15007,8.16318713902796
15008,13.21387459628736
15009,11.27324438729447
15010,10.405286759843806
15011,11.099744036809177
15012,13.834637214872362
15013,16.627002106443456
15014,11.901121822192794
15015,7.766415223052387
15016,4.3345556805084895
15017,10.06126752368792
15018,8.938149150006053
15019,10.527875899736676
15020,7.05954437881658
15021,11.723789821925344
15022,8.305341879127095
15023,4.052710367882584
15024,9.462149774340645
15025,11.632767599537589
15026,6.698738673004701
15027,11.023005628622997
15028,7.846419324048453
15029,11.441207973585923
15030,6.998818211593347
15031,10.399996026488814
15032,13.189114058761996
15033,9.472964153562804
15034,8.562006884465047
15035,9.589366539759427
15036,9.634274752391992
15037,11.10528796489359
15038,10.386269976200948
15039,15.31961816785015
15040,16.159494107862002
15041,7.164782858705052
15042,8.52849438031481
15043,7.049717404482377
15044,8.650336053172289
15045,12.012801166327005
15046,9.462562971872496
15047,11.275489749888143
15048,12.855742595213487
15049,9.340230515873955
15050,9.26895174118043
15051,4.514169303736548
15052,11.072844441683483
15053,11.425036117328435
15054,12.121457338282905
15055,11.385444067483853
15056,6.845953635858857
15057,19.4458111160393
15058,11.031245249834376
15059,14.43525817583431
15060,11.163358577988712
15061,8.2769360581764
15062,9.815442941201628
15063,8.040028845310452
15064,9.066263622161749
15065,7.549308304145018
15066,6.883361272035582
15067,12.051644656519107
15068,10.564961670066927
15069,6.94736670175079
15070,11.742843712612313
15071,9.085819670975512
15072,9.583140196449309
15073,6.4316321626645845
15074,5.591399161857103
15075,5.8942675226232
15076,9.577176119711579
15077,10.01430383210266
15078,10.523796390050528
15079,11.774971856702429
15080,8.595236197346148
15081,11.669494074022309
15082,9.234318759590215
15083,10.662422026018294
15084,7.739649811888353
15085,10.811750233535422
15086,16.2250259128657
15087,7.528212149814101
15088,4.096540243548578
15089,10.498802542939323
15090,6.976212249827569
15091,6.981135357599859
15092,9.852160397771835
15093,10.43550481147047
15094,10.851474389213367
15095,12.655563891537657
15096,10.307007496044411
15097,8.776036421033464
15098,5.218528002216131
15099,15.324778292805119
15100,17.84755345308776
15101,5.3528593121637895
15102,10.244526977663277
15103,12.085403819824798
15104,8.715523176698246
15105,10.487717765984788
15106,9.327962042033409
15107,9.656269081614575
15108,9.618478646056229
15109,10.623382091289553
15110,10.327911688801102
15111,15.623456063140345
15112,6.32967433932928
15113,13.732399496908444
15114,8.497090120991881
15115,7.383805402745805
15116,9.416313014802686
15117,11.028053714333678
15118,9.364550472851151
15119,6.116566647183631
15120,13.259247001023201
15121,8.766277115691341
15122,8.898321840218014
15123,10.226013789965366
15124,8.694450336964866
15125,9.885087012859785
15126,6.733332182736048
15127,10.170050674541873
15128,13.0363466511522
15129,10.850943276717341
15130,7.220892770160153
15131,8.681102344215647
15132,13.315230342115042
15133,5.915980419942391
15134,8.586953463428708
15135,10.824677650201252
15136,9.964184262400492
15137,9.991800258564034
15138,9.206590854984997
15139,11.788649049877009
15140,9.878790835630639
15141,8.07984484608126
15142,9.833133304908467
15143,7.825365683523543
15144,9.899611314501147
15145,8.70065278914209
15146,11.00449758306046
15147,6.2594349507428735
15148,7.562043972179595
15149,10.43232873367819
15150,10.424135710755497
15151,11.093168707572108
15152,9.816500798943148
15153,9.618925509426694
15154,6.831463255847537
15155,10.352723938660782
15156,10.301164766865838
15157,7.986132817963579
15158,11.75141781373333
15159,10.928041659812463
15160,10.482784053726059
15161,11.112339168728147
15162,11.147895492517394
15163,12.656484257977755
15164,11.185333036037195
15165,9.966285286647146
15166,8.367836163841641
15167,7.035824605966169
15168,7.114955246241374
15169,11.772648375039022
15170,4.954042958593648
15171,8.722031488270716
15172,6.206376997757226
15173,7.88770021911034
15174,9.760688334467586
15175,7.86404900596453
15176,10.775193322558149
15177,10.139077717841259
15178,6.166315051015522
15179,11.073497226013306
15180,14.073662324669108
15181,6.830805268059526
15182,14.623315071819167
15183,7.004458886771488
15184,8.003985218216105
15185,9.524034064090126
15186,11.793809771732711
15187,11.564821857706793
15188,11.37713543318462
15189,8.985808547073958
15190,7.997217121062466
15191,11.445629182005776
15192,5.62938315263998
15193,12.71827254572678
15194,10.313054092586631
15195,9.194426171375962
15196,9.577201597892126
15197,10.541221926972517
15198,7.672604632227307
15199,7.5316094594060194
15200,14.638466807486619
15201,14.173065698062139
15202,10.41310231244135
15203,10.96305989267356
15204,8.51736490382802
15205,13.365093690561906
15206,6.908832553546333
15207,10.880183173984769
15208,5.500961809143981
15209,13.582420324530915
15210,13.9193335727996
15211,10.000254618117806
15212,9.641340425314894
15213,8.995656404781458
15214,7.911693250370058
15215,4.416651042841623
15216,10.207542943675804
15217,8.511616892178173
15218,8.527442343364937
15219,12.248001952874285
15220,12.144133345432943
15221,5.600328589923428
15222,10.024200236241299
15223,7.992263112860943
15224,11.230549455654756
15225,10.57760124312576
15226,11.699685345716633
15227,10.215676079321385
15228,9.137499625047164
15229,9.458221378932643
15230,6.688601204043346
15231,13.782947955110162
15232,9.32018403885055
15233,8.682962902537659
15234,5.918644848642091
15235,12.158005804593836
15236,10.880172124274882
15237,10.521320635126552
15238,11.094869265556788
15239,8.614813725969208
15240,12.243704812501505
15241,10.931150697918318
15242,11.978679679857125
15243,11.81709849832512
15244,5.94610448190973
15245,10.293375405023308
15246,11.69183254636616
15247,7.408579094023191
15248,10.815039466503054
15249,9.590684039047012
15250,8.657694727195647
15251,7.051113492053121
15252,15.21808867742724
15253,6.57292561990537
15254,10.252830325752788
15255,8.393458469778645
15256,10.680392624984059
15257,9.497439982180943
15258,10.285866255794325
15259,7.672256840878498
15260,11.489705524082886
15261,9.680850597019885
15262,7.61139343283811
15263,8.502360048619485
15264,8.681849563562379
15265,9.44775541397689
15266,10.472042707357884
15267,8.915244091847766
15268,7.101702109616777
15269,10.317848074291675
15270,4.6866244915791
15271,10.11869516350442
15272,13.126375228805982
15273,9.67184881890455
15274,10.925257223350208
15275,14.755064209491557
15276,6.606006384428707
15277,11.97887266052531
15278,10.488058960230285
15279,10.179740179752004
15280,6.4419612976691365
15281,10.859973507878985
15282,10.779849723652625
15283,9.487672500276698
15284,11.205940596354468
15285,11.386911257555157
15286,8.864077942546572
15287,6.8409423367951625
15288,10.594374220525134
15289,8.128436144808003
15290,11.430208590198813
15291,9.869259923904746
15292,7.568451767909922
15293,7.423264968126856
15294,6.355292432173877
15295,9.977951340799878
15296,10.940984193829165
15297,8.526599599793032
15298,16.644361381216566
15299,4.03811579359521
15300,6.264296701340843
15301,6.561831754783762
15302,13.393305118915906
15303,11.635676511173969
15304,11.230085971493274
15305,8.464497112963095
15306,10.155653206815847
15307,6.08074103819152
15308,6.737088353631241
15309,9.873564272535098
15310,11.029899331662277
15311,9.262300113531436
15312,11.03862418649841
15313,6.474263568585192
15314,11.535447430568775
15315,10.62076131786044
15316,10.061521717626833
15317,10.762344039183336
15318,11.009136738437988
15319,9.519080526514662
15320,11.50793351095314
15321,12.563084436777148
15322,5.395500049210877
15323,11.638542063379113
15324,12.9294428844716
15325,5.348854567847181
15326,6.9818848362148636
15327,4.446439213681318
15328,13.979256769698257
15329,6.8542366142724775
15330,6.772778908425704
15331,10.765068001336758
15332,7.6411584042599205
15333,12.671053724360819
15334,11.31266983984647
15335,10.977245504057917
15336,15.396831102952593
15337,10.621701004994822
15338,9.887998819431703
15339,11.024754427777436
15340,12.828321394229677
15341,10.234839792320278
15342,10.03979650401868
15343,6.886877819255416
15344,4.6157647873994065
15345,12.525942938081776
15346,11.782762672202681
15347,12.889035844946614
15348,11.20117746688378
15349,13.11475799047698
15350,9.826769739612903
15351,10.151909554910606
15352,15.402467551495981
15353,7.718972616639954
15354,10.191567540934793
15355,9.689516413890033
15356,12.172020822959864
15357,11.970891108607718
15358,11.263424308631702
15359,11.946182794062684
15360,10.46916219451625
15361,4.471251616955686
15362,8.59476071094734
15363,10.528437546417232
15364,7.637268120329833
15365,6.438876011767076
15366,13.351678111089933
15367,9.927535088774773
15368,7.034738494972517
15369,14.994989556625033
15370,7.919731357959705
15371,7.380416550147968
15372,7.941132705564028
15373,7.145609186740696
15374,10.451485846845753
15375,7.644039133288194
15376,9.775296677515978
15377,16.194305556213845
15378,7.719550105132667
15379,10.010624980264744
15380,9.620390793206141
15381,10.106307733853527
15382,8.637553358438836
15383,10.984998429467907
15384,7.793003938869202
15385,8.72967023402362
15386,7.623424963738435
15387,8.268648518628572
15388,7.407937525239719
15389,13.7225821227817
15390,8.24545924720891
15391,10.502997147715323
15392,10.43849006289798
15393,9.921824463608049
15394,17.265476891286223
15395,5.557499900741843
15396,10.659422505949244
15397,8.33224958034442
15398,11.218168953987739
15399,14.516146243105247
15400,11.164920594657094
15401,9.368736757681651
15402,6.404186363381088
15403,14.72696412799245
15404,8.8947078757749
15405,6.742664846925054
15406,9.187167093723996
15407,9.49237580010678
15408,10.47891860242378
15409,7.686792453613748
15410,11.007539024448324
15411,10.60393010962493
15412,13.819994808672359
15413,10.196167863628817
15414,13.126391174325377
15415,10.247806489123738
15416,11.743519452968867
15417,11.290174094593368
15418,11.637152312423108
15419,10.606385833713873
15420,12.16128062238764
15421,15.604841347899383
15422,9.600092467279259
15423,8.764391886418235
15424,5.5995600119931375
15425,9.4431823602525
15426,8.610225207450007
15427,10.158129605214572
15428,10.1501672005751
15429,7.941509904445208
15430,13.414392565837687
15431,7.161131582421549
15432,9.648018529418618
15433,10.607919253412247
15434,9.446447495424405
15435,7.712221417660027
15436,7.176386681204302
15437,10.878741605352698
15438,9.814249208961177
15439,9.83914497797451
15440,10.398931818030649
15441,9.185231339583087
15442,7.358777809660738
15443,12.034266815469085
15444,9.979065516280635
15445,8.42284660240037
15446,10.80719685866913
15447,6.48362786278468
15448,11.239771143595965
15449,5.720020934874428
15450,9.178114059124157
15451,6.529468097252833
15452,10.670756285289096
15453,6.869870689618535
15454,7.558506512160847
15455,8.967466832374766
15456,13.256893368445741
15457,13.699643570562861
15458,10.372883900398454
15459,11.0537667307023
15460,6.545920864639298
15461,10.680834182260572
15462,12.194925577978202
15463,13.947178970681591
15464,9.753236981029081
15465,10.140322403646037
15466,6.884941138280281
15467,7.205120666564694
15468,14.69036415070953
15469,11.3202341726649
15470,7.273258927278316
15471,12.107486641106561
15472,7.93725667528105
15473,7.793188867952938
15474,6.77310407386154
15475,11.911405005656613
15476,14.696420535274404
15477,8.692797719140646
15478,11.573800252202117
15479,9.387230255838233
15480,10.2744416653338
15481,11.271937317297997
15482,7.305637451057192
15483,13.341065794589461
15484,8.945340393708657
15485,10.30671189752192
15486,7.624898308561395
15487,11.230962328111469
15488,8.226346252380033
15489,10.210372454508281
15490,12.255660389282706
15491,9.220917581904535
15492,11.949895515313033
15493,10.512027469016143
15494,5.912932385115125
15495,8.547961675711239
15496,10.498141623039837
15497,10.214708089840325
15498,9.639381664391223
15499,11.327338150072054
15500,10.545019115860049
15501,10.591595333055896
15502,7.756893788915173
15503,9.248132208600694
15504,5.6749526619535855
15505,6.850663332689848
15506,13.40117575226022
15507,13.900148252444858
15508,12.888419907930743
15509,10.331574050972401
15510,11.072181076639971
15511,8.854127279849225
15512,9.449559630425407
15513,6.734984943137008
15514,13.814901560120903
15515,6.986112971763912
15516,15.765240828823547
15517,10.060533604597389
15518,6.752699962889027
15519,9.549973408188709
15520,11.51350308210838
15521,9.105848816970214
15522,13.69362986834779
15523,7.420759567913386
15524,9.711179977444852
15525,10.017052464749206
15526,11.444908386367958
15527,8.957043515637467
15528,17.711573146698026
15529,10.753234112323172
15530,5.464723946092491
15531,10.933321417054113
15532,10.3574460190618
15533,10.198092554419162
15534,9.893680214154458
15535,4.835699880805056
15536,11.145593074589605
15537,13.42158188760476
15538,9.682699524187939
15539,14.80331157354703
15540,9.924381946986225
15541,10.817842243208283
15542,9.493862701426403
15543,10.358196314214208
15544,9.53405823399672
15545,10.71889085252847
15546,10.315635957165409
15547,12.235409446002986
15548,8.703753817247799
15549,9.931216721528633
15550,14.535102956483819
15551,12.311528431732611
15552,11.974228161336084
15553,10.360819455563181
15554,8.253342357599823
15555,6.808178632655851
15556,4.182610444686947
15557,7.844509855871838
15558,9.796664557861037
15559,7.119048688974749
15560,14.040112167706411
15561,10.935832041366446
15562,11.845375819601125
15563,11.950668587375555
15564,11.101002902191214
15565,6.489144707308554
15566,10.062312096700317
15567,11.041415743293902
15568,17.35892695249224
15569,8.359797602513346
15570,9.641507785770987
15571,10.062335002646208
15572,8.354333445860433
15573,7.049142216584927
15574,9.054921720623852
15575,11.356931364248473
15576,10.729739141921455
15577,15.872265086243507
15578,11.610940032779576
15579,14.272621915576615
15580,5.6859518804555
15581,11.754351206092975
15582,11.766086857717978
15583,7.81998367821745
15584,12.456029304818461
15585,9.83460259736518
15586,13.25407682413795
15587,10.53051598692059
15588,14.767128917149591
15589,10.385879351860623
15590,11.72545621438348
15591,7.068393931522466
15592,9.054541675904309
15593,8.748178309277506
15594,10.13704366494256
15595,5.891361513316359
15596,7.455006289339701
15597,14.350478470526543
15598,9.406704520313554
15599,9.419493164926605
15600,4.875344662345764
15601,8.664732820901682
15602,9.393980653198616
15603,6.948867482419431
15604,9.458889121987541
15605,10.683006505616076
15606,6.088204053502656
15607,11.139951661537516
15608,10.091142372256513
15609,6.6124628272196695
15610,6.1197508953894655
15611,7.452437679263133
15612,13.846899087224324
15613,12.060074697978408
15614,9.326274332776487
15615,8.878808217116672
15616,6.529127002576634
15617,10.836828362273614
15618,15.249380564860603
15619,8.167011978251983
15620,10.076311395813526
15621,6.29688585822745
15622,6.544947568060954
15623,7.341260070673304
15624,7.546120031940176
15625,11.307071665652476
15626,10.23774049579972
15627,15.141797174632806
15628,16.651420636591112
15629,10.64634088314222
15630,9.172628691722606
15631,8.553633307630644
15632,8.410063853852272
15633,6.111822714554462
15634,10.699851398369542
15635,16.188165994317778
15636,11.841454318159723
15637,7.221564642561137
15638,8.188332369848188
15639,11.106078868571691
15640,11.49766943009649
15641,8.94119877408938
15642,9.147869645657638
15643,6.73606700990271
15644,8.225425236510315
15645,10.902575237960669
15646,8.92968583492301
15647,10.329775957455876
15648,10.843495274374328
15649,11.147579572067295
15650,12.28025668573715
15651,14.966270194610235
15652,7.489747221697624
15653,10.210853288291538
15654,6.873493507397773
15655,11.208999621335106
15656,9.890797771551608
15657,9.117414174599144
15658,11.286896174428964
15659,10.66724275345101
15660,10.573349533789774
15661,10.149613688974227
15662,8.144784407405291
15663,11.650022381444545
15664,13.743972992957088
15665,14.795853245759382
15666,11.2593810461648
15667,9.499162733029735
15668,8.964626325580582
15669,12.19445939087442
15670,10.773290473233322
15671,10.623988431863925
15672,8.005188437107527
15673,11.5436371622531
15674,10.196042715643097
15675,9.71706360960801
15676,11.865622321433419
15677,8.918467557977351
15678,11.638741563699542
15679,8.521008733527797
15680,10.379810789900041
15681,7.740340642419979
15682,9.954024825405083
15683,13.308388836688387
15684,6.377815410767303
15685,8.365306690165516
15686,12.69770448997697
15687,6.665601691730648
15688,8.185924732269628
15689,8.174561549830711
15690,11.974434467564082
15691,11.340444891675952
15692,14.033625987228337
15693,7.795805796554324
15694,10.250919384133546
15695,7.070889577527554
15696,10.405011375490943
15697,12.847671882772762
15698,10.438418536867957
15699,9.764436955766605
15700,9.555479783518027
15701,9.87143549734619
15702,8.502775591689076
15703,12.350124482645995
15704,10.842211668042577
15705,7.124602115769537
15706,8.827690516460086
15707,11.04689600321071
15708,10.179951868885267
15709,12.09618831074375
15710,15.460388503050906
15711,9.879622736997684
15712,10.195379342029963
15713,10.810650776601983
15714,8.127621945360456
15715,7.160207191195452
15716,6.5776168534903565
15717,7.9968082411513475
15718,12.677488276918726
15719,7.111424113767553
15720,9.966514395278608
15721,11.158215150475717
15722,5.993406926491056
15723,10.5986493542669
15724,8.56339359249092
15725,6.631582359647231
15726,11.529991946635647
15727,10.051460306524437
15728,6.293428609564509
15729,11.598652226429822
15730,9.933085201749916
15731,8.199045829675642
15732,11.233210336586925
15733,9.23031853427899
15734,8.473597934126634
15735,5.679160817855627
15736,10.62842202761843
15737,6.798228446279528
15738,8.66950431292277
15739,10.130846208970626
15740,8.13187620821076
15741,10.172950307709256
15742,9.829902378000089
15743,9.321523335050163
15744,10.470099009895284
15745,14.267325210761694
15746,5.565095210673734
15747,7.1520084467371845
15748,9.682361938704663
15749,10.122228015713175
15750,8.781996485862088
15751,7.8357446565780515
15752,10.291526512867504
15753,7.062301671659298
15754,10.81906823452843
15755,10.82714733719608
15756,10.014568597980077
15757,12.558881458456742
15758,9.7687650593253
15759,10.904975923264207
15760,8.313365876897866
15761,9.334319976172836
15762,14.162049206974991
15763,17.597289134722654
15764,9.13256158287311
15765,8.324335575524685
15766,14.839326291792704
15767,10.15735216472579
15768,8.655912938192213
15769,10.0770556834275
15770,9.2676013932908
15771,9.189110563618048
15772,11.13459351291854
15773,10.020237558009844
15774,7.275499743899579
15775,11.311592118630257
15776,15.092223672567645
15777,7.284199082337307
15778,8.250174768121608
15779,11.364902078162437
15780,7.401687792127559
15781,10.403923135847746
15782,9.878781690760558
15783,5.491923462647504
15784,9.864802094345924
15785,7.865661914941386
15786,8.36791251843988
15787,10.456625785680355
15788,10.306469076835674
15789,10.118667825778175
15790,7.36084291280027
15791,8.691521179141466
15792,10.109274952916609
15793,4.907927036816872
15794,11.648725099818304
15795,11.01902880700822
15796,6.641476949834018
15797,10.357702836937024
15798,9.667563044956058
15799,7.331554931907396
15800,12.757385387739754
15801,14.086743770753172
15802,8.548093446558257
15803,4.793463760450371
15804,7.297797599528201
15805,14.115973351259282
15806,9.632602668845784
15807,10.581734539226948
15808,14.994628748479103
15809,10.769093038380657
15810,11.942585545490617
15811,10.852106380568326
15812,11.737939745842388
15813,8.500241396431047
15814,6.263363986961156
15815,7.229259368712009
15816,10.89721493180338
15817,10.09512733295886
15818,10.828964528609307
15819,10.27464137616498
15820,17.183689298377626
15821,9.664662344355808
15822,10.150411238900539
15823,8.762841744904016
15824,10.420774552881355
15825,9.226211506154481
15826,7.316928926771313
15827,7.789072467296829
15828,11.22944993358169
15829,10.522810040779312
15830,9.67005937563573
15831,10.306701485131198
15832,11.964518652872014
15833,16.15852867891914
15834,14.659231646748168
15835,10.202894409173576
15836,14.625710694631962
15837,7.018925092744122
15838,10.501750541649159
15839,8.907049487752055
15840,8.30419281791331
15841,14.847737977954472
15842,7.609342575464943
15843,11.072056360632613
15844,7.252050094348756
15845,15.34323448513751
15846,9.732710045046055
15847,9.48699716018044
15848,10.030731430152375
15849,9.962384620517216
15850,5.317934395099507
15851,10.008661125188574
15852,9.007130467085187
15853,8.448328798881198
15854,8.19218997574908
15855,15.30240816115197
15856,10.418052756643174
15857,8.64548361586683
15858,10.997266344614308
15859,10.969314887618786
15860,10.677673304562804
15861,9.464286068166821
15862,7.752608686274773
15863,9.292803885904453
15864,12.255202797734748
15865,10.667381674524018
15866,6.154551041842092
15867,10.707963477097646
15868,9.309068877283506
15869,7.423707551188948
15870,13.87247023145923
15871,16.332362272716093
15872,8.518110497291177
15873,9.408489082700338
15874,10.56651586578142
15875,8.874888097141296
15876,9.548014562552735
15877,10.352135971493626
15878,9.793564749221035
15879,11.15589394110943
15880,10.543789200063069
15881,10.909274054023228
15882,6.8823898196766855
15883,7.149825562332415
15884,7.891660580689939
15885,12.289144267704025
15886,8.973992305831056
15887,7.860763262546705
15888,9.463762284780156
15889,10.098786647739411
15890,11.83136547386749
15891,13.58020446206249
15892,10.730941971678023
15893,6.948316850592544
15894,10.031478593699072
15895,11.484727348602952
15896,9.650399426550177
15897,11.784626486540388
15898,10.412414400055383
15899,10.402435793293154
15900,6.6503490373108685
15901,11.729365982017171
15902,11.154990583658476
15903,9.785631099309143
15904,8.972253534552827
15905,10.549588382193683
15906,14.700671880330935
15907,8.277870157727268
15908,8.77608549651119
15909,10.592631708589936
15910,12.020244886331358
15911,8.380930989620799
15912,10.709678533349205
15913,6.43351419588044
15914,9.844226337521961
15915,11.362301680752891
15916,13.632069199079574
15917,9.698985449083308
15918,11.27830901149032
15919,9.85160543348492
15920,11.100849455048106
15921,8.64400015716114
15922,7.109658055303238
15923,11.025005020528544
15924,9.446760516542016
15925,10.69848642806745
15926,11.20946362074742
15927,11.610213397328963
15928,6.296437062529301
15929,10.144484541855629
15930,6.233638522242014
15931,7.965822083293301
15932,9.747643034131572
15933,4.738058179947499
15934,10.743493067065515
15935,15.714868776299792
15936,9.412830351034774
15937,10.255075033400177
15938,10.14583177941775
15939,4.612063769591632
15940,6.960814642392442
15941,11.433166517384905
15942,11.519381438501783
15943,9.07646876862779
15944,10.738524788909071
15945,10.163426923778303
15946,9.847237510758713
15947,8.24024697152815
15948,8.054439255979704
15949,9.051380694415817
15950,13.797423015079833
15951,10.830021447382551
15952,6.5619386787328615
15953,10.076188640948596
15954,11.310416648670286
15955,9.449469515838889
15956,6.1454660789339695
15957,11.971445894925662
15958,16.199868808491
15959,5.510706584403835
15960,10.084169605586496
15961,11.845416763380172
15962,17.039158183630793
15963,10.327484983909596
15964,10.378542523047075
15965,7.686747949699649
15966,9.11255307309189
15967,7.213281002444221
15968,10.660453782814871
15969,10.210024131894574
15970,11.331833229705467
15971,10.999703684004215
15972,7.934868933170443
15973,10.643050200238537
15974,6.448510790382206
15975,11.92762296819841
15976,10.592055611645591
15977,10.531637529880614
15978,11.818564275374074
15979,7.806247609282925
15980,9.284380251879476
15981,8.514144552514239
15982,11.253041735835447
15983,11.319350932176084
15984,10.432028445981322
15985,11.713318705341345
15986,7.7229516727210505
15987,9.47978898122747
15988,10.04239186092934
15989,11.117660517150139
15990,10.162341851041235
15991,8.421440103633957
15992,11.474308561780358
15993,8.197131522910247
15994,10.51587058916338
15995,7.624194158633882
15996,9.454360397746557
15997,11.881659998372886
15998,10.264892754830932
15999,10.862328216565563
16000,12.619169823476971
16001,14.45652014221649
16002,9.957497811849983
16003,15.266559146597007
16004,10.913287372164728
16005,12.193020485953065
16006,10.72624982437221
16007,10.581754946307433
16008,9.645804935318418
16009,5.380112006085462
16010,13.494338910561364
16011,12.853567051964472
16012,6.264195965592879
16013,12.25492671058967
16014,6.946585453998807
16015,12.60967670814474
16016,13.596974672482487
16017,6.08647132195097
16018,10.185732949402558
16019,7.738586754247672
16020,10.711321144030247
16021,11.32659503877553
16022,15.136387407839223
16023,13.003672082306707
16024,9.960154833191407
16025,11.07979294802382
16026,13.927520658900617
16027,3.6944789474593764
16028,5.422544558479065
16029,9.505444304527783
16030,18.339659201625686
16031,8.884933559514007
16032,12.631676096514326
16033,10.793784622783042
16034,13.936065746155288
16035,11.452898325869835
16036,10.10409754098501
16037,10.814419584457927
16038,5.653085020820404
16039,9.40259690431244
16040,12.056572808338824
16041,6.983536995537061
16042,7.00507385936173
16043,10.078227447630516
16044,10.17151920013561
16045,11.40365425015148
16046,13.949555082954626
16047,9.380554638203
16048,9.77344613016948
16049,10.673423727891823
16050,10.715915442653252
16051,7.28671459473625
16052,12.289617565995025
16053,15.910574215768523
16054,8.354230848562512
16055,17.60266787092754
16056,10.86935489717907
16057,10.3386917639393
16058,16.07680492306716
16059,9.782731631408495
16060,13.849942254342519
16061,6.638901359525706
16062,4.434797962455735
16063,17.266397030463903
16064,9.924049392850907
16065,10.070161858750069
16066,8.715102172152816
16067,9.415335838258036
16068,13.287781739070748
16069,10.24773707829247
16070,9.135461497527707
16071,10.494310300937027
16072,7.183092327354408
16073,12.453535228703084
16074,11.031297610564032
16075,10.356679821945491
16076,9.964498279550426
16077,8.287021789566309
16078,11.3501298601117
16079,9.562079454912709
16080,9.979576078002196
16081,9.442953795404101
16082,10.21310253536203
16083,4.4387310759151895
16084,9.038151387125595
16085,8.258213730682565
16086,6.475293654857268
16087,7.777345971604564
16088,7.960378230605434
16089,8.088785626935804
16090,14.014576301040227
16091,10.988253659618703
16092,13.78272354823054
16093,13.215335344309924
16094,13.619478627255152
16095,6.445973339867345
16096,7.97848088558243
16097,5.922215391886361
16098,10.04009678254521
16099,9.748794206743526
16100,10.037089965718655
16101,13.555940477971866
16102,9.480926595246382
16103,6.3541576683736976
16104,7.854750656172906
16105,8.267945259077523
16106,10.163101850521578
16107,9.215355742452388
16108,11.045398496518409
16109,10.335440268653203
16110,8.141154189439092
16111,8.767622969456863
16112,7.89118741455531
16113,11.154290873002509
16114,11.31726954732624
16115,3.9571683333632985
16116,10.727670564295794
16117,10.508026719553289
16118,13.07782083434892
16119,12.372648717015322
16120,9.469971282563407
16121,10.065775693987852
16122,11.101738146199967
16123,7.303176371770019
16124,11.179743107327212
16125,5.545720760355479
16126,10.985585952409535
16127,9.485115501219182
16128,11.378474501797642
16129,9.395597542141452
16130,10.779247457828165
16131,11.156885086904621
16132,10.242778016516919
16133,9.276907815584849
16134,11.24873448208153
16135,7.1041169631410135
16136,9.211181001678568
16137,11.060212802771245
16138,7.322918829670909
16139,9.208051421673417
16140,12.0759918173422
16141,12.669337208729118
16142,14.736922789626625
16143,9.866906049170035
16144,11.009631417359978
16145,8.672030813539989
16146,10.448627730928996
16147,9.648675542235637
16148,5.697074909405624
16149,10.725883427064531
16150,8.469590615036584
16151,9.723039406874756
16152,10.330792019664628
16153,7.380452665572086
16154,9.668107753561255
16155,9.684557564184601
16156,13.944015953478356
16157,16.403173005660047
16158,7.998717226415273
16159,6.987386799021606
16160,14.854683671438826
16161,7.996876599840934
16162,15.123844406760199
16163,8.687786599615464
16164,10.804645200868972
16165,9.665266730863298
16166,7.724100691566884
16167,9.674740890914174
16168,8.351459470238595
16169,10.806934855177765
16170,14.452459760072756
16171,6.1416082588543155
16172,16.559630964235723
16173,11.18089943650576
16174,7.10460183448028
16175,12.159193704547917
16176,5.135794754837028
16177,10.491161003060713
16178,7.353042235676167
16179,5.457644343424799
16180,8.840996290712464
16181,10.133970637146094
16182,10.33936360743397
16183,10.955760150198856
16184,9.69404348010045
16185,6.639134295413623
16186,9.932549508876027
16187,9.238113139380944
16188,10.43826806689707
16189,14.515388091976387
16190,4.623018602478521
16191,10.324768061348424
16192,9.71946103187333
16193,9.47948385537759
16194,8.349529156786632
16195,7.641986714516912
16196,12.51604998188835
16197,8.417978677729316
16198,10.11786175343773
16199,9.896375592062066
16200,11.505653721769018
16201,13.26066442441928
16202,10.136675156581662
16203,11.325579563960547
16204,6.197916577296485
16205,11.03251674559999
16206,10.001259634033454
16207,13.348677055999643
16208,10.180223455444587
16209,9.221670829146117
16210,7.5014732897728305
16211,3.996442310450222
16212,6.967792818234026
16213,15.520711749419792
16214,4.739657631120858
16215,9.882357224013639
16216,8.479433681061831
16217,13.980471492538793
16218,9.319783705533286
16219,10.241098206602214
16220,7.964085995921478
16221,7.557278332065524
16222,10.771328908521395
16223,6.29387790742849
16224,11.548699680569099
16225,10.726437182700707
16226,6.311890827716034
16227,12.188634836900178
16228,7.741763056439114
16229,5.366087064570207
16230,10.532926464064317
16231,11.169813132106613
16232,6.923830626576595
16233,9.74378615822974
16234,6.881371490836517
16235,6.535890838769151
16236,8.867715549079007
16237,11.688455310796972
16238,8.610210018215
16239,10.163652419659595
16240,6.291031462025122
16241,7.418813005961312
16242,8.473878392422552
16243,10.09347028786158
16244,7.979080891990439
16245,5.623881577418649
16246,12.891830042097297
16247,6.313450271910554
16248,14.216732554318131
16249,10.53745111257135
16250,8.589254282750172
16251,9.94517571032255
16252,8.914478553851206
16253,10.205421935497263
16254,10.479377633336629
16255,8.961689161082662
16256,11.905610794842152
16257,8.127272664025554
16258,11.376694096928953
16259,13.726848672932732
16260,10.898773008568773
16261,18.8795838500251
16262,10.14415504737348
16263,14.015554357174109
16264,14.31277348724479
16265,11.718024202280017
16266,10.788929085946169
16267,10.306986856842085
16268,9.751268971913767
16269,12.484424930746428
16270,8.908097125150507
16271,13.950835037308035
16272,8.587991267393944
16273,11.343575876330545
16274,7.882252360992318
16275,10.019338260801113
16276,7.398774578066901
16277,6.750442073188147
16278,10.27441721387751
16279,13.40402051021718
16280,11.487878313396603
16281,7.886922979040654
16282,8.910436549994762
16283,6.99309534171211
16284,9.204516020970877
16285,11.694512799118542
16286,7.963867276153146
16287,6.6267640835561785
16288,10.610793212074366
16289,9.745902823191866
16290,10.245726744304692
16291,9.485533387224176
16292,6.3288618632099425
16293,4.35302460827026
16294,9.377947072671539
16295,6.312287879662298
16296,12.93923776411582
16297,12.844293007545058
16298,11.303969063623345
16299,10.115640064231055
16300,7.613072212582758
16301,8.289706606659529
16302,11.05491848415949
16303,6.2043721149481375
16304,10.282851760205931
16305,10.573479371013079
16306,3.950724899554918
16307,13.358373960523975
16308,9.770501499390845
16309,6.664928785256938
16310,7.195542408446454
16311,8.74394487178332
16312,6.432910677629265
16313,11.650471524587893
16314,7.609910638359105
16315,10.979406544611683
16316,11.412577138853466
16317,9.96137796327573
16318,6.307512884764078
16319,9.439688857726122
16320,10.050864097067295
16321,14.771354875788756
16322,9.663914638777674
16323,10.47999534212412
16324,10.546972431410373
16325,6.196805681207655
16326,11.679030089818768
16327,12.724909523096875
16328,7.386311707367381
16329,6.5957737283304905
16330,7.320642082257443
16331,8.639063378811937
16332,11.776765166941109
16333,11.161040822728337
16334,14.681631079437054
16335,12.866914266033163
16336,10.796717638823255
16337,5.90379818066466
16338,8.896802915071094
16339,11.248037331826014
16340,10.310582651023543
16341,7.681565833184294
16342,16.397600852943803
16343,11.147623205535199
16344,10.112497124505456
16345,10.710002280563117
16346,9.882331045582678
16347,10.24572356659704
16348,11.670119814643531
16349,15.119306760920212
16350,12.927522746097234
16351,9.112747147002567
16352,10.96320771606169
16353,8.44892317788432
16354,10.293761961024211
16355,9.221700764264968
16356,9.815551296744184
16357,11.254336007444135
16358,11.470069262123845
16359,9.17645538257777
16360,10.565056708198288
16361,6.41216593974206
16362,9.808117806037753
16363,14.644180954729908
16364,10.606170291642252
16365,9.21704794922958
16366,9.156544279807534
16367,10.065749620485883
16368,7.451312543384713
16369,14.076795546679506
16370,15.155209957934467
16371,6.8966707131037435
16372,11.205921471057014
16373,9.381248412809196
16374,12.928170728554218
16375,9.197293622671308
16376,6.580549936342267
16377,10.361243140594341
16378,6.166390068039114
16379,12.249665477046666
16380,13.500395297923383
16381,9.467557229495533
16382,13.04105355237972
16383,10.085928599112304
16384,8.105134469414512
16385,10.295728450047662
16386,11.251577146737645
16387,9.419308351146071
16388,8.362219799637957
16389,7.966140941856601
16390,8.444182549123642
16391,11.20492385391617
16392,12.475059811737708
16393,10.23511990921369
16394,10.200025761706978
16395,9.102595768382141
16396,12.42762145927894
16397,7.787828296922125
16398,10.277708103455007
16399,6.563535624175697
16400,12.065783176096229
16401,14.520212892473465
16402,10.572729311112568
16403,11.321598323024615
16404,12.854576514438579
16405,7.179082322685356
16406,16.24123189857447
16407,10.56485973467789
16408,10.863077542946675
16409,10.98789652288742
16410,10.983250726286386
16411,8.994403686164866
16412,9.359254112238538
16413,10.720795020365845
16414,15.369455731790358
16415,11.945973120615834
16416,10.928592974106333
16417,10.28983591384885
16418,8.710903195955833
16419,7.432509521507253
16420,6.103061004355414
16421,8.291961342219102
16422,8.715953440354822
16423,10.233599560155367
16424,15.74687073056671
16425,7.18186185702236
16426,10.876555627862693
16427,12.303866345836068
16428,11.799928265363073
16429,5.290746186580343
16430,7.671249884246328
16431,10.091592136290465
16432,7.732502418783553
16433,8.912903582370921
16434,5.615841534298432
16435,7.583469668747054
16436,7.607703572484029
16437,5.776114328965203
16438,10.094110637370415
16439,9.01495860088087
16440,11.664013730570563
16441,9.766384564277047
16442,8.987007196033765
16443,11.025162978490464
16444,11.526063589160703
16445,11.586099862024575
16446,9.999631725943402
16447,4.940987780446872
16448,8.294577777512545
16449,9.97487824776226
16450,4.867085816901492
16451,8.154435718109237
16452,9.156394808457051
16453,9.626855589055845
16454,14.357537439690677
16455,12.958321297813928
16456,14.534563144051251
16457,8.204437052094157
16458,8.378340594569467
16459,9.64530333769298
16460,13.928604821282091
16461,13.178035281058385
16462,11.34769900992055
16463,5.565188816361164
16464,7.451809616187021
16465,4.8782205274303765
16466,10.819590132907267
16467,10.186760543369171
16468,11.582068541947946
16469,11.063671940386365
16470,8.433580904903074
16471,9.930942366994318
16472,13.102413583454434
16473,7.058659544255326
16474,10.272773990731777
16475,10.16680096293195
16476,10.503435112435088
16477,5.980513437956214
16478,10.326719701363517
16479,6.589868069740744
16480,11.372751932464851
16481,7.7209960083203395
16482,10.5771691553592
16483,9.428400865207315
16484,10.235369675490698
16485,12.057370840094777
16486,10.841913661784854
16487,10.542533432424484
16488,8.585543497764288
16489,10.712434954533862
16490,9.227833142732855
16491,10.212470490651986
16492,9.375635503494092
16493,10.422830353588797
16494,10.558948407325591
16495,9.686589064517396
16496,9.921258595312583
16497,9.09488827410307
16498,9.94260511545744
16499,10.778536007998651
16500,10.29565450707755
16501,12.856740142053358
16502,10.976405210168597
16503,11.251428277864983
16504,16.13398968445509
16505,9.63566381340887
16506,6.552593219002656
16507,8.193607035652489
16508,12.835045295679945
16509,5.611887133343219
16510,10.960189936311659
16511,10.757866463812915
16512,8.688067320288422
16513,14.833369560572995
16514,16.36448321250048
16515,5.565806676083328
16516,10.811358184440833
16517,11.656466700233526
16518,9.37889352176093
16519,7.556969543970393
16520,11.484075899405209
16521,7.094295490190924
16522,13.814667711765928
16523,11.722476900540878
16524,11.175419117321994
16525,5.400238642391412
16526,7.200890503689537
16527,11.188565044041091
16528,13.821923475627425
16529,10.233867294115814
16530,7.098133709705608
16531,11.813323018016028
16532,12.150597263709336
16533,13.967123944406664
16534,10.2909933102602
16535,10.44454734133771
16536,8.704348228585921
16537,5.020660909495917
16538,7.693171406264206
16539,6.638230747877885
16540,5.5447763982896
16541,9.956500193924915
16542,6.537888000891515
16543,9.36800940044586
16544,7.375971355687893
16545,7.134577815551181
16546,7.198240245036557
16547,9.363769245490817
16548,14.829628954014831
16549,7.7643905926261825
16550,8.57754752679915
16551,11.05110502160504
16552,9.880651680968178
16553,6.794272203687035
16554,5.720031110888026
16555,11.835996396946177
16556,9.68715737594328
16557,10.319429486922441
16558,14.353941635495108
16559,4.004140751904573
16560,9.160949330013263
16561,10.094982380866798
16562,7.46334988649968
16563,10.995631708653429
16564,9.741819276767778
16565,15.058898141871847
16566,11.637572268645933
16567,7.015573458576951
16568,9.862896521199298
16569,10.148152136225008
16570,7.008881698140284
16571,8.269305537779172
16572,7.246082718973039
16573,8.569620008610848
16574,8.512927012193787
16575,9.815965590537228
16576,12.73021161251427
16577,8.573077211264547
16578,9.861797766454004
16579,9.178230282138134
16580,11.561610797018549
16581,16.993426716236723
16582,9.263302576988544
16583,8.689696880867483
16584,14.713462100037788
16585,10.137386955084326
16586,10.407830798019091
16587,6.636125691139304
16588,10.68329287457561
16589,9.635568891167647
16590,6.420794207708292
16591,12.8522153571859
16592,12.743234942255938
16593,8.417385755599142
16594,9.401078874586046
16595,14.801806887630825
16596,9.69870510506963
16597,11.370713167195275
16598,16.791317177278327
16599,9.14416767937848
16600,6.385061880919967
16601,7.297693624172289
16602,10.492850285376983
16603,8.133016648941776
16604,8.149157478209109
16605,8.741113757826755
16606,8.781555086600866
16607,6.27236229343169
16608,15.200689285645703
16609,10.188055020808454
16610,11.3506390759924
16611,11.82231023811962
16612,10.917221160416405
16613,6.7873910212745585
16614,9.388449077637826
16615,10.400814853033296
16616,12.724796682463452
16617,9.591107367439221
16618,14.647920564626737
16619,10.066841862695163
16620,10.021840075086882
16621,10.079630815474056
16622,9.540450328787449
16623,13.30293946725152
16624,12.963595390660657
16625,12.99800155712158
16626,14.334652740180031
16627,11.818449280884382
16628,11.47932039329876
16629,11.191022591492708
16630,10.567229899671592
16631,7.2771252934129
16632,11.096966453887267
16633,9.180115537258034
16634,11.424973265309227
16635,7.779904087105929
16636,13.99082162489478
16637,14.547379472446021
16638,8.78678025431174
16639,12.871832487963207
16640,17.194790289104507
16641,9.619214477981364
16642,10.401058560521532
16643,12.50787677095143
16644,9.012154063951606
16645,9.556980697940203
16646,8.970960103577251
16647,10.998954516967489
16648,7.891762034200893
16649,7.134986547560059
16650,10.58714394318409
16651,13.49032901113091
16652,10.966104033285482
16653,11.011511678473376
16654,7.2805230412095865
16655,12.916563159545266
16656,12.430875504757603
16657,5.296210178389802
16658,17.865339996734352
16659,9.071950333344741
16660,6.947929937069601
16661,6.87047586447365
16662,9.41874614139983
16663,10.669903805746529
16664,11.072471669167982
16665,12.323656555835806
16666,11.690701966240857
16667,9.023597645463994
16668,9.617240564611516
16669,8.791825631679927
16670,6.6516759978775255
16671,9.788175994178914
16672,7.684353306490475
16673,7.610995398927157
16674,12.061604592785132
16675,8.931955277102272
16676,11.90175773927126
16677,10.751782879705669
16678,9.037211628129711
16679,6.505512411284647
16680,11.627066115494257
16681,8.539632688637612
16682,8.224718008551246
16683,8.518333024591236
16684,12.643285772182539
16685,11.837056912149245
16686,10.044799874902612
16687,14.303656579128845
16688,10.275361361770253
16689,11.268805432276398
16690,8.885193021365525
16691,6.3261564302118405
16692,9.192688086806351
16693,7.195690727776667
16694,9.677843677923727
16695,14.793264164782734
16696,7.584174624276394
16697,4.879548156039741
16698,14.96083322766611
16699,10.675014428231979
16700,7.311467081762233
16701,5.097462863083077
16702,6.99352750835946
16703,6.559294206091922
16704,8.771935760814774
16705,9.499945492375087
16706,4.406730125148195
16707,9.212819369107997
16708,7.774846752552377
16709,8.707699143964318
16710,10.429765540131418
16711,10.011796143888342
16712,12.733421087966573
16713,11.399842116076186
16714,10.812350932794537
16715,5.87958120896865
16716,10.668942099061969
16717,11.956900780101488
16718,10.940143714565515
16719,14.26461231819492
16720,11.772679938374148
16721,10.668823726031063
16722,16.57818667688193
16723,12.992428609713517
16724,13.82380473339706
16725,11.956654536437933
16726,9.049582871668754
16727,14.711649454389342
16728,16.374565253613934
16729,10.97771605747234
16730,7.2378227946087454
16731,12.911907663859681
16732,14.221392160812462
16733,9.021899710433932
16734,9.404828332786128
16735,10.216029144334787
16736,10.055080389014105
16737,9.318596587705724
16738,12.191104432286958
16739,9.858892301650203
16740,11.373415175907263
16741,11.226662170046877
16742,8.468710093391778
16743,10.515914288822728
16744,6.936285950788736
16745,8.93233457027254
16746,10.079003194222576
16747,7.039009524331777
16748,10.149258847600507
16749,10.177216677572726
16750,8.118425968021281
16751,12.482350853459243
16752,7.685557083763124
16753,5.512540452446472
16754,9.60952205679154
16755,10.827882149857912
16756,6.343874725754278
16757,10.440825141236042
16758,10.192710572756228
16759,11.138599347962275
16760,7.7090006008613114
16761,10.608068697617478
16762,11.633788088835145
16763,9.447675036632285
16764,4.817503313190775
16765,11.030787294713173
16766,6.484067780118985
16767,9.652122165073566
16768,8.851529373013628
16769,12.569882625173918
16770,15.852877423693805
16771,8.961419496502373
16772,6.415275625774784
16773,11.774728281432942
16774,7.783926694173447
16775,12.074166487158424
16776,8.974736214372259
16777,6.388872364633348
16778,11.471307110037573
16779,8.502029637112884
16780,6.971332018407487
16781,7.007993257284526
16782,8.793077688097352
16783,8.734195951264361
16784,13.750275882723018
16785,11.919233794967575
16786,4.6501704509005455
16787,8.526106047259736
16788,10.0489271957752
16789,6.3920035504737
16790,9.42140659919794
16791,10.856754357435559
16792,11.019064635021055
16793,10.456158197759809
16794,10.281286598876264
16795,8.42845106767507
16796,10.987869304212602
16797,9.966030557367485
16798,13.931878594752789
16799,10.50748730598967
16800,10.498052218808215
16801,15.190548102017
16802,7.532240469818249
16803,9.070444836545276
16804,8.951815785625723
16805,6.73316736309708
16806,10.734979769317786
16807,12.341336180452377
16808,10.27890932602512
16809,7.374640494188192
16810,10.286945569102542
16811,9.828404093967647
16812,15.231290067611674
16813,11.115711326662751
16814,9.91347356145884
16815,10.1614410671509
16816,10.7054665237532
16817,12.161039018232625
16818,10.047171128739684
16819,11.626057310761905
16820,8.585858808083131
16821,10.362171804667954
16822,7.245109126615485
16823,7.298690347300015
16824,7.578955681433133
16825,11.050777570323168
16826,7.966221138128319
16827,7.5255755952906
16828,9.556065439682692
16829,4.917290942292689
16830,10.829603303502225
16831,11.28662083860653
16832,10.834301432419897
16833,7.453765811297303
16834,9.692565444893656
16835,9.984667105351889
16836,8.303948267661934
16837,8.573748897001813
16838,8.964349389855586
16839,8.691156015816818
16840,11.56522480569337
16841,14.09094345232814
16842,9.891077468852927
16843,11.859514440882844
16844,6.892296107688332
16845,6.515639413312653
16846,7.448450081784222
16847,7.085802687897482
16848,14.642565236319113
16849,10.95840347757065
16850,13.621727727930457
16851,12.368691038435795
16852,13.417939884815283
16853,9.092232846283393
16854,6.529466433541024
16855,12.6033970905419
16856,11.05348036412979
16857,14.888341974489004
16858,13.009220450518564
16859,7.259131483559576
16860,9.818692529337087
16861,4.585710457663383
16862,10.280249731314106
16863,4.3623534311886125
16864,8.160517364851108
16865,10.096857570159075
16866,4.355959257914981
16867,9.69214090743785
16868,9.039157248282631
16869,9.282818176218163
16870,14.481800615223726
16871,5.419054527717523
16872,5.735405908120491
16873,7.686316985150828
16874,6.862572272574692
16875,9.884066014848447
16876,8.785355394500408
16877,9.308161401407894
16878,9.733205407555435
16879,10.52926249697532
16880,8.317978887307671
16881,4.681708518898349
16882,7.433807024852815
16883,4.2875088648348045
16884,12.023587580738774
16885,6.338376921771872
16886,12.810536260161777
16887,15.755325135473965
16888,8.47923621602363
16889,18.234585017503164
16890,7.888618094180824
16891,9.432390223834634
16892,10.985238842955363
16893,17.550563822858113
16894,11.229296302378271
16895,9.930628322926358
16896,11.453648333761869
16897,11.885706775090432
16898,9.56583574766594
16899,9.94377663097121
16900,13.028742223881995
16901,9.04852311342765
16902,8.953727150047206
16903,4.609245254626973
16904,13.101218873918267
16905,7.36487249986262
16906,11.725470697177954
16907,12.27212182767269
16908,7.180358632167133
16909,6.885357354622127
16910,6.916652911605233
16911,6.7877739356524955
16912,12.411308641051573
16913,10.802755259239781
16914,9.54453817646665
16915,7.094613139836458
16916,14.823895498845662
16917,15.877640048567219
16918,7.579839548946238
16919,10.06259369385842
16920,7.017235072427789
16921,10.754717039478596
16922,7.145771554692828
16923,9.593269967485119
16924,11.599770394874769
16925,11.768339891497854
16926,10.063252352884332
16927,12.783442655226004
16928,7.131965851027873
16929,7.206846271277933
16930,11.304646371963132
16931,6.170271500978028
16932,9.014832832331074
16933,9.043602169654783
16934,7.4901928096627595
16935,15.36511816258176
16936,9.727653896813964
16937,10.18674666886804
16938,8.519697358234277
16939,6.475414160414597
16940,11.042125614894335
16941,8.164612859353799
16942,8.302398521181944
16943,12.781567220067085
16944,15.18689492914465
16945,9.836071004901983
16946,4.586445425673618
16947,12.148528005601746
16948,8.461817972778327
16949,7.243665629620823
16950,14.419681571271772
16951,10.367533629698185
16952,6.797784030584149
16953,12.167553239874604
16954,7.7408105933056985
16955,15.593126962716289
16956,12.86736307397035
16957,13.457366273975953
16958,14.443526535176211
16959,9.623494732753942
16960,8.690094936075832
16961,10.448556962695125
16962,11.808998874824315
16963,18.44770346655806
16964,8.79263908583283
16965,11.169623571248307
16966,6.381831025139816
16967,10.059399367138338
16968,13.409429603380723
16969,11.747552166703704
16970,12.806364460366698
16971,16.589151951777577
16972,11.036587619726616
16973,9.914509943427039
16974,10.471981344877653
16975,9.246778200125968
16976,10.707103042366892
16977,12.666080734366227
16978,10.841863534734674
16979,10.571584521400567
16980,7.9761249713279945
16981,12.369081038971274
16982,10.403519569763965
16983,12.743889015973663
16984,9.121788148167694
16985,7.142638785632752
16986,7.072329355975819
16987,10.689296444806624
16988,7.62433318914254
16989,9.524347734075722
16990,11.400923127141258
16991,8.774243150986667
16992,8.92773148449777
16993,11.339963351187944
16994,11.699583505975534
16995,9.874062916253717
16996,10.36354717753606
16997,10.237854519530233
16998,10.599615652198038
16999,12.876103265901847
17000,10.445784656750133
17001,13.021219199670703
17002,10.80255472157868
17003,16.394805407624517
17004,12.019625400245033
17005,12.011260331342648
17006,10.450615204152882
17007,5.262405261028489
17008,11.552764903427246
17009,6.263341283247577
17010,15.179210731426604
17011,7.497705835316329
17012,9.166777444241738
17013,6.8184190161410925
17014,8.54602988050212
17015,7.633131949148134
17016,9.384763207354833
17017,11.985215419434219
17018,9.48502385271982
17019,9.239986883966004
17020,5.6069142225206665
17021,7.602992379731814
17022,14.248894947608736
17023,5.909243999241191
17024,11.279413960120545
17025,9.141899878288301
17026,9.286267271164009
17027,10.634703662189358
17028,10.932868664523264
17029,8.740840700558499
17030,15.524347080223471
17031,5.6899175834382385
17032,8.745531973210387
17033,10.12111395917643
17034,11.422390134098634
17035,12.126223522941222
17036,7.70596599271274
17037,9.887282191694785
17038,12.061522061692916
17039,6.276883558232505
17040,10.353554732631233
17041,9.742497444121359
17042,10.196889829362428
17043,11.08457512671137
17044,11.365371268876519
17045,10.639516127101293
17046,9.99889813598634
17047,9.948323952759363
17048,7.227063296643552
17049,10.85833025706972
17050,10.50923546342935
17051,10.304237772285177
17052,6.619048029443604
17053,15.191341256567192
17054,9.791182071521632
17055,10.710303155425049
17056,8.575144677174135
17057,10.678042570024086
17058,10.879796147796654
17059,10.661397255044943
17060,9.920794941312337
17061,4.926433480711349
17062,12.840274197347426
17063,15.320627012897589
17064,9.435270519182193
17065,8.873015717868421
17066,10.449164561402553
17067,8.76936888309351
17068,5.34996164427535
17069,10.13049003083837
17070,9.771187647378072
17071,7.714722976046355
17072,10.28599192702997
17073,10.488480163867006
17074,11.589029959441133
17075,10.405731276625001
17076,10.36346659895132
17077,14.214291263974252
17078,7.612100931585326
17079,9.629413292361251
17080,9.92919352642351
17081,14.173870124418574
17082,7.32557115370644
17083,10.300309075648315
17084,13.10273966074736
17085,7.787438474605314
17086,7.4183093852578335
17087,8.642461180523627
17088,6.766339514273103
17089,9.457685972610236
17090,9.78020008202625
17091,13.80575599339888
17092,12.540998192982931
17093,9.573455288737014
17094,10.813423585210415
17095,7.768917372012016
17096,8.074801534564617
17097,8.286450545361522
17098,4.4762276002905175
17099,10.807345935761909
17100,10.468896994260229
17101,9.763725376673232
17102,6.388018637306607
17103,7.878222259989705
17104,5.19035254128423
17105,9.467716154575779
17106,14.896767580352877
17107,10.72728569712307
17108,11.536161204709096
17109,11.079398083519767
17110,9.23591918484752
17111,12.717237550967116
17112,10.884363209488809
17113,6.575369397656381
17114,7.729047828017552
17115,12.333167170804218
17116,11.387004773173315
17117,12.472195787352677
17118,7.554482810588195
17119,7.741102778343775
17120,18.92118084248061
17121,9.485171363012164
17122,10.922869070718109
17123,6.764003319482082
17124,8.651974008989567
17125,9.549017382672488
17126,11.044437193373641
17127,9.823785801380774
17128,9.580463619571706
17129,7.551226413574742
17130,9.040827271055603
17131,8.732747903945786
17132,9.489537858750968
17133,12.03284541459751
17134,8.33302419263171
17135,7.115566976269679
17136,10.859417987935561
17137,12.097068451113305
17138,12.339765887686163
17139,13.687672716485006
17140,10.323443012393854
17141,14.314207639796267
17142,10.784404712839697
17143,6.919555579626529
17144,7.588644413741687
17145,7.1376872472697555
17146,12.336898528098862
17147,15.092376581346047
17148,10.582233802972075
17149,11.802630678792777
17150,5.053166861258424
17151,6.295277790226519
17152,8.677414719948079
17153,7.680173707519389
17154,16.111500677350776
17155,8.601200721836108
17156,5.50976285146481
17157,8.413909321318684
17158,11.522898630065539
17159,9.503438271949014
17160,13.909973192957853
17161,5.332498651406453
17162,5.711231986067919
17163,10.707810143693292
17164,9.76956955839277
17165,13.802091461848597
17166,7.795698129319179
17167,8.492360963745673
17168,9.167260791208225
17169,14.87040037539565
17170,7.80177195649034
17171,10.117490978094008
17172,10.532641281664395
17173,7.506505437264583
17174,4.333003991849581
17175,6.461748394438343
17176,9.716520464954826
17177,7.742377768791927
17178,5.580404963335328
17179,9.771996038834422
17180,11.973543887474758
17181,6.224924787802669
17182,7.674641127722191
17183,8.020443141441477
17184,12.895475467056627
17185,14.234357388067885
17186,9.26989982302631
17187,6.57138097564643
17188,5.3207787768064705
17189,8.7712536543014
17190,11.258872940167954
17191,7.7540955446885205
17192,8.947873617747744
17193,8.985583388549184
17194,7.839626215001178
17195,10.574806086255048
17196,11.703357883824651
17197,6.619771957045883
17198,10.131183129025157
17199,9.453867116748214
17200,11.583867832076274
17201,6.99412642126687
17202,10.40702657454889
17203,7.555417904032292
17204,7.980530379031463
17205,9.75167832904133
17206,7.653610623791497
17207,8.843593701111487
17208,7.638063572570999
17209,9.528863688859303
17210,9.527084777228378
17211,10.221055116418839
17212,11.34195834722257
17213,9.614440279854433
17214,10.990064158645449
17215,10.303789169295305
17216,9.577152488061875
17217,11.15946370950991
17218,7.244661414100183
17219,8.002069032509501
17220,11.645739183058447
17221,10.744636073436395
17222,9.445796093879077
17223,11.15018346006933
17224,7.452427492268183
17225,9.922361000104058
17226,6.363200522697245
17227,9.374316434710256
17228,13.112739089209342
17229,10.965366609605766
17230,12.351466263801143
17231,15.885054028144582
17232,10.315804438626218
17233,11.415130173033198
17234,6.659869363021835
17235,10.492470492351215
17236,11.227727056001545
17237,11.178274133260167
17238,8.964502525234082
17239,10.909978509304658
17240,7.16007319865935
17241,9.968168033831951
17242,10.920981437687807
17243,9.073606977941855
17244,6.97139383033642
17245,8.419860707732997
17246,9.98917466420425
17247,9.36237130553746
17248,10.084856453988731
17249,8.038365459652608
17250,6.9803966461702665
17251,12.050588506621816
17252,9.003065407304778
17253,7.037649001008947
17254,13.45815426348619
17255,17.98864033068024
17256,7.46831862525533
17257,11.60266772783879
17258,9.323659775245115
17259,7.624488234069843
17260,12.72175984640903
17261,11.504275607990564
17262,10.499669719600492
17263,11.199703722875132
17264,10.131403523088439
17265,10.178965711916902
17266,12.908179532440062
17267,6.7424868639228706
17268,11.88842639627081
17269,7.144034739402878
17270,10.494453139491423
17271,10.832526348332234
17272,10.135037785147851
17273,6.338204229063364
17274,5.079615171317808
17275,9.81642115729915
17276,10.332925457230049
17277,10.790595238659549
17278,8.874991856007608
17279,8.403650980622158
17280,12.129463442311522
17281,12.35105132403017
17282,10.849310549606313
17283,9.120975670947047
17284,10.566633175492308
17285,6.532379210431129
17286,11.01976221361952
17287,11.797384900352618
17288,7.012375376146691
17289,6.8001399127682145
17290,7.923697569235824
17291,10.700495302718817
17292,15.271619811385746
17293,14.518587132766156
17294,9.721018955586336
17295,10.51448809387616
17296,10.080753367436106
17297,10.659553504849033
17298,8.938525887813563
17299,9.243427885857981
17300,10.814048291468433
17301,9.536956106423258
17302,12.486529194092473
17303,10.497919840066805
17304,12.58619585676948
17305,8.132992885072282
17306,7.095721262146591
17307,9.451661935029081
17308,9.981866058749052
17309,9.717119902326985
17310,7.008614886591043
17311,10.706443832352761
17312,10.232533242884992
17313,9.8031024649976
17314,9.088079894318824
17315,6.674786382696552
17316,9.76832560811191
17317,7.248011730836517
17318,9.6024100844969
17319,9.535719288826094
17320,11.562134690765618
17321,11.24921738198394
17322,9.812617609500942
17323,11.110591570743903
17324,9.77095661815496
17325,4.382360050655687
17326,6.203552959954185
17327,11.852530398707984
17328,13.884534825435413
17329,8.301143567997515
17330,10.037658900875261
17331,7.214265212928237
17332,6.5922320893704445
17333,13.434292786670996
17334,8.84429146203098
17335,11.256092020052444
17336,12.513977874547013
17337,8.722771405570787
17338,17.105898610538727
17339,12.008777901433348
17340,15.747201208029947
17341,10.076097433949815
17342,13.587216851933718
17343,9.6375464582614
17344,10.87101161946968
17345,11.68908195268615
17346,17.48857614651034
17347,9.41360058712543
17348,10.649907688439425
17349,12.202821639544235
17350,9.583513366830012
17351,6.416372693797592
17352,12.733371561854558
17353,8.573072192185142
17354,5.811081008864585
17355,10.373198976620197
17356,10.465814019585682
17357,10.840289742859795
17358,9.859101955498875
17359,10.160594712489114
17360,9.204996651028576
17361,14.294375928715839
17362,9.907411715864175
17363,13.994970733649184
17364,11.435975670805771
17365,10.476640996975295
17366,9.31338114550191
17367,9.275353217766789
17368,6.522023729249103
17369,12.9233243889133
17370,14.243352655399883
17371,7.471480080362772
17372,16.47727379901102
17373,8.251947561955582
17374,7.047559901276964
17375,4.004140751904573
17376,7.781908691874383
17377,6.664022610443676
17378,15.447512969069223
17379,11.275611252167757
17380,8.535185459229064
17381,9.392122343924587
17382,14.205680067041445
17383,12.771861999326088
17384,4.474545975096056
17385,8.372707944763821
17386,6.659146403481525
17387,8.763537073942468
17388,10.71569111787084
17389,8.52318838070975
17390,14.186851910576706
17391,10.29647111819069
17392,7.200149397893097
17393,8.823120014286461
17394,8.534303187845165
17395,10.642203751230495
17396,6.0220640472268965
17397,11.600234471866848
17398,12.7988083016509
17399,11.086275669457821
17400,7.342780054549671
17401,13.062667777932745
17402,11.171079471348355
17403,13.348355356037306
17404,8.088395885037452
17405,7.820315778201552
17406,9.6318981770497
17407,13.289989999213644
17408,8.013833763290275
17409,10.034664756379811
17410,6.161118370637714
17411,8.647119832987938
17412,11.238786876435274
17413,7.5492502074632135
17414,9.93635652808779
17415,10.119633772030785
17416,5.052518393519113
17417,9.216233116602904
17418,11.43039375449052
17419,8.73757083817625
17420,9.143535973755826
17421,9.3107814657408
17422,8.14259174623953
17423,15.6323889862604
17424,8.304261427138863
17425,5.310124505888942
17426,8.621068120856815
17427,9.162569232177875
17428,6.249657101436247
17429,10.292986333229308
17430,8.345361488710477
17431,10.24389578194395
17432,8.714470260534052
17433,9.2627677544716
17434,10.377434234646115
17435,8.18989580521821
17436,10.035363542712103
17437,11.970626551386385
17438,6.7947368220273745
17439,8.726496923979923
17440,12.963935459926317
17441,11.253962898372645
17442,10.523263879849472
17443,9.960682609312316
17444,10.636091182660612
17445,17.53964783046952
17446,8.947782946684661
17447,4.0313974947314195
17448,11.354413867457355
17449,6.912130301472263
17450,10.058515511608832
17451,11.531379713478142
17452,7.340096367565107
17453,10.500376552265163
17454,5.228515692991774
17455,13.022341132417543
17456,8.008513902894217
17457,9.692090847799186
17458,7.226870663160958
17459,9.144296693127941
17460,10.657028204676276
17461,10.396918509890245
17462,9.903459712664139
17463,11.460730589340764
17464,6.46536592201307
17465,19.53131091812527
17466,10.705516295693453
17467,7.108121707146608
17468,8.812048958789433
17469,10.360621072869714
17470,10.318574270279042
17471,7.18449415786164
17472,10.769163321003438
17473,9.554022083349404
17474,10.69601588589506
17475,12.153915274319726
17476,11.181192044523902
17477,11.215410245138322
17478,8.727385465732516
17479,11.042035114815757
17480,9.977173698878623
17481,13.074959012126296
17482,11.57568424959434
17483,17.082612107803556
17484,9.278476438177634
17485,4.303879802574379
17486,11.701746903743713
17487,9.568705551229668
17488,6.552888091405714
17489,11.603597855302588
17490,9.509802426087692
17491,10.678061320124023
17492,11.086159175141686
17493,10.798282951852782
17494,9.538754238821467
17495,7.20494558171164
17496,7.713186928541793
17497,10.690711876038106
17498,6.454283370085878
17499,11.409236938723735
17500,10.19103136927227
17501,7.78229462866107
17502,10.382472149304098
17503,8.739283762041328
17504,13.499147626448707
17505,10.852349316812408
17506,6.989196977913584
17507,15.5323558486447
17508,9.562813082422183
17509,6.537474912634747
17510,10.891500884136294
17511,11.924641330734914
17512,12.437153123572411
17513,7.522925009271097
17514,9.44683631045641
17515,7.981235222457763
17516,9.121809011377483
17517,13.749463078567652
17518,10.931672374844933
17519,7.172028295345717
17520,9.945222638455105
17521,11.062006839276158
17522,7.2377733974022265
17523,8.856446642888638
17524,7.573789301035256
17525,7.069138268741327
17526,11.494069682297624
17527,7.434547122045002
17528,7.408581937820694
17529,10.204334333024537
17530,14.511985268208038
17531,12.015245268325794
17532,15.616091759578458
17533,8.996632421232931
17534,8.694947300000848
17535,13.171553429176022
17536,11.942317493193995
17537,7.431780121627209
17538,4.293010821007206
17539,11.0141422878473
17540,5.502196031848177
17541,10.825850718011187
17542,8.372164544920023
17543,10.786314727818253
17544,10.62745033091852
17545,10.076923808647928
17546,10.62551286677582
17547,11.099583704249882
17548,8.86199540188441
17549,8.866368940106403
17550,7.678100093727791
17551,6.468514346069249
17552,8.28535970670579
17553,8.696681853182767
17554,10.712687611966148
17555,13.53731419399265
17556,7.75139741610116
17557,6.885606007792767
17558,13.811884528839537
17559,10.252312485220658
17560,13.709649726516032
17561,11.40046133603757
17562,9.379286755587655
17563,12.141796618510273
17564,8.80673109828567
17565,9.70863566955086
17566,8.280022584907558
17567,8.247377467264203
17568,8.97837187648756
17569,6.961322913641232
17570,13.085119603125877
17571,7.968798408613467
17572,8.362532845212288
17573,11.13187261640888
17574,11.669876472640226
17575,6.337306179820138
17576,10.276083886307157
17577,10.53286986003546
17578,7.6400661670495955
17579,14.460617365209545
17580,7.442049884504679
17581,9.556204729735427
17582,10.587252834032592
17583,6.849916819061216
17584,12.009748663421425
17585,13.249624404798674
17586,9.479927090069843
17587,10.490929268912021
17588,11.13184304787407
17589,9.532450358872541
17590,12.543022754627358
17591,13.556005771905562
17592,9.432514218593385
17593,7.118081308910625
17594,10.369210550735485
17595,10.53458918662631
17596,12.99470553044063
17597,10.209185273395804
17598,6.6902682305230785
17599,13.65728910232119
17600,14.652267287555922
17601,9.777129329681538
17602,8.65674443530316
17603,10.503022224449342
17604,7.8030536560811345
17605,6.573339772318166
17606,11.011522590060718
17607,10.634853622038236
17608,10.146593965695812
17609,3.933934247541128
17610,10.741299811935818
17611,9.863247751887535
17612,10.555707881950262
17613,10.333201145324347
17614,6.75036131959773
17615,11.895183263817286
17616,14.035028631657488
17617,16.0368766143293
17618,8.797194017376906
17619,8.723241274859355
17620,9.898753416235207
17621,6.317845169739968
17622,10.416010754615737
17623,10.825530381479078
17624,10.810045769207175
17625,10.511219926079717
17626,10.897307743790165
17627,13.979626786673766
17628,11.35047048995656
17629,7.16783846890999
17630,8.42828971981803
17631,7.226417977873521
17632,9.482762843498175
17633,10.1412509610602
17634,5.672192478269173
17635,11.030199434939657
17636,8.725418892367362
17637,10.038609156661895
17638,16.213628854556635
17639,10.179995372309108
17640,9.051215385940628
17641,13.291636880616426
17642,16.965972076153214
17643,12.391259472695712
17644,10.067289965613458
17645,6.112915300371508
17646,4.468792635762996
17647,8.886257582935283
17648,10.183735998551729
17649,11.694237667210658
17650,6.915757547820261
17651,12.167355691383651
17652,10.893144899097749
17653,10.766576913522501
17654,5.767956551828504
17655,15.624078999165864
17656,12.580357514656532
17657,11.62063524594095
17658,14.66815132674507
17659,7.6919890610524995
17660,10.361860795302558
17661,10.65368263408286
17662,9.797264563216627
17663,11.804344204161762
17664,9.586887845989676
17665,4.543520938562843
17666,10.871471643940831
17667,9.19026454913293
17668,17.904429062272012
17669,12.393351144803615
17670,10.178840625038795
17671,8.305931234976974
17672,12.982967933706902
17673,9.515162857568546
17674,11.112925876034533
17675,8.397102256354108
17676,10.867607172871931
17677,13.641750360900641
17678,9.79986684719087
17679,10.906358778620035
17680,14.579965140361795
17681,9.917013627027247
17682,10.583110598081626
17683,7.944129087304667
17684,7.703857161551394
17685,12.00748494240722
17686,10.407697319194266
17687,10.752148800086477
17688,9.042964845785896
17689,8.379368001698383
17690,11.969268114790182
17691,7.360884365648371
17692,11.844468644878184
17693,8.670848475373381
17694,9.651327737201374
17695,10.515294464962443
17696,15.207358889287155
17697,10.007569407513179
17698,12.686805245971033
17699,10.547494312669475
17700,9.131946167425083
17701,12.568144660402167
17702,10.557969365975882
17703,12.227721142818861
17704,6.855107158335225
17705,14.206592076395198
17706,11.61470614148771
17707,7.097471824289986
17708,11.625287751515136
17709,10.425635550700742
17710,12.804061954045345
17711,7.037223392186067
17712,14.972778150307985
17713,6.856407239352309
17714,11.821785778340317
17715,4.7389732423157405
17716,9.223783922521816
17717,10.028830799827645
17718,13.02949617392255
17719,9.05846182980684
17720,10.992144674958357
17721,10.141652990267453
17722,6.011889843675172
17723,12.139218710861371
17724,14.423446092178335
17725,9.746128980495797
17726,10.197456634610742
17727,5.248542330404341
17728,10.109841736730603
17729,12.331814856761872
17730,8.394735892714014
17731,16.189142120121783
17732,11.717506914539744
17733,11.14395413667479
17734,13.843523251031419
17735,6.842093386337695
17736,11.327581990442718
17737,10.916335642384977
17738,11.248320795596507
17739,9.592327674870146
17740,6.143589524038697
17741,12.555391744242336
17742,9.612398258855649
17743,17.6362131294068
17744,8.807884883595166
17745,10.755811401971643
17746,9.72839089352358
17747,10.216888784843745
17748,6.9679149746778
17749,6.3990074186364145
17750,9.200495890522864
17751,10.837445355719236
17752,11.138427055531901
17753,13.965838388724292
17754,9.886859136435548
17755,12.11730726116294
17756,10.605467607729603
17757,12.379677345946611
17758,10.945670730425043
17759,7.087971843681503
17760,10.966718189914427
17761,9.54839518232734
17762,8.907739586798561
17763,11.090636592800482
17764,9.538841992129846
17765,6.803892363135921
17766,4.2987404974553005
17767,11.269390285792776
17768,9.89409321226342
17769,10.853109409466382
17770,11.673860919792846
17771,6.41195023691592
17772,8.71970715685468
17773,8.470457421939216
17774,10.895190029800023
17775,12.482181287965748
17776,9.978541182325984
17777,9.016527484531576
17778,12.898090714398553
17779,8.662207544911402
17780,14.164960740697044
17781,10.383484470073427
17782,6.602461487110174
17783,9.706692423689619
17784,13.075283116536193
17785,9.669569893492858
17786,15.942963125142974
17787,8.378767604255401
17788,18.094392935751806
17789,8.630970590251112
17790,14.284719902434025
17791,6.135235921824352
17792,6.593016910459469
17793,12.85145021189139
17794,8.452476188643292
17795,7.36501111633532
17796,9.44254293333018
17797,11.664867965673148
17798,9.9197342226931
17799,11.26039775192069
17800,11.018998429942364
17801,11.23128546783963
17802,8.593983221835996
17803,10.678725895181302
17804,8.441195670370504
17805,8.028697436522997
17806,10.961961164242794
17807,11.28886227755404
17808,9.31793714612615
17809,10.292502918498883
17810,5.787036070147364
17811,11.32258296334452
17812,7.253477304609676
17813,8.139423206672449
17814,8.00254185087235
17815,10.43850910374043
17816,10.36692136860399
17817,5.44411853895034
17818,7.46008252790142
17819,8.745946868734407
17820,9.722878522676519
17821,5.170735975729059
17822,7.6630245118943865
17823,12.499299941935314
17824,9.817177988424762
17825,8.797508205128581
17826,16.334449097922107
17827,8.27059472628058
17828,10.459809589089506
17829,7.10449561718462
17830,9.237957398145062
17831,7.051868515851078
17832,7.608745529392452
17833,6.134470369638429
17834,11.764485173844726
17835,11.383288487603828
17836,14.014944569873517
17837,9.663423181494501
17838,4.309527946846945
17839,8.19628551794047
17840,10.419438620942822
17841,7.772175257979695
17842,7.586205052480667
17843,10.06619607464122
17844,9.588809626708793
17845,9.140341749898628
17846,10.796916364147858
17847,12.922485018282572
17848,14.739700888792086
17849,11.735949860649704
17850,11.949808228865724
17851,6.015415792830543
17852,11.35437934570335
17853,10.72486958951385
17854,3.9898972654520994
17855,8.808585374177799
17856,8.285039785469102
17857,5.248782354230647
17858,11.399868974311293
17859,14.369546123741701
17860,8.567047877325887
17861,13.743280552639872
17862,9.846337123211416
17863,10.705510519297167
17864,5.1366084106866445
17865,10.891632100709339
17866,9.654153901277478
17867,7.0519129075847475
17868,6.788028103569318
17869,9.626949307023592
17870,9.67670975670476
17871,10.836222549655982
17872,10.810024680661423
17873,8.390454970946704
17874,10.958963999415689
17875,11.801305316184155
17876,10.921135394928525
17877,10.746130578304937
17878,10.317865411286787
17879,10.43793091909934
17880,7.66123180041791
17881,8.901297294519894
17882,7.666976373665886
17883,10.922976992573071
17884,10.70703776120892
17885,17.767524433913135
17886,11.80580517121387
17887,11.701705530476568
17888,12.989875562422656
17889,11.4404169009419
17890,12.548140412863546
17891,7.4247897175185695
17892,8.571553726826888
17893,8.941473589670002
17894,11.999104755045598
17895,10.5767040202732
17896,17.53637310493077
17897,14.363420292990178
17898,9.63912810367235
17899,10.845689480495983
17900,15.363281503622831
17901,9.529031468350274
17902,10.4040077825022
17903,11.121761116782388
17904,8.065822594777979
17905,11.665117546267338
17906,12.413633059170312
17907,6.59677720368538
17908,10.361437633738042
17909,6.786263686209558
17910,11.865740671151553
17911,5.0884894846945725
17912,10.805966619391784
17913,9.019468693835908
17914,7.898231054727085
17915,12.507789845407109
17916,11.370667555758173
17917,16.990636673060724
17918,9.763049545496152
17919,8.49709035724756
17920,12.114684977538356
17921,12.686728183061081
17922,4.6478400989406214
17923,12.909980044607032
17924,12.16094898580009
17925,15.98394447404557
17926,8.294055564640244
17927,10.452574366173765
17928,9.056524673813877
17929,10.106956786257202
17930,8.21511262038524
17931,10.781208146717349
17932,10.457550497907594
17933,12.496616375686116
17934,9.940495184115365
17935,4.780609642406987
17936,15.927745249113418
17937,7.599936097919701
17938,10.156831624575002
17939,7.47773185455005
17940,16.553137820300442
17941,10.063068734410853
17942,11.247784701179421
17943,10.979179599533772
17944,10.336734256509239
17945,9.103304904626235
17946,14.524096328853414
17947,17.242963308930452
17948,11.791819553900833
17949,6.713152825779327
17950,8.775162840765498
17951,9.538239931511686
17952,15.442739794736937
17953,10.851608656019648
17954,9.505437787807674
17955,10.54472693634867
17956,8.367191922068999
17957,7.0442667336453715
17958,10.572911480278139
17959,12.376066652519588
17960,10.117875352911987
17961,6.607132820082814
17962,8.889001333936754
17963,11.140993376146195
17964,11.530266040296272
17965,12.524197470301765
17966,9.811162238585354
17967,10.53493257504384
17968,13.031892682227944
17969,8.528483571579562
17970,15.503909063694191
17971,8.258035201328289
17972,9.748861054564514
17973,11.326601579467932
17974,10.240758864627617
17975,16.231732863370503
17976,6.701484757844977
17977,8.30277539167852
17978,11.768453042454645
17979,17.594110016380707
17980,12.365294809069567
17981,11.849807059880943
17982,10.374925471896848
17983,8.369183807207136
17984,9.150848412246393
17985,9.245030877771574
17986,13.226318209133375
17987,10.368159823566607
17988,9.758455580120227
17989,10.283036045661955
17990,6.2053840866475545
17991,10.627692702757853
17992,5.07033708594985
17993,13.686557574922919
17994,12.994877200240891
17995,11.233260257906819
17996,11.375187898135067
17997,10.3703667019761
17998,7.7576539536215865
17999,9.721723012119478
18000,7.4263645711595885
18001,6.7030789974562275
18002,8.661225136837485
18003,9.35180567672961
18004,6.87451371302925
18005,6.200851817073724
18006,11.117731619546241
18007,6.984427961552607
18008,16.901507081325583
18009,10.04618346775929
18010,10.673922222178303
18011,8.460358063632615
18012,11.970179170906743
18013,6.45537533836554
18014,13.102320246365494
18015,10.29593838309882
18016,9.79556922060676
18017,9.992747660704708
18018,8.464740000646417
18019,9.979285288225077
18020,7.646190306386005
18021,7.857821496520386
18022,9.168327397353895
18023,7.021657765265221
18024,6.8776609924526975
18025,8.330662354829911
18026,7.0828100533005545
18027,10.051543528817266
18028,9.616271828157059
18029,11.152402151556615
18030,9.97199744607203
18031,13.585623570563301
18032,9.385668167870769
18033,10.61811592791084
18034,9.387491303701587
18035,4.175519876997448
18036,10.665856873955116
18037,11.161972967491261
18038,9.79497605906436
18039,10.700108622623196
18040,6.630373894969704
18041,9.842012507344908
18042,10.443354866855277
18043,13.227967156133808
18044,13.168185124078091
18045,10.561788861425159
18046,11.025466135324773
18047,10.813418231129898
18048,13.863938295714886
18049,9.278935588538312
18050,6.689894822253109
18051,16.903523657846115
18052,10.644425615830512
18053,11.697988787066448
18054,7.742124725914827
18055,9.913869915633173
18056,10.424920874289157
18057,12.564603334214006
18058,16.669852993225852
18059,11.822190066326941
18060,9.908971592026681
18061,13.341094040722155
18062,11.74203958793895
18063,10.829907537688843
18064,10.586475557308015
18065,6.50204914480079
18066,13.863785246489943
18067,10.663635688993718
18068,13.225762693758336
18069,14.467636314637373
18070,9.63879385462197
18071,3.7916420931309203
18072,10.361281077993844
18073,13.021286803963699
18074,12.206368366194816
18075,11.331118291952354
18076,11.850924274357224
18077,6.795557853678007
18078,10.467927686728586
18079,7.455170640381351
18080,9.232194378539571
18081,10.22272636226829
18082,10.215901304909137
18083,8.758185475698001
18084,12.348907673783314
18085,9.02473778133827
18086,10.24510139609918
18087,4.871117865204586
18088,8.616677613192879
18089,15.002371960726698
18090,8.033794067957572
18091,10.289826828781312
18092,8.790989294610366
18093,5.223753883599677
18094,8.193820530698734
18095,11.895724898599397
18096,11.002341566843388
18097,11.025974876602778
18098,7.136105687981839
18099,3.8819680202216613
18100,8.904667476166098
18101,11.604478419069887
18102,6.605395707118465
18103,6.640604319854653
18104,12.743696997563694
18105,13.098063679349364
18106,11.47340728253589
18107,7.722579486406107
18108,8.094842960957859
18109,7.528929377043444
18110,11.424717951792436
18111,6.768264560372416
18112,10.992073775368103
18113,8.69973087934404
18114,14.621399514641038
18115,8.226339639855233
18116,13.830886390108644
18117,10.047433139726477
18118,7.651730656260896
18119,11.984613256446345
18120,12.179401768408239
18121,7.3571831748211025
18122,9.169234924653157
18123,7.09304676902208
18124,5.935729722611171
18125,12.465719763717512
18126,5.164849612822238
18127,11.605024987527413
18128,10.824398950560887
18129,8.859598906513272
18130,9.285609513343994
18131,12.387136969430177
18132,9.122320393771401
18133,7.356767339525222
18134,10.630938799570602
18135,8.644276278110448
18136,15.72584807862793
18137,10.697987435888422
18138,9.324551384959197
18139,10.671303006374941
18140,12.007622657217794
18141,10.314332348031213
18142,7.191357182214963
18143,5.5363595408008335
18144,9.565192597226831
18145,11.219003670258093
18146,7.125713809865925
18147,7.687419781813212
18148,14.744640674834072
18149,10.013133662055715
18150,10.866121067809608
18151,10.875650546102188
18152,8.746247025838024
18153,15.760382808969394
18154,8.15996329326989
18155,10.299921785760633
18156,7.9193654725592815
18157,11.621199420102597
18158,8.135163605999344
18159,10.853327306251638
18160,14.828515117521313
18161,9.953613636104919
18162,15.010791161481993
18163,16.150323578344736
18164,12.769008866015568
18165,10.789000842283135
18166,6.9786167350939134
18167,11.211223964870312
18168,10.33021421049444
18169,7.068434100692064
18170,9.561095244735503
18171,10.914997438591408
18172,12.025298764305827
18173,17.44309561492353
18174,13.379602440911063
18175,9.772645684106964
18176,8.88290061158397
18177,7.404040114744908
18178,11.335750358342553
18179,13.177729512464179
18180,12.907554442462642
18181,8.107413766491689
18182,9.597084809283421
18183,5.629847988568588
18184,13.536069316391256
18185,10.490886087027988
18186,8.831385816066948
18187,7.581490320189008
18188,6.647189062784072
18189,6.693358321901743
18190,13.780150527195877
18191,10.62863262138117
18192,11.35711300676126
18193,4.34477609064637
18194,13.330575992514067
18195,10.621976830341422
18196,7.034931038864511
18197,8.073213440915326
18198,9.074853952232703
18199,7.884833286266919
18200,10.343376899362887
18201,13.145535162865922
18202,10.11506513115787
18203,11.967785189150453
18204,8.731378147768753
18205,9.1625296346814
18206,10.528710258229433
18207,5.4228805430007245
18208,11.500986027635784
18209,14.103310197551103
18210,11.231115099662134
18211,11.21740503136226
18212,13.459106842336045
18213,10.08289535257693
18214,4.781204971391513
18215,13.33159265809674
18216,10.04172555968616
18217,9.215126269636698
18218,7.52227303109906
18219,10.666829235052658
18220,10.626112942587676
18221,9.664129447062304
18222,9.976174927822258
18223,8.131540650390317
18224,12.134167944789642
18225,14.54888251070797
18226,9.888717544635565
18227,5.799014058099359
18228,11.149183522795575
18229,9.945921795040093
18230,7.4905446188067675
18231,13.39478572528476
18232,8.045525414974216
18233,9.633214885353604
18234,3.8504641675797555
18235,9.629063581260445
18236,11.610693132789422
18237,8.819033654604867
18238,11.623817592514731
18239,10.258920108689745
18240,10.465816432697052
18241,7.881223634521209
18242,8.543214112270041
18243,8.607711652160447
18244,6.814711957371597
18245,13.09840784114075
18246,10.494337998898152
18247,14.864146960751635
18248,6.814192747379483
18249,8.84798792643794
18250,5.951870858783384
18251,11.004773435879137
18252,8.95575448853834
18253,10.13176405526876
18254,7.660634793308165
18255,10.298207594255565
18256,7.5617007545275055
18257,9.128548626740416
18258,4.568062365882856
18259,7.673995216332429
18260,10.659066425129863
18261,11.29936278816328
18262,7.557339032597028
18263,11.237921152740967
18264,9.331640504085087
18265,11.46065812354476
18266,8.428790046112951
18267,11.380409946712494
18268,6.5169114213689125
18269,8.70283909526333
18270,12.08290391345206
18271,8.37026092258622
18272,5.718501505692298
18273,10.932303598632226
18274,10.370838285696351
18275,10.093178414590753
18276,6.296988387666612
18277,6.342026068612193
18278,10.85672739926883
18279,8.084283708210666
18280,14.44604405405327
18281,8.198279777300666
18282,14.740511104180273
18283,9.24517833955627
18284,10.91920530103682
18285,9.504994572923422
18286,10.0472231576387
18287,10.818318534940463
18288,12.4880896079286
18289,14.319929568526305
18290,13.941903906136188
18291,8.657573579123891
18292,10.346239995419726
18293,9.558171031108843
18294,6.3971447707453475
18295,9.01319303429387
18296,6.551688533764458
18297,11.852989341144458
18298,9.368977757477747
18299,8.05311418532946
18300,11.194891932721042
18301,11.545847046857332
18302,11.574749945798438
18303,10.278064317208191
18304,7.361885075938351
18305,9.304339802421952
18306,10.196237244180644
18307,10.224739469013695
18308,11.629633671307106
18309,9.670708594293705
18310,7.547452125907076
18311,6.4148759245871325
18312,11.092787746742127
18313,10.6951636093898
18314,8.268108465662651
18315,12.105335845676912
18316,13.53653554740759
18317,8.419929093540496
18318,9.686993199608555
18319,7.052848223804363
18320,9.983632875413544
18321,10.382183659189923
18322,10.869558240142176
18323,10.598333119158372
18324,10.924128866344098
18325,10.502579390152203
18326,8.850050139041068
18327,5.795036957923078
18328,12.275458815077474
18329,8.822365872647564
18330,8.630121037484178
18331,7.772425019603709
18332,11.138488022534856
18333,7.34654565100488
18334,7.717332325240236
18335,7.727960213560595
18336,11.677914879343845
18337,6.466441147749906
18338,12.382658439797192
18339,3.8674466490104735
18340,7.40184129470139
18341,11.63444759867761
18342,10.989537097445455
18343,8.977032829946939
18344,8.3519536321338
18345,7.8105335270528435
18346,8.714982958379002
18347,12.43850912793471
18348,9.417300976519192
18349,11.203816625654323
18350,11.452575565650855
18351,8.78391585829474
18352,18.66046288573918
18353,10.849344350914645
18354,11.16900471439979
18355,10.29938521121608
18356,12.56902655306715
18357,10.439000914654931
18358,5.503004196934647
18359,9.235286235926539
18360,10.145396516310953
18361,9.984967494584584
18362,10.683005301624748
18363,12.03403930319957
18364,16.731376232457936
18365,7.990120427317066
18366,11.130471353437986
18367,8.387238722288279
18368,3.838050881958471
18369,10.551018084829142
18370,9.56933022024048
18371,11.527546742249458
18372,10.600839302122035
18373,8.559490372563578
18374,10.560833169447257
18375,10.243360086190421
18376,9.800923204482862
18377,11.086054431632014
18378,10.19034662651123
18379,8.240003305724532
18380,13.45983630505852
18381,11.886605266605683
18382,11.113679956122066
18383,10.987999664587228
18384,8.611484956139213
18385,11.670126667292182
18386,9.494602570469363
18387,8.384996406561616
18388,11.213449067878194
18389,5.521397346563737
18390,6.343695448108313
18391,8.84881589235166
18392,9.177508743812073
18393,10.375075674071184
18394,6.76770882511838
18395,10.69413955952823
18396,16.66112281668788
18397,10.547604399874247
18398,11.217615706357153
18399,11.259592521692479
18400,14.878436101029124
18401,9.77988186416602
18402,7.222801304213867
18403,10.489729987704846
18404,9.047338708077772
18405,11.24057703772368
18406,9.29874088942999
18407,11.447224109713247
18408,11.654081336769785
18409,8.92714598777458
18410,9.021175271657356
18411,10.956787546520916
18412,8.843945811370649
18413,8.362429824301271
18414,11.432429892537487
18415,10.185874460565083
18416,10.557476248814977
18417,13.969780828213288
18418,11.303047663344582
18419,10.558614064637254
18420,7.96701738366301
18421,11.581396113420482
18422,11.81809754267687
18423,14.034361073122314
18424,6.797144668355141
18425,10.83880487409378
18426,11.009577518906658
18427,7.115715028748811
18428,8.45492016911438
18429,6.9130808028021145
18430,17.27421262741483
18431,10.515991074652375
18432,9.47611350929063
18433,9.023909126365277
18434,12.087554142359856
18435,8.009667527967746
18436,12.345880711553516
18437,15.185028722060503
18438,9.14333277903964
18439,8.893274691109887
18440,5.963737318961092
18441,10.250135001607488
18442,6.907825227173602
18443,8.713005263058452
18444,11.519776595738216
18445,7.473518051272675
18446,12.586358935075724
18447,7.588377988991839
18448,10.76419911335665
18449,11.318859367410411
18450,11.07697595476677
18451,10.29412318421336
18452,7.114838399950086
18453,9.096694381710627
18454,5.716626960168978
18455,8.892670346922522
18456,11.119893628795406
18457,12.090495184439966
18458,10.378791423409917
18459,10.48809681185325
18460,10.682578828733963
18461,11.141772390855937
18462,6.732347494617196
18463,9.503971471760927
18464,11.693279010284337
18465,9.585423637033749
18466,8.378529173767264
18467,5.633632007637066
18468,15.104810888151585
18469,5.028656869149189
18470,9.568493458595139
18471,5.174967630314144
18472,9.167020448569202
18473,10.255056404932947
18474,11.973414856974266
18475,3.9947225261953516
18476,13.051818246867192
18477,6.950941766404926
18478,10.866939689362594
18479,8.046381085959439
18480,10.66777085725044
18481,14.6901393251125
18482,11.393667429285273
18483,8.977959754818535
18484,11.907325601234165
18485,10.758402949448316
18486,10.998291880692413
18487,10.595977405868867
18488,10.596370190714836
18489,9.268832510131928
18490,9.099421061665103
18491,11.826356582710686
18492,10.19561818359672
18493,11.249913720592275
18494,8.688865741820388
18495,11.936983948571106
18496,10.093404945440664
18497,4.425486618709075
18498,9.943954979545865
18499,10.378119518698513
18500,7.954578775995379
18501,10.0307048227887
18502,6.417993618887272
18503,10.100502698878852
18504,6.232730295417581
18505,10.538632157463896
18506,6.281783383132176
18507,10.098322026223768
18508,7.616098270818571
18509,8.668526842431815
18510,17.531094082884792
18511,12.171885092056227
18512,11.160292621973408
18513,9.832725773317371
18514,12.17832068167326
18515,12.648013714906032
18516,6.592111572072104
18517,9.498352072564513
18518,4.510490515127778
18519,4.9837612284187545
18520,6.608536263495532
18521,7.128224166050502
18522,9.763317821239212
18523,10.591417538522101
18524,16.2280649496121
18525,9.048869212968011
18526,9.25503792228033
18527,10.062596406197976
18528,13.585837531015665
18529,8.798093152486937
18530,10.300881941298796
18531,12.22192357511928
18532,11.061399533895564
18533,10.235092507752984
18534,7.072777332080584
18535,9.644846361627366
18536,9.57178940920805
18537,10.11919911284401
18538,9.599945702971663
18539,9.753110232070043
18540,10.502690695537924
18541,8.065615900280994
18542,7.509305131973026
18543,7.217865474909724
18544,10.183662578030326
18545,7.676532238501057
18546,8.198987983850888
18547,9.539670090486046
18548,12.68371858264224
18549,6.5938672938554905
18550,10.34531665381874
18551,10.553699114126996
18552,15.120612552618812
18553,11.38246078600351
18554,14.544187399748562
18555,16.480195880266056
18556,10.62920310382316
18557,6.824086263136319
18558,9.151673152465905
18559,9.51334389877664
18560,5.608556773696529
18561,6.527582087675991
18562,7.3262665668853915
18563,13.422988154220487
18564,10.80237912216296
18565,11.137646589109101
18566,8.932024934165678
18567,10.012362402765941
18568,10.542330016980973
18569,12.136336998291354
18570,6.3302141975977175
18571,4.64981463130744
18572,10.24143061225871
18573,8.831110063842374
18574,11.396201405755221
18575,8.335283414708035
18576,8.271541203099916
18577,13.479056811691779
18578,14.747171380776951
18579,10.509643307360735
18580,9.8560435631082
18581,10.493616060840065
18582,11.25092304275433
18583,6.263128432756009
18584,10.892674730702016
18585,9.340684020118283
18586,11.320408594517088
18587,12.277443062640536
18588,7.252843115843207
18589,10.503380914408053
18590,11.325987899265195
18591,8.139646268662196
18592,11.635445516490538
18593,10.460867318074461
18594,4.062665182973531
18595,12.697588447432414
18596,4.965069954279907
18597,9.748641258920507
18598,9.543278550011232
18599,7.513062437453357
18600,10.119009232852743
18601,9.854119353169711
18602,15.327819507301058
18603,13.356911304415554
18604,10.902324147144245
18605,12.680692739461719
18606,9.844355808761831
18607,6.480276449607274
18608,10.028870756134458
18609,7.403642954765692
18610,12.659450772176283
18611,14.888159919441751
18612,9.396301492406458
18613,6.192189151121818
18614,10.832458996553513
18615,9.531922979935489
18616,7.009566824682263
18617,8.551275184236301
18618,7.3372992526383225
18619,10.674437298013713
18620,11.261064586889406
18621,5.6775539939370905
18622,13.35856097053747
18623,11.51088742862584
18624,14.889192061837898
18625,10.94563871949184
18626,7.1181926621189175
18627,9.93238400777085
18628,6.175460386884136
18629,8.024117190751676
18630,10.62408966017561
18631,11.5448842116771
18632,5.568429677064947
18633,14.57296769606736
18634,10.484462642906994
18635,9.745383655055617
18636,10.995803602660141
18637,11.951215314522338
18638,11.258923543567184
18639,7.7008328319835435
18640,11.089644245657524
18641,11.5093028834249
18642,10.137040810249506
18643,8.36279298901798
18644,11.502613068730822
18645,8.10200264101601
18646,11.069783192998171
18647,7.337820376983046
18648,14.443907497403666
18649,7.550037495073533
18650,15.547448269607864
18651,11.056038572170744
18652,9.956169368529185
18653,11.191746704023846
18654,13.615964336160879
18655,15.064705615274546
18656,7.470280073808686
18657,15.911422492994674
18658,8.049683233882527
18659,8.901445651174024
18660,8.527922376521241
18661,10.30644724671511
18662,10.46845674092788
18663,13.364902082130328
18664,12.514512622792527
18665,8.395634977595584
18666,6.257094153786808
18667,12.067338129564646
18668,7.6564574666999174
18669,9.978629872521857
18670,6.425575256632758
18671,9.133679525014337
18672,10.552541235506801
18673,10.792351967277202
18674,14.436590520652704
18675,10.73516674602935
18676,15.218464281674336
18677,9.413936389948292
18678,7.328602227386117
18679,11.959567532450382
18680,11.011608770753913
18681,10.639136981471374
18682,9.498060725766974
18683,9.38164950610004
18684,10.566001385903904
18685,5.413930825737017
18686,6.55051608547159
18687,12.385297012693538
18688,14.116335648984702
18689,5.154647756862572
18690,11.201528193586656
18691,9.765076226097367
18692,7.508564875937794
18693,10.661498079052404
18694,4.66788285544456
18695,9.802557123667436
18696,10.80654606772757
18697,11.004797155687758
18698,9.719597664520585
18699,7.8755228475690116
18700,6.561683855650356
18701,7.734707027131152
18702,5.8035849564684865
18703,10.118269655505774
18704,9.357988434126638
18705,14.895884859661054
18706,5.8452986457068405
18707,10.357295623247712
18708,10.991580184753355
18709,9.38445581136879
18710,10.069499625778615
18711,6.857428762349027
18712,11.97704295436951
18713,8.056873647597042
18714,10.868479739041321
18715,10.070614148712965
18716,7.199989106658506
18717,7.578155491181871
18718,10.545201072742511
18719,6.416230146447561
18720,8.94082137475992
18721,5.738871858371425
18722,7.0713332302200635
18723,6.8998958315093635
18724,6.956023063455474
18725,8.731146125491366
18726,6.284136399919458
18727,7.763198786220286
18728,12.851226296761798
18729,9.555457692529941
18730,11.009003315824964
18731,6.541047666966193
18732,11.079270483714103
18733,11.866551004598595
18734,9.254602738604692
18735,9.71590230070402
18736,10.391898094018478
18737,11.333604525849852
18738,7.57200358793853
18739,10.861324753860952
18740,7.240879898186795
18741,9.693717140874458
18742,12.652864481258844
18743,6.34079730729221
18744,10.012766628059659
18745,10.881705473386813
18746,12.579276689704646
18747,8.84053471880049
18748,11.01821208916371
18749,8.29796493633079
18750,12.100301453137273
18751,10.335070397874174
18752,5.158079900110333
18753,10.476460776860701
18754,9.815458649370802
18755,7.2336865444488305
18756,8.240002033808327
18757,7.404849393933774
18758,10.114740149546035
18759,9.712922321988765
18760,10.236312261646683
18761,5.358018197336635
18762,10.13073191395101
18763,12.019756208111897
18764,15.116917116223
18765,10.76108506440884
18766,13.041590919282298
18767,11.091653614701613
18768,8.812621415825129
18769,11.767882359050008
18770,10.761218155011136
18771,10.933510107371529
18772,6.432852133583997
18773,13.956159363032322
18774,12.43541117921151
18775,6.492955339769652
18776,10.109084202046606
18777,7.632713631123468
18778,11.52659628202003
18779,7.090674848817908
18780,5.5923785016556735
18781,12.300496658724477
18782,14.564827311271419
18783,11.546140736844443
18784,9.184293155081326
18785,10.873050505452262
18786,14.802865387359986
18787,12.287746008599406
18788,11.216977773425324
18789,5.432706650375391
18790,16.039636206772983
18791,10.339905023656193
18792,10.81517599446952
18793,5.3033148775344054
18794,10.406314479411675
18795,11.848518645009925
18796,7.286029619698849
18797,8.598427601784742
18798,9.38657476551323
18799,8.409319629085852
18800,7.789322932862969
18801,12.756849263858498
18802,5.19880446517012
18803,10.351364430329852
18804,8.195183962082686
18805,11.028383351616528
18806,14.104023498077854
18807,7.705429177736921
18808,11.528286540704574
18809,7.31459090718398
18810,5.386563334440108
18811,10.557460364081772
18812,11.336025341869032
18813,10.941656448730507
18814,5.383459932907353
18815,10.378146449324664
18816,5.04157930642886
18817,11.41390776260158
18818,10.5100224439948
18819,7.242118476318188
18820,9.09194265021942
18821,10.32213442727874
18822,6.276566174866571
18823,4.16894214456575
18824,12.952569988470417
18825,12.783991737426136
18826,10.87206914614337
18827,4.739641512753239
18828,8.791314256339987
18829,7.670861297469532
18830,11.582809297867529
18831,10.501665813016523
18832,7.512061899894583
18833,7.205442516579728
18834,10.977935295175321
18835,4.899534723636235
18836,8.850281703120212
18837,9.889163835735653
18838,10.972395276964509
18839,12.032651682314777
18840,14.326528668063771
18841,6.87183435567214
18842,8.618650975255573
18843,4.0704967143971365
18844,7.76559371186058
18845,9.780000356938842
18846,8.065464276235966
18847,8.300888793316261
18848,15.076464978577087
18849,6.899511174421378
18850,9.13848908983961
18851,13.952819747701781
18852,10.758628515964025
18853,7.287058750118922
18854,10.558500906815546
18855,11.74543849305546
18856,9.306731771347385
18857,9.099840583667524
18858,8.717307302757158
18859,10.460661086646676
18860,8.709634983897185
18861,11.052417162675992
18862,6.259274278847883
18863,8.980493502660801
18864,6.267656357433962
18865,11.988988809337494
18866,6.333790522142223
18867,11.159223785883322
18868,9.896883922862706
18869,5.964469822457533
18870,7.233138366386713
18871,9.804578247085246
18872,6.18548170021972
18873,14.212585637665661
18874,11.506310054115502
18875,9.212202589045484
18876,10.831657506442786
18877,12.177745637066158
18878,9.16710138517026
18879,8.790675584460134
18880,7.750642571960217
18881,10.75927704322243
18882,13.580056626341516
18883,11.565858771032351
18884,9.203108947328559
18885,12.15731123956842
18886,13.021543911802866
18887,15.28205419625103
18888,10.91872562682689
18889,8.01706329136183
18890,9.761201089685198
18891,13.549039241784222
18892,14.499121693340232
18893,10.930104238165406
18894,5.737617763205336
18895,9.94103439007104
18896,10.792335295292514
18897,9.326425969013883
18898,9.988084708915759
18899,10.534132171636386
18900,9.602617503455932
18901,10.779967783503574
18902,12.28707362065114
18903,7.515630461159467
18904,11.074482275364353
18905,11.733473835843254
18906,10.968702961127237
18907,9.882996191979512
18908,10.5011556103524
18909,9.79535866206571
18910,6.461145406532884
18911,9.375174903757584
18912,11.081783348979657
18913,10.576308848225668
18914,10.248540210036962
18915,10.289791219388118
18916,16.46956707285481
18917,10.973958554667181
18918,11.222015303162484
18919,12.355476099671797
18920,6.553695733854967
18921,10.05427169831429
18922,4.197308706190684
18923,9.558110207404594
18924,15.319828960496366
18925,12.90971871068838
18926,6.949135508670308
18927,6.493074834965423
18928,6.909142658006995
18929,9.930509310469573
18930,8.56769663615441
18931,7.088750347277301
18932,13.805753847722082
18933,10.359583060963283
18934,11.730809220602977
18935,6.158358009156489
18936,5.331597642945104
18937,11.515491633901835
18938,9.916731996397836
18939,4.4568740286214625
18940,10.126884277661308
18941,10.19602584624129
18942,10.362626128955004
18943,10.749184557875612
18944,13.320069757255306
18945,7.81938339656641
18946,10.93437448488304
18947,9.577890611075482
18948,7.884824890894812
18949,10.425176978388308
18950,11.082662804739758
18951,11.423663970697785
18952,9.674235970367329
18953,10.968237076388302
18954,8.959413157257083
18955,9.581140504221155
18956,11.395394893106047
18957,8.888645858960823
18958,11.32269893644428
18959,7.418208423778973
18960,12.161208764963561
18961,10.98784218199015
18962,10.497781371472202
18963,11.55280181710461
18964,9.347636886042256
18965,6.548508275098543
18966,11.129522832614253
18967,12.115382169916629
18968,8.918513775298392
18969,11.473328517130197
18970,14.248399281599509
18971,10.932939777194076
18972,12.787560590220364
18973,7.157077384447216
18974,8.717926140521726
18975,13.075793237842774
18976,10.090929081657082
18977,9.61053522293095
18978,11.57610390186715
18979,10.747208830579673
18980,9.459119373964175
18981,9.822135276482646
18982,15.29380103327305
18983,9.358647331103949
18984,10.073134041430059
18985,14.919396324366605
18986,10.026501966378921
18987,14.543590810245023
18988,11.203733536412676
18989,9.972207106097578
18990,11.015643346734027
18991,4.923860696419869
18992,10.197100389152132
18993,12.90268697329929
18994,9.186009608615006
18995,6.51048528548078
18996,7.47203060573358
18997,6.713477579494593
18998,10.878258079042594
18999,14.441877672069225
19000,10.62643360591409
19001,11.173823359492015
19002,15.316164134662634
19003,8.115437862274751
19004,10.520606829810117
19005,11.657908026496802
19006,7.517893298714847
19007,10.940145697866313
19008,12.34969553916697
19009,10.127067128205667
19010,7.097785624908757
19011,7.349042392746667
19012,14.12908269118597
19013,9.238194953364427
19014,9.35166370857154
19015,10.262305374639151
19016,9.202707615897168
19017,10.120046881183907
19018,11.494928255080112
19019,9.515540620794877
19020,5.787232353247468
19021,10.730731538661217
19022,10.625636936139149
19023,10.559533279512417
19024,16.024668066811124
19025,6.368527660679561
19026,11.40651022522909
19027,11.602259759607543
19028,10.673008090972946
19029,9.581458372789337
19030,11.016934794369705
19031,7.67838226518278
19032,7.252614114213657
19033,11.652488067089905
19034,9.943231813912078
19035,7.8448242015248555
19036,10.213980209763767
19037,8.704950997854723
19038,7.353404844206428
19039,10.982818662398103
19040,6.6176314106096
19041,10.18144839975755
19042,10.935882601124028
19043,8.140004768079654
19044,11.452036679871783
19045,7.055996113854619
19046,18.959844074029235
19047,16.875508043321286
19048,13.244818972160715
19049,10.906445537582256
19050,8.92845467699933
19051,12.125114203457773
19052,9.068706927338765
19053,9.705660972030286
19054,6.9649922118372505
19055,17.658417554653607
19056,16.85069020796228
19057,11.526327753265447
19058,7.15375979916083
19059,7.444492227572617
19060,7.599092023960896
19061,12.406817086366367
19062,17.99756316144172
19063,9.086003962865576
19064,10.617399922300232
19065,10.222314212623607
19066,8.706233761298881
19067,9.602770317901603
19068,12.442728661386942
19069,7.126285798842901
19070,8.567504114682603
19071,11.250265933707567
19072,9.617052186725697
19073,14.329630136552424
19074,12.935880907042518
19075,12.408305535307857
19076,6.2194877495337835
19077,10.724997785745764
19078,9.789905125682433
19079,7.8030557059639545
19080,11.301237542029353
19081,6.2220241425063225
19082,8.80308140666868
19083,10.722868844197194
19084,12.687128555189314
19085,10.783278656663878
19086,4.750634171681565
19087,11.328952798401355
19088,11.270532797984536
19089,9.531140920673643
19090,7.7493244984463
19091,10.422757469510282
19092,7.718566050407613
19093,11.625699166898746
19094,6.8941589464836035
19095,8.716390580421402
19096,7.6711379460662315
19097,9.482979279842972
19098,8.019204365144416
19099,13.231770706066309
19100,9.894669792947628
19101,10.825483786727064
19102,12.963516118844
19103,11.622361990439204
19104,9.11929057974388
19105,16.724436515509268
19106,10.473065976539646
19107,8.860733608492282
19108,10.63899820337971
19109,9.073780584157316
19110,9.8696494015477
19111,9.112512043280006
19112,8.430291204729993
19113,6.3697864426021775
19114,6.722259088298609
19115,9.39859538901647
19116,12.879952386620563
19117,14.51044629037998
19118,9.917696566538964
19119,15.038908190698663
19120,4.7536061747872065
19121,15.811628651223698
19122,6.04455504703213
19123,9.387122913417544
19124,10.30430188378744
19125,5.949773008701651
19126,8.080235639176667
19127,11.729169547149366
19128,12.470965472320858
19129,8.442182037891826
19130,14.565335292608923
19131,9.364250508366109
19132,7.203879632257337
19133,12.445596958650391
19134,11.386057310802826
19135,10.401253290505224
19136,13.765720671549936
19137,7.899074925994735
19138,4.488350788227276
19139,6.6419671635796345
19140,7.475210018139175
19141,11.132694183792466
19142,5.587275547333866
19143,11.244716642037922
19144,6.479979170589605
19145,9.95030135782741
19146,8.60790445901627
19147,10.749087919758258
19148,9.967438655086967
19149,10.148466951814205
19150,9.418213105738378
19151,10.351021225076027
19152,9.931774942620788
19153,9.631583055905931
19154,15.160435704621907
19155,14.04379532898513
19156,11.898721959598777
19157,11.008670235426422
19158,6.44214619190388
19159,9.715329349453503
19160,15.63003082664467
19161,7.533607070590476
19162,9.308018432812968
19163,7.073004605006778
19164,9.056068693086823
19165,11.48230714619633
19166,4.936406445044554
19167,9.635273289667
19168,8.667663839041227
19169,9.334640206053837
19170,10.750779988576372
19171,10.64613077521574
19172,9.827803043929627
19173,7.9937365249657075
19174,12.208928669823186
19175,12.215885547019226
19176,5.894323703263911
19177,9.833722978434578
19178,11.79677131193043
19179,6.5079931807164435
19180,6.058902733178309
19181,10.11843611124252
19182,7.277991370094659
19183,14.762362666271045
19184,12.07015351802958
19185,6.78850087834417
19186,10.116680806756078
19187,8.291537858500806
19188,12.41690340794659
19189,12.501122131569817
19190,8.547279150214171
19191,8.330428789067323
19192,5.448920167047026
19193,9.432714592019153
19194,11.416590886892804
19195,8.325784268753393
19196,5.113479133336137
19197,7.298226195408436
19198,9.956653710536527
19199,7.085290550186195
19200,16.16092050160858
19201,9.84298590898716
19202,9.21190316407448
19203,12.2518471748375
19204,12.45234888585759
19205,10.245433256667187
19206,10.017658543292232
19207,8.463483267023175
19208,13.617501114722634
19209,8.115225344946849
19210,8.820627100900207
19211,6.1532072891801315
19212,10.34062903636512
19213,9.837090430699623
19214,8.76149522277905
19215,8.896864664860022
19216,7.565192299829016
19217,9.864259841128149
19218,6.706348686303866
19219,11.143350792938016
19220,11.343703832608568
19221,7.5186514951018975
19222,12.903862736975992
19223,10.685371302064668
19224,7.199525415468431
19225,15.199830012398984
19226,7.257651904108735
19227,10.369571601120253
19228,7.310394053382214
19229,9.954790019762562
19230,8.171751078447318
19231,6.622940084329295
19232,6.784366269084008
19233,10.860887528705105
19234,12.530424036671693
19235,8.963746664058423
19236,14.857206557899467
19237,11.349098093984178
19238,7.1968015162556656
19239,8.194671861103158
19240,7.9217972607154765
19241,7.5751845123236645
19242,9.643705774301756
19243,8.898513237046854
19244,11.609243593850106
19245,10.096373722530911
19246,9.542215696891198
19247,7.3386687854127235
19248,6.752398299966588
19249,12.422306504736815
19250,10.94003582316917
19251,9.331605846336998
19252,15.57614123985426
19253,10.61304977530295
19254,14.454095159856559
19255,8.380826003645874
19256,10.374694843682526
19257,9.05240510024971
19258,10.4698444736285
19259,10.217611121555322
19260,12.270723734253393
19261,10.685696243289128
19262,9.167170997469427
19263,9.17760480309771
19264,11.614151826299864
19265,11.405917915556152
19266,6.790724761694934
19267,10.60027648064084
19268,8.70852635406804
19269,8.72255419193312
19270,9.56112918733792
19271,6.831745765200196
19272,12.387924404706894
19273,13.516718179856724
19274,9.969048416476467
19275,10.238749540215208
19276,9.81972506239595
19277,8.885717799974234
19278,10.347484952913355
19279,10.925532448690657
19280,10.59600044550867
19281,7.01373132854244
19282,6.647660171252637
19283,10.356628813066072
19284,11.510867760644333
19285,16.39927167629475
19286,9.546130379478619
19287,11.369774209157052
19288,9.117106075620018
19289,16.0556887928558
19290,8.372427875396724
19291,8.580727392394163
19292,11.004795784567484
19293,9.247174104484362
19294,12.125391313985194
19295,8.374564830963411
19296,8.848675871656377
19297,13.38180348095619
19298,7.150990941633116
19299,11.521587969631765
19300,4.739924032575909
19301,8.361028172353604
19302,7.272945619446916
19303,7.314447998237425
19304,15.759665925785892
19305,9.255880225851747
19306,11.145635693983285
19307,7.332964845850255
19308,6.706543479317448
19309,10.976344790949758
19310,9.44424822053801
19311,17.0097291900877
19312,12.125672238791221
19313,12.5269397922316
19314,9.392795769142088
19315,9.394936372025828
19316,13.03480737318431
19317,9.546117546596248
19318,10.651044269525718
19319,10.045575849091007
19320,7.341121176818657
19321,14.01548120156918
19322,10.93162168622235
19323,9.69766142706227
19324,10.51869960086108
19325,10.271063375140471
19326,6.825393895539215
19327,8.825209704739986
19328,12.814490344609252
19329,13.019135609603465
19330,5.807560867181579
19331,10.677951387801444
19332,11.884707800418392
19333,9.55163704866648
19334,14.033142965357577
19335,9.598870776892932
19336,14.321010463853622
19337,8.200315756550413
19338,9.607932461228511
19339,10.666485851158086
19340,12.284863046666759
19341,8.928616601721469
19342,10.681130994447296
19343,7.219850049093285
19344,9.526592145005237
19345,12.102476481253435
19346,11.10330666824468
19347,6.45368549380418
19348,11.063417369938861
19349,10.902103336094536
19350,11.1206886319797
19351,11.352476131793946
19352,9.90880561772011
19353,11.05201359214579
19354,5.162594819160009
19355,10.864031019257393
19356,11.118232964421773
19357,4.615902812887203
19358,12.43161286497707
19359,6.884448303237254
19360,9.795108147337565
19361,9.163259317850741
19362,8.97792420837442
19363,9.946942446476356
19364,12.089188700259875
19365,5.338015469833611
19366,10.85286085117231
19367,10.575452801505836
19368,10.403694954493421
19369,11.913051578457154
19370,8.76285867149952
19371,12.089152391754382
19372,10.572443154132518
19373,11.52478921789411
19374,5.005300527074074
19375,4.941689357951095
19376,9.483393163181857
19377,11.520993395704792
19378,11.233402942505704
19379,5.378700738584515
19380,8.937173764214732
19381,9.045590049556683
19382,7.601490156725067
19383,7.810076309005318
19384,7.927242169136822
19385,6.906260169476187
19386,6.534745685502498
19387,15.26612224512849
19388,9.083806111592526
19389,11.468016593154069
19390,11.471424274509152
19391,11.850299618821836
19392,8.994194394085453
19393,13.62551337104519
19394,15.17124519428305
19395,11.1105361336152
19396,8.701189393322204
19397,11.703499709230108
19398,10.697155031223907
19399,11.493612359874453
19400,11.85894071627443
19401,11.765216260729089
19402,10.628803684788672
19403,11.640399897983546
19404,6.72882163650432
19405,15.460894660220653
19406,10.503732438689228
19407,7.351922839740462
19408,6.670881702560569
19409,8.762574439516989
19410,9.446324435863325
19411,10.341299176379238
19412,9.07739403593883
19413,7.742625105923721
19414,8.786228289335147
19415,11.838542610067488
19416,7.113063229681768
19417,9.455909475181466
19418,11.198876956445694
19419,7.672338526288425
19420,9.857530939722594
19421,6.154951802614674
19422,11.22613813641933
19423,15.166688462133745
19424,7.817121057475419
19425,8.896418605593597
19426,9.393667535724465
19427,6.465863103046765
19428,13.244437665418756
19429,6.584085930761763
19430,10.228464832501116
19431,10.212101424835435
19432,10.467236491646704
19433,11.217553069893953
19434,8.931443191523938
19435,7.020134414292979
19436,11.810534859253728
19437,10.616552761426053
19438,7.000096175678517
19439,9.143699102609729
19440,9.932153307418405
19441,9.878451320244588
19442,6.836801322559356
19443,10.261867643209232
19444,13.96279969903289
19445,17.197846476223017
19446,14.961081853301376
19447,8.134403012526704
19448,7.597931033108461
19449,8.702534156038704
19450,10.531587164895463
19451,6.484779221753732
19452,13.379393787526055
19453,10.705174380659635
19454,11.587860369688658
19455,7.594820709689472
19456,11.189770825596803
19457,11.876310209889041
19458,11.795941293056007
19459,10.784915967533784
19460,9.192126041521265
19461,9.988485448353327
19462,10.86272952042635
19463,10.350629321741367
19464,6.894850797723699
19465,7.281491083189859
19466,8.516959817210651
19467,10.748391824180302
19468,15.50134622098313
19469,5.494592565495775
19470,9.968733883529952
19471,10.580095124030535
19472,10.450531238018169
19473,15.458991424907996
19474,12.039608385279976
19475,11.299173645997993
19476,9.867373052484213
19477,10.403841285458897
19478,7.160178158613695
19479,10.247213701548107
19480,9.61617132762286
19481,10.533780717318256
19482,14.369357406420862
19483,11.236549729152136
19484,11.998680201967266
19485,9.211045820289534
19486,13.040934490667407
19487,7.070374301139557
19488,9.010321136771584
19489,3.9245484366753116
19490,10.93704211786249
19491,12.498778267805037
19492,10.439152473654618
19493,6.168496775339582
19494,11.50986905656464
19495,7.69227198964829
19496,11.29284039990853
19497,10.319117790828972
19498,7.563459728989125
19499,9.189819771696902
19500,13.195600903077494
19501,11.908095390651777
19502,17.027514413594286
19503,10.421770849559234
19504,10.40839762230363
19505,15.206613391217463
19506,10.24775129252831
19507,8.858950255066269
19508,19.067154138570405
19509,10.92001880933331
19510,11.147486810813064
19511,10.57949942146619
19512,9.92140223366126
19513,10.99380086112891
19514,10.02686557808972
19515,10.43310217764449
19516,9.401672928565482
19517,10.68512135650587
19518,7.463579059468383
19519,10.917488643779453
19520,12.161497994104892
19521,10.203833682146815
19522,10.829764059079292
19523,11.277108238396492
19524,9.979716020040634
19525,11.545579178017089
19526,14.308666063821963
19527,11.317422222876385
19528,11.229245686168717
19529,10.603926501579494
19530,8.715260837960543
19531,7.8368568622099
19532,11.232965301057954
19533,10.492410210540633
19534,8.568107708290485
19535,13.461771868204847
19536,8.756192443137756
19537,11.205304859019945
19538,13.682115561399172
19539,10.827055598398248
19540,13.391607248696399
19541,8.021497045937435
19542,9.729112859405737
19543,11.573880607698403
19544,9.385793968173356
19545,9.730286004020732
19546,13.514784531869118
19547,10.517866101491272
19548,13.733018621539781
19549,10.651525615025719
19550,10.677723521402426
19551,10.088563521890816
19552,12.334513466697294
19553,8.784937893998084
19554,10.405136103262246
19555,10.237322713195232
19556,7.796182216188571
19557,11.806965017588142
19558,9.326618458962743
19559,10.090638002881343
19560,10.922603790701652
19561,8.116394963817278
19562,9.112283604311008
19563,7.457039490209358
19564,9.390165943796903
19565,9.577372289157225
19566,6.915824662408695
19567,13.623572496854601
19568,7.747485887997087
19569,9.775388313837812
19570,11.16478607330073
19571,10.288900528495741
19572,7.303577203353735
19573,10.053768889602399
19574,10.69647067328146
19575,8.766625695203512
19576,8.657473644074642
19577,13.925271591048288
19578,6.541330184499906
19579,4.578011692037022
19580,10.27035358211099
19581,10.798942740012453
19582,11.062056001937373
19583,10.12326572357155
19584,9.208991753638763
19585,10.805913796576306
19586,11.316675516740522
19587,4.370364124983445
19588,9.234547306608103
19589,9.628250879334527
19590,11.724171750026976
19591,6.675454143527949
19592,13.196045397153972
19593,11.710166328373118
19594,10.811075506372577
19595,10.680704249115019
19596,9.940868027351865
19597,10.963370609439279
19598,6.587164113385401
19599,9.508327846093497
19600,7.546385994892484
19601,11.2812007801377
19602,19.288580244549358
19603,10.018704661024593
19604,11.781862296905398
19605,12.682836865887179
19606,5.998775035396014
19607,8.235191001808747
19608,10.65192224183509
19609,9.44650414360064
19610,6.077306861715501
19611,17.685986231207938
19612,6.793162043643942
19613,11.165381523919477
19614,6.099119875318304
19615,14.66047922304984
19616,6.522931093045859
19617,8.292749476673338
19618,6.09575860475845
19619,10.19127404028303
19620,8.10055652736898
19621,12.341423873038572
19622,11.705226667967722
19623,7.205391433609007
19624,4.475943779996725
19625,16.081438280116814
19626,13.784663089285349
19627,10.925991155434934
19628,12.422207488432417
19629,11.529781786047055
19630,9.038317813850506
19631,13.347363707966064
19632,10.917402694329333
19633,8.964088198480061
19634,14.483577736019093
19635,11.407759972213377
19636,11.574581517261565
19637,9.650041325209676
19638,7.75657627647281
19639,7.940693458820443
19640,7.088105494764551
19641,10.98144857086313
19642,14.201376674715062
19643,4.803274780026366
19644,13.196648770634287
19645,7.186006887656278
19646,11.352962248411298
19647,9.272758727820461
19648,12.298522200202974
19649,10.864880850764283
19650,4.497982042770077
19651,7.8033027492549
19652,6.851341649005743
19653,7.766158094911951
19654,10.53515272993811
19655,14.062813526327234
19656,10.38186289843566
19657,14.540962700369292
19658,13.311578758844632
19659,9.003237857925683
19660,9.300289248972664
19661,7.713840708079769
19662,10.879251610371698
19663,10.173486716418578
19664,9.679617916603068
19665,7.353666400931687
19666,10.472355369902493
19667,11.006137810377878
19668,9.39274863523551
19669,9.755223955954152
19670,8.747229083057142
19671,7.643616784638875
19672,10.006236844233067
19673,11.607526760387673
19674,11.328051158712288
19675,11.269349799408111
19676,11.582098708201105
19677,5.457423790101585
19678,10.568309988069405
19679,11.59607166457728
19680,11.864358690367599
19681,10.89214992611935
19682,9.844317597443533
19683,11.39758834533655
19684,9.204386420774126
19685,9.1925636695645
19686,10.095664968214013
19687,10.882114803173966
19688,12.454785300260006
19689,9.438519719230186
19690,8.598723969298813
19691,9.48335261085753
19692,10.454363725962635
19693,5.657452726012213
19694,9.369438044303473
19695,9.076371391695629
19696,8.343259825541438
19697,4.932700732708405
19698,5.236898802214277
19699,5.7528482634273
19700,13.55485708641077
19701,9.635345610711493
19702,11.780864935638245
19703,9.649219859520285
19704,11.328755426035622
19705,10.267868026296533
19706,9.529486942501368
19707,6.88793208594311
19708,6.292190540547749
19709,10.897058692584295
19710,7.083716281594192
19711,11.586336240837726
19712,5.443675540183584
19713,6.339728199942083
19714,10.303174441893024
19715,11.741335461336465
19716,10.513534573057381
19717,11.342725463220265
19718,10.303266750437313
19719,11.821771628503598
19720,11.165158334133142
19721,8.411774937809266
19722,10.620973073019
19723,6.961110845066354
19724,9.03964213453459
19725,10.838575394785046
19726,8.172580549168208
19727,10.585465605370743
19728,6.498938801802088
19729,7.664837197641202
19730,12.389694034682911
19731,11.18031791618491
19732,13.72548660087485
19733,7.568947320239598
19734,4.181340905035252
19735,10.966074164193925
19736,4.309620483558203
19737,7.510585914209882
19738,18.15767566156268
19739,9.620926527555275
19740,11.651167746285466
19741,7.108010218872143
19742,4.752961985128765
19743,10.092950566300107
19744,11.360731936923033
19745,6.810901357313364
19746,15.96325123136372
19747,4.439438219327167
19748,12.48039631404109
19749,13.53605184298482
19750,16.909617653019406
19751,10.107171280629256
19752,11.309039921097659
19753,10.378704814875439
19754,5.3577087354165025
19755,11.275028404985383
19756,9.077636515426448
19757,7.11423560020283
19758,12.186070288779597
19759,7.851028068586167
19760,7.1895826413434065
19761,7.446718793023578
19762,8.603175444364338
19763,10.671498668435198
19764,11.948116385527742
19765,10.695518773959483
19766,9.516154934135697
19767,8.183816293691637
19768,11.196753962873718
19769,10.846472817113312
19770,7.9385046964721555
19771,10.879380864300034
19772,10.235287785794174
19773,5.274062530744717
19774,8.735120382243425
19775,9.096867287902239
19776,10.495699171846459
19777,11.414681336123108
19778,6.8770857896528765
19779,11.567381846402643
19780,9.49064699247181
19781,12.762633212701052
19782,10.8696571063489
19783,10.722809867069168
19784,10.616680118849837
19785,9.07578674348435
19786,9.428463377243258
19787,9.839253097810271
19788,6.2615102225938575
19789,9.200300886549796
19790,6.790723543482404
19791,4.43501906007719
19792,12.782070187789968
19793,7.903231858475121
19794,10.022853534713525
19795,11.441108770039694
19796,11.36424124917956
19797,12.616711646566884
19798,8.516540940128072
19799,9.067096857015114
19800,8.997332238116009
19801,7.788368508684444
19802,11.575249438828614
19803,10.453107095268951
19804,7.285207036455544
19805,12.45494978511952
19806,13.551212703305385
19807,7.2091641150576375
19808,4.339061202707195
19809,12.510454619344042
19810,13.395897384290286
19811,8.932802149118933
19812,7.233643948261678
19813,11.539992611222583
19814,10.663909036049363
19815,10.359123547842753
19816,10.912127030319073
19817,7.662008625058019
19818,9.380511689997766
19819,7.340719798506932
19820,5.519126739283592
19821,7.633681436127203
19822,7.628311466085816
19823,12.776557717469652
19824,5.529235540581764
19825,12.411364300750197
19826,9.488535837316803
19827,10.134484010042087
19828,10.192115180714422
19829,12.257293448706914
19830,6.839728575160868
19831,9.82401873265883
19832,9.933353928002864
19833,13.954758743920584
19834,6.704333607957905
19835,10.468814032045106
19836,10.44651910570099
19837,9.576465820203534
19838,6.146760198917368
19839,10.978318378035198
19840,10.055725641403818
19841,8.21121436139217
19842,8.098180539405408
19843,9.034976357228734
19844,17.065636039544323
19845,8.859906793817064
19846,8.636567348560948
19847,8.92725296376527
19848,7.348769576574179
19849,9.60476664025199
19850,8.43208141243995
19851,10.838039570686504
19852,9.558050778789383
19853,7.466470943578259
19854,10.036247213940689
19855,9.570346449628715
19856,9.142936704298751
19857,7.49297354313368
19858,12.594817959718144
19859,11.347128395998878
19860,9.686814654096823
19861,10.404492862177676
19862,10.722032685214087
19863,8.874480877739067
19864,9.357326784145382
19865,11.016130383079261
19866,8.906860207740884
19867,10.015216226817339
19868,10.88660132319507
19869,6.539092640330793
19870,14.0571860223369
19871,9.340036710618861
19872,10.228425647405299
19873,9.916107344925233
19874,11.305904667811149
19875,11.69630088698404
19876,9.208028118346727
19877,6.626437848466773
19878,7.617833530012531
19879,11.152476267195757
19880,11.066852393368917
19881,10.937444117962684
19882,6.6951557347342385
19883,9.080664025216745
19884,10.081795707015317
19885,6.881868370294767
19886,9.81674117565442
19887,11.014470707193473
19888,11.892191001730287
19889,10.770522179691907
19890,12.821053156314452
19891,9.920062475774955
19892,12.5956793629099
19893,7.457952697871447
19894,12.16060142286177
19895,10.632936045631832
19896,9.652667924620083
19897,6.300849006366323
19898,10.608510153643309
19899,9.411223562650742
19900,11.320088450464128
19901,9.375590425122226
19902,5.183154531493977
19903,7.594158252286059
19904,8.118234194385728
19905,10.520493288489709
19906,10.360537946017642
19907,6.554284293149022
19908,10.80588162767338
19909,12.49954785454975
19910,9.041678422317592
19911,8.936679927086733
19912,7.937052275324717
19913,9.083615364735666
19914,10.627557974741915
19915,9.145895627630113
19916,7.880393779484022
19917,6.884647696825103
19918,7.193540519540859
19919,9.63813542680012
19920,6.212277904255782
19921,9.83142641080409
19922,10.442817910151318
19923,9.921382061368497
19924,13.280241165146359
19925,6.811808747423809
19926,8.879845745817462
19927,15.151316253959553
19928,7.216822512932946
19929,6.602857206192451
19930,8.136327969386361
19931,9.305420975792948
19932,8.967051000739398
19933,7.454741794614761
19934,10.679990005114377
19935,10.560217229285236
19936,11.17683974589583
19937,9.972002872666659
19938,13.86846678265404
19939,7.132531393085239
19940,9.591508187168351
19941,11.697542332705611
19942,8.9134735646146
19943,10.958862827991982
19944,12.882237920479422
19945,7.135867888107618
19946,13.878216656067755
19947,10.01792830628225
19948,11.64451888500152
19949,6.236475307040687
19950,10.030541512840975
19951,9.089179120712522
19952,16.034660729924724
19953,10.586039098120569
19954,11.61530254880269
19955,7.758450380052358
19956,9.74920110258139
19957,6.473225280151325
19958,4.432157777141545
19959,8.901857476904159
19960,7.295042494593816
19961,6.487055907668045
19962,7.259886826215329
19963,13.348116422157375
19964,10.18020997815926
19965,10.878621405124747
19966,10.60589416813703
19967,8.788191975671989
19968,13.07946294683697
19969,9.223087525474082
19970,8.546532376698591
19971,10.028363920240725
19972,12.17362388856673
19973,9.425911335935982
19974,9.592709282935452
19975,11.945310839448855
19976,6.895302466592741
19977,10.660352949806656
19978,10.10481500926119
19979,8.92862591031974
19980,11.637386073695254
19981,9.552313424537381
19982,9.129301445231576
19983,11.147478048725686
19984,13.204594471825109
19985,13.653354962921146
19986,6.731739631619528
19987,11.092495435696284
19988,12.568255411853345
19989,9.133763614126119
19990,8.617874146882665
19991,5.957631539009111
19992,7.698488340334173
19993,11.690353191661224
19994,11.124771977170663
19995,8.422183252239249
19996,10.347446958211185
19997,6.998892624918527
19998,6.431780468778117
19999,8.935772022456597
20000,11.112619871780398
20001,8.263740389473025
20002,9.74983378524387
20003,5.579473947863679
20004,10.643073528976137
20005,7.651739694002994
20006,10.30391553115707
20007,10.38776671286975
20008,11.220997802065991
20009,15.542901910272809
20010,13.430001840997459
20011,13.78145233331989
20012,13.507454036558757
20013,10.8787867820777
20014,10.538311010959038
20015,10.23504394108255
20016,13.825053761178753
20017,8.485999661807451
20018,10.571450563848558
20019,12.215190302796195
20020,9.705434323390726
20021,10.467791238482747
20022,9.644040463573667
20023,9.54416411673669
20024,15.989614176675326
20025,5.560268852275047
20026,13.712046548808534
20027,9.899736334626898
20028,8.616337028546626
20029,5.255592137011741
20030,15.197902782104503
20031,13.034881204055964
20032,9.348986584352433
20033,9.07041083260497
20034,9.231418354608524
20035,8.80819204961607
20036,7.148303017340117
20037,15.505980739835342
20038,12.332718572913294
20039,6.668626532048426
20040,9.395023350378596
20041,14.766854334254894
20042,7.47221406627628
20043,15.701767900135552
20044,4.389918620446825
20045,11.409065959264902
20046,11.606216977983978
20047,11.932092199126382
20048,11.348886985461391
20049,12.05786298330825
20050,10.357908039908907
20051,9.768240215253224
20052,9.356575467908195
20053,10.766382402835795
20054,5.584572649209275
20055,9.459231123451907
20056,10.839457066746348
20057,9.236150919390155
20058,9.238858471548115
20059,6.327703144327069
20060,9.398703962222685
20061,9.049928803761357
20062,9.729009114825992
20063,9.845131524036743
20064,6.1925778307899115
20065,11.877899526150216
20066,10.083216778503969
20067,9.283966906257834
20068,5.923336569834634
20069,15.553700151144099
20070,10.04014905762503
20071,10.47785485907418
20072,10.048084174463776
20073,13.59769884031032
20074,14.705168737107073
20075,6.981334831980513
20076,8.687808829077335
20077,8.887184044051416
20078,12.268210851202952
20079,7.346094204610223
20080,9.105370134673189
20081,9.526496974888774
20082,10.006794647127144
20083,7.324093618330307
20084,9.606636712532394
20085,7.182242069445645
20086,11.019154721477701
20087,9.587257873690534
20088,7.719706984504201
20089,13.462827370593033
20090,10.611814826901508
20091,9.002915676968042
20092,7.28696565750251
20093,10.03121497137728
20094,15.572733912130495
20095,11.498413578243005
20096,10.739910461910968
20097,11.845729051976877
20098,15.077076666830981
20099,7.173463200825585
20100,6.604685148507028
20101,7.7535871764483755
20102,9.602174909316822
20103,13.028595505092104
20104,8.860650760878233
20105,9.727087201781309
20106,10.220958884971061
20107,7.595843451166946
20108,7.785499584328854
20109,10.440328712520113
20110,11.094757151951974
20111,7.438012247897141
20112,14.046438043587177
20113,6.973838706450408
20114,10.935125463931048
20115,9.678023683850206
20116,6.087514934813118
20117,12.230631186000393
20118,15.794816481827954
20119,5.838770503235742
20120,5.585157123842991
20121,11.10946631572565
20122,10.211214032949352
20123,9.16461235984691
20124,8.734824173507661
20125,15.460124607726854
20126,8.30460983937082
20127,7.002794717335138
20128,7.656894077153927
20129,6.740536694771163
20130,11.89886279270821
20131,10.410782403256547
20132,10.889717693908858
20133,4.728704379206254
20134,10.783203469954973
20135,14.169938935412796
20136,7.725258992166795
20137,7.597035339778609
20138,11.440510581822904
20139,6.94586840143685
20140,6.7815670345363355
20141,7.115523706454834
20142,7.710513964330948
20143,12.3758946902228
20144,8.0002051933313
20145,9.690847132041334
20146,11.164822855777745
20147,7.576116386434624
20148,11.117140213298278
20149,7.2032751348921495
20150,11.355947302158675
20151,5.648834072114941
20152,9.270454674821256
20153,9.355550799865684
20154,7.527907794555839
20155,9.432556482895407
20156,9.635788308233481
20157,10.751698200355625
20158,8.892891280486225
20159,11.821953654138142
20160,9.918494642800335
20161,12.737440710034297
20162,8.729898785230505
20163,10.362531435780417
20164,8.598250678617454
20165,8.213775432501308
20166,6.7537337583643104
20167,12.06135571229125
20168,10.745718989520823
20169,16.779943912218084
20170,11.478931627684831
20171,13.603545676468105
20172,10.179830963017883
20173,11.188487144615188
20174,10.83201870761946
20175,9.870009275810233
20176,13.388445218889402
20177,7.491952706086215
20178,10.85239284812545
20179,11.235430494405957
20180,5.193823555971184
20181,11.550782552723176
20182,6.613788349207914
20183,9.397134933263736
20184,10.889294664694013
20185,8.556463250029019
20186,10.66218975822287
20187,12.47957868801627
20188,13.764854226998043
20189,4.944232475186145
20190,11.424413985266975
20191,10.444819683232486
20192,7.659659289647481
20193,10.905505712626766
20194,9.456106444044142
20195,12.363315416959342
20196,10.33074754878754
20197,6.577138157243012
20198,8.641001450182765
20199,13.156672879978554
20200,10.935662958349692
20201,9.762646111003061
20202,4.1108067154065715
20203,10.680091320113853
20204,10.112470740366133
20205,12.13722735126415
20206,12.028092143889278
20207,11.69241219428029
20208,13.152638518254507
20209,8.682994082122942
20210,12.688605682068513
20211,7.3580040426106885
20212,10.648413302539739
20213,6.906437712191085
20214,10.426349942626338
20215,10.896753114680513
20216,9.707395768745586
20217,12.32714953840232
20218,11.676495252727097
20219,12.955529438118813
20220,5.390837906471595
20221,16.3376865265325
20222,9.435024344288966
20223,11.51883019931158
20224,7.772761448353188
20225,10.799477287486805
20226,10.596818686818445
20227,11.281051701015198
20228,7.10708244092622
20229,10.320435520471488
20230,10.838504380230097
20231,7.680338420445981
20232,7.022538671202986
20233,11.976204596524648
20234,8.497394011848128
20235,15.091253329587735
20236,8.538388260611804
20237,11.257660464904687
20238,11.082244986472235
20239,8.931134985257154
20240,13.428207233582535
20241,11.952884511834117
20242,10.426820951845087
20243,7.4730132003952665
20244,8.654356003987258
20245,11.27598348366594
20246,6.494621021288397
20247,8.906746639679975
20248,6.251194354834882
20249,6.838510270629091
20250,10.359768864412757
20251,10.61939947078198
20252,9.068716120877209
20253,6.6192086608809415
20254,7.928548805225134
20255,12.141011916645668
20256,11.051593418954829
20257,9.019717847306955
20258,9.362689588692785
20259,12.295625473701822
20260,13.029575934666251
20261,9.168974338491626
20262,10.591993410476562
20263,11.53670503904115
20264,11.000263972884579
20265,8.299489494896335
20266,9.98678645745149
20267,11.542761352447377
20268,9.482696252179451
20269,10.662902706436839
20270,9.528359423876093
20271,9.258042961329442
20272,9.593243414743744
20273,9.874679064080642
20274,9.278328796775888
20275,9.271262828994946
20276,11.82505144072758
20277,10.989650136987551
20278,11.007833549252581
20279,10.122661933717879
20280,7.397999001173831
20281,4.422939829373633
20282,7.794955381893871
20283,13.38427242525121
20284,6.877915306556206
20285,9.856491061021051
20286,10.148887631424238
20287,13.043321153342447
20288,11.488859176763766
20289,8.43452499991636
20290,8.983389198141198
20291,5.614053365934958
20292,14.64309446418269
20293,7.07991814718982
20294,7.078013918000913
20295,6.740523136931699
20296,11.304430643022611
20297,10.101149960480695
20298,7.011381544091618
20299,9.942286036405807
20300,6.391005886591351
20301,9.754782923979882
20302,8.005734192098863
20303,13.484425176567385
20304,7.096943923458283
20305,4.522220266768713
20306,8.34545787445365
20307,11.433384659826348
20308,13.847968815991262
20309,8.637486540744
20310,8.915406435714585
20311,9.452950882440273
20312,8.182076925018363
20313,9.641697685282763
20314,4.704573012991677
20315,10.653858470281918
20316,9.511717960499535
20317,7.9761380067590775
20318,10.391379625187069
20319,8.592957449597613
20320,8.420393388811412
20321,8.124283046128935
20322,8.047862874210905
20323,8.355430790733259
20324,10.917376248242054
20325,12.70510946557574
20326,8.138045381401014
20327,8.142099304052207
20328,7.348704001088075
20329,11.833817089054374
20330,9.727533805457682
20331,11.946519465031251
20332,6.594796759514343
20333,10.946048393652335
20334,11.015181427538666
20335,14.867222615358642
20336,7.132917538851996
20337,5.488634869038648
20338,11.099348496992306
20339,10.362770000157388
20340,8.465122145068285
20341,8.27462854501907
20342,10.444258284183102
20343,12.864168033244923
20344,4.395912141906811
20345,13.683046700667395
20346,13.396465058868273
20347,11.090346368354844
20348,10.66878749253667
20349,10.911424146759789
20350,15.554331077459658
20351,10.848624919559612
20352,12.760681240227859
20353,10.733671532187394
20354,10.057373082450562
20355,7.35456522084094
20356,4.765316676744284
20357,9.934931648909359
20358,12.922397601969825
20359,9.389018976832569
20360,10.49993824867487
20361,8.844709459244562
20362,9.654337577870931
20363,6.85891740560826
20364,10.977000912592851
20365,6.64529196824385
20366,15.746698548516854
20367,8.809825796316648
20368,10.40688541113257
20369,9.222988058293273
20370,7.778886405533318
20371,8.801689706933043
20372,13.260907193401462
20373,13.47432222448985
20374,6.531664657524219
20375,10.247628010067043
20376,10.390987055064326
20377,9.61070105380443
20378,17.17607249343007
20379,13.475593296433503
20380,6.894513787534063
20381,10.28305287714731
20382,9.604055895376359
20383,8.33650734756514
20384,10.162366275725796
20385,8.311194766508839
20386,6.458853748692571
20387,11.614883435152068
20388,8.713388154040054
20389,6.186397868472307
20390,15.581812884943204
20391,11.22179295569613
20392,9.907970684700702
20393,11.197403378658722
20394,9.817832441068466
20395,10.619035427415588
20396,9.785353723770328
20397,10.328238202897994
20398,7.8103230569588495
20399,10.457669925311095
20400,10.438067997139399
20401,8.491247446520774
20402,10.714142919627971
20403,7.28681164796617
20404,13.451368073339847
20405,11.54617673718027
20406,9.283934812602002
20407,10.421098041954012
20408,11.834110218747778
20409,10.455615116517148
20410,9.436752173797217
20411,9.643320964467422
20412,9.139163615202932
20413,9.057590069585329
20414,9.700260442823835
20415,10.536033798237415
20416,11.474879801062404
20417,9.309592690817116
20418,15.810754087794486
20419,11.608899341310538
20420,5.413928313704246
20421,8.240827990413738
20422,10.406634752615616
20423,7.485448505583584
20424,10.54196832863269
20425,6.667757492954422
20426,10.412099781168774
20427,14.629340539593214
20428,7.234205041566677
20429,8.907265905522236
20430,11.160602696094019
20431,10.581186319031168
20432,13.45783733063697
20433,9.766047836846475
20434,6.33114634556469
20435,8.66335434243646
20436,13.195367957906273
20437,10.554349458145847
20438,7.447414958313225
20439,11.10690269085417
20440,10.954425244083305
20441,10.660437561221675
20442,10.659104680034895
20443,11.70215150366995
20444,10.047782987962094
20445,5.558827458576583
20446,8.890595467223354
20447,10.66393448780843
20448,6.906178625124074
20449,7.880031254124272
20450,13.869258563362433
20451,11.217225707866376
20452,15.559683206235226
20453,10.281904744156817
20454,12.729601739974246
20455,10.362840594367482
20456,9.3492039381602
20457,7.135136375689052
20458,12.580887701258831
20459,10.486596355710953
20460,11.402229063672246
20461,7.7570869852417585
20462,6.654111298807626
20463,15.003047757382323
20464,10.33764076350852
20465,9.762056306789107
20466,9.514251825187952
20467,7.29617148561891
20468,10.60317087391021
20469,7.692455585936081
20470,13.474776101257751
20471,10.069074869605611
20472,5.683828498469975
20473,10.348263888584
20474,11.177606235831483
20475,7.893103778467232
20476,6.795952502656435
20477,9.680161319758051
20478,7.378660757593741
20479,10.28262558924345
20480,7.637925765889813
20481,9.167235046607406
20482,15.838263328935996
20483,11.510839429430812
20484,11.713096979782684
20485,11.445288496335378
20486,10.295453524885293
20487,10.110097695185564
20488,11.462112313988623
20489,14.887007719268633
20490,9.529987140069478
20491,10.958907852427087
20492,9.151883379118265
20493,10.922064241307083
20494,9.946299412973778
20495,8.765397908337876
20496,10.785514361598311
20497,11.133743042054123
20498,11.317911476204792
20499,10.599903311531882
20500,7.032037670493572
20501,9.524486630334449
20502,10.698886410957982
20503,11.269169294664888
20504,8.552594927545837
20505,14.457612275224845
20506,16.26847078389741
20507,7.8487607422970305
20508,10.24457857227024
20509,6.451568514298503
20510,12.300370822517777
20511,8.692046058397565
20512,11.244187849351801
20513,5.260541604939442
20514,8.668791166397044
20515,8.013252569811028
20516,7.892336895184842
20517,12.328204153352374
20518,15.255649077006193
20519,13.378407257765284
20520,10.694409959136124
20521,13.130367983863163
20522,14.36832874324795
20523,11.573862901316268
20524,9.83467464722689
20525,9.532874880248006
20526,6.059347837396493
20527,13.083446955950944
20528,9.298027992189535
20529,9.9912711331521
20530,9.634291435474976
20531,6.367811706987179
20532,12.50417840656678
20533,9.786026690244125
20534,6.165882063959865
20535,9.804469290209205
20536,10.037774998646187
20537,9.598370621299912
20538,11.133519543835007
20539,9.294011055932607
20540,11.521024040174408
20541,12.192009064190577
20542,7.539970214231358
20543,6.317654802069161
20544,11.134743771501826
20545,15.545321590565656
20546,6.0602787790744514
20547,4.714630893087576
20548,11.639644168213238
20549,7.57746733074282
20550,9.764695631716219
20551,7.892930317391515
20552,10.916688336321979
20553,9.196144079196538
20554,4.345199030025014
20555,10.647792108382113
20556,10.75179774107777
20557,9.770636694728267
20558,8.471001897396095
20559,10.532150960909615
20560,10.523864872247739
20561,9.989148148059657
20562,11.441288516299593
20563,10.988037420885453
20564,10.517900420499997
20565,14.439641460910643
20566,10.757581666359778
20567,10.808586547168796
20568,9.921991767512027
20569,7.7781036363769855
20570,8.318530241442065
20571,11.596985882482302
20572,12.10212045689341
20573,10.795293528582881
20574,11.149766589990602
20575,8.643114089252622
20576,8.676253560699786
20577,13.614256709499418
20578,11.607378676825123
20579,6.439427944412984
20580,9.188992766393213
20581,11.271804745364575
20582,10.53077386175207
20583,8.673754531546395
20584,13.485649392517347
20585,8.79718969136634
20586,16.517929770686536
20587,10.760844639563924
20588,7.5475193989088005
20589,7.7318923528034125
20590,8.60306687068745
20591,8.282949487904629
20592,9.14122498162345
20593,10.491188938269513
20594,10.32826893632884
20595,6.933434096170771
20596,7.030769871921082
20597,10.840190810164762
20598,14.182424484711213
20599,10.755365239475362
20600,8.540775732142615
20601,11.069796103799552
20602,10.032387694305
20603,15.53039294794726
20604,6.637506489810651
20605,9.284980171862223
20606,7.86694656553404
20607,9.597271328360746
20608,4.147040481293347
20609,11.002396407420807
20610,10.81229444985178
20611,6.4764478907400385
20612,7.216902844082201
20613,9.394254351521141
20614,10.165358245297348
20615,10.024306297353391
20616,8.052177317150703
20617,14.81242365045567
20618,11.490867386181456
20619,11.158984832647318
20620,7.348636724868749
20621,9.527364855263093
20622,4.546772306798055
20623,12.870727434018255
20624,4.959857669497172
20625,10.510310376108768
20626,3.9294009330917747
20627,12.64003005981279
20628,10.547940950547346
20629,10.187842832194988
20630,14.595735348669963
20631,9.707846431093355
20632,13.164824167756422
20633,7.670633963233082
20634,10.099214478848962
20635,9.959087882255634
20636,12.203884762499172
20637,10.15367143115265
20638,9.833450560426622
20639,11.303988941003766
20640,8.781117951256189
20641,11.637405021960355
20642,4.078888906154632
20643,8.068714749617945
20644,7.978814957268915
20645,11.370844960384836
20646,9.973445118207712
20647,10.89245699632909
20648,9.00141459721614
20649,10.806679594882626
20650,10.411137274243142
20651,14.531346305686121
20652,8.989038368683662
20653,8.64594974707195
20654,9.807706389824395
20655,10.080141343205995
20656,8.904614593174575
20657,9.49976107722484
20658,8.956389936618379
20659,8.420184014219103
20660,6.835468405923864
20661,11.464631033989637
20662,14.299072812367857
20663,10.06596833209964
20664,17.743365346623623
20665,9.28376626085983
20666,10.561769372019526
20667,9.580864759923085
20668,9.092025937536496
20669,10.37083109204092
20670,8.889834039412689
20671,6.65103734654587
20672,9.94353482735977
20673,13.276939350774786
20674,9.529570241451589
20675,7.985534224890524
20676,11.068288825432466
20677,11.152044923570331
20678,10.463757674147526
20679,13.570722752192436
20680,9.883809287100707
20681,10.876028207186248
20682,7.280081922674637
20683,7.674719042238001
20684,11.219473625793762
20685,5.088700980059737
20686,10.915314904731881
20687,7.496844962044602
20688,6.793742346323393
20689,12.11463291359059
20690,9.889149527401269
20691,9.24126030390163
20692,9.745314199983543
20693,10.308424867371347
20694,9.708835889136767
20695,9.242918992453202
20696,10.274877235671573
20697,6.714715374493235
20698,8.388076905612511
20699,17.04334294532802
20700,10.61491244637657
20701,10.831377289310181
20702,9.62588827193272
20703,9.186468340704272
20704,12.52146602361384
20705,11.664487339640045
20706,11.286601937435055
20707,7.972937419868471
20708,17.58982565886398
20709,13.973723405102872
20710,10.830391826275061
20711,9.779547862448117
20712,10.780834354877104
20713,5.3834215792625
20714,10.384299996706915
20715,12.710979077324499
20716,10.603010635196416
20717,8.579043166099993
20718,7.631171529722789
20719,11.47929411387654
20720,15.412313673943911
20721,9.849083847662872
20722,10.671698658244464
20723,8.466250901488731
20724,6.573561770634631
20725,14.659679785064274
20726,9.898370250530801
20727,8.438638794778388
20728,11.028348712344163
20729,8.69047662029814
20730,9.406712566784595
20731,6.733944210878514
20732,6.630944623132082
20733,10.593361930796974
20734,12.953589084133103
20735,9.873949903050574
20736,14.811039627405025
20737,10.032271194576007
20738,8.899989994720634
20739,10.870688612530188
20740,9.711137723107056
20741,9.688965941100058
20742,13.141626771334598
20743,10.302700357378486
20744,8.834239799735215
20745,6.070738510180837
20746,7.5345939674903475
20747,11.122832104910268
20748,15.891344526207652
20749,9.405322138358365
20750,10.430237038147249
20751,10.644064025132169
20752,6.541185617483139
20753,7.514508227472061
20754,10.220852501978028
20755,10.843221500313199
20756,10.718257112574868
20757,9.744532630154696
20758,11.754482851167701
20759,6.434686891989106
20760,5.422627280832901
20761,10.860416272508793
20762,9.55841294441662
20763,7.970974357594853
20764,10.518527692972565
20765,10.55603725554629
20766,9.162685801360505
20767,7.269633685237104
20768,8.814227410765698
20769,7.418085205421411
20770,10.274853325497862
20771,12.696886641790837
20772,11.645155606812306
20773,10.759456892619092
20774,17.923027146472755
20775,10.184397492437647
20776,9.048792976533017
20777,14.554787363517093
20778,10.894216804133281
20779,8.331745959762262
20780,6.935662073747768
20781,11.933663274459358
20782,16.197422512340353
20783,9.310589784715914
20784,7.24710193670062
20785,13.766603608724402
20786,9.389018417672343
20787,11.156528317953013
20788,15.50039822863616
20789,10.512636948129293
20790,9.377459493139632
20791,7.6647068031336865
20792,11.098209939686935
20793,10.757828656000985
20794,6.674713073356615
20795,8.363406679247612
20796,5.1732447516689035
20797,10.056152041594906
20798,9.851166594327447
20799,6.460474430695111
20800,9.624477842924422
20801,10.123451039609865
20802,5.411473164796918
20803,9.017436250914663
20804,8.54279374671383
20805,10.23530304418799
20806,8.806779634650601
20807,10.013780346013
20808,12.396668282556167
20809,10.613147001067357
20810,10.677267019174987
20811,7.880835304659225
20812,7.482506255450494
20813,9.37629551439995
20814,10.123635068664418
20815,7.539698008618754
20816,10.10177804628004
20817,10.378838926637666
20818,7.142943465309833
20819,4.786761156660878
20820,9.073480992370426
20821,10.87047363806306
20822,8.1881196857732
20823,9.03738587049588
20824,11.027037538564523
20825,12.740047762083307
20826,8.376527585699343
20827,9.486541569858804
20828,6.614397183160236
20829,9.683035643184887
20830,8.677374444826976
20831,6.539075871346683
20832,8.65963125936189
20833,8.991022466315421
20834,9.42704246621607
20835,8.230824257373275
20836,15.21026020487151
20837,7.164263675626573
20838,6.983324796669608
20839,11.510354044627082
20840,10.778571242723062
20841,11.44292839789993
20842,9.848649321831322
20843,9.584645612487794
20844,10.231603752508367
20845,13.499438990714458
20846,12.447153022798185
20847,9.753565805252684
20848,10.917608343239948
20849,5.736011958801901
20850,9.246215457535685
20851,10.668373038166015
20852,9.118475589256162
20853,9.488170024828188
20854,12.870839968764749
20855,11.78939833639587
20856,11.82318728180673
20857,11.359259751629121
20858,7.897708549211939
20859,10.004815052012255
20860,9.386015754178072
20861,13.809488231780444
20862,10.317698103542497
20863,9.668520192739416
20864,4.586560574185726
20865,9.626475586151459
20866,11.516859317494044
20867,13.002974761292318
20868,9.370589012980355
20869,11.215816947466013
20870,9.267861141162046
20871,11.784746418408368
20872,8.727651500927495
20873,6.676453886224735
20874,8.516416462295043
20875,13.207838362381572
20876,10.677876092867818
20877,11.409360009815686
20878,10.719952535580187
20879,9.908952252056597
20880,10.759472405284585
20881,10.594859087672255
20882,10.7254982692815
20883,8.523364969813883
20884,11.394926184738146
20885,11.757415266433318
20886,11.086652866864545
20887,8.865573956652598
20888,10.186584744709052
20889,8.784609317025412
20890,7.940300656427727
20891,5.509296777962113
20892,9.530335667254798
20893,9.904707614915159
20894,11.172801970048882
20895,7.230998892905244
20896,10.470505067725922
20897,12.796913255099199
20898,6.375693868615428
20899,12.080281426469917
20900,9.861957649161862
20901,8.475498314327197
20902,15.5350799206939
20903,8.501778552047544
20904,14.119273163636016
20905,9.377807590237396
20906,11.67128514900899
20907,10.429301975768484
20908,16.620896127822366
20909,9.776044755504117
20910,7.530045477372621
20911,10.853240163149135
20912,6.324054087690731
20913,9.834668188996673
20914,7.9662336153802125
20915,10.020037211647518
20916,9.906541572963192
20917,8.286855889761231
20918,8.998925378570439
20919,10.238875807990132
20920,8.608655535309392
20921,4.65348117595568
20922,9.316840409302062
20923,11.762666422761011
20924,10.831400263939528
20925,9.016000655687028
20926,8.23466817241461
20927,10.185921929993691
20928,11.5500214537169
20929,8.5310264320121
20930,9.7906271326258
20931,7.8493520801308065
20932,7.06611790459089
20933,10.116274587797431
20934,13.744519902383278
20935,14.902117928792432
20936,11.300661295609896
20937,6.582257762142575
20938,11.143986489452294
20939,5.977837411818032
20940,10.645300308914049
20941,10.551029636966463
20942,9.63486113956532
20943,7.588436776226547
20944,10.01886035051054
20945,7.078391159034695
20946,10.40209027597056
20947,11.583754814923541
20948,15.17912938824364
20949,9.666196834943115
20950,8.232823788933246
20951,11.06114191198094
20952,7.943618066995803
20953,6.286209129799656
20954,11.669915313193231
20955,10.611470059340967
20956,11.843381202904402
20957,11.00534986578009
20958,7.969521483387796
20959,12.651731708314232
20960,10.5806828734492
20961,8.519900444557086
20962,12.623057010982595
20963,17.0454180049374
20964,10.427115287416818
20965,11.053875602669775
20966,9.881182298184205
20967,10.233158242056303
20968,10.536656382116567
20969,9.316641509905118
20970,8.32069299667263
20971,4.707257024353276
20972,10.634040081794735
20973,10.069945454139832
20974,11.105599032151456
20975,8.951222629193776
20976,10.570687506818368
20977,13.586078702325707
20978,8.461135428635412
20979,12.330636648618558
20980,14.662079512122371
20981,10.019958765706273
20982,10.305159019672045
20983,11.13474332773897
20984,6.9342369019521755
20985,10.099338009580222
20986,7.236881877873687
20987,10.882814316798786
20988,9.79153880314212
20989,13.907310949363097
20990,13.195864817099862
20991,4.621607132198437
20992,10.341098012098412
20993,11.232628663870683
20994,9.985756644438164
20995,10.593174616587683
20996,10.781036901631811
20997,11.218226996655677
20998,10.993686491340588
20999,8.941340820650694
21000,7.853919155461454
21001,10.583166567863563
21002,10.828619639031109
21003,6.417857369137913
21004,8.68926554165958
21005,6.918290708765676
21006,11.07186212570305
21007,5.568902726188673
21008,9.20953427805281
21009,11.554903734682206
21010,4.453227895034395
21011,6.1980974270074825
21012,12.385380022147103
21013,8.169055130092097
21014,10.856740696702914
21015,9.141603761564944
21016,12.209828890831751
21017,6.4960175193764975
21018,6.489727556298133
21019,10.95912377981542
21020,11.629622627192239
21021,10.67278632240184
21022,8.509205277075658
21023,7.956530226202724
21024,10.285988884299151
21025,4.8150269075434995
21026,11.785769935539154
21027,10.963308684832535
21028,11.34686239913154
21029,5.593719662629442
21030,8.12971964467807
21031,12.033367165113699
21032,13.069955091713224
21033,7.8251831488505506
21034,10.332458780393933
21035,11.077275088777855
21036,7.533293870606302
21037,10.269943075649401
21038,9.759708080479081
21039,9.446011467441895
21040,10.799250601329804
21041,14.718834091553363
21042,9.026368178729953
21043,11.295729667887262
21044,6.415495469177433
21045,7.0637553503988855
21046,10.128320338093436
21047,8.306980818452159
21048,11.087547796505456
21049,11.76406608793857
21050,9.23235343182927
21051,9.22619090031155
21052,11.35224512461632
21053,11.343822107126263
21054,8.320403123961205
21055,10.666745529787004
21056,12.92977220491355
21057,14.777919104692879
21058,16.925871892895717
21059,11.578383940959261
21060,11.145143841123513
21061,7.941196273582861
21062,10.958696239830786
21063,11.7487441850401
21064,9.861825210583556
21065,10.044987919787907
21066,11.300593531678366
21067,11.436514717601728
21068,13.075776780239051
21069,10.11779554779666
21070,9.242739043915982
21071,9.581460038236104
21072,13.062776354577105
21073,10.155183492255018
21074,6.758233236826584
21075,4.761600371610763
21076,7.496675343915756
21077,14.383280028621831
21078,10.354734396975813
21079,4.832744761416331
21080,15.590954424046005
21081,10.507631645098826
21082,9.783297974088155
21083,8.969368195646961
21084,13.150738274237114
21085,9.815975691954506
21086,10.848898907602244
21087,8.859930653667252
21088,11.53309156274443
21089,9.311942062508233
21090,8.010116534129951
21091,10.921770469731994
21092,10.19277107255252
21093,10.853375027836346
21094,7.507480143906066
21095,15.659254858837835
21096,7.967383162501156
21097,8.035342537265956
21098,10.546810873226523
21099,11.04259823608129
21100,7.601176321220795
21101,9.061436291480712
21102,10.787423818221598
21103,6.244670756272248
21104,12.391141680942226
21105,10.533913548704334
21106,10.621297314342048
21107,7.279031878995172
21108,16.504669725464467
21109,12.472174381253295
21110,10.691910174266118
21111,12.74447886664994
21112,9.857063824753267
21113,13.980288976358604
21114,10.291116037702347
21115,10.499607750819594
21116,10.668611635409878
21117,6.42897644258592
21118,10.638364407864863
21119,8.386629459880842
21120,18.048326834361472
21121,9.15840802903912
21122,10.14715302788057
21123,9.316763521973593
21124,8.18476232646948
21125,12.00845327761851
21126,6.869665285092084
21127,7.441463408571904
21128,12.126957267667656
21129,11.06327411930481
21130,13.892188020031739
21131,11.920351027278345
21132,10.37920287809896
21133,7.05626155157342
21134,12.317023787608633
21135,7.013819469877632
21136,10.368615036288425
21137,9.683695796527772
21138,9.115202922554293
21139,11.302877923560269
21140,14.330274300765621
21141,6.148707866323165
21142,11.378965815504678
21143,8.950227033687979
21144,11.078271668053988
21145,9.769625412526137
21146,8.861861597142763
21147,10.645307333226434
21148,9.403393814609622
21149,7.834848478353584
21150,11.493560719632457
21151,9.497027581737743
21152,7.294647880247669
21153,11.231505996382221
21154,9.768649505059038
21155,9.55908727679549
21156,7.986678545891099
21157,10.152609989229948
21158,10.283719089752651
21159,8.8455518853405
21160,11.302454154489233
21161,11.816756800961704
21162,12.377099078987772
21163,12.162760672616074
21164,10.214906527984539
21165,16.920087705121823
21166,8.096356727897561
21167,8.665639961963286
21168,8.190142471792596
21169,5.065357627783287
21170,11.821711366054272
21171,7.144927031078838
21172,11.001984871680973
21173,6.7232176731088735
21174,11.436893669479993
21175,8.537825222055098
21176,8.637529318150472
21177,13.550899342732297
21178,14.935392136013558
21179,7.216839035657714
21180,11.657728980148574
21181,9.582911374783137
21182,10.464733622540006
21183,11.402978834098503
21184,10.750859184875774
21185,9.53594628922029
21186,6.802239658598163
21187,8.025888578788292
21188,9.49499908775282
21189,9.445431393322204
21190,15.860144055736725
21191,10.224711491561603
21192,9.600074031107074
21193,10.901524090784338
21194,6.9314106496052545
21195,12.95027954060632
21196,9.753309471700085
21197,9.999733364973373
21198,10.713285123209813
21199,15.822615156776246
21200,9.423145505075578
21201,8.863376614463952
21202,9.466152621649726
21203,11.287465092322828
21204,12.741835519995654
21205,16.17823413711743
21206,9.56874359847929
21207,10.096716636614337
21208,10.082438499503322
21209,10.575427566430808
21210,10.428597789891798
21211,9.536585554159089
21212,10.280862512337784
21213,11.180225397639468
21214,7.675135975657412
21215,10.492588763963676
21216,12.907406741724397
21217,7.533915489845858
21218,6.757264034004289
21219,13.576564043029927
21220,7.045121645226583
21221,13.520351205283834
21222,13.553106580912253
21223,10.85835533614642
21224,11.051214004187003
21225,8.8358110329142
21226,8.545689678216789
21227,10.584587289656572
21228,12.164487486953387
21229,5.836734013139443
21230,11.062206795918149
21231,7.86596465421659
21232,8.47574809653366
21233,7.880035157405905
21234,10.160685496526842
21235,11.520195919579953
21236,18.283682212187884
21237,10.690960645754302
21238,11.566398171048107
21239,9.482058585420813
21240,8.81881852906032
21241,8.187484618458884
21242,9.343887045411464
21243,8.485475214159536
21244,12.116357635402661
21245,9.671051293525087
21246,12.983330046184374
21247,10.29836900201071
21248,5.588891470517711
21249,6.581340291125295
21250,11.272470991611812
21251,8.3720348572073
21252,9.537811377514128
21253,12.06583715150876
21254,10.8455441080711
21255,9.82206669001673
21256,10.699855978256092
21257,10.807149839984715
21258,15.062559499027596
21259,4.097227340758087
21260,12.784399447384002
21261,10.442808505332296
21262,10.515934509746533
21263,11.111672988394204
21264,10.948228417854828
21265,6.434667914150747
21266,5.359505346842798
21267,11.521809560656347
21268,5.425955056820582
21269,6.684778133611027
21270,12.520528049940749
21271,6.742524392591633
21272,9.428140992093633
21273,10.870308248283623
21274,7.831633037562682
21275,12.426738213599556
21276,6.974211372107526
21277,6.813630469977882
21278,7.389399204584299
21279,5.675325990331285
21280,9.309391056894158
21281,9.16903032247344
21282,8.502458770931616
21283,7.9869471922640045
21284,9.559509015283872
21285,9.267158867386792
21286,7.020112858720315
21287,6.8110419100398385
21288,4.225486772186548
21289,9.708257733740943
21290,8.554737843502961
21291,9.643576090463101
21292,12.78022222860418
21293,9.888910768765797
21294,7.771945157846435
21295,9.63628545748676
21296,10.087705644524736
21297,8.083794169530837
21298,8.305439382265186
21299,9.048762825204983
21300,13.874716563505071
21301,9.669399743660282
21302,11.151087635126824
21303,9.12373594010424
21304,8.17872707732939
21305,9.27703296549743
21306,11.986747302678943
21307,11.349475909206618
21308,7.569607846701359
21309,8.83131198061957
21310,6.260251609985155
21311,9.140984722021377
21312,7.885521352611854
21313,7.357967150842237
21314,8.083366069013342
21315,8.905841858354485
21316,8.355228159526984
21317,10.783855745169822
21318,10.385628538077148
21319,9.259772161389563
21320,8.803027557763516
21321,11.157577591533848
21322,15.12574983343577
21323,10.75362209615261
21324,13.882053469818647
21325,10.870484273008872
21326,9.472299360419598
21327,10.449432941155369
21328,4.206811634400793
21329,6.747202211806751
21330,7.200457688931607
21331,5.4551042834636485
21332,10.12461861958731
21333,10.444664592670247
21334,11.296496404197551
21335,10.816542937444087
21336,10.649757932009983
21337,13.336442365837627
21338,8.918728249553254
21339,10.817919849790137
21340,14.1191394154729
21341,12.053464122987236
21342,13.27993180358228
21343,7.63694822522659
21344,7.138522683110232
21345,8.151125406612259
21346,6.123740319430529
21347,14.81388201222686
21348,8.05968205038583
21349,10.902695326562203
21350,7.032270901120793
21351,13.35687885498146
21352,6.982166572609442
21353,10.068526577925208
21354,5.145058704048311
21355,9.152183468896016
21356,10.054184709669217
21357,10.736744912204498
21358,9.831447333913006
21359,9.82196569339076
21360,10.43902115231289
21361,11.44316738317695
21362,6.383176368461759
21363,10.213941991368145
21364,6.368731630262439
21365,9.352551259943969
21366,10.979480730098697
21367,8.831547906521847
21368,9.936455173594165
21369,12.497050341022204
21370,7.356386093852763
21371,9.2749242061725
21372,6.317098820035993
21373,11.226493986759476
21374,9.093413359006131
21375,10.277708410283044
21376,10.263912533706284
21377,10.862641925247381
21378,11.134568287436629
21379,9.829557525038553
21380,4.6825126866667865
21381,7.522133044338407
21382,8.48105900809573
21383,11.425967668640054
21384,9.383917539992668
21385,11.929198199627862
21386,10.504715644336397
21387,10.086566405735898
21388,11.801034436594
21389,10.176863099131936
21390,9.243240368804564
21391,8.716371442150255
21392,9.601810083253774
21393,10.57270775260889
21394,11.299712917664623
21395,10.855002845887725
21396,9.214343380364742
21397,5.450562323475911
21398,11.07956177697746
21399,7.212428194982499
21400,10.429906013433008
21401,11.681982885962736
21402,10.712453317056632
21403,9.167518662506593
21404,17.861674304007217
21405,9.644356069407799
21406,5.099926285460531
21407,11.255602129717943
21408,10.039664153626118
21409,8.04046645437862
21410,12.223545129200943
21411,10.48249819221522
21412,8.740595420857499
21413,10.700699009230657
21414,8.878432807089942
21415,7.180213731404992
21416,9.470986571342339
21417,8.235265933283925
21418,9.350302064535695
21419,12.082932857480312
21420,10.337752942003933
21421,9.079536021576093
21422,7.364251469704965
21423,10.203706649844868
21424,7.361748812201261
21425,10.19397668170732
21426,9.993060390172465
21427,9.69478084206883
21428,8.64252940662559
21429,11.008456840997344
21430,10.662267665090393
21431,11.213860757841525
21432,10.354439562193809
21433,5.827400618212605
21434,10.322694141990532
21435,10.247087718017504
21436,8.342588304152196
21437,8.982739489352069
21438,8.67018745850122
21439,8.416670915083786
21440,13.553716294382406
21441,10.990693278897192
21442,10.61369272689924
21443,11.75856032269093
21444,11.304895388065267
21445,8.62742855053267
21446,6.624387648452977
21447,4.1929191960901875
21448,11.553322498342963
21449,14.906799251134002
21450,11.449504337657606
21451,12.042522326852442
21452,9.156722425990454
21453,10.802175998628654
21454,10.695601976631131
21455,10.444437307560442
21456,10.807192439564133
21457,8.685424774659642
21458,8.918837443055676
21459,7.677844077038269
21460,5.337115643532144
21461,10.207940288887768
21462,11.03393381997856
21463,9.771326033933413
21464,11.062830496569255
21465,10.645605130835188
21466,8.721245066192374
21467,4.075583365824046
21468,10.704556573337335
21469,12.475798865531768
21470,9.44093057830634
21471,6.172117296554051
21472,13.889393262172524
21473,10.962593111815714
21474,11.966543882719765
21475,9.533006859181434
21476,10.839001909317483
21477,9.865638537606198
21478,9.205395575201258
21479,6.65120770053811
21480,8.829828658313284
21481,9.022338027788582
21482,12.152335019382164
21483,12.15223539926798
21484,15.173405543059756
21485,10.707129244273439
21486,11.976252909829135
21487,12.286023986353795
21488,6.29079811669572
21489,10.103685528260241
21490,9.094282192476404
21491,14.005855168856296
21492,7.876474713431894
21493,11.626971498942343
21494,10.382251769250093
21495,10.10282368608072
21496,13.00395990861026
21497,7.104990935052509
21498,7.1620794865079525
21499,7.009215091193889
21500,10.333942428602425
21501,9.696144821560349
21502,11.020653948156925
21503,13.332280128378295
21504,8.724249135246849
21505,11.432442226946947
21506,6.672116476845196
21507,10.933009086930443
21508,10.987735844978141
21509,9.337144614594212
21510,11.023941574161737
21511,9.66656728434702
21512,9.672659975777243
21513,10.890639957002351
21514,4.88347374175919
21515,13.590795201996794
21516,10.276540888209025
21517,3.828808452580808
21518,7.497918302434962
21519,8.003386417342996
21520,17.876901375324497
21521,15.941905642191205
21522,14.490018068269178
21523,9.19702844802896
21524,8.276716490818579
21525,12.813177625533621
21526,8.35129350341828
21527,12.214465607206508
21528,14.242351636663544
21529,9.237834904558284
21530,7.24627039272398
21531,9.154534488680552
21532,7.185549031022614
21533,6.729240077468698
21534,6.437757608494209
21535,7.204768611147774
21536,12.596205268156444
21537,11.600042949942441
21538,7.514948689086721
21539,11.826712614397328
21540,10.748163081921426
21541,11.515238549707144
21542,7.785793288296418
21543,11.973852062135483
21544,8.289803341206106
21545,10.021635652012176
21546,9.804345383936901
21547,10.322225996789012
21548,6.907437640100717
21549,9.497087522400806
21550,7.571368170604703
21551,10.36598511312611
21552,7.519611608179899
21553,7.815757715724045
21554,10.411044998951958
21555,9.812222734471273
21556,10.194704376406499
21557,9.842868990209748
21558,8.466769216448931
21559,10.218276428668387
21560,9.772402088195635
21561,12.112759478521099
21562,5.098703220118164
21563,12.228661214513739
21564,8.648839908398111
21565,5.6131783259703365
21566,7.465700567661262
21567,7.053669963777022
21568,10.011456331739748
21569,10.156606416389485
21570,9.716508374327368
21571,5.935171460837952
21572,4.453889088050203
21573,9.190369564727987
21574,13.565358617990285
21575,11.48293179810453
21576,10.227089026438675
21577,12.170861852893198
21578,9.202879044485497
21579,6.99326049685548
21580,10.289670744047276
21581,11.417194221268767
21582,10.312206660415976
21583,9.898395113861278
21584,10.328833994543235
21585,11.28840712874949
21586,9.742482273323162
21587,9.975768620672477
21588,11.032616964178612
21589,10.86078398266117
21590,12.196636599679213
21591,4.857738658823767
21592,10.252561373609556
21593,10.240339659770589
21594,7.725555943350085
21595,6.158782730153921
21596,14.051225687137837
21597,6.961768429945689
21598,11.86204497543835
21599,10.373142621151025
21600,12.256638512421027
21601,8.305881157202219
21602,10.470880620530934
21603,11.320657849971223
21604,9.790112191477258
21605,12.570820811018919
21606,9.698239033488454
21607,10.93064076284315
21608,10.168586182219592
21609,10.009582169692147
21610,12.224707843364726
21611,11.332708712149925
21612,11.301163843363796
21613,7.246875145861422
21614,10.022212547892016
21615,12.086690521379543
21616,10.631193119636594
21617,11.82075173604299
21618,9.84647277203087
21619,8.640400550617258
21620,6.678607463510316
21621,17.851955934498985
21622,10.110231413416603
21623,12.916126389725546
21624,5.517429411631866
21625,14.168950028394294
21626,8.8893383404176
21627,8.779007387717671
21628,8.402215638325892
21629,10.825525854737352
21630,14.859403226450235
21631,10.331820135607956
21632,10.705278782632176
21633,4.926031619413552
21634,9.011843911236108
21635,5.400219720930629
21636,11.220896457906305
21637,9.326449864182454
21638,9.908773955834338
21639,10.331265330212414
21640,11.886830412483782
21641,10.344724412026444
21642,11.117001983779847
21643,11.399778703878743
21644,9.139147565668232
21645,7.141961483538421
21646,8.079521024140373
21647,9.830949241336668
21648,7.0425969679843705
21649,10.67745892850439
21650,12.001912093876959
21651,10.124254813269332
21652,8.434185115921812
21653,6.826913311876957
21654,9.170482841506223
21655,7.022401419029954
21656,10.979586912024349
21657,12.135874784098156
21658,9.443233698846528
21659,7.535564544102593
21660,8.644682927727416
21661,9.948718152271322
21662,10.144017348656993
21663,6.468518961859758
21664,13.221198721327287
21665,10.710752507924424
21666,8.393716057965708
21667,6.6287895595059165
21668,11.619760192497974
21669,11.145860395271274
21670,10.746164208015356
21671,7.7592068887188255
21672,12.407419581648774
21673,11.337299923857202
21674,10.808371934735579
21675,8.152958512935855
21676,8.353483305541637
21677,9.685278362776891
21678,5.375174264944335
21679,13.654298580936565
21680,11.093353493138721
21681,6.266678061141282
21682,4.9329945035950065
21683,8.779890994693044
21684,12.431242976175163
21685,8.541948576001209
21686,12.466104695252753
21687,11.534665225247622
21688,12.13463563423188
21689,16.417654022935615
21690,11.65151818483344
21691,9.46821282273256
21692,6.783888998899063
21693,7.064983342494587
21694,8.473867946136565
21695,10.675894932399963
21696,9.908683052931371
21697,11.555386217698167
21698,13.030249308994424
21699,12.616481442950626
21700,10.796785954935306
21701,7.03483899631888
21702,12.689743762318207
21703,10.516247493326867
21704,14.148997866680034
21705,6.435773547792389
21706,13.213065414244923
21707,9.87316511217245
21708,9.818788670868196
21709,13.389481349601215
21710,9.371180718313543
21711,10.848736035454756
21712,6.444405570916244
21713,14.767030374714844
21714,9.21182895006114
21715,5.041429494788926
21716,7.323103298636645
21717,11.530626698906524
21718,13.208876424313386
21719,8.456013961824619
21720,10.075518844191253
21721,10.081435352374752
21722,7.074425678204631
21723,10.193918517614465
21724,18.589520936277545
21725,12.48884926740264
21726,12.656561841679396
21727,10.20702263684924
21728,6.9851716357927085
21729,7.64729242636161
21730,17.502284501140146
21731,10.572963896470071
21732,17.67927268945159
21733,6.390260097407451
21734,9.928353348491623
21735,10.813742043497522
21736,10.081759261344896
21737,10.130691926377562
21738,10.238846612954802
21739,7.741149588045168
21740,6.5659189703595375
21741,9.07348996081534
21742,7.089890166359625
21743,9.64279890117842
21744,11.110264046968743
21745,7.894248792202165
21746,9.145139013034568
21747,10.204719312070079
21748,5.721660543430745
21749,9.366136924360838
21750,10.772771468886436
21751,14.192453470365715
21752,10.220395072605005
21753,10.983681115635918
21754,11.686604178341508
21755,15.430656907093722
21756,8.675352228774804
21757,11.665674245626802
21758,11.32758105925419
21759,13.528478779276336
21760,17.00763762852967
21761,10.169541760019143
21762,9.239296211333865
21763,9.447661372942635
21764,15.724078439833601
21765,11.350283539223028
21766,6.826872319241661
21767,6.976464682022349
21768,10.397137578540129
21769,8.254535794027676
21770,9.413628094726366
21771,8.822408801685002
21772,10.07947275505581
21773,10.782970788689857
21774,11.018609755512239
21775,12.946441804021353
21776,11.394604299536239
21777,7.674075459149638
21778,9.99412110976891
21779,5.631524534167317
21780,3.9997114374637617
21781,7.314525396702891
21782,8.26287078907892
21783,11.476661499558524
21784,12.894226797172523
21785,8.859380972180277
21786,10.793041694765172
21787,5.9647064348277885
21788,6.603770941749265
21789,9.372793094758707
21790,11.133859487370092
21791,13.122917378062912
21792,7.986147252102906
21793,7.298485107874044
21794,10.98733689527608
21795,10.956181687826477
21796,9.15005820229784
21797,10.081927929256652
21798,10.900488447091574
21799,10.835833102857979
21800,10.490763268785635
21801,10.597841228595108
21802,7.201232651250722
21803,11.875890891041085
21804,15.907836925600744
21805,10.950094080535031
21806,7.345359034322444
21807,4.728450457863958
21808,8.400548513777949
21809,10.849400548277881
21810,11.059173304943526
21811,14.00723765095208
21812,10.416941218877914
21813,10.883369365803116
21814,10.694145898626733
21815,10.329065257000712
21816,5.020609014975107
21817,11.327070058992225
21818,6.9496785995469565
21819,10.826917251010704
21820,9.125690970809309
21821,9.58545190710485
21822,5.685645271574263
21823,11.245268588408683
21824,11.620049944765837
21825,11.097262813406168
21826,9.489591379925411
21827,6.066977522577176
21828,10.974194571042442
21829,10.237308385717029
21830,9.883566483234645
21831,7.226192726325129
21832,9.964204733268847
21833,11.044466022761053
21834,16.14960439356444
21835,10.399277019379207
21836,8.635760741971097
21837,10.608156397978583
21838,10.51595372828491
21839,11.816812326367351
21840,11.353669884987646
21841,6.501449248784866
21842,10.603973552033844
21843,7.09977375122652
21844,8.006951890192362
21845,6.494697150712884
21846,10.373193662367049
21847,11.243684949093575
21848,6.291951286989135
21849,12.695457468561395
21850,10.725976831560084
21851,6.92055864482366
21852,11.044604598878603
21853,9.886563552113016
21854,10.436882046596658
21855,8.15947900073347
21856,11.255406800305387
21857,7.048345294540269
21858,10.402171998832953
21859,10.058914162379349
21860,5.916306806335014
21861,11.489594614222856
21862,9.644291850386189
21863,8.584924740076554
21864,9.976997120932529
21865,8.954775844974082
21866,10.525642925956008
21867,9.007614764475784
21868,10.805610302077934
21869,12.337115385986465
21870,11.153650547256872
21871,8.242862529090152
21872,9.835356676391555
21873,7.417503198030352
21874,13.006564811303456
21875,10.601118852966874
21876,7.374394670116825
21877,12.10811592639052
21878,10.89078258521737
21879,9.729696729872288
21880,12.041093450668829
21881,13.741329439048291
21882,7.240381422212991
21883,13.23915388983837
21884,10.852364625728743
21885,10.89742507125644
21886,7.252484909966941
21887,10.808786992515053
21888,11.584894392887865
21889,17.104697304679846
21890,8.06980380204676
21891,11.098607276058349
21892,11.029191676337204
21893,4.106490519874195
21894,11.536132252854694
21895,9.057847915493385
21896,8.473904306819817
21897,8.491128386196248
21898,10.486948000823876
21899,10.56030255903506
21900,10.723171836734073
21901,8.00946977501097
21902,7.113673481412805
21903,12.915828297780703
21904,10.556287597470908
21905,6.76888151455379
21906,12.199269445556816
21907,9.540337289205606
21908,11.529282770329928
21909,11.948277956475197
21910,11.358362498487095
21911,8.852553542127225
21912,10.284884994257656
21913,8.12799428194398
21914,5.493743552342165
21915,9.953164416748253
21916,12.36988160123176
21917,9.718339688610978
21918,4.725200418880775
21919,7.096613369258266
21920,11.152052623879353
21921,11.091535424117948
21922,12.310603679170256
21923,5.487308272624983
21924,5.937291504474828
21925,13.179054150700441
21926,4.872634422171372
21927,6.03163454361653
21928,9.599690502945618
21929,11.37410029832971
21930,11.550197894982047
21931,9.651386272105512
21932,4.08933026589924
21933,14.798898774062735
21934,15.199172747796467
21935,10.052216972593248
21936,17.89451405809257
21937,9.629529139416077
21938,10.046598088275275
21939,10.471781483893064
21940,10.413344933388943
21941,9.467066550197673
21942,7.424858358635789
21943,8.816935607626098
21944,9.143191848864346
21945,9.793149317488945
21946,13.207626368412953
21947,13.134761410989407
21948,9.917246063807097
21949,7.854748738214325
21950,7.20146887086472
21951,7.45651713926656
21952,11.300791572872182
21953,8.381730129620717
21954,9.660690352469722
21955,13.392701727230284
21956,10.314204409269413
21957,4.951062538729821
21958,11.792817554098788
21959,9.35773408534332
21960,8.161527050794069
21961,9.14394396421697
21962,15.787355109781934
21963,7.517178188413993
21964,5.541174500314788
21965,8.715677967988054
21966,12.398432206560768
21967,7.658740263485701
21968,10.19719067768137
21969,14.227364254864284
21970,4.973702083885841
21971,10.1152182270942
21972,7.253615257108607
21973,13.258602011712984
21974,8.717593263178715
21975,10.408115663385788
21976,10.951544231990912
21977,10.911693704308568
21978,8.340210857888973
21979,11.567759452605365
21980,8.36565761198349
21981,8.977813878289183
21982,8.677875056756516
21983,10.884951993744215
21984,11.218857137929668
21985,7.111872804580207
21986,6.406363403766512
21987,6.0866799115824675
21988,12.884825527801668
21989,7.537450417054044
21990,6.378337808726238
21991,10.870042527383244
21992,9.73830595633692
21993,16.372856853641544
21994,8.318365295672422
21995,13.52574911691039
21996,9.791061321478761
21997,12.568278004601193
21998,9.678279069037664
21999,8.234321165328545
22000,6.701885527457279
22001,10.27209648601058
22002,10.334878672697918
22003,9.458180992413903
22004,8.178035192481135
22005,10.557831604366568
22006,11.217428939211008
22007,10.894465698892821
22008,14.138863865140321
22009,10.059575580617283
22010,16.732878108528148
22011,7.366836170792877
22012,10.117951374473066
22013,9.95527417272541
22014,10.869145628277376
22015,6.473251082418927
22016,9.783332148885874
22017,5.845680348924396
22018,5.6207031682521515
22019,11.81491147255912
22020,4.9459703116962
22021,9.189902753900062
22022,15.331785217866116
22023,9.130879357710302
22024,10.266348514858784
22025,11.716418325086847
22026,11.012664160182764
22027,10.416790550912616
22028,8.731366724005467
22029,10.922803464606394
22030,5.457423790101585
22031,7.920225487880209
22032,9.70527284827812
22033,9.68406391837253
22034,8.99894660223152
22035,11.635165234991767
22036,8.798277003199473
22037,9.305645502118603
22038,14.282948828844646
22039,7.079059788266013
22040,8.736745361668136
22041,10.57337870160441
22042,9.234984497979333
22043,10.302933201670953
22044,4.068816462546792
22045,11.145384865195155
22046,11.397539502685355
22047,16.892198902591048
22048,10.733220673115087
22049,4.114374859778433
22050,10.39911835992163
22051,10.590664359845913
22052,10.495897076505942
22053,9.594162621646623
22054,18.405516689231064
22055,14.894462989557745
22056,7.266644610966459
22057,11.473310735705585
22058,10.436777677700519
22059,12.414688917787304
22060,11.709665642926593
22061,10.805911516185736
22062,13.186397507978038
22063,10.790578337264192
22064,8.476312599193472
22065,7.850854247557683
22066,10.907094604482587
22067,10.610065669095317
22068,9.861676659868813
22069,9.107764892983068
22070,6.510390618456357
22071,4.178888316630391
22072,10.507578361570857
22073,11.191851496847805
22074,10.616405514064112
22075,9.622650209415644
22076,11.34213605842868
22077,10.09368792219601
22078,6.719235629002327
22079,8.099975225662835
22080,4.294491714374268
22081,11.229483150497739
22082,11.403117076410359
22083,6.23888374481716
22084,10.743440229570638
22085,9.316678941078914
22086,6.546381941256869
22087,12.8396469524351
22088,7.8621931666198295
22089,13.956531683482082
22090,11.174659746196683
22091,10.905620629309972
22092,10.332846178237022
22093,3.829566087767145
22094,10.150278547899099
22095,6.960100000826067
22096,5.671792730879434
22097,12.699098280261177
22098,8.58814382091023
22099,7.570820361815566
22100,10.113075423601058
22101,11.733200427634536
22102,5.300748019580502
22103,10.466204633818691
22104,6.511025781494913
22105,9.57535541332927
22106,10.154589348136689
22107,15.313606898919746
22108,6.527924722107998
22109,9.36302711174137
22110,7.513596703339765
22111,10.433947602431243
22112,7.600035445058621
22113,8.662115352763065
22114,10.41028101111059
22115,6.882345529237527
22116,5.554526690278846
22117,11.45933348155244
22118,7.9109109039260535
22119,13.866378261267185
22120,10.551699736056218
22121,8.134033864114043
22122,8.483613985398804
22123,11.809370695258874
22124,10.178111365931798
22125,9.832624893645832
22126,10.396587117273588
22127,13.265615572066162
22128,8.732155742356401
22129,6.5883367030602775
22130,8.126500005086205
22131,5.951310045880392
22132,6.5621514935362795
22133,4.973625194455065
22134,10.303778346055799
22135,8.065994894053409
22136,7.992099999752818
22137,6.900362803999427
22138,7.654355708540878
22139,9.741833127949464
22140,7.591926006632547
22141,11.72252469761692
22142,11.25242050562847
22143,3.9310592458808395
22144,11.057025340175507
22145,9.442097963128493
22146,11.741001542517441
22147,7.692621229266456
22148,6.293731718563337
22149,15.012034831212723
22150,10.858707950600781
22151,8.97443120656543
22152,9.796622122289705
22153,5.005173078420376
22154,8.662239771964353
22155,12.049968488533931
22156,12.516676062898387
22157,13.84850784889469
22158,10.499872185407163
22159,16.52833048414648
22160,7.725863504732747
22161,14.180215995546932
22162,13.493850502641306
22163,8.20282964010444
22164,14.629645682822137
22165,9.502156555704882
22166,17.45430160131833
22167,9.236668320023872
22168,7.326081577295465
22169,7.749826648381443
22170,14.616933565706235
22171,6.916268725420576
22172,10.136471735184175
22173,13.346571264154694
22174,10.21434915905106
22175,11.179073320725907
22176,7.431728238836518
22177,9.680773945091664
22178,9.42729861875755
22179,15.252789123842952
22180,7.56869704650037
22181,12.781153958824468
22182,9.668638498791987
22183,8.714761111072004
22184,12.192115187954457
22185,9.154469383597176
22186,5.442258864206255
22187,9.815395455334635
22188,10.903852695804348
22189,6.343720584456293
22190,8.311575247667964
22191,8.69424381359645
22192,7.08577159124705
22193,11.437522424186204
22194,6.303982055382152
22195,7.667999918495519
22196,10.179114158635702
22197,5.531772062775618
22198,14.940329975499436
22199,10.8572533537206
22200,8.75505723354957
22201,11.947114192275212
22202,12.523062818278053
22203,10.05458376416405
22204,12.700203586632577
22205,9.818679621825702
22206,4.71542617246287
22207,13.4627628130701
22208,7.220100867547654
22209,11.403487938413054
22210,9.279502255067491
22211,8.88572029855446
22212,8.737567661175094
22213,9.244036910515687
22214,10.08129914656391
22215,17.049603063172505
22216,8.249484993325986
22217,11.382374028708522
22218,4.811910485364923
22219,8.410881707814756
22220,12.521213635422853
22221,12.02673656914884
22222,6.213450987262696
22223,11.416595532901674
22224,11.523439074585756
22225,9.970492104770127
22226,12.351119413671006
22227,7.163112428358028
22228,9.741236352816017
22229,11.830124308159133
22230,14.01741097495676
22231,13.177099644051756
22232,5.712527302929161
22233,6.816196176010804
22234,9.40856905076805
22235,8.765287537460745
22236,8.490046233120468
22237,9.57966585332761
22238,10.670594036248499
22239,6.977722785037839
22240,9.73543170647372
22241,12.968501093673733
22242,9.282327656794749
22243,7.420603396006094
22244,7.254743620107187
22245,11.16188276797767
22246,11.249116557783962
22247,8.177061239062049
22248,11.569297395565195
22249,14.300622083073677
22250,9.687806130713865
22251,9.286125025694147
22252,12.212975469342068
22253,6.990529946341037
22254,13.146812791730355
22255,13.706921079486255
22256,7.531596857320306
22257,10.220973570201389
22258,12.81407206946179
22259,14.613547918062611
22260,9.910160508393831
22261,12.453520220899353
22262,11.716372734385594
22263,11.660181461157128
22264,10.778326014607323
22265,10.670015272859423
22266,10.117746797009108
22267,8.853544697916243
22268,5.351364093228122
22269,10.927392241065181
22270,13.055127575260645
22271,5.401196544686585
22272,9.09054963904174
22273,13.843184292139988
22274,8.192218020544157
22275,10.675986856269512
22276,15.89743998048724
22277,8.694992068113272
22278,8.061557481191475
22279,10.503902472558126
22280,6.916876091307295
22281,7.561047144788437
22282,11.556997814197606
22283,15.617810314533644
22284,11.466840787312565
22285,11.683611507417622
22286,10.678124879415012
22287,9.661062156938598
22288,8.28638105546858
22289,11.017939818851042
22290,8.62614348550008
22291,17.26332975867813
22292,11.32237552816786
22293,8.72891217611972
22294,9.423966932373109
22295,11.244875698787704
22296,11.111859201327473
22297,9.228104968913092
22298,19.599303791404562
22299,11.043290982514119
22300,9.989371296943578
22301,10.222696839140772
22302,8.397363426629353
22303,10.04205198131247
22304,9.060457565398078
22305,16.254779891872587
22306,10.792776035098115
22307,9.25556913900395
22308,9.99458128355194
22309,6.239156722939886
22310,15.938824939036417
22311,6.404277246856857
22312,13.265108180680729
22313,9.561752521185328
22314,7.18215249169824
22315,8.353810484161771
22316,6.395476610545883
22317,8.339443823599336
22318,6.735886232019374
22319,9.585930692100062
22320,14.823109435219095
22321,10.515937902931759
22322,10.467332034897208
22323,7.471280009176742
22324,7.823833277931494
22325,8.386970519054655
22326,14.316604313008742
22327,13.95638588365918
22328,5.440305867832645
22329,14.663966457783054
22330,8.623622969315853
22331,11.871575146392138
22332,12.514506058689001
22333,9.399272045916947
22334,11.45443621515823
22335,8.939285387207534
22336,6.693568836298786
22337,8.975491971260803
22338,11.755076428941848
22339,10.535111967797594
22340,8.4992196699672
22341,12.159654602365961
22342,12.390254523825734
22343,8.122551577574326
22344,6.017447638281803
22345,10.603034723077748
22346,8.675535154446122
22347,6.815502725369048
22348,11.093884715125652
22349,9.500800763434944
22350,11.087113951093642
22351,10.480613141646515
22352,7.960590581765038
22353,7.676986736187792
22354,11.945928445457284
22355,11.954633672115225
22356,10.677597707310454
22357,10.99741526887506
22358,9.904648447180065
22359,9.544318877948147
22360,7.541418181866662
22361,9.434452484244865
22362,11.645004921453353
22363,9.659690713083076
22364,12.026887793685484
22365,7.5707073250907335
22366,7.479133974576593
22367,11.128637331330385
22368,8.162317922349377
22369,6.254474805098436
22370,8.780252587458385
22371,9.065020682671078
22372,10.326065394104754
22373,10.609165777074201
22374,11.128828585926257
22375,9.825367248158223
22376,6.524608866996347
22377,6.890345060537989
22378,4.888785991861067
22379,10.63309554653016
22380,7.745174118043068
22381,10.917047643933028
22382,6.45501940999875
22383,6.950862757116322
22384,8.081472216911319
22385,11.16320654376753
22386,18.03024089366842
22387,10.692148580062916
22388,6.533994421777747
22389,9.288471094939812
22390,11.452311551122152
22391,8.832111182195376
22392,13.907093685550496
22393,15.045356735702942
22394,13.733626532609954
22395,14.872261607741843
22396,13.51114974093689
22397,12.310864493454384
22398,10.506030279630584
22399,12.080120369413294
22400,10.9681365832501
22401,10.197552044358869
22402,7.750078918696509
22403,6.32090811919088
22404,5.318816658443207
22405,7.726243813149614
22406,13.319998914043527
22407,9.86603986052458
22408,6.6385315757269865
22409,11.19424434029007
22410,9.91353730611475
22411,10.165964557526447
22412,4.583905068986257
22413,10.877044282594655
22414,6.734327077464051
22415,6.516023737083906
22416,11.216404863029371
22417,11.729310526334821
22418,9.92196580616428
22419,10.615450046563339
22420,9.791532332877807
22421,12.08991232776533
22422,13.168403086446531
22423,4.2351150737226275
22424,5.2244188488122845
22425,10.086434493960397
22426,8.698769172529312
22427,17.88545712916037
22428,7.009036835920129
22429,11.389569504335213
22430,7.231629677889193
22431,8.238888655147889
22432,16.759383789688492
22433,11.232232432010317
22434,9.25755476130712
22435,10.31875954291599
22436,13.80523300921568
22437,14.190109500337163
22438,12.658897072985777
22439,7.951213171985782
22440,6.418342693735699
22441,8.425887547483612
22442,12.167228333821638
22443,14.15240097422535
22444,10.803575431315096
22445,11.218552827321448
22446,7.606466510638959
22447,6.504868854329668
22448,10.87468222045569
22449,11.886014873066852
22450,9.74266858265892
22451,4.551549457887947
22452,13.613136242148018
22453,10.395567770853184
22454,10.61313620743684
22455,9.387005916432255
22456,7.856049766756445
22457,14.462477845974076
22458,9.127958361148703
22459,8.783749792161935
22460,6.198727513519888
22461,10.894545084869105
22462,8.157534196254655
22463,10.101660026997369
22464,12.756294499685952
22465,17.150112132989953
22466,7.8711951558375155
22467,4.849152826850171
22468,9.408456683449316
22469,8.520538462558177
22470,9.031213163060682
22471,10.010866029992894
22472,6.660959310899516
22473,7.575663265190446
22474,11.371458665399977
22475,4.707257024353276
22476,12.906932278255365
22477,8.725669301153896
22478,8.806033612499268
22479,7.188732095943837
22480,13.326372121160588
22481,4.4894885066740144
22482,10.091425116693765
22483,10.56573415530948
22484,9.475073252559293
22485,15.17255885844174
22486,11.361638244687853
22487,9.945042314990921
22488,10.788275809254547
22489,8.813946332556593
22490,4.510166563650435
22491,12.097233767007175
22492,8.079942980998702
22493,10.489661396464566
22494,12.103530060108614
22495,9.714837519049118
22496,9.415533360406334
22497,5.426608577592603
22498,5.541919873765297
22499,10.331160640982576
22500,6.963007206819782
22501,11.791020861709324
22502,13.074675583249782
22503,12.230779600849413
22504,12.701063333462564
22505,11.033263340718563
22506,6.699660250636791
22507,11.26553317557428
22508,11.775945982988938
22509,12.387662135542353
22510,8.021008823115938
22511,10.380888475703971
22512,8.964487462521122
22513,9.405334284078757
22514,16.947324507034477
22515,7.458385725445415
22516,14.875009599364116
22517,10.30267312171975
22518,7.803560422438169
22519,14.919426426202634
22520,11.09222517906843
22521,9.708140050973784
22522,8.989339252591218
22523,10.713524589744548
22524,5.349093666874356
22525,9.339025775864595
22526,6.890001074471689
22527,9.782933137669724
22528,10.278589120584547
22529,12.189384167944842
22530,9.841862303490709
22531,10.043939330836341
22532,12.307682061989263
22533,13.940272558974463
22534,7.180844266066032
22535,8.35891785150117
22536,8.751532452230547
22537,11.259639838399051
22538,10.560714376840117
22539,7.118072093913718
22540,10.606089023685968
22541,6.3673058522574095
22542,10.658198506689835
22543,10.240650084171927
22544,8.474933579334575
22545,5.332735647001763
22546,11.082062994293388
22547,10.250302715621777
22548,10.987072631246413
22549,12.585406380949085
22550,6.13018965844159
22551,5.396442819204635
22552,7.393288418883467
22553,8.008946775802743
22554,10.229867740646586
22555,15.605371804511922
22556,9.425119871824723
22557,7.350094852676846
22558,10.09575273276596
22559,9.222947415626637
22560,10.926462548898648
22561,12.232109389167634
22562,15.86658633731658
22563,8.404147902998151
22564,8.525172201617766
22565,13.15612993279694
22566,10.97543942924772
22567,6.235403383439828
22568,11.332634520292332
22569,18.81314393128321
22570,9.72705254268281
22571,4.2515907824923795
22572,10.13703291252683
22573,7.498335714898241
22574,9.714009113537411
22575,6.3000273701412395
22576,9.151693747343032
22577,10.538347235598952
22578,8.571532523021332
22579,11.125358627239057
22580,10.027869755164145
22581,13.637906608344773
22582,7.159892593053516
22583,11.043525391016034
22584,11.1294179270155
22585,10.84159335215681
22586,5.625565555488223
22587,10.085880824023148
22588,9.18546756469824
22589,10.783959909032822
22590,10.082276608037393
22591,6.552097658948989
22592,10.270555791292018
22593,13.469786001023692
22594,10.769876590061926
22595,11.62821449854812
22596,8.47949903378226
22597,11.310406215508113
22598,9.67121740090184
22599,9.553571661672018
22600,9.495510767581413
22601,8.289838580944764
22602,6.111143037448884
22603,9.683018271757652
22604,7.198190926464916
22605,13.35449951182511
22606,9.50379739215797
22607,13.089295116779834
22608,11.275099257864268
22609,6.576135207610388
22610,5.3338197056741965
22611,10.07268108183007
22612,12.81042643530304
22613,18.236892576873025
22614,10.159518632593151
22615,8.177754468063654
22616,4.6868644890995785
22617,9.531169070770702
22618,10.951743092001486
22619,6.8271146397013345
22620,11.379029466606433
22621,14.194263980619104
22622,10.877204126425426
22623,12.257409386174082
22624,9.944411158049032
22625,10.76741631243992
22626,11.162384104133993
22627,16.735168726707762
22628,7.7710565146090085
22629,9.565120543466087
22630,15.289260749940468
22631,11.907546181028385
22632,9.48695393160619
22633,10.989381052900663
22634,10.81736315825719
22635,13.496417965834555
22636,9.873368807264475
22637,12.016969976716473
22638,14.16311612527885
22639,5.379870172425359
22640,10.34970026056421
22641,9.515827429245812
22642,10.216397733377109
22643,7.505897506084808
22644,7.169776470062621
22645,9.07828991113416
22646,8.307425783044117
22647,9.589753369679407
22648,6.998842823433376
22649,7.024500296928179
22650,9.02171851682535
22651,10.958488911843546
22652,10.115976874953274
22653,6.471374026263904
22654,9.207318593726033
22655,11.517879024598747
22656,7.836337821193766
22657,7.8208727384638195
22658,9.544531075384825
22659,11.071239837890984
22660,11.712910509115337
22661,8.564207640664362
22662,7.020906904162666
22663,14.901580496105225
22664,10.490434468721816
22665,8.17707511468836
22666,11.721721817875661
22667,10.68599062822469
22668,16.995437524535294
22669,8.447154090912067
22670,11.482915179457244
22671,7.188220059652798
22672,5.1841311099263905
22673,10.818335917475736
22674,10.691273309718358
22675,7.101068488446697
22676,10.75536279260266
22677,8.333643081574051
22678,10.889713025326206
22679,10.077617863964761
22680,10.05134408883528
22681,4.713354070111816
22682,7.204123363377815
22683,7.950130203050439
22684,11.003567048708652
22685,9.693382642240007
22686,10.515330162990145
22687,9.823419109591038
22688,8.296227742198294
22689,9.871477220015645
22690,9.961043417021052
22691,8.692636922148717
22692,11.249677450976236
22693,6.1930601355627175
22694,5.565377725835751
22695,10.220733400554469
22696,6.538931613320919
22697,7.951974628998919
22698,10.172224009892256
22699,7.515318108905251
22700,9.32868856432629
22701,11.276127448944429
22702,6.869629964594199
22703,11.518594412784598
22704,12.83592684915796
22705,15.05516726524447
22706,11.89374355803417
22707,7.599308196456011
22708,9.151127294135156
22709,10.48404626840874
22710,8.405958393809307
22711,9.43932121981139
22712,5.9030041806454
22713,7.213908093839862
22714,11.183375728411177
22715,10.189366938258715
22716,8.20795500159685
22717,13.19199066643635
22718,10.002210650305098
22719,6.632230859932715
22720,12.906891650018045
22721,11.873037786066266
22722,8.300320296469286
22723,7.271732944245784
22724,9.834565198415213
22725,8.142177814358316
22726,9.018868461762521
22727,11.928433616498262
22728,8.097207074387772
22729,10.439494853731201
22730,9.44101941617685
22731,6.697805296965857
22732,9.926255319268336
22733,8.53700493462721
22734,14.687557536839115
22735,10.000885951116675
22736,15.81388238540094
22737,10.179133031146325
22738,16.73574305698961
22739,8.897095563583648
22740,10.783253387776872
22741,9.407344812658627
22742,5.400913924482734
22743,6.522937061265197
22744,10.396896943371862
22745,11.698596954756143
22746,9.327730100634845
22747,8.048918309467243
22748,11.26172013823621
22749,8.541656533073649
22750,4.984416718662835
22751,14.883580274942057
22752,11.387409514893617
22753,10.615644507289403
22754,11.489684906942236
22755,10.874547150918392
22756,10.06976955030276
22757,11.02280077714502
22758,8.517552847580685
22759,8.917255653563204
22760,8.898225710669973
22761,6.248667484494093
22762,7.572563917298281
22763,13.793921576690563
22764,7.355867118270066
22765,6.529264810986069
22766,10.059147198392484
22767,7.150819960884678
22768,11.903527205773672
22769,11.545835296993125
22770,8.8232265804073
22771,7.846998277159393
22772,10.936724886645074
22773,15.458410617641356
22774,10.542397743361398
22775,6.435352665386684
22776,10.81653673791248
22777,7.725137070741332
22778,9.920997603978563
22779,10.146743765844285
22780,9.676456578796945
22781,6.142074321096592
22782,9.614798911555456
22783,7.840178217322819
22784,10.383678091415344
22785,14.550974434129092
22786,10.125243466849476
22787,10.420183377211675
22788,10.679585508276071
22789,11.67345104703155
22790,4.161417893462953
22791,16.020566705104564
22792,12.278272528699794
22793,4.29325684663658
22794,9.594795592550025
22795,11.667394083141595
22796,6.576506197940004
22797,9.20527997784051
22798,13.170812825545788
22799,14.038489429275707
22800,11.669193665913095
22801,11.118022588888447
22802,6.34972498097303
22803,11.069109340047987
22804,9.13341023218203
22805,7.701825445405849
22806,12.002542918094864
22807,10.555095552620804
22808,10.132409940602876
22809,11.18141969338226
22810,5.814692951046359
22811,10.674798402386422
22812,10.129145082428384
22813,8.278010269958049
22814,10.495152202226661
22815,10.760166681675328
22816,9.986278305410544
22817,10.308041399228077
22818,14.04146034987263
22819,3.9065526227530323
22820,9.305269372242076
22821,11.801098951857636
22822,11.251294575057852
22823,10.812077612530228
22824,11.608528088768107
22825,10.206427026298867
22826,9.455623097584235
22827,11.364882879211063
22828,10.735325362484152
22829,9.959180612423282
22830,9.671224091904145
22831,9.807825331726491
22832,8.771455085432423
22833,9.003912680568689
22834,5.242721508409607
22835,8.92068282384589
22836,8.305204635166424
22837,13.345602371619204
22838,9.894787739932607
22839,7.1264437789536395
22840,10.422603902813282
22841,9.40781320869887
22842,11.059540945502944
22843,9.650452195887679
22844,8.921216663418424
22845,9.78091991304374
22846,8.797536853854439
22847,11.147733619407822
22848,6.576985685557797
22849,6.2166142821591635
22850,10.544344703394536
22851,9.500953045842673
22852,11.400259286788227
22853,6.511774151457924
22854,10.760761843616628
22855,10.434064077745647
22856,8.055103910987878
22857,5.26931069262845
22858,8.69412803564633
22859,13.353868313741575
22860,9.003167140672591
22861,7.47751089297547
22862,10.783182576129176
22863,11.374051159352376
22864,8.898050187648996
22865,9.920893084279246
22866,9.68700909565594
22867,11.853763081692787
22868,9.559939284470662
22869,5.359659189276842
22870,8.682880069047453
22871,11.285942792808346
22872,10.523981209838142
22873,9.336716112724217
22874,9.004621637948617
22875,9.261617242123213
22876,9.09621900362967
22877,9.787309227162524
22878,10.99409406504549
22879,10.169428227525417
22880,9.455986430595955
22881,6.609522601852596
22882,10.890344066579662
22883,12.053483486827743
22884,11.651052470001368
22885,16.835783258946737
22886,10.167199397264032
22887,7.5901140428334175
22888,10.764162802053038
22889,12.393279983152619
22890,9.364838277667712
22891,10.816544608414905
22892,10.229889716498834
22893,13.604763684702524
22894,10.556775818665256
22895,7.785104557685685
22896,10.453980348636986
22897,7.855179928174902
22898,8.630380690595276
22899,4.352891821815893
22900,9.878251275485399
22901,9.233509900966963
22902,7.971128983363694
22903,8.890381717841311
22904,7.651136656336816
22905,10.395174402378116
22906,9.326124477883903
22907,8.258912044005323
22908,8.645899875671425
22909,8.853675759948775
22910,8.549045354626369
22911,10.472275402064774
22912,11.392410567618587
22913,13.399720464241282
22914,10.184228678078142
22915,8.963474932253348
22916,6.606039727074488
22917,9.381580571137842
22918,14.751068448113585
22919,11.559818079855454
22920,10.824937431325367
22921,10.298408054962236
22922,10.496556710850392
22923,9.862716418749567
22924,7.279038837491575
22925,9.066348130208205
22926,5.568365816005126
22927,11.137296602636528
22928,8.267244859264306
22929,9.074414380599467
22930,16.908867144818334
22931,11.908956561522016
22932,9.59369714039689
22933,10.355821439260593
22934,9.14194849943722
22935,7.762218332048063
22936,10.676348561852532
22937,10.651197454150042
22938,6.978097465352081
22939,12.284983244545428
22940,11.360342584040996
22941,10.252644998485565
22942,14.39372622757202
22943,10.512998977016585
22944,12.71389047821697
22945,10.745736700320956
22946,10.802654882347433
22947,4.06381288784179
22948,14.561036466729579
22949,11.061167922154727
22950,8.413913746002574
22951,12.670375728273386
22952,10.498003764478764
22953,11.330459641407806
22954,6.278924292136507
22955,6.818800539205432
22956,7.266097701803772
22957,9.389339534470494
22958,10.789040060750862
22959,6.9368039093996146
22960,9.651456725915551
22961,7.044993381412783
22962,11.419299646590911
22963,6.459539485108026
22964,10.397333819413248
22965,8.638155882576942
22966,7.025653431374834
22967,7.690439274303116
22968,10.472206100541705
22969,13.299714783195583
22970,10.74278490690009
22971,6.58139869652975
22972,11.702265986516386
22973,4.95458221138721
22974,7.993839745999402
22975,6.5827028315205585
22976,6.126264533219662
22977,11.07943202139099
22978,10.25349931736666
22979,9.558575717511484
22980,9.858103474417419
22981,11.037798654899666
22982,8.213634284646181
22983,11.716504722192543
22984,11.310406724603192
22985,8.826455392696737
22986,8.16413227446161
22987,6.772785112187507
22988,8.364669440387555
22989,8.699407718668759
22990,16.592708544696755
22991,11.47386123467714
22992,14.272363567255288
22993,10.507815941801592
22994,12.69601298190513
22995,16.20172293901223
22996,9.286822974662325
22997,8.198348049082309
22998,8.026255312885484
22999,6.5771010397755525
23000,13.288705051879782
23001,9.735294614179043
23002,8.292072077649207
23003,16.572904696140405
23004,6.465729184232318
23005,9.574424970673638
23006,8.975085953100159
23007,9.665294529712652
23008,9.828331374895624
23009,6.384239901955241
23010,10.622592792745412
23011,5.935093662355315
23012,11.591830576589494
23013,11.309774661799082
23014,10.440114760755508
23015,10.254505346225917
23016,8.436207649758783
23017,8.831611958298364
23018,10.791792612317924
23019,9.513367355379241
23020,10.015490588800729
23021,6.950782831410783
23022,7.333641615779248
23023,10.31368336508978
23024,8.861571174693337
23025,7.436390807622036
23026,12.893616294982335
23027,5.4310485604766825
23028,8.204217560230708
23029,12.896210090088232
23030,11.370575414464371
23031,10.124783540256866
23032,10.729218936501036
23033,8.419284540337157
23034,10.485173205083004
23035,9.382721814425535
23036,13.242956529230764
23037,10.450534310893708
23038,8.58738967990521
23039,12.318240700112451
23040,6.318511731082284
23041,11.517619266894451
23042,13.859998008211138
23043,6.499801663146773
23044,11.87555469988133
23045,10.345069320039048
23046,12.937717499519987
23047,8.217100702067484
23048,7.5408246302800315
23049,8.312969969720882
23050,7.685534261347644
23051,11.766530734176612
23052,12.120401573445804
23053,10.709378715798922
23054,15.037959708273423
23055,10.22001888549456
23056,7.688135224634624
23057,7.019951376683751
23058,12.60305408469397
23059,12.182106912408734
23060,8.340670879786655
23061,11.171863459002646
23062,8.538893359095004
23063,8.533447207388235
23064,11.187994788799568
23065,10.241508718269433
23066,12.883917286799834
23067,10.210564496921194
23068,10.461319800944539
23069,9.737596057591952
23070,6.474696921054511
23071,7.626556118478995
23072,11.206695593644815
23073,11.437053006899626
23074,9.526690837357737
23075,4.5952704562951485
23076,8.516585955785457
23077,9.32675515953487
23078,9.185577020013518
23079,9.822031698052866
23080,7.285432628580827
23081,10.804360444680833
23082,10.554030693275871
23083,10.330762698959786
23084,11.806405366040641
23085,10.273370072442818
23086,9.721381697604816
23087,11.131759353040906
23088,8.619346479835883
23089,10.208686595616633
23090,10.507277860725413
23091,9.296874155535866
23092,9.052589692949573
23093,14.16248829916443
23094,9.103095015043454
23095,8.440928942697733
23096,14.32175898716976
23097,8.572868815179783
23098,7.837492128005463
23099,6.244231771578348
23100,9.957920018370057
23101,9.56890417104118
23102,10.621678603771105
23103,7.523393078866458
23104,4.51443658167302
23105,5.319087126711336
23106,9.207472564048985
23107,6.902888937435337
23108,4.445456552727848
23109,10.93791890653421
23110,9.480057853035
23111,7.788043373517656
23112,11.550179807920465
23113,11.535126319634925
23114,11.875738045184555
23115,11.099593218952675
23116,10.664044127524622
23117,9.976142680763296
23118,7.304492307030525
23119,13.979331342095268
23120,6.709183265091513
23121,9.532795700108966
23122,10.644962474340122
23123,6.44254660377424
23124,8.27548392817781
23125,11.90945290624914
23126,11.393784383078254
23127,6.750790014824562
23128,14.630436211942834
23129,10.992968231103175
23130,13.641854852275241
23131,10.46609753585899
23132,15.461711050346125
23133,10.113478019167994
23134,12.172973777663355
23135,16.57225866106907
23136,13.035546154586653
23137,7.912879865101523
23138,10.970024767304349
23139,10.642650072868564
23140,7.4999222592098835
23141,9.729668402241057
23142,10.576721916985143
23143,7.517831378820039
23144,10.492185351821753
23145,10.782843670380156
23146,10.890442063444754
23147,10.750147847039464
23148,7.626684987486959
23149,11.48250653699721
23150,11.509327764639512
23151,11.860056891360976
23152,10.574736042824846
23153,8.462529474981396
23154,10.204325558745055
23155,9.78467858286408
23156,8.022966361124377
23157,15.625754419811319
23158,7.68300960127396
23159,10.269765478488774
23160,6.447092479311419
23161,7.869112847761759
23162,6.926421669616486
23163,12.607919575811007
23164,9.559693087494955
23165,6.81308440169915
23166,12.058425933696183
23167,7.537647114977684
23168,9.295409478728843
23169,8.974656834055923
23170,7.067504976576381
23171,4.222842263953254
23172,6.23495596083066
23173,7.059989826409982
23174,16.76519628977352
23175,9.42994341395414
23176,10.029438696867802
23177,11.552051916080664
23178,11.069978221586586
23179,10.25751628191142
23180,8.56698642576075
23181,10.841582860161406
23182,12.722088864980428
23183,11.434519780659405
23184,5.672135097398681
23185,15.832940583340587
23186,10.69066356185774
23187,12.347040498304727
23188,10.910323027178999
23189,7.123555145597174
23190,7.230437702483019
23191,6.777411787643067
23192,9.462076546875803
23193,16.41237863164517
23194,10.748799519370897
23195,7.567598289739122
23196,11.939273254198811
23197,7.0111927015878415
23198,11.164651841941138
23199,11.036235791022843
23200,7.912543521258611
23201,12.02049051170941
23202,6.5462231322137105
23203,15.96727243824007
23204,8.26013023610126
23205,10.052120429758403
23206,13.320767204800575
23207,10.074494789448034
23208,12.954359410324257
23209,14.087724498095117
23210,9.909050431147662
23211,7.546446967522991
23212,11.207489678644592
23213,6.435881675400986
23214,7.497408288279486
23215,9.928500959461047
23216,9.40504316764079
23217,8.545000911867964
23218,7.450490873310077
23219,13.571041626678182
23220,9.98502784285008
23221,9.455401145706265
23222,13.266504295961525
23223,10.041828510823773
23224,11.91396072221198
23225,9.481161138846
23226,9.473084773226647
23227,8.488465328430744
23228,12.06479767937071
23229,11.11879856643076
23230,6.742340022860246
23231,16.352072647749694
23232,10.987335814059822
23233,8.727003992234373
23234,12.04549040068984
23235,9.474574485818891
23236,7.085283380492312
23237,6.690976334563963
23238,10.206929887549979
23239,7.304964120099493
23240,7.289652887538679
23241,7.692424095411711
23242,6.503650649238347
23243,7.38671974112818
23244,12.550720564005875
23245,13.143391481328852
23246,10.910650305789057
23247,10.469056101643732
23248,10.05116351967181
23249,11.284338244121033
23250,9.608386093989285
23251,7.638611459119384
23252,8.95274684223267
23253,9.585246239556495
23254,10.426286732213901
23255,5.427684789953824
23256,9.370025959391647
23257,6.721587142809633
23258,5.764959382270126
23259,11.142847866394385
23260,12.05597493553872
23261,10.153564609020405
23262,8.931873102880461
23263,7.818168015075828
23264,11.15037379575124
23265,6.856275086259317
23266,10.316604371859507
23267,7.5965322300375995
23268,6.9931340801354995
23269,8.87514731800438
23270,7.358252432345894
23271,12.23743991847469
23272,10.933545458378775
23273,11.24481678202022
23274,6.87987317260057
23275,11.834974232931138
23276,7.647005209494492
23277,9.155837467929537
23278,5.740148935990421
23279,10.918546824102751
23280,8.466186402121737
23281,10.082356008544814
23282,9.623047874374596
23283,8.714768149602993
23284,6.524157503371242
23285,10.533344070224084
23286,10.91802539522845
23287,9.58505735213752
23288,9.035386473887772
23289,6.60804392245077
23290,10.436306878429631
23291,10.854721713543341
23292,14.077755673206022
23293,5.338675226981019
23294,7.066016424757638
23295,11.976321110372819
23296,8.870615004508181
23297,5.446144930364886
23298,11.608371712928482
23299,7.229862816859448
23300,10.262546966379968
23301,9.925812787069887
23302,10.469393296188702
23303,10.683731965694188
23304,14.398104612903323
23305,11.019474173995423
23306,12.580036539874374
23307,7.34679986702433
23308,11.7694795751138
23309,12.709925769839927
23310,7.7821385552424145
23311,11.60939138554253
23312,10.068456853694967
23313,7.521858453184242
23314,11.088721443825763
23315,12.29688536637474
23316,10.850227300788724
23317,6.088192159715152
23318,11.13870392373134
23319,12.123402469567804
23320,8.678363244683474
23321,9.428321672975898
23322,14.527589392625423
23323,9.59484198070757
23324,9.27244406908024
23325,7.581127493310817
23326,8.46544774838537
23327,8.615461479549715
23328,9.263581481710034
23329,10.6549800990309
23330,7.241708465939457
23331,8.387642747462387
23332,13.14281423844953
23333,10.358224144843009
23334,9.139160939459215
23335,5.3226372531952375
23336,10.336271421820827
23337,10.044619987104578
23338,12.703229134799404
23339,8.786390208898798
23340,8.859768873456716
23341,11.234166415266778
23342,7.276548269624689
23343,9.03218335947273
23344,14.754321926846345
23345,10.008471139406339
23346,9.017348294283918
23347,15.019660220228266
23348,11.775782443051835
23349,4.149770666809364
23350,6.17968684045209
23351,7.237281075297298
23352,13.084510813962549
23353,7.932742782726338
23354,9.087642445275705
23355,7.813442085463964
23356,7.535569538317668
23357,7.705852172830132
23358,9.488565530974642
23359,11.134843337825009
23360,11.776922079186477
23361,10.099227651334507
23362,6.875415034022351
23363,8.49460136342023
23364,6.736900025015655
23365,17.33076621244195
23366,5.331518215971947
23367,6.898521421788466
23368,9.881707327894624
23369,9.173320978532715
23370,9.14660442302513
23371,14.111963161397732
23372,9.4204943616702
23373,7.095400642357364
23374,10.560051547625182
23375,9.044264864580912
23376,11.345731228294152
23377,6.4279022353475535
23378,6.9473080468229895
23379,11.357837079723653
23380,11.48988092497617
23381,10.894253378443556
23382,14.908023616711985
23383,12.328106391889596
23384,7.708230734824857
23385,13.42562010179182
23386,11.874452331462974
23387,10.73675963132581
23388,10.1386856848375
23389,16.666077220721593
23390,9.125860878170673
23391,4.665381068714556
23392,5.406876292143863
23393,8.584740234966926
23394,6.6737139888806265
23395,12.339927512996523
23396,10.960237541815586
23397,6.146160175563605
23398,10.115428060942563
23399,13.600130660114596
23400,10.507611341067458
23401,7.71364372170144
23402,9.990808444409117
23403,14.797038996687027
23404,10.984980393627207
23405,8.95012564394186
23406,7.864737684415658
23407,11.922812678571407
23408,11.318271302539163
23409,6.18017632969418
23410,7.199258964459217
23411,7.511373080842974
23412,7.981258708963031
23413,9.399941310230972
23414,6.770546079903979
23415,6.198338620046241
23416,15.125519371666874
23417,6.970499652924769
23418,10.89070633698316
23419,10.04613560850841
23420,6.960973435564544
23421,7.084692133318807
23422,6.800877738302549
23423,10.305679689866947
23424,9.796985866896502
23425,11.293516309457164
23426,7.452899900794645
23427,10.429715519276407
23428,11.881505835083985
23429,6.591746288947344
23430,12.089376760278123
23431,11.938613069875254
23432,9.258152012457495
23433,9.776352527489752
23434,10.45483121771295
23435,9.248334510082927
23436,10.420843881310578
23437,10.094465616604767
23438,8.11869404027882
23439,10.776242336286735
23440,7.96503709271697
23441,13.725107635524857
23442,10.921272700634004
23443,11.139979124825533
23444,13.519508728263224
23445,10.689103662412982
23446,7.0842774955618655
23447,11.664129732118807
23448,9.549187910188367
23449,10.672183661957083
23450,11.114995002931284
23451,7.137923989859496
23452,11.317874377729053
23453,9.074575975133884
23454,11.22504902091102
23455,8.463480774591133
23456,8.444758129010593
23457,9.789302675546658
23458,10.500499325172495
23459,11.12400914955416
23460,9.749651468097099
23461,9.355460399029532
23462,10.570325416326238
23463,10.949475964227474
23464,9.886631187340335
23465,10.19515648866849
23466,10.356422500041901
23467,10.350046164756801
23468,8.896565322168664
23469,11.255755026309895
23470,10.823966134605632
23471,6.151191390712006
23472,9.663524345172455
23473,8.832766355696304
23474,9.164261001627725
23475,14.411343041703839
23476,6.348408501521437
23477,13.425739810591066
23478,10.640062669071028
23479,8.883422594820656
23480,10.051766440508276
23481,9.309526492480147
23482,7.754160940767003
23483,9.18154539399955
23484,9.243637389013704
23485,14.900837016624163
23486,10.329968893464788
23487,10.134798716947898
23488,10.04260758640497
23489,8.239599137691954
23490,9.834266261604887
23491,9.040082994366388
23492,6.198254970582347
23493,9.1784985420072
23494,10.587258063677888
23495,7.353437998762299
23496,9.91451152984364
23497,6.734486108129147
23498,12.42170156205093
23499,6.1232147826476435
23500,7.565190898870951
23501,10.396068685249565
23502,13.698064076485846
23503,11.069665294206464
23504,14.116300259723264
23505,10.660251662434128
23506,14.05194831001728
23507,10.224477461336328
23508,6.4914514683607525
23509,7.648341954555089
23510,12.240311605193783
23511,7.597754371262577
23512,7.2308588880844376
23513,15.478887789386949
23514,9.583755772299655
23515,10.795752466597294
23516,10.238182660862332
23517,11.47171196687438
23518,10.444969417440731
23519,8.395496218540455
23520,9.513984744950882
23521,7.538524232603888
23522,13.854522526389808
23523,12.45148998212645
23524,6.1079865297043066
23525,10.941818927034788
23526,6.882152187534894
23527,4.20535416623656
23528,11.949850335888001
23529,8.775564452285057
23530,11.11314119213422
23531,7.2038409181894245
23532,10.603963314864094
23533,9.813684491044153
23534,7.046001317443201
23535,7.7156503279956965
23536,10.767523747182238
23537,10.517178907993964
23538,12.392291324125535
23539,11.125073935440067
23540,12.882444537712892
23541,9.67337294607319
23542,6.6324796708236535
23543,9.894529824678578
23544,12.44963401801478
23545,10.735400117330808
23546,13.35281392067593
23547,10.477581063951698
23548,11.786769022172246
23549,8.427938808751527
23550,8.903102461380163
23551,11.494177986764802
23552,10.728065583142067
23553,5.145734389511383
23554,11.6348954098272
23555,10.029606768471027
23556,17.636546824512582
23557,13.92557910429746
23558,10.862557530202563
23559,9.921201903577005
23560,9.21234392720476
23561,10.769535681151305
23562,10.889630260939946
23563,8.03497119110084
23564,6.9560750107937475
23565,13.513651951455365
23566,10.897184218076479
23567,16.12726291500395
23568,11.810298063039022
23569,5.971799934846009
23570,9.421742555619607
23571,7.330012503373158
23572,9.036163031318813
23573,8.08600346297844
23574,9.81709160981616
23575,17.693601235238514
23576,10.448937602954635
23577,10.680834826252012
23578,12.207469366866759
23579,16.97567856422571
23580,11.246607222045863
23581,10.006901160007144
23582,16.285940347890953
23583,8.337706421915676
23584,6.727874736001855
23585,11.796810332574289
23586,8.017789907524756
23587,11.619751973183886
23588,6.457157605250083
23589,6.900394918797211
23590,9.268003545311986
23591,7.411262735491663
23592,6.762934529195495
23593,8.779760331353838
23594,10.907056811282292
23595,7.943067837031255
23596,8.308610254042236
23597,9.366901151630957
23598,8.324656807732238
23599,4.851108704918066
23600,10.810966185745281
23601,9.61043885706063
23602,10.282345765226722
23603,7.887297579364189
23604,9.583691078393349
23605,10.73412094048805
23606,16.376585004553807
23607,9.85468077521815
23608,9.764828651614877
23609,8.363287712818616
23610,10.554521128953736
23611,11.584956434414362
23612,10.17779858126135
23613,10.712525619507542
23614,9.199616013538385
23615,10.930435277547474
23616,9.768130476740724
23617,9.047242688988794
23618,9.949913331668226
23619,11.69986353315897
23620,8.350750779277655
23621,6.286023805687918
23622,6.90250418122224
23623,11.15340901543923
23624,11.719964659411874
23625,11.689790903944573
23626,7.483538423066715
23627,10.474538712679156
23628,10.435477824258276
23629,6.398035523300679
23630,10.47893021499985
23631,5.8189294631612665
23632,9.725988256295405
23633,8.269366478657599
23634,8.848782030040079
23635,10.979715999008066
23636,10.664467341465192
23637,9.068011687029772
23638,10.301774087456081
23639,7.959085886559455
23640,10.439460742707137
23641,6.589291073815482
23642,11.600597833910205
23643,9.638521667668986
23644,5.023499504971108
23645,6.9839273971855835
23646,6.775050330440454
23647,6.339542763406188
23648,6.643243161646947
23649,7.613276372295603
23650,10.88701665792253
23651,6.601946999994798
23652,10.87822522752188
23653,6.437309434851149
23654,11.472642108812579
23655,9.290250028984547
23656,10.962737951031404
23657,8.064351889522593
23658,10.644498697940225
23659,9.677526875661188
23660,9.269220912282702
23661,8.686327727994666
23662,12.583675246825798
23663,6.720056144253986
23664,8.837232440714814
23665,6.525895887073612
23666,8.583458794305013
23667,13.132830706335875
23668,18.819528627474032
23669,9.14285455099818
23670,8.512004065710194
23671,10.783880464983106
23672,10.858816713794914
23673,10.314997841836256
23674,10.282005323406853
23675,13.317954923577563
23676,11.251350866471368
23677,4.915059625664249
23678,10.488614371840983
23679,15.716245691423318
23680,9.12439275431192
23681,9.146595788994281
23682,10.716421694695297
23683,11.973616374476117
23684,11.728558666529647
23685,16.763205233170492
23686,6.232864577850092
23687,11.526782248164286
23688,11.00401265127955
23689,12.225533461325275
23690,15.009072324013765
23691,9.337952069474905
23692,10.388162842274433
23693,4.891558964820292
23694,7.160329610680815
23695,9.015793495797936
23696,10.761910169628944
23697,15.143472875292622
23698,6.690724069051439
23699,6.2521049622035125
23700,9.022067210252763
23701,10.538552907779792
23702,12.280173242481318
23703,8.956793806379268
23704,6.741532072676423
23705,7.718735853403941
23706,7.330852228811659
23707,11.172387648931466
23708,8.228561076876314
23709,10.84943460041844
23710,11.084584441799205
23711,7.129826226816358
23712,12.895565559875205
23713,4.775525667953358
23714,8.582912130655147
23715,8.017322718892435
23716,12.936380514830667
23717,13.431082347746212
23718,6.509036920405418
23719,8.40303298524669
23720,11.038310755072889
23721,8.19902879965468
23722,9.489290142693
23723,8.515605481751646
23724,10.641895950273303
23725,10.437047188125254
23726,6.817998724587237
23727,4.484076880027735
23728,5.879876563628533
23729,15.040348954086951
23730,5.35933050062358
23731,11.386325041120141
23732,8.723788298999398
23733,8.354651366018418
23734,8.347285750816761
23735,6.218426699766706
23736,13.793305837627681
23737,9.99274023538957
23738,12.05487310397586
23739,10.68510779954053
23740,9.604500415556615
23741,12.566821454546496
23742,7.05613068122849
23743,14.455834187307499
23744,14.008206339313741
23745,7.115620298440395
23746,8.661702008055777
23747,12.764900618024944
23748,10.386931996597134
23749,9.779368180470465
23750,7.739960641220858
23751,6.566827214688792
23752,9.601176688409275
23753,6.753775796333492
23754,7.93084089680693
23755,12.660800466181406
23756,9.881861855904278
23757,4.330420997331255
23758,10.702746991184792
23759,10.570926494881315
23760,9.526293966195347
23761,10.144390393175195
23762,10.996742503474279
23763,9.874250770628569
23764,9.669894703028614
23765,7.136267518794048
23766,8.687734934290233
23767,7.864123705363717
23768,8.804950961616543
23769,9.90236027983021
23770,9.707904384677708
23771,9.834848052137502
23772,8.487741757241697
23773,14.844009209051809
23774,8.725504842204874
23775,6.237952706851278
23776,12.48384223913532
23777,10.989867807789643
23778,11.976941596842359
23779,4.5853505788685975
23780,17.00886690179171
23781,6.772425242858109
23782,8.994665036462123
23783,12.57010795340356
23784,12.07642125200974
23785,13.235774540750963
23786,4.824922296876536
23787,10.780934917759081
23788,9.90533447926253
23789,7.350005416084975
23790,9.563494646344207
23791,6.208611279144689
23792,12.041245727657461
23793,14.057111573061192
23794,10.215362511923315
23795,11.476946384602538
23796,14.940653904400687
23797,9.223651938501547
23798,11.918155916688479
23799,8.69121340374748
23800,11.318508608221594
23801,11.496131974025932
23802,7.895732979501319
23803,6.348408862701772
23804,11.165133467720603
23805,11.20713202147305
23806,7.811895503259278
23807,8.53840115626722
23808,15.378379758332743
23809,12.350270939152367
23810,12.062488228767359
23811,9.749162628339548
23812,10.712821592956788
23813,16.35158173730324
23814,6.545703941819081
23815,8.380999884893276
23816,6.224305594868503
23817,7.065876721599894
23818,8.486971363852719
23819,12.593408423201803
23820,10.925152935031356
23821,8.794546791120757
23822,6.958418328334741
23823,10.90276677508315
23824,10.077700759121669
23825,7.64860207130205
23826,4.560695596848813
23827,8.945891074521375
23828,9.158094238415757
23829,11.82786198067597
23830,6.877027276421446
23831,12.261404570372274
23832,9.341893690453682
23833,10.823550266785354
23834,9.571417932648636
23835,5.662605235397444
23836,14.612656372682377
23837,8.697852534110988
23838,10.904768097711774
23839,10.023442343605822
23840,8.99700928086623
23841,11.430779380617661
23842,7.798804481153307
23843,9.45893624349719
23844,13.957163344022462
23845,17.78447887398788
23846,9.206466312063425
23847,9.525604971389487
23848,9.051164097256063
23849,9.228249110755069
23850,11.507095704440912
23851,7.5164278112013365
23852,4.680638273719502
23853,9.49694760582521
23854,10.104595504294092
23855,6.527946337069011
23856,3.9310592458808395
23857,12.337285302361572
23858,6.476897620246844
23859,16.49172983105283
23860,9.496419743217572
23861,10.400879576614509
23862,12.514317805561925
23863,8.78367832183974
23864,11.121668527412734
23865,9.477670252614775
23866,11.674601398955875
23867,9.72458228439658
23868,6.2724468482470614
23869,13.972675853076906
23870,12.186287823961377
23871,6.559187460039319
23872,9.427539225102011
23873,5.280887526683743
23874,7.175302875485875
23875,10.615846515358003
23876,8.728617177128513
23877,10.819480381749958
23878,7.602927245678685
23879,10.369172567947173
23880,7.55472136812433
23881,10.051222280706195
23882,8.763572699002681
23883,11.777453908172971
23884,10.202326127789226
23885,6.910263075723423
23886,8.441679928992516
23887,14.645267440056836
23888,7.926806619211956
23889,8.1909030968981
23890,6.304006977472964
23891,9.457887059925811
23892,7.346605029098565
23893,4.2275876414396585
23894,12.320433318438957
23895,9.611527448892112
23896,9.42388855077758
23897,11.316332248388733
23898,8.221708722929499
23899,11.05678470647055
23900,8.514389978701187
23901,6.226960830252735
23902,11.761396392469122
23903,9.440024187789593
23904,7.176731057468747
23905,5.6774922469199804
23906,14.369063046397727
23907,8.953139908198914
23908,10.700423376465283
23909,11.76283316999485
23910,6.711991700438116
23911,6.355172959583961
23912,7.869984824126968
23913,14.218658019735987
23914,11.794073558062202
23915,9.546441405180051
23916,8.801635544386738
23917,9.70441470037557
23918,7.117921232871998
23919,7.274746298612517
23920,7.181763399101964
23921,10.246992152366706
23922,9.758604922804007
23923,11.958055813825323
23924,5.29541102039912
23925,11.64806008117954
23926,11.771123332010912
23927,10.311519255925159
23928,13.715642490705672
23929,7.791936392174288
23930,11.317401040918755
23931,6.695739244873434
23932,10.862164817112536
23933,6.639135568759755
23934,10.435927898555725
23935,10.215844360896464
23936,13.387548896607512
23937,5.965554956833369
23938,10.057424706144532
23939,9.95008838358284
23940,7.906340152005139
23941,10.303406306504481
23942,7.119182519368331
23943,13.175116102514759
23944,5.9711346675387516
23945,10.184806162354736
23946,13.263821514483107
23947,12.69374081037651
23948,7.273560738241906
23949,11.855674061044715
23950,7.7431724181857575
23951,9.448979346407356
23952,8.877850139551262
23953,10.750525678975583
23954,5.549908638472835
23955,6.679449777809806
23956,7.718517570419717
23957,14.383170903310022
23958,6.067244324023044
23959,7.589830559044302
23960,6.993359072042282
23961,7.389139398292548
23962,6.926009352556282
23963,10.530689544757871
23964,10.314232891938987
23965,9.333223619221481
23966,11.644111317134893
23967,6.95735166499035
23968,11.122549130877566
23969,9.974794624461822
23970,12.393987810273932
23971,9.670966281827111
23972,16.344548048121716
23973,10.608409701674956
23974,16.34233636095969
23975,7.2579042959501345
23976,9.426914947801867
23977,9.646829702317687
23978,9.182260843153449
23979,15.719583233076758
23980,9.532284103085221
23981,5.80180837171369
23982,10.965484498357817
23983,9.368500559256267
23984,11.03353421917224
23985,10.516116764541353
23986,9.837134155681609
23987,12.183625607623899
23988,7.512107668874213
23989,8.836089532667145
23990,5.145573002170086
23991,10.55198025955725
23992,9.90433394773847
23993,10.217090273831962
23994,9.641475570956311
23995,8.935649900065114
23996,8.177513666936711
23997,8.437760544844135
23998,10.969549672461026
23999,10.993822133571843
24000,10.303503273118181
24001,7.009300284332324
24002,10.676306991924406
24003,14.971935672064106
24004,11.588686909274797
24005,11.691943169120337
24006,7.196905834371908
24007,9.126382244432234
24008,9.501139426097293
24009,9.279331655744386
24010,10.24188363965748
24011,6.966709513550232
24012,10.605381199168642
24013,12.832202414071777
24014,8.409027053775365
24015,7.256615419165093
24016,7.358185788406983
24017,10.377149153625014
24018,8.888660580141808
24019,7.795967224853047
24020,9.58137918639369
24021,11.131991695864222
24022,12.011214914917232
24023,9.105643936792017
24024,10.16447575401676
24025,11.669585421759244
24026,10.461861712236484
24027,10.393586230757773
24028,9.597610699954403
24029,8.894627992457256
24030,9.961021671097072
24031,12.756184530119961
24032,5.2980338269974165
24033,7.0950223810313755
24034,8.410245114324479
24035,12.58066761820867
24036,9.560490499572152
24037,13.34048259649487
24038,16.343672454971475
24039,10.692926812466757
24040,13.351019410383827
24041,13.12552987066737
24042,7.085498880048781
24043,9.821102645771266
24044,10.374695008545505
24045,16.51944482837535
24046,9.823494520754233
24047,4.825628899194818
24048,6.912182821211561
24049,10.913996155337415
24050,11.464809735948812
24051,14.093139941999011
24052,14.225266065355317
24053,9.989533552986439
24054,5.724201195417232
24055,12.179679251559946
24056,12.997225167544714
24057,11.597716421852569
24058,15.411154607420974
24059,7.483443919437248
24060,13.14338359526141
24061,6.080650687874318
24062,8.864299227538982
24063,11.356759429120222
24064,4.4133853452280105
24065,14.357014777072303
24066,10.012947980574687
24067,8.607651202755715
24068,17.089442606557505
24069,11.835609269276558
24070,7.776643350154749
24071,7.158211308325348
24072,9.766303564735576
24073,10.358391326472939
24074,8.610616369789353
24075,9.530292259180115
24076,9.433907777498042
24077,12.135067169590107
24078,11.192850572595502
24079,9.73037704371088
24080,7.85926579206231
24081,9.997613990304476
24082,12.313011285939595
24083,10.61698058934213
24084,8.158136819405334
24085,9.742744772950502
24086,7.197017260191108
24087,10.02976951524444
24088,8.20921855222441
24089,9.186175155855949
24090,12.909714627701865
24091,11.947501225869992
24092,10.698842634190239
24093,6.932812081897035
24094,11.336702909167826
24095,10.847664102212992
24096,11.408890636944788
24097,8.556463581565023
24098,12.999896350397934
24099,9.270258564109017
24100,9.567542816618925
24101,10.258926368117733
24102,9.933321110932868
24103,9.672358657874845
24104,9.114002586595237
24105,9.633898806176909
24106,12.646150510798982
24107,10.98727026826265
24108,10.458413505879115
24109,12.81773049603099
24110,12.735388187689189
24111,7.922811949879431
24112,7.13339406001627
24113,4.2160705630507165
24114,11.64299141603154
24115,9.106480900066412
24116,11.109336665124518
24117,9.086665649033748
24118,11.076109556215863
24119,10.363591907268026
24120,9.534850655718214
24121,8.99311240614481
24122,8.36652658997155
24123,7.497608545139849
24124,9.840925340913852
24125,4.971041389397554
24126,12.270232593185176
24127,7.7209501145260315
24128,7.6465745224571995
24129,9.832603411285744
24130,10.771124068701923
24131,9.745777860018588
24132,8.603149211207517
24133,14.670923765638072
24134,8.43634371148731
24135,12.026836545670633
24136,8.15161618647805
24137,11.752707525251637
24138,4.097479229585898
24139,8.297974407524727
24140,6.230317174277685
24141,11.39477140592592
24142,9.646989445377969
24143,10.931410611941843
24144,9.375444079553482
24145,11.22677914792162
24146,16.56486413586491
24147,12.321052581343958
24148,10.701174682721327
24149,7.302965610267512
24150,12.145621096534088
24151,8.076323432482956
24152,10.592147138480428
24153,7.955929034306024
24154,11.204593047843227
24155,9.799082255103006
24156,15.653051758009244
24157,11.17358417873728
24158,9.133918596208012
24159,9.888424603380539
24160,7.911724854868462
24161,7.175830357250034
24162,8.121839984418406
24163,9.141349894210169
24164,9.739605658755764
24165,11.616412724846155
24166,10.565324908807007
24167,16.776575211680775
24168,12.463828876351613
24169,7.512512610012976
24170,10.884270813115867
24171,6.90921669295294
24172,13.816496876713678
24173,8.906667636615515
24174,11.052697887774464
24175,15.935997554923528
24176,10.747160804656994
24177,7.733478797758597
24178,6.676130403107545
24179,7.4894848954177355
24180,10.378463729568725
24181,9.704715868725227
24182,13.466591290539657
24183,9.971675344996978
24184,7.665597476708889
24185,8.091188311006022
24186,14.670923203323472
24187,4.174147154158963
24188,11.716651619447177
24189,16.73530227834412
24190,9.248761301764857
24191,7.666250513209492
24192,9.605975529471365
24193,7.517733980789334
24194,6.45073941714506
24195,12.495751084895637
24196,10.418016959412697
24197,10.090450223248425
24198,8.060641140102991
24199,11.665315138050705
24200,11.52313813620902
24201,10.66008558225051
24202,6.524635728402449
24203,10.649985640648193
24204,10.193198169401908
24205,15.26225520167268
24206,7.496827504846781
24207,13.694886471485423
24208,10.83074315127594
24209,13.614062233608827
24210,10.960814267008768
24211,16.179722040891356
24212,8.875434110924733
24213,7.194809311321385
24214,4.96924871703337
24215,8.685994971486563
24216,11.129286555787443
24217,10.521314490359776
24218,8.565344961498683
24219,15.453268526734131
24220,9.433458672450477
24221,10.139158024140889
24222,7.333199201538259
24223,11.508537432306243
24224,7.133608246861374
24225,10.784276658801588
24226,6.345137429796688
24227,13.943912003766174
24228,12.870893382015517
24229,11.34273218076478
24230,11.32320396516865
24231,14.837106383248356
24232,6.50489090960909
24233,10.2305937124033
24234,13.470098798265123
24235,14.275616285573209
24236,8.464941956692392
24237,6.612794925279751
24238,7.665821734657773
24239,9.68115292015736
24240,11.607204032717462
24241,10.50010914934303
24242,15.069094059418365
24243,8.558017255771226
24244,11.454314545322076
24245,11.994300984040061
24246,7.301001595543893
24247,9.524663633199385
24248,12.915413797518084
24249,10.46222880279166
24250,10.158289091688205
24251,14.793611389071236
24252,9.242494834683509
24253,9.018089773640705
24254,6.968664830638455
24255,8.429319038790581
24256,10.516204896826089
24257,16.692336452596507
24258,13.010234072473311
24259,15.74858012834335
24260,6.486107912930477
24261,10.846684512249166
24262,12.28091010908691
24263,9.43662329765765
24264,7.683415668672518
24265,12.255074306741811
24266,7.081396825572257
24267,6.244630661323964
24268,15.22271979803599
24269,10.297492253678435
24270,9.48740231933013
24271,10.104738789152794
24272,9.635864958683758
24273,9.657488176736697
24274,10.587684794841293
24275,8.44709705285017
24276,5.547269056950136
24277,14.831136284207684
24278,8.629527559811848
24279,10.312580115260552
24280,10.951371578953829
24281,8.611881413088843
24282,11.138176598960348
24283,9.095764618683553
24284,8.799213930708714
24285,12.599147405186976
24286,10.310314474099869
24287,8.179412383140905
24288,7.924267076292374
24289,9.929967428791622
24290,6.711915214523779
24291,12.076879643380634
24292,10.770830038484185
24293,11.722051371485994
24294,10.718028350471286
24295,12.222988035346132
24296,10.283231224738072
24297,8.669367950514898
24298,4.315801946301038
24299,7.231343490390495
24300,6.799077127202983
24301,9.256228459757995
24302,9.720976301096995
24303,6.471830833386408
24304,14.250624757643685
24305,10.335268332547232
24306,7.638564358830156
24307,8.06970260898765
24308,12.767215481922028
24309,11.029265183202668
24310,8.783436439654263
24311,17.511868598103018
24312,9.436196734663435
24313,10.107831587365594
24314,9.97768049708143
24315,10.604351910571433
24316,11.174626637815814
24317,7.764907026283636
24318,9.017238125970001
24319,7.2274983957276975
24320,10.419969720366218
24321,6.842985480823604
24322,11.808859614142824
24323,8.826070450931883
24324,11.518696143860362
24325,4.340278944513239
24326,9.691113265150308
24327,9.46535372622059
24328,4.3488982223480095
24329,10.401486819632177
24330,11.99496549623284
24331,11.69977317187453
24332,9.772047241677358
24333,4.367711354348131
24334,9.972905780894877
24335,9.583333867796327
24336,8.974851284906586
24337,12.647462821452619
24338,6.826853820061099
24339,12.170795393402093
24340,12.456495710596375
24341,10.857093233535188
24342,15.044528495196428
24343,9.98940217078478
24344,14.771449180622431
24345,6.5410213828743675
24346,6.222696787621487
24347,11.748946196205079
24348,12.068902727969109
24349,9.00590781722508
24350,10.875434430641977
24351,9.061283837654798
24352,13.571407655459067
24353,7.9841072404987345
24354,9.399010936455605
24355,10.783210323121793
24356,14.303667793885007
24357,9.875198474829343
24358,8.095279652059222
24359,11.650339665385543
24360,9.405602919271647
24361,6.232124051781729
24362,8.234042744805036
24363,10.127714319802763
24364,10.706474296471217
24365,12.718183867852126
24366,12.126455865764889
24367,11.05458862215543
24368,8.809881838822193
24369,9.934113651509225
24370,14.256099299793007
24371,10.427885607930165
24372,5.046983971479593
24373,8.17005185233747
24374,4.8304171426395905
24375,9.789607139274542
24376,7.566988240263955
24377,11.166278143225476
24378,9.655518044168463
24379,11.662334691566931
24380,10.293843885024376
24381,10.75935362348245
24382,10.348624991179873
24383,13.56346924897449
24384,5.837927894363571
24385,13.21874140334711
24386,10.499068796543689
24387,8.539136645421435
24388,10.859953088946433
24389,11.740452944811002
24390,5.818479658824695
24391,4.2157758025388175
24392,11.627072925959856
24393,9.605172953435172
24394,13.694127270425376
24395,7.196224524090661
24396,8.890922950970277
24397,5.088087250529058
24398,10.125838685858014
24399,8.611804999455149
24400,9.183656667544026
24401,7.925676348198253
24402,9.86045089959382
24403,6.720184755808734
24404,8.986494360692527
24405,6.945710371307362
24406,7.080954880264201
24407,10.871255731815177
24408,8.136831032947782
24409,14.715790340927573
24410,10.51778023443109
24411,8.727934194374996
24412,10.987207902729695
24413,10.097963430665228
24414,4.89555074322116
24415,5.5353687658569255
24416,5.3653139339558855
24417,10.25504996271858
24418,6.534625649022639
24419,10.299131439737284
24420,10.056339754468592
24421,14.412798990601718
24422,8.74400246732414
24423,10.38027060669047
24424,13.031856472369006
24425,12.143495014774128
24426,9.55379767682167
24427,14.126877097227679
24428,10.608037674765146
24429,9.731055126855258
24430,13.788857078116088
24431,11.06142217044575
24432,11.584310894325569
24433,7.740852740901676
24434,16.544352462373357
24435,12.768225476283789
24436,10.100607634851634
24437,13.893060346918318
24438,10.798041953359347
24439,9.086149123356165
24440,9.104117742947613
24441,6.944044868782681
24442,7.884283466444824
24443,6.602115577093249
24444,9.604026248375034
24445,10.556952722039677
24446,11.138032166430332
24447,11.417406004951536
24448,13.41105787584424
24449,12.345062832717867
24450,11.574522125668716
24451,7.065995188954858
24452,12.136070042246967
24453,7.126940876772804
24454,9.322951287578979
24455,9.156058989470328
24456,10.330338530909591
24457,9.28161066083414
24458,9.371009569717177
24459,9.0678554076035
24460,15.754016850458468
24461,9.251222034754987
24462,12.316756321888557
24463,9.179806917193138
24464,9.583571058305504
24465,8.305684831002615
24466,8.81567466132027
24467,10.758096158064648
24468,8.410283835042867
24469,7.016904523779575
24470,6.852854508237849
24471,9.84190001517049
24472,5.567745213155057
24473,11.42800851238308
24474,13.095244809307456
24475,5.612493957633729
24476,6.1174005850357105
24477,13.242315946365267
24478,10.487022236771566
24479,4.984674329648167
24480,11.031992534839464
24481,13.733365949981028
24482,6.812485714350032
24483,8.733923659290834
24484,8.261925857918605
24485,9.132730344599203
24486,12.833673992721632
24487,9.39372567617178
24488,8.469083041923728
24489,5.600612565865925
24490,17.46842914055953
24491,11.857450178222525
24492,10.313119914655774
24493,7.413953600163181
24494,4.887287183364342
24495,9.67224953254245
24496,11.683226757028919
24497,7.610594844786907
24498,11.779991140420034
24499,16.06952281532719
24500,11.00382879489127
24501,15.759617866699838
24502,14.041354988619144
24503,6.649833018824435
24504,7.677970239807105
24505,9.640451289862124
24506,11.329726940857766
24507,12.288865310572215
24508,10.36642061930924
24509,5.345531120568509
24510,4.378291509639665
24511,8.809761572666108
24512,9.102209043054177
24513,8.616879055844944
24514,11.172801914619546
24515,5.667279376257171
24516,6.52048599021971
24517,8.611493089494864
24518,11.718240038901252
24519,10.58857718074175
24520,6.758353823930418
24521,10.775015254573095
24522,6.970252961913887
24523,11.111060500836167
24524,10.349166262260487
24525,10.52108798482281
24526,9.870558110667282
24527,5.448014274945568
24528,7.247189422016347
24529,10.80073845604803
24530,12.347965359751466
24531,9.725960865711041
24532,6.496786099280074
24533,10.744671553927096
24534,6.754075729928866
24535,11.535960646679941
24536,10.57723226098884
24537,8.9866924951969
24538,10.239800650384662
24539,9.984018527389148
24540,9.295828006405792
24541,5.231979197873988
24542,10.57341831069878
24543,8.161511836391497
24544,10.094349599767295
24545,11.43823288933308
24546,12.186183509532764
24547,8.137330147545446
24548,8.344597063218659
24549,8.651888885845203
24550,7.820957260893611
24551,7.879793340852389
24552,8.14113244092795
24553,10.687763326358155
24554,8.52722326647378
24555,6.90700399416208
24556,8.063954159964492
24557,9.311338022184502
24558,6.535419075652466
24559,11.558423557301756
24560,11.060271926269825
24561,6.349396145790823
24562,10.146051234053546
24563,8.740519106906772
24564,6.31035464510189
24565,14.491573048218385
24566,10.363676352999263
24567,7.455335210807569
24568,10.518348117035389
24569,7.853054501096586
24570,4.505084587610681
24571,6.748131919202118
24572,9.989395953789582
24573,4.456021363717625
24574,7.940357315845761
24575,10.880038820064211
24576,6.59363443668909
24577,10.523560790508533
24578,8.202454153075115
24579,11.338384436902297
24580,9.009652650514719
24581,11.895795144272515
24582,9.009534008880866
24583,16.364945264969396
24584,10.182297310846067
24585,8.073943716096812
24586,10.715702173916174
24587,9.16074504295019
24588,9.330673029939792
24589,9.560534459256898
24590,10.38357044853968
24591,5.6766858443758395
24592,4.409696088444751
24593,8.904518468696542
24594,10.569788871333945
24595,6.322550398697426
24596,12.578109946481735
24597,11.086053699686893
24598,10.385190990056923
24599,10.700569244446498
24600,12.107600215394875
24601,8.58001609984192
24602,4.1023997701275645
24603,7.364585735570925
24604,6.897676875840649
24605,8.730751312945259
24606,8.411963419775802
24607,9.10626018620672
24608,10.3352894593258
24609,14.99210587869365
24610,10.802718981447919
24611,6.7057763711321385
24612,13.815915520561855
24613,15.085949489054418
24614,11.951417747443793
24615,7.672964597914231
24616,10.223817553501913
24617,7.858473105393509
24618,13.904863033786619
24619,7.38004307379696
24620,10.948762245808355
24621,9.370584954014458
24622,9.183483765889903
24623,7.171079066585558
24624,10.66032509691594
24625,8.746153031369218
24626,10.483151467479782
24627,9.241531636808194
24628,8.7010573197256
24629,5.4872851894590084
24630,9.25940487647405
24631,9.523736598676994
24632,11.405708594642608
24633,10.44277365383735
24634,4.458695525867041
24635,11.124617875552117
24636,9.510132491765505
24637,9.877603451215116
24638,12.25018700131734
24639,15.908485747416348
24640,8.461857268447718
24641,9.717792327784299
24642,11.368987392488542
24643,12.127609114328337
24644,6.258136032610379
24645,9.692141225889838
24646,12.298197713227628
24647,9.300125348469853
24648,11.114708224841905
24649,7.3337816512877545
24650,7.659039840812424
24651,7.98223777488914
24652,8.620234646388365
24653,10.257199391687452
24654,11.510732500120099
24655,11.691032625418156
24656,6.866024545326579
24657,13.242746785861167
24658,12.246504611609375
24659,7.195744720729732
24660,5.178077577086878
24661,7.51374683814783
24662,10.744459846674715
24663,14.614309707368054
24664,9.885564830218794
24665,7.427301779518823
24666,7.0777444540574965
24667,5.461527534914617
24668,17.108036339099385
24669,13.143844678584092
24670,10.071442399993288
24671,9.429549710738252
24672,9.068601020591647
24673,9.723147661959896
24674,11.270871602483314
24675,6.12669168769804
24676,12.549295799170697
24677,11.045733886323172
24678,9.705904804190215
24679,10.767611905470467
24680,7.014460583830865
24681,10.322319618355094
24682,14.226902003399564
24683,11.181056787244776
24684,9.416269330899285
24685,9.644534221680269
24686,10.959834612552235
24687,7.4941766952530475
24688,11.30204220227991
24689,11.298655115501392
24690,9.272079849228438
24691,8.127856829611172
24692,6.6601595015020845
24693,9.99835244082224
24694,9.853613463272188
24695,7.9665157418610555
24696,10.366453560555883
24697,7.685086957327381
24698,7.83599956255528
24699,14.053102215394214
24700,10.651285056507065
24701,10.792087325285975
24702,12.549558460870802
24703,6.4727566012357025
24704,12.39850117812832
24705,9.37873704351879
24706,11.34574612128206
24707,5.0309434050050195
24708,7.0662962202592094
24709,11.419121446661933
24710,8.242024533748172
24711,10.839062093839344
24712,5.653010361200194
24713,10.086693064314154
24714,11.12524297372571
24715,7.2921079981848385
24716,9.893393624511077
24717,10.541412361159592
24718,15.437831056470989
24719,10.632416407787211
24720,11.02311785332807
24721,10.125260110133969
24722,9.769627220206342
24723,9.327163183783913
24724,11.459785534602538
24725,6.976484203644073
24726,17.7833816272967
24727,6.896676894409056
24728,10.740111249597845
24729,10.616211985050215
24730,11.071823276193971
24731,12.368003529535342
24732,8.388772364466073
24733,14.507144016419264
24734,10.983276983517797
24735,7.837830142806485
24736,6.542178171171242
24737,5.513567116206983
24738,7.493920903531352
24739,12.09112889186435
24740,7.085116134995141
24741,12.238962966356315
24742,10.791869222009856
24743,11.55415174266097
24744,10.845793201506552
24745,12.436377281061972
24746,5.474195959670605
24747,8.61964216449325
24748,11.718729573894917
24749,8.070872087695456
24750,9.842812223677578
24751,11.548536467560313
24752,9.159498963494915
24753,9.473561353874073
24754,10.774469408319753
24755,10.219398548538715
24756,11.386351936516398
24757,4.574390124247403
24758,13.144811599584305
24759,10.023088573573046
24760,7.513523232627633
24761,13.067426255708218
24762,13.651490810726553
24763,14.21939869844495
24764,11.751421017023029
24765,4.647817097847113
24766,12.825583887127273
24767,5.689487043822804
24768,10.758489303833063
24769,10.569250201101527
24770,5.294645715181135
24771,9.447367128933672
24772,11.922183449685733
24773,10.779712318112795
24774,13.302329331333034
24775,16.385408007589398
24776,10.649928889600467
24777,9.43902952958137
24778,10.39292565804084
24779,7.67649141314334
24780,11.432097144334717
24781,12.016979461134822
24782,11.349925969167774
24783,4.415937489484767
24784,10.02243280711193
24785,11.215309763056299
24786,9.865470211656149
24787,12.995167648078265
24788,7.387696627462286
24789,12.373839718304135
24790,11.580415889836921
24791,10.83210323038422
24792,13.290506791543852
24793,11.09651476275394
24794,6.226119045088739
24795,11.169021541857491
24796,11.59208101695994
24797,8.052179798737049
24798,8.259000762557081
24799,11.772810233353376
24800,5.329801584999976
24801,15.467991024369196
24802,12.681842987332558
24803,10.889430479344307
24804,9.88472698602041
24805,16.589283332797955
24806,10.391541457603399
24807,7.262000580090694
24808,11.771878230998695
24809,9.936291497435906
24810,9.71544874858484
24811,10.597657104058372
24812,8.874419961878019
24813,4.911949254799505
24814,9.764400599448466
24815,12.994903288544013
24816,7.734555849720422
24817,6.605680558499531
24818,8.719509035419081
24819,10.454550685367671
24820,11.9128634468592
24821,10.965686604876273
24822,8.375758491873752
24823,11.056292001601632
24824,6.72789549879318
24825,9.87246192731282
24826,9.433556485362836
24827,5.830352180066657
24828,8.963802423187362
24829,11.877218722543054
24830,7.865901318329594
24831,11.339047000039342
24832,15.370534242897746
24833,9.061232689799933
24834,11.505332289367196
24835,12.712157152233234
24836,12.840205791329542
24837,8.032581076103183
24838,6.434024039839189
24839,8.748837618506954
24840,8.868139685119564
24841,8.041601343169338
24842,10.527392546705508
24843,8.950949425138342
24844,9.287605453353429
24845,6.482744168116645
24846,11.342872285461187
24847,9.169640761828969
24848,8.042644887910257
24849,9.602196161898767
24850,9.308243606709642
24851,5.228129391323035
24852,9.775046587078812
24853,10.621743100115449
24854,10.569881915873133
24855,10.871735900803413
24856,5.682476519986485
24857,13.51510551269866
24858,11.507674753057874
24859,9.073759361892785
24860,6.4778427048621054
24861,6.492447144636467
24862,11.74308836087608
24863,13.171071968477417
24864,10.462918564798345
24865,7.166473316022916
24866,10.241489951813596
24867,9.338968806478505
24868,8.571072109204147
24869,7.155318126433241
24870,9.703202381763898
24871,4.428456270704013
24872,10.115318914075385
24873,11.884444360329748
24874,10.821375879537404
24875,10.228707276097772
24876,10.04253777709459
24877,11.834786083039072
24878,10.509479301812979
24879,10.61094465068497
24880,9.652955852487652
24881,11.470489391773041
24882,10.252794648024551
24883,9.41424066835553
24884,7.7348649863013765
24885,12.188768790198491
24886,6.577950686201376
24887,7.792144121723771
24888,13.07996797343183
24889,9.721760440992856
24890,12.36325910831006
24891,8.493360502293076
24892,8.931818060022247
24893,12.463103966784384
24894,8.688071494750123
24895,4.78344456078379
24896,7.0017700114001045
24897,6.598738860186635
24898,11.89050310533636
24899,7.489391769910628
24900,5.772583025570861
24901,13.393145219062756
24902,8.397425046589586
24903,11.561749732573606
24904,8.751254230991782
24905,10.606128674700319
24906,11.808396319641131
24907,14.510429811184752
24908,11.17541843988797
24909,10.961715643046382
24910,11.425472064301612
24911,10.015029474578089
24912,14.332677011153468
24913,6.350190783662383
24914,10.079779365658439
24915,9.658812532895848
24916,11.085067846010729
24917,11.147999340043299
24918,10.600344206610078
24919,8.173973267624213
24920,8.51293095334897
24921,10.106505561624152
24922,8.972072213670872
24923,8.314109875603437
24924,7.259769583498922
24925,10.427187341452811
24926,12.757467878433854
24927,16.211947777176825
24928,8.26565888499972
24929,6.784428916633734
24930,9.125304768041616
24931,11.125141760346018
24932,7.336787782662967
24933,9.599452925458436
24934,10.796749124263131
24935,6.6582107307174
24936,11.736114166743208
24937,17.709979211904365
24938,9.501687601807594
24939,5.056829552114272
24940,9.215286383770964
24941,11.131347473412468
24942,7.6721728327229926
24943,11.82053924312986
24944,8.267299596605831
24945,5.707712828095534
24946,8.581191292754319
24947,9.94510297329173
24948,10.857151031825458
24949,6.590052217309429
24950,9.09490796213548
24951,9.334280538373214
24952,8.70779610969114
24953,6.9263761288128025
24954,11.41503366486494
24955,7.065691465611927
24956,6.7641160908366
24957,10.850640396524923
24958,8.30398789254667
24959,9.627490160365793
24960,16.629212003759772
24961,10.81720873149386
24962,12.163223222286215
24963,6.349890185202384
24964,10.756757667153497
24965,11.086566155811335
24966,12.593486237540644
24967,9.589850512979789
24968,10.040727202091944
24969,11.008608536146784
24970,9.792378247357837
24971,16.161406477121524
24972,8.703493798706182
24973,4.833481802550455
24974,11.403157363480757
24975,18.21151697266273
24976,10.694942514981324
24977,4.116642420236827
24978,10.787094490261659
24979,7.320741109887181
24980,11.965613658279638
24981,4.409958573202853
24982,13.634637153813951
24983,11.091528196552188
24984,8.688782129253038
24985,8.257656006486162
24986,10.937239206014333
24987,11.655127558784288
24988,4.880776309021444
24989,11.324158937934433
24990,10.724326292566497
24991,7.477231659493207
24992,9.381680101120654
24993,10.945232162380819
24994,10.956898969429327
24995,10.664135731912895
24996,10.730627506633182
24997,9.145944235615037
24998,11.101702185953286
24999,7.970961930209486
