id,Age
15000,12.627093322665162
15001,11.597662200302217
15002,9.038042988731464
15003,10.66179613735425
15004,8.680446924373692
15005,9.74210048954287
15006,9.520475663321518
15007,8.084627434571901
15008,10.696007146885542
15009,11.24428862991188
15010,9.986729681917188
15011,9.814818989511467
15012,11.15600714360561
15013,16.69640339815878
15014,11.382389858314491
15015,7.448698268537755
15016,4.714639187277882
15017,10.379063491314161
15018,8.94374857283457
15019,10.197722483538412
15020,7.003878254978304
15021,11.420075986098372
15022,8.253169552459054
15023,3.9999999999999982
15024,9.224715200009369
15025,10.794076750748037
15026,6.215176022989722
15027,10.6432761996893
15028,7.937405112120963
15029,11.108886549837399
15030,6.975331231209445
15031,10.256146121776878
15032,12.083437427367464
15033,9.226756354307634
15034,7.938919997423422
15035,9.905082522359743
15036,9.14235450806211
15037,10.232642711104274
15038,9.729636184830193
15039,14.43777261625736
15040,16.223279381038324
15041,6.553965318334567
15042,8.371779524847478
15043,6.972694657938213
15044,8.714824706490353
15045,12.16704822338742
15046,9.40504320771909
15047,10.941674337207564
15048,12.867973153718305
15049,9.180199864374968
15050,8.876361115017973
15051,4.020100622826695
15052,10.401519504613157
15053,10.448865263026548
15054,11.761224747257721
15055,10.19651689369306
15056,6.154157018186625
15057,17.479610935287745
15058,10.70298917210577
15059,12.4657127916486
15060,10.43916296546301
15061,8.0822417303284
15062,9.463224108669559
15063,8.283751896047237
15064,8.354829596066521
15065,7.612994498274852
15066,6.41357270607203
15067,10.99251078595889
15068,10.038671557917295
15069,7.002766391729644
15070,10.591763577631633
15071,8.86983306672049
15072,9.189925125065761
15073,6.570240128993337
15074,5.266684559433118
15075,5.8593720244392635
15076,9.160118012432283
15077,9.942374514572476
15078,10.64671941220377
15079,10.214174473505553
15080,8.168162269358733
15081,11.301486815278821
15082,9.795716171478324
15083,10.201306196947188
15084,7.444390241541015
15085,9.98265694554017
15086,15.714406158135729
15087,7.175189888585367
15088,4.002037751783997
15089,9.92885050999803
15090,6.163939952694115
15091,7.010336029540122
15092,9.460936082989617
15093,9.89191604363276
15094,10.821154017786366
15095,11.426860969795554
15096,10.422207114697253
15097,9.031250318021756
15098,5.063137070816484
15099,14.863353202086294
15100,16.702602791889085
15101,5.497250542971106
15102,9.960991965181835
15103,10.336355326401337
15104,8.964854483678897
15105,10.736525204298042
15106,9.249592096626627
15107,9.181510517170539
15108,9.800063804236592
15109,9.491111792066958
15110,9.98907790062482
15111,16.311377014668764
15112,5.994493014002248
15113,12.683299205718777
15114,8.337977110935602
15115,7.343460883320027
15116,9.484231385571482
15117,9.521638943498369
15118,8.897769789892306
15119,6.178894183889774
15120,13.277905710559635
15121,8.713723012517411
15122,8.832799169705376
15123,9.329058563910332
15124,8.277421555535097
15125,10.241575396843855
15126,6.1792747630159575
15127,9.706501322617276
15128,11.906090653661282
15129,10.396163744212151
15130,7.095569971950338
15131,8.499005581506752
15132,11.521072698427107
15133,5.922540698918899
15134,7.97042474090834
15135,10.208789303060273
15136,9.455943054217487
15137,9.706511534577745
15138,8.955093588631145
15139,11.129937447236712
15140,9.646797044965476
15141,8.049846398353486
15142,8.828621509459383
15143,7.387127386254331
15144,9.718865963482846
15145,8.540082637408185
15146,11.06873171340676
15147,6.052654507046413
15148,7.38861552092772
15149,10.189963687814915
15150,9.85748519207191
15151,10.688498869297424
15152,10.34418694913178
15153,9.259006227727498
15154,6.91034790702056
15155,9.82736535685538
15156,9.564729482368149
15157,8.050728533129115
15158,10.900554002831322
15159,10.794267069571452
15160,10.046815112775649
15161,10.327707792734268
15162,9.923720166851657
15163,11.923168076391795
15164,10.261615981970722
15165,9.28868698315546
15166,7.9021711358939335
15167,7.08677463008404
15168,6.959355476509167
15169,11.639606851874015
15170,4.62426138001497
15171,8.897976459728307
15172,6.021910815637442
15173,7.974856516781857
15174,9.26720693648146
15175,7.777261697445061
15176,10.277783183084372
15177,10.206701089223598
15178,6.056712825465389
15179,10.771508091489833
15180,13.696049944444328
15181,6.126288954916376
15182,14.624136217050333
15183,6.985379012174546
15184,7.938817238488776
15185,9.550652713872653
15186,10.952723124292755
15187,10.509647553204974
15188,10.703460535214445
15189,8.692488665014901
15190,7.530096192287411
15191,11.37090387276756
15192,5.165670903832537
15193,11.901781817597005
15194,9.395789462788207
15195,9.370098118201065
15196,9.98005032464805
15197,10.10497870381779
15198,7.52554256075243
15199,8.108382585834638
15200,13.729027205518149
15201,12.168057781577176
15202,10.032962498970198
15203,10.479351792069322
15204,8.749227156136248
15205,13.0081459679134
15206,7.0928282737621995
15207,11.071809353122307
15208,5.7511785008235
15209,13.165541891958668
15210,13.038994546975966
15211,9.880789106068635
15212,9.728259571277745
15213,7.974886148950475
15214,8.030597761032523
15215,4.381846092079197
15216,9.696892514567017
15217,8.289552248023204
15218,8.763560350959024
15219,11.610633499146468
15220,11.807639262410875
15221,5.353596183370238
15222,9.96820107998325
15223,8.055305221866808
15224,10.919591905167827
15225,10.053035663794317
15226,12.467446173074377
15227,9.180565603770278
15228,8.694410072836343
15229,9.398581155469179
15230,6.020689545144092
15231,12.524276694463065
15232,9.199188403973613
15233,8.097571676886984
15234,5.713012901644916
15235,12.536250362317494
15236,10.129527440209758
15237,10.21047138955751
15238,11.164159877995262
15239,8.053146173561464
15240,11.40218804408426
15241,10.097207848964567
15242,11.836737693570958
15243,11.25381830262033
15244,5.851402702158891
15245,10.095149810632124
15246,10.171927507047526
15247,7.050595673297275
15248,10.79675102937299
15249,9.86005946820526
15250,8.454152695938285
15251,7.668522283877456
15252,13.163346607239776
15253,6.369019946893918
15254,10.10308538397038
15255,8.466702150182316
15256,10.789395502950017
15257,9.263951947763166
15258,10.076881782863532
15259,7.552427142059207
15260,11.489205258576222
15261,8.879713712186993
15262,7.362961787006775
15263,8.406968613338327
15264,8.433961091353835
15265,9.307784990548639
15266,10.057229247366665
15267,8.965815684612325
15268,6.957819003242983
15269,9.768436746578258
15270,4.720315664627764
15271,9.917660827202022
15272,12.723126139750969
15273,8.908818322270163
15274,10.97895714451863
15275,14.776529735257643
15276,6.908092181638567
15277,9.984591121283282
15278,9.922093828800586
15279,9.82153344630432
15280,6.443315257390113
15281,11.41545476627761
15282,10.580988251694484
15283,9.316351878849213
15284,10.107395044526944
15285,11.533895786216027
15286,7.672290804506856
15287,7.147577194577961
15288,10.399053016280513
15289,8.008873034821336
15290,11.091227228687043
15291,10.122706126477254
15292,7.01839075867359
15293,7.551804741886
15294,6.0098992899067865
15295,9.302106398282005
15296,10.894050457037139
15297,8.238721785180354
15298,15.997261924901423
15299,3.946090040587521
15300,6.004165887913198
15301,6.295612120727414
15302,13.584259401399029
15303,10.526735289771624
15304,10.580527785599823
15305,8.053800315458853
15306,9.637518588620788
15307,5.949291408712144
15308,6.89075184073841
15309,9.64507515105411
15310,10.210885364642644
15311,9.118119810535719
15312,10.947219448233854
15313,5.996540961754353
15314,11.38524793468856
15315,10.29062299659677
15316,9.744208005284504
15317,10.244760180474357
15318,10.013848216867688
15319,9.415480579848152
15320,10.06093783661723
15321,12.517337561105103
15322,5.513447074767622
15323,11.68465581598746
15324,11.516345747253308
15325,4.662150127439201
15326,7.282275675189011
15327,4.774312876577898
15328,12.336806932962935
15329,7.000062774851145
15330,6.366275096992018
15331,10.127302165206567
15332,7.5745531288145855
15333,11.762148236117438
15334,10.293339710272262
15335,10.33320116210738
15336,14.368923163915065
15337,9.82592684330641
15338,9.415096289156699
15339,11.016570681710649
15340,11.156673846140935
15341,9.21832421372873
15342,9.739854098543367
15343,6.904982128598075
15344,4.584140699583147
15345,11.387071533169152
15346,10.845972463173732
15347,12.407536657957289
15348,10.692494311112126
15349,12.450296962805913
15350,9.61410574262389
15351,9.799393483041774
15352,16.16952934798593
15353,7.495578733204808
15354,10.18313291940745
15355,8.958813425813046
15356,12.222893951596037
15357,11.275802537725989
15358,11.740314306005237
15359,12.215001211155696
15360,10.089767157947366
15361,4.070653809221411
15362,8.214615526299474
15363,9.775696423413684
15364,7.682987998898236
15365,6.261849353011186
15366,12.87973352757326
15367,9.389239528946652
15368,6.919384806502331
15369,14.797440330062722
15370,7.847606676760597
15371,7.597891133683188
15372,8.113871635154043
15373,7.0113453526064795
15374,10.212561672296859
15375,7.888799620046452
15376,9.210823128929425
15377,15.169416714000857
15378,7.821510639875356
15379,9.883521362732045
15380,8.9808934236818
15381,9.784804509734384
15382,8.26814288351555
15383,10.03646758595965
15384,7.763935771461396
15385,8.94609773089804
15386,6.953817402705292
15387,8.135738540069989
15388,7.1564663410775164
15389,11.042287218794623
15390,8.07305031163103
15391,10.054756384672078
15392,9.909831961643905
15393,8.849892375689302
15394,17.061900957435512
15395,5.428508159169381
15396,10.371449437331364
15397,7.81416265015657
15398,10.96104410184647
15399,14.833671755003984
15400,10.86387195940904
15401,9.373674953753527
15402,6.002198099524275
15403,14.59485453595618
15404,8.841926972321852
15405,6.2682523647908255
15406,8.726583300608818
15407,8.828501967209986
15408,10.125270189033683
15409,7.479969710584358
15410,11.031300916245906
15411,10.163336017227403
15412,12.817261333798895
15413,9.883704203775698
15414,11.966303248017235
15415,9.991942363298753
15416,10.894068411165021
15417,10.917346850941167
15418,10.79696045806246
15419,10.250666491985404
15420,11.09578327084501
15421,15.39593091629615
15422,9.65286707429811
15423,8.241967006918985
15424,5.891740840322342
15425,9.031416764739754
15426,8.538559264757863
15427,9.883200806017607
15428,10.314632833520449
15429,7.518790185735273
15430,12.590639791268378
15431,6.927346835652335
15432,9.229254256327115
15433,10.531766470824437
15434,9.163057747381073
15435,8.024936053306147
15436,7.032504297680583
15437,10.476096459469828
15438,9.690548495697902
15439,9.830275513068164
15440,10.163171879839082
15441,8.89816723059039
15442,7.225261505754128
15443,12.605419208147548
15444,9.526795487186773
15445,8.523833975573252
15446,10.812162109065365
15447,6.273976308134559
15448,10.196091148077242
15449,5.03536430995553
15450,8.495127515564667
15451,6.11100074871823
15452,10.017566013458323
15453,6.937222937118165
15454,7.676534590368354
15455,9.065686524646855
15456,12.69563719995102
15457,13.600573964063686
15458,10.022002158456694
15459,10.78586234865376
15460,6.022374961425154
15461,9.239687223266708
15462,11.764837578947969
15463,14.839953107836212
15464,9.80957820963775
15465,9.236093132971158
15466,7.088440632942135
15467,7.141668844021371
15468,14.81060297956906
15469,9.948451893874592
15470,7.097962221548645
15471,10.010190410620465
15472,7.956688032570247
15473,7.690417237160731
15474,7.007525072329239
15475,10.939503850078284
15476,14.23266429889875
15477,8.870736522847386
15478,11.215869197658366
15479,9.55199758567674
15480,10.068940629722542
15481,10.90477111392377
15482,6.959070490869012
15483,13.165641836982255
15484,8.94344794049074
15485,9.340465833298813
15486,7.812402758974381
15487,10.764611044659182
15488,7.951813842055358
15489,9.79968641790524
15490,11.993540656643228
15491,9.113857402085374
15492,10.347585054252763
15493,10.27131200550499
15494,5.537391864284218
15495,8.139227302088207
15496,9.874107760569958
15497,10.287215669370115
15498,9.673859079663716
15499,10.393318511176224
15500,10.264253573075953
15501,9.998506182362798
15502,6.243006829448758
15503,7.890763230301459
15504,5.606004637392644
15505,6.835091409070085
15506,13.324234052394909
15507,13.065160765200478
15508,12.795052130392206
15509,9.738198391132373
15510,10.955947513349843
15511,8.522269696320036
15512,9.381868549988694
15513,6.9728436158649725
15514,13.87353271078944
15515,6.952966397814247
15516,15.345864018277585
15517,9.94170155857278
15518,6.959135738180759
15519,8.682606325970726
15520,10.455286129409837
15521,9.048507426396098
15522,12.34943981400916
15523,7.011940438043409
15524,9.513958451496967
15525,9.606335730821952
15526,11.876234889041225
15527,8.91315883424049
15528,17.3031644219314
15529,10.282241666232617
15530,5.443765388226166
15531,10.51204624617378
15532,10.302543125045089
15533,9.420673647600362
15534,9.75631880393257
15535,4.659778440422582
15536,10.455849857040148
15537,13.026760992941325
15538,9.533783671431083
15539,12.925147681567728
15540,9.51913160800642
15541,9.844312580241725
15542,8.996149644998392
15543,9.607654829486767
15544,9.414822587780693
15545,10.427385371022675
15546,10.368605071173052
15547,11.82801313488566
15548,8.12978861393328
15549,9.326388192683526
15550,15.061909195800675
15551,12.380138251877527
15552,11.841735811694331
15553,9.771154308352427
15554,7.226829051088744
15555,6.861601984903404
15556,4.014712715193913
15557,7.280699557308837
15558,9.915787602157094
15559,7.269227015404479
15560,13.947470302716301
15561,10.068150781772749
15562,11.876964388548814
15563,11.438041709547536
15564,10.123005212443536
15565,6.002537049076104
15566,9.596420581015229
15567,10.746240952380454
15568,16.392895131375372
15569,8.597436955888428
15570,9.399290041050408
15571,9.769297779167614
15572,9.489987405982243
15573,6.969557539657703
15574,9.109860775933283
15575,11.937019169722431
15576,10.124747424081715
15577,15.406028987726861
15578,11.374538694980929
15579,14.620278318386015
15580,5.799616670781073
15581,11.331057444185584
15582,11.523106937967816
15583,7.404994612255738
15584,11.68949148773461
15585,9.374786857004958
15586,12.28281056400172
15587,10.12423108535487
15588,14.471996615302096
15589,9.752785169864778
15590,10.922875979589575
15591,7.006170553254817
15592,8.95380665355985
15593,8.592551486047485
15594,9.84998072955605
15595,6.010403411772651
15596,7.12155084938901
15597,13.68273436188535
15598,9.289301127355268
15599,9.070014069689455
15600,4.233567231720379
15601,8.486078545377834
15602,8.577668077216037
15603,7.013112585407217
15604,8.537067114998885
15605,9.992365713376989
15606,5.951936669220636
15607,10.192671447183171
15608,9.224952350092126
15609,6.3690799485553455
15610,5.963971909996357
15611,7.450355113448811
15612,13.367621399329643
15613,12.092716627151972
15614,8.792641644936124
15615,8.50160967448644
15616,6.69637108937318
15617,10.42424990049099
15618,13.862610763203431
15619,8.308695130471682
15620,9.81760900591483
15621,6.0128438699920315
15622,6.08643997697485
15623,7.431526198530366
15624,7.6916605682833215
15625,11.540951528196453
15626,10.5635397536956
15627,16.53855728924749
15628,17.8220575180257
15629,10.404878749383608
15630,9.368931711927035
15631,8.12617019419177
15632,8.866464773927232
15633,6.102867984144819
15634,10.073589004931597
15635,16.01902742152455
15636,10.975238973140334
15637,7.260562887084637
15638,7.973146388158366
15639,9.614674144659356
15640,11.2017852513752
15641,8.421856217653259
15642,9.117239666720193
15643,6.363230898805158
15644,8.026370160618944
15645,10.494086980725426
15646,8.990022642178564
15647,9.917937501152592
15648,11.262571403849782
15649,11.092584914385009
15650,11.771955154082177
15651,16.74033743925726
15652,7.80214709752094
15653,9.955031232566332
15654,6.817820459631861
15655,9.754185419209945
15656,9.244887172033058
15657,8.595297174735235
15658,10.981619050051167
15659,10.231103835084822
15660,10.416708618594997
15661,9.783465518659265
15662,7.898347645713949
15663,10.906849026306109
15664,12.60668117132676
15665,14.47300315806903
15666,10.439535194919065
15667,9.827869992434687
15668,8.681134065470827
15669,12.83238278256677
15670,10.451961573917222
15671,10.288580372556
15672,8.033776608426487
15673,10.675437777195915
15674,9.913165954233948
15675,9.71525973165013
15676,11.54158488507735
15677,8.536134367512924
15678,10.629376923816652
15679,8.628985558125295
15680,9.759642745445609
15681,8.042290781574978
15682,10.017349489954372
15683,11.500590878266182
15684,6.30614553378558
15685,8.157157334359367
15686,11.51517212445606
15687,6.485957593357558
15688,7.432245851037365
15689,7.881494258964695
15690,11.635821318437626
15691,10.907752095463627
15692,14.354006199846884
15693,6.854479389108578
15694,9.67628819273043
15695,6.99685319940181
15696,10.180785470405356
15697,11.441918810658896
15698,10.339939022020603
15699,9.51106418556621
15700,9.931103740715836
15701,9.659874148508615
15702,9.063647221911145
15703,10.633732302012257
15704,10.943437661189922
15705,7.024621977986442
15706,8.94463888892338
15707,10.661608986076539
15708,9.721103159032085
15709,12.325535439561323
15710,16.12429111696797
15711,9.737464721396675
15712,10.468557333053917
15713,9.907507345893757
15714,8.278155317138538
15715,6.50202770619342
15716,6.299628891479665
15717,7.8477035093550995
15718,12.527929747696993
15719,7.544944032965585
15720,10.287146259182409
15721,11.173754528671727
15722,5.973941017656555
15723,10.464918052490384
15724,7.934891143017111
15725,6.105537615738735
15726,11.104476187142506
15727,10.008294572471359
15728,5.9908208512748855
15729,10.609421677109394
15730,9.271713041660659
15731,8.358729745729148
15732,10.513385778863304
15733,8.980266420801984
15734,8.774037573260868
15735,5.924787104413478
15736,10.337683399151816
15737,6.877500697461976
15738,8.725399323748123
15739,9.847965583998297
15740,7.9757709279302365
15741,9.639004148393925
15742,9.780891888580664
15743,9.293581517765292
15744,10.027156282585624
15745,14.507322853275424
15746,5.526879393160991
15747,7.05025425856784
15748,9.683437569404704
15749,9.873461475926545
15750,8.203669414829948
15751,7.803945880297007
15752,9.674172652457598
15753,6.97784973442594
15754,10.554458717485339
15755,10.023067077311199
15756,9.40750672005707
15757,11.62590419962473
15758,9.52978437144011
15759,11.134020332006058
15760,8.49263654300677
15761,9.139871535106176
15762,13.8389235651706
15763,17.346889451147362
15764,8.672555749759
15765,8.528782797207858
15766,13.759305972727015
15767,10.25806328492231
15768,8.608904702562944
15769,10.372583545084405
15770,9.034046957297504
15771,9.219812295825266
15772,10.860008153086019
15773,9.167798992055618
15774,7.2345940430054245
15775,10.8465746581415
15776,13.725539982875599
15777,7.063509821943901
15778,8.055060089124707
15779,11.071012419261647
15780,6.916292709008529
15781,11.244484338407927
15782,9.697985725390003
15783,5.663338460392202
15784,9.815965683029082
15785,7.653994577652746
15786,7.312957171542481
15787,10.283565046340362
15788,10.384804555473403
15789,8.777976145105049
15790,7.028748114348598
15791,8.174295574434728
15792,9.833727477531136
15793,4.9652027807600785
15794,10.545408017456316
15795,10.068733424537177
15796,6.061805531591892
15797,9.630450090786946
15798,9.742170941294846
15799,6.948356023969083
15800,12.908576310792888
15801,12.688307688696801
15802,8.172988632102916
15803,4.987146875912374
15804,6.982339023628166
15805,13.111208137276249
15806,9.16825947635416
15807,9.903155620420614
15808,14.430480155917369
15809,10.122482335235057
15810,11.366880742182218
15811,10.652836909670073
15812,10.220242536615887
15813,8.463412122527322
15814,6.061120951081203
15815,6.979557346863752
15816,10.706242136461954
15817,9.809336072504019
15818,10.569558293514818
15819,9.890822682548885
15820,16.944964385072225
15821,8.850685565725646
15822,10.362648957509153
15823,8.672064609081326
15824,9.927705377415824
15825,9.28957592828809
15826,7.1071633468911415
15827,8.046013384091998
15828,10.810306298609996
15829,10.351197021951622
15830,9.241276691411956
15831,9.583277205877542
15832,10.899158588108635
15833,15.130906195158646
15834,14.690085687307965
15835,9.933794673821525
15836,14.682900414826161
15837,7.028561027499132
15838,9.97119381709838
15839,8.532887407731211
15840,7.928924905619384
15841,14.396129358021168
15842,7.268665402329528
15843,10.83471499303067
15844,7.033111656182909
15845,15.148590578781867
15846,9.025550326871235
15847,9.038941990746979
15848,9.504804544289685
15849,10.175017065513947
15850,4.999069033652687
15851,10.086826198677
15852,8.938447664004626
15853,8.682761000081717
15854,8.222455257758183
15855,17.216796826004906
15856,9.712078230226902
15857,9.128950409496793
15858,10.138591434433275
15859,11.163224473312013
15860,10.627406302052195
15861,9.349357533523962
15862,7.965046837497752
15863,8.957483876224783
15864,11.752849771324916
15865,10.228167698050322
15866,5.98157526588255
15867,10.264580463971539
15868,8.964118412438415
15869,7.081141927180754
15870,10.969978250146934
15871,16.99382347065677
15872,8.951123907604833
15873,9.38832048302883
15874,10.128936035428184
15875,8.67752722908259
15876,9.1695558931581
15877,10.08784289918402
15878,9.480638679561286
15879,10.24411992166707
15880,10.300812458691906
15881,10.415926435660156
15882,7.0474856379584505
15883,7.013082113152821
15884,7.626728670881542
15885,10.731873355185474
15886,8.67168653839345
15887,7.436239181825506
15888,8.99167554391934
15889,9.65141764344231
15890,11.572614689720924
15891,13.16916994515411
15892,10.301072687012509
15893,6.977633557717946
15894,9.55449661658602
15895,10.96613664719281
15896,9.48968092155537
15897,11.237634183371055
15898,9.993377472963852
15899,9.82932167827102
15900,6.338564311360416
15901,11.491043948863922
15902,10.828032900079423
15903,8.365030106671318
15904,9.000827007317161
15905,10.402352658814797
15906,12.509600980239727
15907,8.156906233410309
15908,8.533790549662877
15909,9.925892159039408
15910,11.999362129304645
15911,8.692805100087421
15912,10.042999172374058
15913,6.006702571951288
15914,9.121764703635987
15915,9.714672730838332
15916,14.155452567355793
15917,9.416244137384295
15918,10.947360326369116
15919,9.41641494293266
15920,10.675197543274919
15921,8.600682997729015
15922,6.965756567201224
15923,10.64353014632829
15924,9.317776996386238
15925,10.100332114613844
15926,10.920225704888427
15927,12.022116539968724
15928,6.025403099179303
15929,9.89430881926508
15930,6.019504018659927
15931,7.787987510729343
15932,9.150002419205952
15933,4.926133438575119
15934,11.255622874095629
15935,15.324787380655495
15936,9.39525624109323
15937,9.994859547621624
15938,9.888701819803254
15939,5.057970402432205
15940,6.973192848973911
15941,11.004696300001804
15942,10.960953984905949
15943,9.592808868724925
15944,10.702959994473831
15945,9.948297699009087
15946,9.125964189771482
15947,8.106556606791377
15948,7.909319842489225
15949,8.731188871333964
15950,14.168042769849098
15951,10.039789237733833
15952,6.375451973959825
15953,9.775881739172748
15954,10.088175144127538
15955,8.816570836530472
15956,6.080020573036377
15957,11.764925752474701
15958,16.149069062697993
15959,5.906853618399782
15960,10.302218743059369
15961,10.728579843908705
15962,16.326195625901125
15963,9.231669357935937
15964,10.321244878838337
15965,7.505205403884851
15966,10.404310459714479
15967,7.23575175160847
15968,9.800042357893032
15969,10.120753633154818
15970,10.054792253616137
15971,10.433246482832336
15972,7.96600550022543
15973,11.007797001417105
15974,6.117841004228516
15975,11.960240537393142
15976,9.454934857897138
15977,10.346352093635673
15978,11.021125154104668
15979,7.165579628315477
15980,9.071609444981236
15981,8.020144534046716
15982,11.271756116756574
15983,10.311039495281749
15984,9.827991432277928
15985,11.025518076740243
15986,7.905636698272618
15987,9.19313629094564
15988,9.800286533951658
15989,11.322039077698586
15990,9.812905307781092
15991,8.078645935133986
15992,11.36303200984756
15993,8.116849504138576
15994,10.076362930915044
15995,8.166629026657828
15996,9.438129266948264
15997,12.233142979577583
15998,9.735827393604728
15999,10.724691313413592
16000,10.90053962698657
16001,14.44110767845609
16002,9.676966942959877
16003,13.98478666452589
16004,10.012128255595572
16005,12.048224357460086
16006,10.69658374819503
16007,10.035297616343032
16008,9.47107054706179
16009,5.363992016073465
16010,13.418123249154329
16011,13.743500570406018
16012,6.013496169644776
16013,10.961638545999259
16014,6.961613400508808
16015,12.721499601686034
16016,13.0927989625271
16017,6.005591620057486
16018,9.741426429117274
16019,7.546448641760705
16020,10.0324122930939
16021,11.00297707698831
16022,13.097285208082832
16023,12.792778851384096
16024,9.556222381757722
16025,10.581449185055307
16026,14.715934928260687
16027,3.9999999999999982
16028,5.459891308549199
16029,9.046137989216374
16030,20.012341354750525
16031,8.187471352988917
16032,12.35692646488889
16033,10.298968663744644
16034,14.033696538737782
16035,11.227683384951828
16036,9.645689226358675
16037,10.9267739601003
16038,5.624251567566763
16039,9.199869930716241
16040,10.71777699366424
16041,6.997946882522319
16042,7.021592320042391
16043,9.966395842076038
16044,10.43666250523002
16045,10.89918927520183
16046,13.861845174319958
16047,8.673694280292752
16048,9.659977231994757
16049,10.566846225572673
16050,11.027211743697023
16051,7.14475701571665
16052,12.058096448888376
16053,14.127999838702332
16054,8.000080348630247
16055,19.686869379288847
16056,10.52196645527159
16057,10.678758146435205
16058,19.956770369358836
16059,9.845347967398174
16060,13.591486597270764
16061,6.366602017050683
16062,4.6099712757795785
16063,15.967034043230504
16064,9.924753273735059
16065,10.173348529848939
16066,8.589272654335124
16067,9.406630341386938
16068,13.28612046536385
16069,10.272902482703916
16070,9.333188078458344
16071,9.735044591501653
16072,7.417829838535839
16073,11.863319509458728
16074,10.656596669288714
16075,9.130719138519142
16076,9.572408474850741
16077,7.966037635123147
16078,10.895305150829438
16079,9.574306069505836
16080,9.796633702066535
16081,9.655129368270787
16082,9.670896792994006
16083,4.03232255653832
16084,8.877976285794174
16085,8.20242662050657
16086,6.108185150939548
16087,7.924100237331158
16088,7.867309188012285
16089,7.3618790315529195
16090,13.668422768468563
16091,10.514578889447252
16092,12.647574466382329
16093,12.121360687917067
16094,13.686461191262902
16095,6.206033728143119
16096,7.923931874487376
16097,6.09554354139058
16098,9.576957459781491
16099,9.141291352462366
16100,9.877841433302796
16101,13.441980751598186
16102,9.62111453783635
16103,6.274084754844068
16104,7.7353897628879675
16105,7.893683717191063
16106,9.460871247108232
16107,9.136974431317975
16108,11.102085955809944
16109,9.321378778917248
16110,8.053660442068763
16111,7.154609024590604
16112,8.025429947437965
16113,10.729594735064023
16114,10.69368397784974
16115,4.055635622529104
16116,10.204336856172587
16117,9.965352476251232
16118,12.644674116146048
16119,12.060940841872279
16120,9.086078609621383
16121,10.267440626453832
16122,9.968761504556342
16123,6.955461594058919
16124,10.768974258020702
16125,5.897046877939468
16126,11.5069541515071
16127,9.380040556731965
16128,11.059195588259358
16129,9.406623887776979
16130,10.716623117662119
16131,10.826856357907083
16132,9.218000654975077
16133,8.85619307285537
16134,10.346710250506517
16135,6.895840317075912
16136,9.431913824134897
16137,10.936880615515847
16138,7.076886380339944
16139,9.175872176578606
16140,12.519049305804783
16141,13.20597252505137
16142,13.747061978620208
16143,9.424878752036774
16144,10.863968106078131
16145,8.44617636517385
16146,10.032308735507206
16147,9.105759531916972
16148,5.262719938682927
16149,9.776014633324438
16150,8.017520335523079
16151,9.060498631939781
16152,10.084015547524588
16153,6.941726374052497
16154,9.380895702116396
16155,9.468699802223599
16156,11.679959707069981
16157,14.693396336837639
16158,8.118273931585994
16159,6.2957316587771714
16160,15.24759804881373
16161,7.918979694208687
16162,14.731135391845255
16163,8.287729890920227
16164,10.625814614935075
16165,9.301952894318296
16166,7.898956317426586
16167,9.30872918320964
16168,8.51699464661151
16169,9.961903061104332
16170,14.36116367206304
16171,6.121028124367788
16172,16.161142064884395
16173,10.390047271315007
16174,7.081771800491101
16175,11.305860728945682
16176,4.757660710600843
16177,9.629617531204625
16178,7.103967305369746
16179,5.410698513690665
16180,8.818358961988183
16181,9.920756903099177
16182,10.11118467561524
16183,10.007776089428146
16184,9.459008812300665
16185,6.269714441374253
16186,9.841064284290274
16187,9.080204684623974
16188,9.879312821478125
16189,15.098231084708738
16190,4.298040751557992
16191,10.313007463713062
16192,9.359709442848994
16193,9.418825481293903
16194,7.901532992507068
16195,7.459311461561965
16196,12.775653743800959
16197,8.369773474938485
16198,9.931202128502227
16199,10.028526552622266
16200,11.483345336769146
16201,12.429142108230979
16202,8.971725969151182
16203,10.966683587622304
16204,5.489303455014414
16205,10.774896104849885
16206,9.289386732421919
16207,12.512377529270887
16208,9.981240986848308
16209,9.0697442519289
16210,7.164286031303961
16211,4.002449164005845
16212,6.960613864775043
16213,14.285392295576198
16214,4.653423377939947
16215,9.364349169275625
16216,8.327437985520637
16217,13.692524823500717
16218,8.949030643549987
16219,9.652761499422185
16220,7.710564000565775
16221,7.733372159381808
16222,10.085867276494598
16223,6.187064260601582
16224,10.452160404579407
16225,10.299641243773673
16226,5.938546459725226
16227,10.77699960652014
16228,7.28434485868207
16229,5.086529950979746
16230,10.095346325854534
16231,10.738016194613687
16232,7.001009207912814
16233,9.672920723382079
16234,7.006856077447333
16235,6.0237599169323355
16236,8.807301325151
16237,11.964276030885598
16238,8.690253921097812
16239,10.175044846389321
16240,6.0171401121409405
16241,7.290872598711395
16242,8.472936020049195
16243,9.853489218066168
16244,8.01794596210305
16245,5.78732207756808
16246,12.283490234740514
16247,6.536566714775329
16248,11.836937979838652
16249,10.467045311574717
16250,8.784235047378635
16251,9.677322551275827
16252,8.143047423905807
16253,9.805283807873662
16254,9.930579749668079
16255,8.37614356401397
16256,10.86118368264128
16257,7.746442231000712
16258,11.228792362529989
16259,13.603012951451356
16260,10.322305347825257
16261,19.39665172368722
16262,9.750426948117378
16263,13.365171743093834
16264,13.525339170769984
16265,11.48984814420193
16266,10.907494789318964
16267,9.756524031889262
16268,9.456698872369868
16269,11.083820676635987
16270,8.812761371043669
16271,15.121149866178108
16272,8.486503159619096
16273,10.048210040893059
16274,8.872601400550275
16275,9.109976076358459
16276,7.115356047222713
16277,6.894391128687465
16278,10.210163675759587
16279,13.595263580432944
16280,11.162944381621626
16281,7.971149952619728
16282,8.926845738485296
16283,6.982009479738629
16284,9.044921417108645
16285,11.807234122047985
16286,7.710309889759589
16287,6.789387870304827
16288,9.410972149370393
16289,9.08437048323704
16290,9.906907940579059
16291,8.980194537344778
16292,6.128880521914058
16293,4.07511687689339
16294,9.527464532057317
16295,6.0220124274938325
16296,11.9180595968653
16297,12.391922228353348
16298,10.03451433339711
16299,9.949190703910132
16300,7.848929200824381
16301,7.338801823845836
16302,11.656440831556283
16303,6.014269476012828
16304,10.578721236341407
16305,10.170897382096403
16306,3.9999999999999982
16307,13.357768303554083
16308,9.708549645368452
16309,6.356063445431776
16310,7.043227022075792
16311,8.04276890334558
16312,6.003859087730119
16313,11.246671661027213
16314,7.5879897967402155
16315,10.048276473423849
16316,10.598870848396848
16317,9.992999657862585
16318,5.951102092064217
16319,9.051777560159136
16320,9.92421471695104
16321,13.291933820231913
16322,9.964360580433452
16323,10.435663559298552
16324,8.7706113657482
16325,5.943294626078392
16326,11.51709964298576
16327,11.371929328643821
16328,7.447128907512761
16329,6.223429796205991
16330,7.606751273188743
16331,8.283885375393064
16332,10.721199081281693
16333,11.413058186803811
16334,13.304594363464528
16335,12.340129717235364
16336,10.0172065862938
16337,6.009109654397591
16338,8.75751074355995
16339,10.23116034297494
16340,9.993027272614428
16341,7.3626852741222
16342,15.758458728459289
16343,10.081994070891307
16344,10.161006870676585
16345,10.31329356216915
16346,10.08483239639911
16347,10.240534911171698
16348,10.467979240727631
16349,15.676007315294152
16350,13.026353848376148
16351,8.799356720509616
16352,10.962356854280307
16353,8.577213187773685
16354,10.203219376646805
16355,8.792912315876185
16356,8.978598561843624
16357,11.11817698012874
16358,11.926324075136927
16359,9.228496204416706
16360,10.515824600215796
16361,6.491723542046158
16362,9.693582706882951
16363,14.031554473814177
16364,9.940306858475703
16365,9.469441787718766
16366,8.806815365645663
16367,9.930853347344014
16368,7.429106264854701
16369,14.436869757434492
16370,14.912267273975749
16371,6.262706624463977
16372,11.194059656539014
16373,8.299408661809798
16374,12.043205661585837
16375,8.740131896485538
16376,6.778594043843594
16377,10.015820061678385
16378,6.022297026303231
16379,11.00306101235468
16380,12.454104724581534
16381,9.206804733047415
16382,12.251168156556124
16383,8.817658395442917
16384,7.933287989350848
16385,10.103201732853714
16386,10.538065881590244
16387,9.160838155642745
16388,7.788764830398694
16389,7.877448611645043
16390,8.482440168566514
16391,11.540028545834728
16392,11.435069524544973
16393,9.399701344190346
16394,10.110671421347279
16395,8.83533290578193
16396,12.019024255672113
16397,7.800460029579543
16398,9.973177545972499
16399,6.1686472376384565
16400,11.712138313816672
16401,14.80257889901611
16402,9.783263312077578
16403,11.084241610774415
16404,12.992300282309552
16405,6.939162168773199
16406,15.074580516223632
16407,10.07930006587779
16408,10.98162929477582
16409,10.131811176392093
16410,10.523050723864346
16411,8.790949938712368
16412,8.876717227347553
16413,9.987337801445689
16414,15.484553012175992
16415,11.06120043099311
16416,11.062735548050526
16417,10.283172431403143
16418,8.086636741163703
16419,7.03525190683686
16420,6.183287079603749
16421,7.727753513576582
16422,8.80675077931812
16423,9.727467385084255
16424,16.310956934671683
16425,7.036266766037098
16426,10.230632312039583
16427,11.997704703287983
16428,11.840127078395493
16429,5.153957631089603
16430,7.7687448749491725
16431,9.966365003839082
16432,7.554826890712395
16433,7.65067956617116
16434,5.123642977511244
16435,7.25068883249277
16436,7.708869536650358
16437,5.3836769610174215
16438,9.692836970144251
16439,8.667666927736763
16440,10.799465263277144
16441,9.641060679529543
16442,9.03277555221739
16443,11.230282766186848
16444,10.900812941514355
16445,11.029953057210028
16446,10.33576622951691
16447,5.012197240126133
16448,7.605261007309481
16449,9.842470338081194
16450,4.830780767927572
16451,8.089168828240473
16452,9.677245009668303
16453,9.761635467460946
16454,13.77890738265641
16455,13.308332384219797
16456,14.422975389475727
16457,8.043797289539077
16458,8.67676238656736
16459,10.117648299763873
16460,14.223758921053847
16461,13.296344758208585
16462,10.800587025090582
16463,5.410194272471859
16464,7.090305691186651
16465,4.925562294241177
16466,10.208914932725206
16467,9.144776793185992
16468,10.569723352120077
16469,10.722219461805723
16470,8.220687305526832
16471,10.603316077424408
16472,13.825861372710726
16473,7.0522139024048585
16474,9.952317603414672
16475,9.321639083547913
16476,9.489982138136279
16477,5.967370445357705
16478,9.99280316207515
16479,6.1018821768622225
16480,10.951168902550522
16481,7.694423939652138
16482,10.653975805255888
16483,9.226009659638022
16484,9.296935901873889
16485,11.585485107462082
16486,10.198449232708404
16487,10.105217229302157
16488,8.068874121201917
16489,10.278927853575764
16490,8.988626413504813
16491,9.388941641895014
16492,8.78212408367642
16493,10.110251847818825
16494,10.048690634362535
16495,9.319604434370179
16496,9.90244576518934
16497,8.787557880540975
16498,9.156471659517495
16499,9.741604278366667
16500,10.142881767407717
16501,11.697833840028865
16502,10.203353264186804
16503,10.793317056664979
16504,16.290181102385553
16505,8.46815617793199
16506,6.273281501198259
16507,8.218303645659843
16508,12.82479986404857
16509,5.465796284148954
16510,10.01871117238973
16511,9.441813784096015
16512,8.890446391954848
16513,12.797071646151299
16514,15.36834382503975
16515,5.302074684396451
16516,10.821582982354231
16517,11.800449624754625
16518,9.086958947374134
16519,7.075696221691999
16520,11.941268349288052
16521,7.286939359565185
16522,12.242802340230641
16523,11.391725872785624
16524,10.830371116124153
16525,5.3582079485597385
16526,6.997258833270251
16527,10.96726215967879
16528,14.03003098912231
16529,10.134697787103688
16530,6.986760823358239
16531,11.303776762557396
16532,11.780261614077835
16533,11.703970670614341
16534,10.204055474254384
16535,9.494239254112225
16536,8.66703883267507
16537,4.3797169567624215
16538,7.838137222441574
16539,6.543608218588332
16540,5.4686982061259855
16541,10.076102815291039
16542,6.066254095357318
16543,8.726986204855207
16544,7.076666101426175
16545,7.453585940110027
16546,7.025528955240997
16547,9.033495186507599
16548,15.149300076703458
16549,7.562170611913611
16550,8.311130703637636
16551,10.674953598415872
16552,10.379894078910018
16553,6.395514094942952
16554,5.639380173937692
16555,11.308742787887168
16556,9.009000580442342
16557,10.269358502382213
16558,14.219184560425598
16559,3.9999999999999982
16560,8.934328107880118
16561,9.838484512464705
16562,7.213776867893349
16563,11.032638687229484
16564,9.491576678571468
16565,14.315708840079584
16566,11.58926686480239
16567,6.902835108876129
16568,9.502877659675265
16569,9.58434398101443
16570,6.874394718947949
16571,7.553958436328996
16572,6.842975472641374
16573,8.184508701998022
16574,8.363177374293235
16575,9.386189431075922
16576,12.162649717898624
16577,8.061089032765521
16578,9.241620495402385
16579,8.947311500635278
16580,10.792980488922863
16581,18.019755585821628
16582,9.638217806315806
16583,8.454878820170014
16584,12.12589716620014
16585,9.28391633414382
16586,9.956477386651128
16587,6.132258010484996
16588,10.009277881292357
16589,9.557031574055879
16590,6.076680863451386
16591,11.962215385827724
16592,11.95851746356372
16593,7.763445927179122
16594,8.819155575525967
16595,14.495125943996662
16596,9.780970973437691
16597,11.149634912598252
16598,18.83789474739027
16599,9.128199475402793
16600,5.99341560046033
16601,7.472697524578818
16602,10.005123806646877
16603,8.060467498822122
16604,7.979404689675267
16605,8.614182871687115
16606,8.864853600548367
16607,5.9218045919989795
16608,13.796159938585
16609,9.939460359810509
16610,10.58341014683145
16611,11.882668919992296
16612,10.132394676888238
16613,6.694484165271076
16614,8.933728993444726
16615,9.442482031014423
16616,12.414163780828192
16617,9.659193517287354
16618,15.10258680623644
16619,9.390204366000349
16620,10.082590786133592
16621,9.523161640463696
16622,8.932042645196672
16623,12.811694174172674
16624,11.041407650939261
16625,12.587674116185578
16626,12.849270655916046
16627,11.292388638362276
16628,10.350015690689125
16629,10.410085888656626
16630,10.007333394928802
16631,7.265896018985025
16632,10.889519441167964
16633,9.104128424968172
16634,10.883762619019027
16635,7.837099493476492
16636,12.181199472931402
16637,17.95198687966127
16638,8.897525918167014
16639,12.120796187184043
16640,16.879255742323448
16641,9.46708869311705
16642,10.435795752433917
16643,12.279089001359102
16644,8.470003418571503
16645,9.541480491079467
16646,8.746635295983639
16647,10.903870690804485
16648,7.9254191093958415
16649,6.951310951490333
16650,9.959211147131253
16651,13.116003570194048
16652,10.714554159155062
16653,10.323799192487177
16654,7.185455059139425
16655,11.233431976683084
16656,12.631481865479008
16657,5.7393027393277825
16658,17.93432243645632
16659,8.862085396320433
16660,6.8020251696672585
16661,6.923292336141412
16662,9.826274489888723
16663,10.244649026189185
16664,10.934765262143932
16665,10.396412717740821
16666,11.737524194646532
16667,9.484445700645162
16668,9.440342836457392
16669,8.679788293232766
16670,6.111463134003907
16671,8.892531722156653
16672,7.896216850246692
16673,7.6562625471457615
16674,12.042568160160322
16675,8.966752070707217
16676,11.123498728093656
16677,10.533688718870465
16678,8.681519402014844
16679,6.376001430481702
16680,11.962326249480736
16681,8.168313474120483
16682,8.047188548336111
16683,8.463670875758412
16684,12.115409661789299
16685,11.96211440212589
16686,9.931785221372108
16687,14.49798231924766
16688,10.003295159822
16689,9.957481107774997
16690,8.085129700372532
16691,5.997539413352173
16692,9.400621507661276
16693,6.945405883777834
16694,8.796985320168583
16695,15.792770405790336
16696,7.5099691129467345
16697,5.08726909792096
16698,18.38858323485791
16699,10.954484228905716
16700,7.3312968653178086
16701,5.179894773866845
16702,7.29582157309444
16703,5.934402576596704
16704,9.042106206679017
16705,9.236630188309766
16706,4.267871670212741
16707,9.17086519500304
16708,7.848648866542195
16709,8.339298841267597
16710,10.011120992225026
16711,9.854350608818416
16712,12.631917143685135
16713,10.763879036647621
16714,10.246692162770442
16715,5.8573334955838945
16716,10.591607783860484
16717,11.741306563234893
16718,10.523387911335261
16719,13.821053675485242
16720,11.402323687665692
16721,9.998039809556468
16722,15.80115481925459
16723,12.727377511022295
16724,14.02467301113933
16725,11.015908106276088
16726,8.696685543678234
16727,14.072695606173069
16728,15.18739127857466
16729,10.750792542887426
16730,6.971752368845891
16731,12.368169049510447
16732,14.053276657705483
16733,7.980193826581953
16734,9.64845937068988
16735,9.982786034405338
16736,9.182715837058447
16737,9.228813434467819
16738,11.72170202654474
16739,9.8335265235969
16740,11.12069541875384
16741,10.411210757026575
16742,8.15994367640607
16743,10.103354121386174
16744,7.0302880591534205
16745,8.878662823038395
16746,9.155052224811216
16747,7.024121207660928
16748,9.589256336464048
16749,9.795966236942908
16750,7.980559430054443
16751,11.117166875071378
16752,7.746845082655801
16753,5.057204271376364
16754,9.063624347865817
16755,9.920992196053822
16756,5.989712833462613
16757,10.045475018275654
16758,9.406260446817067
16759,10.129625186479666
16760,7.3320271719273915
16761,9.823555832240226
16762,11.050571636525328
16763,9.322489357256854
16764,4.973133736459417
16765,10.764372119243879
16766,6.388718596159762
16767,9.392037521534844
16768,9.077436068593565
16769,12.11651996207135
16770,16.142253938294598
16771,9.038394179908193
16772,6.232207949029831
16773,11.18382681677724
16774,7.806773468544524
16775,11.505298950522041
16776,9.037877454871127
16777,6.994494265034419
16778,11.371520906974366
16779,8.097177130406754
16780,7.25851575181313
16781,7.019444534355383
16782,8.087424105272879
16783,8.522855016459525
16784,13.659080410734203
16785,11.801111380741784
16786,5.000472174517944
16787,8.810640791454299
16788,9.198333539504011
16789,6.743707714075045
16790,9.705721817748158
16791,10.153261285538024
16792,10.581960950203323
16793,9.802850478587404
16794,10.03843305328648
16795,8.240703112170545
16796,11.090349348859277
16797,9.576494052557601
16798,13.406744551917742
16799,9.849163758151109
16800,10.544004253512435
16801,14.223175903140046
16802,7.189913750355837
16803,9.053529654756447
16804,8.476398690594474
16805,6.560879812369629
16806,11.334344612552885
16807,11.120552807808012
16808,9.652714307148797
16809,7.093829600825628
16810,9.548416179725956
16811,9.542526742130095
16812,13.717908691083336
16813,11.367446244344082
16814,9.258108399796702
16815,9.693737081691731
16816,10.434074925118853
16817,11.666669107210089
16818,9.187951359365053
16819,11.391147704607532
16820,7.806318296299311
16821,9.890799940637558
16822,6.986798600379178
16823,6.94193404220359
16824,7.721223985775152
16825,11.259127081449973
16826,7.93104425420869
16827,7.199065598830634
16828,9.288750171704573
16829,4.959574973496658
16830,10.05174680568812
16831,9.973594869590874
16832,10.575586841229493
16833,7.34107406906255
16834,9.422217821992712
16835,9.737361599308292
16836,7.863554844926972
16837,8.64084463604694
16838,8.73121290287771
16839,8.3480896890528
16840,11.598518073665122
16841,12.75825052010194
16842,9.869776879913873
16843,11.031813676836345
16844,6.221906662774369
16845,6.104690277653676
16846,7.40068395975679
16847,7.346719075325593
16848,14.131534048018468
16849,10.210841784694496
16850,10.30477722181065
16851,12.253081301134927
16852,13.37917285543245
16853,9.059239352952892
16854,6.095989084187783
16855,12.022621971067293
16856,10.225986001559148
16857,15.686018653699959
16858,12.009205957118745
16859,7.03897399218679
16860,9.483442206991233
16861,4.906750863973727
16862,9.97340874985881
16863,4.069021107967847
16864,7.94656025946739
16865,9.207378214138524
16866,3.9909764721840455
16867,9.380312458118182
16868,8.903520350191132
16869,9.405529076379088
16870,13.662673543768177
16871,5.100636897622692
16872,5.389985920895368
16873,7.875403079287114
16874,7.002576870133378
16875,9.845323385820945
16876,8.816342722823242
16877,9.631581629533967
16878,9.649850410024778
16879,9.973470468937473
16880,8.083153111942066
16881,5.2367577667610785
16882,7.600927097994997
16883,3.983994389305624
16884,12.62887277792196
16885,6.10860303721512
16886,13.505156649431617
16887,15.718868123992552
16888,8.305583460396553
16889,17.84826905117217
16890,7.754157955044201
16891,9.125946077516938
16892,11.650833577649257
16893,18.01993406149418
16894,10.751501617760555
16895,10.070324841908972
16896,10.505741762605004
16897,11.362084344900618
16898,9.274052699353705
16899,9.874838309421195
16900,12.543889273559527
16901,9.14623031653043
16902,8.397860537803863
16903,4.681743155262046
16904,12.519936568104493
16905,7.160283675202819
16906,10.905205990403436
16907,12.806778894652199
16908,7.1290721959851915
16909,6.028230803028166
16910,6.904953468059626
16911,6.840474996957838
16912,11.44879350402868
16913,10.567881138881296
16914,8.953889388406216
16915,7.015898826628712
16916,14.963633439168959
16917,15.434224804202229
16918,7.242289261297385
16919,9.55140024830324
16920,6.93271882586593
16921,10.251811442700893
16922,7.095417602312958
16923,9.569939896596901
16924,10.044980982945757
16925,11.144340637866678
16926,10.067952891213785
16927,12.454925616797267
16928,7.030749905308944
16929,6.928375646468796
16930,10.546306107370045
16931,5.955222131022705
16932,8.578551845077465
16933,8.797053748569764
16934,7.166650990741434
16935,14.174020098067656
16936,9.316467273959871
16937,9.491772969590295
16938,7.719364453311922
16939,6.113678797500059
16940,9.538984706490636
16941,7.972211932205381
16942,8.696589876630716
16943,12.667827469297082
16944,14.843258399890024
16945,10.190795064438424
16946,4.4382752579243725
16947,10.357170240801514
16948,8.07915448606944
16949,7.004307335415971
16950,14.197816474324332
16951,10.044365245121659
16952,7.026000580303602
16953,11.26453586788051
16954,7.665068935785712
16955,14.595922064957435
16956,10.124914589085401
16957,11.557409010399429
16958,13.089637178176416
16959,9.304570567772123
16960,8.349619073916296
16961,10.404674298862814
16962,12.529300800521233
16963,20.459827167019327
16964,8.93857641047641
16965,10.753266962545784
16966,6.125160234838447
16967,9.86658031529039
16968,12.24687205852579
16969,10.58745734549745
16970,10.822256641864056
16971,16.246297715301164
16972,11.069412235875676
16973,9.61420348332465
16974,10.490170666837551
16975,8.892681043600495
16976,10.651900801332031
16977,10.597202666636573
16978,10.380317174533927
16979,10.530045132558977
16980,7.411698370316289
16981,11.2596265676903
16982,10.154450879737988
16983,11.871620381891463
16984,9.06290601857514
16985,7.152232278343787
16986,7.011786455879006
16987,10.217530958233107
16988,7.766076226805037
16989,9.168282284452806
16990,10.856898391598111
16991,9.009062299260863
16992,9.335756181830925
16993,10.350140003120247
16994,11.063960675694814
16995,9.795736663981307
16996,10.267913868362635
16997,10.11049348565483
16998,9.901452404840072
16999,13.737122686574752
17000,10.027953979322353
17001,12.267427553349513
17002,10.134640165320858
17003,13.819449250588692
17004,11.550891938039438
17005,10.482962049419656
17006,10.361624461803975
17007,5.3296727766991845
17008,11.399671009018936
17009,5.994536226999595
17010,13.689096625133562
17011,7.384898916514777
17012,9.046864554314103
17013,6.5869681939127265
17014,8.150068305655408
17015,7.727537103710684
17016,9.621940999505556
17017,11.174665881512373
17018,9.340303875369228
17019,9.133089227158917
17020,5.420484976034901
17021,7.012528171298149
17022,12.336829836881714
17023,5.717022780492533
17024,10.903594170878671
17025,8.84381253320212
17026,9.66166755678161
17027,10.016721648449598
17028,10.154353388204692
17029,8.43726417568334
17030,14.017376342391191
17031,5.736175859875966
17032,8.956888215805082
17033,9.845243196054222
17034,11.60375399817414
17035,12.57885385681505
17036,7.666805922352997
17037,9.51813110945144
17038,11.380931634032743
17039,6.158876706886087
17040,10.028808798956918
17041,9.192644896107739
17042,10.494360343983763
17043,10.599324036436183
17044,10.67651940947597
17045,9.925783974973902
17046,9.763821363733689
17047,9.357261443670913
17048,7.00246946158577
17049,10.608224042207267
17050,10.31018701251939
17051,9.975657588136231
17052,6.882389851525458
17053,15.507319633587061
17054,9.055115534253494
17055,10.228708362782358
17056,7.86464342950144
17057,10.652186468782029
17058,10.1922529316631
17059,10.622692592136652
17060,9.93321347501127
17061,4.89829629119306
17062,11.720524720974732
17063,16.462180299491315
17064,9.410797499869718
17065,8.57544489878225
17066,8.86993768177811
17067,8.744674521084795
17068,4.958723144192587
17069,10.116875347256437
17070,9.641051516064318
17071,7.907599008114547
17072,9.625624830366824
17073,10.301485737594438
17074,11.319804207724774
17075,10.273350361234927
17076,10.128689486027975
17077,13.879868605503667
17078,7.836650772443477
17079,9.521490008146431
17080,10.274830593737777
17081,12.496446021657407
17082,7.204737323290775
17083,10.079214970333593
17084,12.99175367269269
17085,7.803916278114235
17086,7.5418509117643655
17087,8.672459767923735
17088,6.945075676603697
17089,8.794526339478315
17090,9.660416335690604
17091,14.575779907357267
17092,13.325670089836615
17093,9.551368871280987
17094,10.52336780894814
17095,7.729578880258527
17096,7.962346537196499
17097,7.962295674775952
17098,4.845668344215535
17099,10.33014213580334
17100,9.820837093359119
17101,9.12932038549638
17102,6.004008839070878
17103,7.632679123496761
17104,5.204065145738681
17105,8.526422004228033
17106,13.435263478771883
17107,10.196474632677331
17108,10.718243123079672
17109,10.347212424921787
17110,7.9047338216086
17111,10.76026720160978
17112,10.30804534223167
17113,6.11257985625635
17114,7.099718630555936
17115,12.274639385897265
17116,10.774241364345903
17117,12.412868693212955
17118,7.4070725337623
17119,7.904362190868351
17120,18.38506020061837
17121,8.766231228660756
17122,10.21975383424399
17123,6.994616871546983
17124,8.45154281714301
17125,8.99949848368865
17126,10.026752989555137
17127,9.68919486551197
17128,9.71570656335638
17129,7.638825321927882
17130,8.663560234019082
17131,8.332571692096634
17132,9.177324102929584
17133,11.07013063409259
17134,8.201737724684625
17135,6.955936980709626
17136,10.434066523603684
17137,11.175073425185568
17138,12.140044412858577
17139,11.11379828336438
17140,10.015098801131293
17141,14.725636154287708
17142,10.166436857448238
17143,6.906263881818777
17144,7.762324105976202
17145,6.93498262411288
17146,12.770607720445241
17147,14.045005157235378
17148,10.361747383894278
17149,11.198536835084921
17150,4.981610866161296
17151,6.114999343150441
17152,7.950268997677556
17153,8.049214205873396
17154,15.25197934118627
17155,8.609693526819472
17156,5.74214262780016
17157,8.30724195509841
17158,11.660524969633576
17159,9.722229437559287
17160,12.718544127542485
17161,5.282836345364087
17162,5.296487580725463
17163,10.152301893309618
17164,9.81592222875891
17165,13.079931984207064
17166,7.845415281392141
17167,8.2451243377352
17168,8.873456172117487
17169,13.98296326430416
17170,8.92452621708277
17171,9.583911049726366
17172,9.922263262111057
17173,7.86754953624988
17174,3.9795501039386596
17175,6.0435098489161625
17176,9.775072345201073
17177,7.673725977314709
17178,5.505423456926767
17179,9.18664062185031
17180,11.40099455835817
17181,6.019904519980018
17182,7.262614240602943
17183,7.925415667039376
17184,11.832359945530783
17185,13.688739551096878
17186,8.717813000732276
17187,6.014836756668128
17188,5.0092828731721735
17189,8.622298500109265
17190,11.227115878271265
17191,7.772078369454306
17192,8.901808348199323
17193,8.75938108432324
17194,7.486576114639121
17195,10.31756034973961
17196,10.932498188843882
17197,6.075357732940353
17198,10.000400708744413
17199,8.83413975360916
17200,9.686189293442842
17201,7.06342267087666
17202,9.630698281855468
17203,7.561991242560347
17204,7.9509680317848925
17205,9.346162307306814
17206,7.880704637889609
17207,8.791090369727753
17208,7.393655666778216
17209,9.017764324949452
17210,9.55996810476603
17211,9.454321052270865
17212,10.836931913629146
17213,9.311907176370005
17214,9.973477062883132
17215,9.835819029571494
17216,9.141608197191227
17217,10.218375300075946
17218,7.091249320115114
17219,7.780132161065266
17220,11.843786982550482
17221,10.345125738259147
17222,9.084408716732733
17223,10.860096999253297
17224,7.251907176964697
17225,10.039141528349179
17226,6.214119530308244
17227,9.354662014656396
17228,13.24684028434046
17229,10.453690145677035
17230,12.10642869553172
17231,15.760180155042693
17232,9.833086981786215
17233,9.87244743729911
17234,6.466895181963526
17235,10.170532707021815
17236,11.955818272664617
17237,9.702305180104984
17238,8.947693235259655
17239,10.252240085223468
17240,7.032123746708789
17241,9.807479490084317
17242,10.52738938708597
17243,9.17024406176761
17244,6.901746888689008
17245,8.3234653652838
17246,9.6879632990763
17247,9.060121715436642
17248,9.16236682532775
17249,8.007879747629099
17250,6.991592716898939
17251,11.00180770754122
17252,8.660669557523056
17253,7.031113385872004
17254,13.030758217859583
17255,17.66501854272761
17256,7.208001068679554
17257,11.128149253281018
17258,9.198165838863504
17259,7.395195509510804
17260,11.99610181853222
17261,10.240864532298902
17262,9.97854312078688
17263,10.828356217233926
17264,9.667768437247569
17265,10.078572753366414
17266,12.158179443763585
17267,7.20349595611623
17268,10.833454457906146
17269,7.052357687069092
17270,10.136921898373563
17271,10.005940957671909
17272,9.999526861409793
17273,6.162405252475063
17274,4.947575002317565
17275,9.615644337232544
17276,10.020777424833794
17277,10.562944376409101
17278,8.794347481678832
17279,8.220409866705145
17280,11.844851129601008
17281,10.911013459123788
17282,10.585113940601035
17283,9.053619751422199
17284,10.02392912852759
17285,6.900877301535928
17286,10.768113793782495
17287,12.360663470915773
17288,6.980179547641534
17289,6.334968190824936
17290,8.283918277222428
17291,10.296469085533682
17292,11.804050298155127
17293,13.864044991575359
17294,9.575932094600182
17295,9.520846599328687
17296,9.951956739385855
17297,11.102712927396832
17298,9.254615438359144
17299,8.945627375639793
17300,11.056703610900852
17301,9.665046770487615
17302,11.50418255444698
17303,9.873913596396912
17304,10.533150383622571
17305,7.940673952167122
17306,7.193008747634682
17307,9.461677620247398
17308,9.597138156305538
17309,9.546518297046449
17310,6.7986355828957326
17311,10.237041627489566
17312,9.860563967463529
17313,9.639122894537826
17314,9.023380591461853
17315,6.104929336668919
17316,9.729853809392614
17317,6.94768758383279
17318,8.94093871422435
17319,9.030257748374689
17320,10.308407284778907
17321,10.107305919188184
17322,9.72631686159397
17323,10.830786573695429
17324,9.35118176052091
17325,4.00176112012231
17326,5.996527571985362
17327,11.973478224883754
17328,13.710796371155398
17329,8.20534035770475
17330,9.784564006786196
17331,7.055120445586553
17332,6.42714859618278
17333,12.391496001259162
17334,8.573166593953443
17335,10.861345868859173
17336,13.465906340099805
17337,9.165609559751074
17338,16.992482233981132
17339,10.539542140598462
17340,15.864548726442111
17341,9.959261086399556
17342,13.34372596524249
17343,10.30760202503617
17344,9.833684348440874
17345,11.13004925219713
17346,16.823035763754095
17347,9.633010850301359
17348,10.240761848769461
17349,11.614427322821667
17350,9.78213972730225
17351,6.006959787852016
17352,12.165061022655959
17353,8.506181377887332
17354,5.677850423018361
17355,10.326926922071552
17356,9.917857802239348
17357,11.040158567405038
17358,9.566307069106506
17359,9.33946243248194
17360,8.780069006585334
17361,14.707825192566256
17362,9.808645167873335
17363,13.550025395322075
17364,11.16459294928468
17365,10.390956473821069
17366,9.09836001140111
17367,9.234129447268112
17368,6.088195950557551
17369,11.511567707562376
17370,13.17889575455022
17371,7.1884091214470285
17372,17.336058308122773
17373,8.110712122985346
17374,7.106972441931578
17375,3.9999999999999982
17376,7.663582867365623
17377,6.170083279832578
17378,15.8725275474991
17379,10.422268734807522
17380,8.33559629282995
17381,8.69818412835186
17382,14.921525186617725
17383,11.644689173156749
17384,4.4593288244366125
17385,8.159459249111704
17386,6.111757350097799
17387,8.59677979278804
17388,10.097801494713329
17389,8.405500963988116
17390,13.24445696652891
17391,10.103837664758641
17392,7.033568721970163
17393,8.415010152735102
17394,8.3324389305132
17395,10.14334209356596
17396,5.7556159794153245
17397,10.45132997261556
17398,11.71387683763187
17399,10.684995388559821
17400,7.144382483538315
17401,13.070914605301372
17402,10.87728481589924
17403,12.463876386429876
17404,7.9276251315746915
17405,7.908276969624556
17406,9.495467539882815
17407,13.291632826969648
17408,7.762013709423567
17409,9.833249637659991
17410,6.00523496500518
17411,7.927297373909603
17412,10.652794958734136
17413,7.242721379271012
17414,9.256096256262508
17415,9.54454531695644
17416,5.035191042741474
17417,9.155240600105083
17418,12.140044924967546
17419,8.325647169180113
17420,9.463037926625121
17421,8.9558720086702
17422,8.284617328757975
17423,15.488089360616147
17424,8.257590745765745
17425,5.0645009649040595
17426,8.596078895195545
17427,9.180920641136632
17428,5.994411255950066
17429,10.490395176308406
17430,8.077839622016226
17431,10.387115739128335
17432,8.53776686897537
17433,9.068101183491118
17434,9.69616300041105
17435,7.926264767767416
17436,9.709003229871088
17437,12.05256948711084
17438,6.839964429222311
17439,8.509765163093606
17440,12.186501960661245
17441,10.523591471080126
17442,9.948659257916715
17443,9.570092434398864
17444,9.878945762228325
17445,17.159358482393714
17446,8.794478122785806
17447,4.078413598617457
17448,11.219200374847537
17449,6.99691934161055
17450,9.95947955824152
17451,11.114416093848147
17452,7.058676679068046
17453,10.54195965124529
17454,4.8423525211009855
17455,11.326377529984224
17456,8.020046173524682
17457,9.631202614678893
17458,6.984992439707762
17459,9.22866384867527
17460,10.085045883959209
17461,10.801458171942995
17462,10.186498292331569
17463,11.177950414912631
17464,6.130366719905078
17465,21.77106102590534
17466,10.419602250743635
17467,7.006136016454308
17468,8.869645707152818
17469,10.138552071684332
17470,9.780310386070115
17471,6.97068302020825
17472,10.060188414307968
17473,9.737944471117808
17474,9.883094102581213
17475,11.74979671645954
17476,10.945319164286396
17477,10.827891447283152
17478,8.250435528305227
17479,10.617913134387033
17480,9.140800047223363
17481,11.999622310773056
17482,10.505560145373115
17483,17.73573346096344
17484,8.756198429574168
17485,4.060436013259156
17486,11.435753056866258
17487,8.878101113165316
17488,5.997706533278362
17489,11.778162494748498
17490,9.47154908714973
17491,9.548681471198334
17492,9.856859547106657
17493,10.152112112461277
17494,9.206076324350546
17495,7.221192471912946
17496,7.85481463574516
17497,10.273703024479518
17498,6.368693185683286
17499,11.868487100404481
17500,9.834732523725004
17501,7.910301501875846
17502,10.079730206541706
17503,8.664806923524052
17504,13.11506411956476
17505,10.002572688503124
17506,6.995865743300959
17507,14.860871316319725
17508,9.235370390823961
17509,6.251241980081543
17510,10.778607443300539
17511,11.824945853320038
17512,12.958042573323302
17513,7.574679343479467
17514,8.891722533980877
17515,7.90647738489881
17516,8.964913074778623
17517,14.519148626875404
17518,10.252850056378028
17519,7.223653582732444
17520,9.896445793634134
17521,9.951968947931636
17522,6.9993686245903435
17523,8.5745211429457
17524,7.796544535703132
17525,6.880480190093877
17526,10.279065443501459
17527,7.009223261876793
17528,7.069126170284322
17529,9.994926473083604
17530,14.955176637371121
17531,11.230386069345387
17532,14.96393195306267
17533,8.92745515846247
17534,8.79275479451409
17535,11.850159866671016
17536,10.785750549260491
17537,7.69411003693933
17538,3.9999999999999982
17539,10.17301719935354
17540,5.514925206204599
17541,10.247563194252011
17542,8.273314288808256
17543,10.018859686402317
17544,9.739282230091144
17545,9.978372278779164
17546,10.035697644100802
17547,10.938571527743528
17548,8.545585628809137
17549,8.416307142458928
17550,7.730421900888151
17551,6.482542322220942
17552,8.0985270485517
17553,8.59847063144172
17554,10.815327307471874
17555,12.439415884060233
17556,7.800449112961937
17557,6.95669889326021
17558,12.057254805493999
17559,9.798057241909317
17560,12.291648277539592
17561,10.118447530555377
17562,9.569843564299108
17563,11.939166431878999
17564,8.985204840956301
17565,9.570529671280495
17566,8.625484723723508
17567,7.871134515318282
17568,9.069095504307649
17569,6.774139231703222
17570,12.577778650803038
17571,7.7675969022819285
17572,8.122006170674977
17573,10.746078012491436
17574,11.169679413623028
17575,6.259863055904951
17576,10.021131453569078
17577,9.901918650355912
17578,7.650303064869904
17579,15.580967122617357
17580,7.358392703077845
17581,9.314098560231324
17582,10.4427239915837
17583,6.959057990780954
17584,11.350459897820901
17585,12.42397112483001
17586,8.867019937103985
17587,10.580230549089158
17588,10.74539938867444
17589,9.558909780123463
17590,12.538869931426527
17591,13.018521167307215
17592,9.83713143717929
17593,6.780438909826442
17594,10.187577504122993
17595,9.823036771511783
17596,14.158109933765788
17597,9.784451526633015
17598,6.375885067787303
17599,13.268981299600421
17600,15.55658324194577
17601,9.125679607253383
17602,8.534695632366374
17603,9.561834487221853
17604,7.4875608662628235
17605,6.182966752474382
17606,10.817561235150995
17607,10.7170284168496
17608,10.075408164661711
17609,3.9923209502828847
17610,10.130652332901962
17611,9.52635519126825
17612,9.89645426725379
17613,10.357274995429094
17614,7.011968444475183
17615,11.38968743307676
17616,13.030441386352127
17617,15.813171997462812
17618,8.569817309272933
17619,8.813854681876306
17620,9.266626089782841
17621,6.06417520544224
17622,11.126911847646559
17623,10.295209243071918
17624,11.00615840907893
17625,10.357627505823908
17626,11.016451349439166
17627,12.913201127420352
17628,11.928561142251494
17629,7.507203804405605
17630,8.117445714106859
17631,7.042876833645039
17632,9.225902075490007
17633,9.573627990901405
17634,5.329712486020335
17635,10.501409347523738
17636,8.87905229714159
17637,9.495920084006501
17638,18.64646939681071
17639,9.913949101018298
17640,8.763978477859103
17641,12.185818881462897
17642,14.54593464303221
17643,12.02072518353229
17644,9.546905088549044
17645,6.016094675279433
17646,4.904277405268598
17647,8.907528341706884
17648,10.248124350828075
17649,11.390104135534168
17650,7.2484163325499384
17651,11.518317852408197
17652,10.25980311289639
17653,10.511152095773989
17654,5.1767233971015845
17655,14.9306965263356
17656,11.04256167769646
17657,11.311244049034931
17658,14.323342451598958
17659,7.8489572661281795
17660,9.559595945641638
17661,9.764781589119723
17662,9.700245244641527
17663,11.83106833913945
17664,9.576867557409875
17665,4.410561993175619
17666,10.885996405818974
17667,9.027800966469597
17668,18.83021128065279
17669,12.477606723819031
17670,9.811069219307635
17671,8.356453056112743
17672,11.24603002816056
17673,8.937699693458649
17674,11.189684137385326
17675,8.249229134110633
17676,9.958966715372606
17677,13.151763681653987
17678,9.260151222666144
17679,10.800955063141616
17680,13.821321498219683
17681,9.491187952834677
17682,10.62858653275436
17683,8.178535223851293
17684,7.776994636302324
17685,12.247934991868288
17686,8.94554124398646
17687,10.490563425169919
17688,9.306861619415715
17689,7.88111358624845
17690,10.218283780023496
17691,7.548121847777525
17692,10.197714686766476
17693,8.257012852672167
17694,8.408953880705914
17695,10.02154986788924
17696,13.8700587018611
17697,10.06419338728431
17698,12.421798447008369
17699,10.253050611612375
17700,8.7355109365348
17701,12.961433254651974
17702,10.029076976887447
17703,11.482368153338994
17704,6.952123967666539
17705,13.538315941404042
17706,11.366157521160657
17707,6.980746506838219
17708,12.769555511116698
17709,10.058290782427596
17710,12.591177967936167
17711,7.0085779440663
17712,13.890883989075801
17713,6.914153110545538
17714,11.045262477561122
17715,4.413009668057652
17716,8.813402596608102
17717,9.080651886306134
17718,12.127232182879228
17719,8.60364769284431
17720,11.041931889337002
17721,9.862358197817864
17722,6.013420266453487
17723,12.672786642392671
17724,13.459184850468953
17725,9.627137460208557
17726,9.926399096627742
17727,4.904665469159501
17728,10.225192798295305
17729,11.830705551752132
17730,7.82270791222221
17731,13.362701590464699
17732,10.477818275542814
17733,10.727195759667888
17734,12.720312626220013
17735,6.671448989775461
17736,10.221827685699077
17737,10.136693620485838
17738,10.336258791637052
17739,9.906732702580571
17740,5.932602951201631
17741,11.844405131742596
17742,9.48431922570367
17743,17.753730964848184
17744,8.607148943998924
17745,10.89409594020069
17746,9.424938778541256
17747,9.527159906702417
17748,6.877251783523292
17749,6.5744832126496515
17750,8.96856639434399
17751,10.946317416973079
17752,11.33726747402145
17753,13.210089895720042
17754,9.463306200355829
17755,12.871598893359755
17756,10.091449121184331
17757,12.257713692238436
17758,10.864995038481997
17759,7.2719914715289065
17760,10.015566752421107
17761,9.375316735528182
17762,8.77058820089505
17763,9.713318513494999
17764,9.353139021681075
17765,6.4047258518894825
17766,4.008169205421374
17767,11.113778515716252
17768,9.785376780959124
17769,10.73631159485207
17770,10.077061863452785
17771,6.081807258156747
17772,8.600132852490978
17773,8.1631629239267
17774,10.756900525415316
17775,12.957349825508343
17776,9.790209658779391
17777,9.050575145966798
17778,12.319007881451705
17779,8.019622698633524
17780,12.860543229406991
17781,10.196478706260697
17782,6.94602563983857
17783,9.277087774041656
17784,12.290765014122721
17785,9.89851029060163
17786,15.825559881366035
17787,8.593466548544365
17788,16.21110837003898
17789,8.72747291186401
17790,14.811155548226347
17791,5.996117709022909
17792,6.011673790199705
17793,11.932539221188181
17794,8.865537581097067
17795,7.339380870158349
17796,9.186137080198003
17797,11.091077187359788
17798,9.837272813410133
17799,10.273819566414032
17800,10.496992278299759
17801,10.137266553258986
17802,8.088818478119888
17803,10.224747101828113
17804,8.046314433699811
17805,8.109007948766118
17806,9.807768748683847
17807,9.955134378616593
17808,8.779694022753626
17809,9.744038592361301
17810,5.739950605347301
17811,11.34873132739533
17812,7.00384595197014
17813,7.986178455476104
17814,8.009337401766151
17815,10.500562017704462
17816,9.348463002240448
17817,5.302880976712534
17818,7.532428731256164
17819,8.856072786936581
17820,9.949444134975598
17821,5.083325845061648
17822,7.78799619138484
17823,12.098234331287832
17824,9.45128949055337
17825,8.786579147977951
17826,16.843039876653403
17827,8.225556698674493
17828,10.582267635594883
17829,6.727163506786731
17830,8.960067471935512
17831,7.072724214685094
17832,7.465503543776306
17833,6.008717891757842
17834,10.312686873440486
17835,10.912331010912592
17836,14.702070136793328
17837,9.376620373653461
17838,3.9999999999999982
17839,8.259262043618632
17840,8.821048666485686
17841,7.824871408675154
17842,7.449316213988132
17843,9.745321643139556
17844,9.670750412718801
17845,8.898796258337368
17846,10.755440731921011
17847,13.87962923942922
17848,14.843631426249674
17849,11.211118974532758
17850,10.789430196301451
17851,6.012931115173174
17852,10.575939622096255
17853,11.176427851441767
17854,3.7103456031623887
17855,8.64296121603366
17856,8.227592515458012
17857,5.235098275674861
17858,11.206918407466135
17859,14.48357857422628
17860,8.365539968658334
17861,13.625288744521152
17862,9.022057567406462
17863,10.580507927632889
17864,5.38032575591614
17865,10.78739440085548
17866,9.035408940035007
17867,6.89297677419194
17868,6.376176968058083
17869,9.38363135270618
17870,9.60760409375496
17871,10.676684602177401
17872,10.787711733557563
17873,8.124196096170303
17874,10.905585680930317
17875,10.718095781104036
17876,10.269283372188108
17877,10.290299196172723
17878,10.252453519630143
17879,10.296253005585049
17880,7.658361095352641
17881,8.927908252353243
17882,7.309621525754132
17883,10.6424020845155
17884,10.229204608105325
17885,16.288740019688117
17886,10.450510327366262
17887,10.726923135409118
17888,12.022455225896666
17889,11.667470517050228
17890,10.790713452311158
17891,7.014567795084776
17892,8.390203673432081
17893,8.809724201851319
17894,11.053963081395642
17895,9.913816787135714
17896,13.207050263499783
17897,12.694999545516147
17898,9.881882637346022
17899,9.407423033575514
17900,14.046478716380358
17901,9.062535256215993
17902,10.050500949261414
17903,10.799711629225365
17904,8.047074957735164
17905,11.289109608547866
17906,11.939182672157282
17907,5.994728741862869
17908,9.997280216901464
17909,6.488174232869154
17910,11.241927878377455
17911,4.8403705651805895
17912,10.473793645087996
17913,8.864105652137608
17914,7.587243362291362
17915,10.958751661547021
17916,11.320735248262844
17917,17.00693164669879
17918,9.178988656996802
17919,8.263870250695232
17920,11.0194407047897
17921,12.624206217823533
17922,3.96656875916657
17923,12.858672443857579
17924,11.17318525521046
17925,17.69723477271876
17926,7.6675062550088615
17927,10.635888605838415
17928,8.642547280400796
17929,9.755730532152809
17930,8.166852923150325
17931,10.11350383029489
17932,10.206305110875409
17933,10.789075480804259
17934,9.762747577016208
17935,4.85123518554284
17936,15.492099965161806
17937,7.344169853995885
17938,9.828354227203102
17939,7.200151546813007
17940,16.277226449994746
17941,8.585930269892463
17942,11.062530518237745
17943,10.622050046838707
17944,9.639512100065724
17945,9.34646435869446
17946,14.845390585475727
17947,19.12023050165686
17948,10.613719012985795
17949,7.008373909684037
17950,8.479316940101294
17951,9.519924097823734
17952,15.631278053456224
17953,10.288115497127707
17954,8.647706563561817
17955,10.665220957821559
17956,8.210465588765326
17957,6.948825060140772
17958,10.199582695565452
17959,11.471118522465813
17960,9.667236733871588
17961,6.911448129978652
17962,8.711429576904019
17963,9.968750854498518
17964,10.92217926070944
17965,13.084503908289777
17966,9.887403708609062
17967,9.654032333808756
17968,10.887292590279587
17969,8.60965659758532
17970,16.17368179167271
17971,8.790540267259855
17972,9.87196866658181
17973,9.876353892363012
17974,10.025217737161443
17975,14.576980724229317
17976,6.112416552960971
17977,8.400236042462955
17978,11.836599964294122
17979,17.439531043403292
17980,11.58750824004103
17981,10.753767793986047
17982,10.450277531459845
17983,7.777206655406085
17984,8.824790940820145
17985,8.431501643452469
17986,12.504397074064737
17987,9.507076335678919
17988,9.341373131621426
17989,9.600440384529724
17990,6.079096298852836
17991,9.865651176773815
17992,5.172722894748255
17993,14.118558009430737
17994,12.174996753555982
17995,10.59527577468072
17996,10.783941121549782
17997,10.691671796227379
17998,7.829826417886723
17999,9.092650116240547
18000,7.3035251669183925
18001,6.747829641263358
18002,8.222929796018628
18003,8.840850567724457
18004,6.922762150970405
18005,6.040617568203764
18006,11.052622068224855
18007,6.87047272558401
18008,15.385538210516588
18009,9.33390303559658
18010,9.921530157921554
18011,8.312215253939327
18012,11.996284779920604
18013,6.03870938023728
18014,14.848831518177123
18015,9.886182010272096
18016,9.046173662786904
18017,9.572646119588464
18018,8.34894686897537
18019,9.65369571169929
18020,7.500553122573651
18021,7.911689979223748
18022,9.442716322202878
18023,6.806055092292789
18024,6.992373374347842
18025,8.48126124739621
18026,6.984410271719247
18027,9.971583329399182
18028,9.791749701950165
18029,10.333212289196714
18030,9.684584369155221
18031,14.105724575889537
18032,9.436395588206652
18033,9.758553641806119
18034,8.828245565772859
18035,4.012462547586869
18036,10.015212343788358
18037,10.809872012822309
18038,9.444787823313495
18039,10.453209118846582
18040,6.088068259933827
18041,10.11728520869386
18042,9.161670144929863
18043,11.475240605731905
18044,12.570247248667394
18045,9.586325542584763
18046,10.563178975499708
18047,10.017479752482847
18048,13.56896637742967
18049,8.672717301971074
18050,6.355108017005746
18051,15.594678013688577
18052,9.979378984115128
18053,11.125570585887457
18054,7.685396931431656
18055,9.511256842480586
18056,9.83491839006138
18057,12.883509938613884
18058,15.597212136931413
18059,10.339989334906372
18060,9.696603371892587
18061,10.90668767457093
18062,11.219014726120461
18063,10.721250890738501
18064,10.632046957274039
18065,6.376579898465836
18066,13.65512130591795
18067,10.82246529541156
18068,12.603013117457754
18069,14.386008267455514
18070,9.462504934174722
18071,4.105641418814911
18072,9.692333531034125
18073,11.994497812543548
18074,12.201038095368768
18075,10.377874706577765
18076,11.727709674279948
18077,6.741936228401226
18078,10.06156065189027
18079,7.424187256682908
18080,9.087731693296229
18081,9.826650584404005
18082,10.17740914934071
18083,8.365619517662866
18084,11.863387670441076
18085,8.134512563891908
18086,9.976541494916896
18087,4.986851957875022
18088,8.42049696974229
18089,13.719241926280102
18090,7.658511161985121
18091,9.34327923874339
18092,8.146298542882429
18093,4.175444030465368
18094,8.282821171366761
18095,10.949545566376578
18096,10.475298324082152
18097,9.819185551607047
18098,6.904653283096012
18099,4.002449164005845
18100,8.284614176390717
18101,11.084830483725982
18102,6.251570578128559
18103,6.125485042789089
18104,12.414300778472082
18105,12.608344341889326
18106,10.294721999217481
18107,7.6428982441019215
18108,7.7511400538784505
18109,7.796982492160694
18110,10.035757882957723
18111,6.96275116482275
18112,10.617699152602794
18113,8.855230920667173
18114,11.889628527646275
18115,8.03014087054835
18116,12.873911946146231
18117,9.895006943788262
18118,7.5721854781274285
18119,10.51048552994879
18120,12.44873448033353
18121,6.994431380833214
18122,9.188952042493137
18123,7.061435900862312
18124,5.339207317208983
18125,11.039343313438119
18126,5.009207991855086
18127,11.82591093538234
18128,10.251082204518879
18129,8.797126035859156
18130,9.078029436504869
18131,11.816564517423158
18132,8.4342872703628
18133,7.411496126582442
18134,9.755076908893654
18135,8.809804394849744
18136,14.859229243551873
18137,10.241764121607142
18138,9.046656145308274
18139,10.1043314669728
18140,11.332676785089317
18141,10.63873950061637
18142,7.00637451860692
18143,5.866261872596668
18144,9.637384651777053
18145,10.002899338195315
18146,7.031076912982938
18147,7.75868793840791
18148,14.30549559011533
18149,9.338195360136558
18150,10.830059327134029
18151,10.683562749462356
18152,8.350388407077196
18153,14.739207804664183
18154,7.909589510817579
18155,10.020673791658586
18156,8.045333877722259
18157,11.500610353932787
18158,8.090890413676894
18159,10.585320101661027
18160,15.765332642864571
18161,9.658710124700258
18162,15.538023662922601
18163,12.873197541502307
18164,11.799985593496105
18165,10.975615069825007
18166,6.715066082552783
18167,10.390435316617767
18168,9.695854037028534
18169,7.125191432826298
18170,9.635334962269988
18171,10.35690649688154
18172,10.92700242071452
18173,16.037766910318087
18174,12.696536442870586
18175,10.035147768272141
18176,8.459803100483063
18177,7.013240543073719
18178,11.126024971036285
18179,13.112022956509554
18180,11.478914001800932
18181,8.954782299557136
18182,9.73322934957608
18183,5.0307019449524155
18184,13.794265499437838
18185,9.747247739571142
18186,8.528047624369224
18187,7.958083939442041
18188,6.837686164401152
18189,6.154523655206882
18190,12.423116408875646
18191,9.691112258410248
18192,10.87281428537756
18193,4.452719569510969
18194,10.788750792951708
18195,10.299233921463214
18196,7.0717077084387014
18197,7.915792214530972
18198,9.047253315209948
18199,7.9279854950596516
18200,10.099475603455675
18201,12.789488813082404
18202,9.551212041280502
18203,11.662008992396755
18204,8.621887296428616
18205,8.972944748490457
18206,10.17379379496043
18207,5.522955565966887
18208,11.381574808050644
18209,16.07464733103219
18210,10.72049599774781
18211,11.030022457805526
18212,13.042077397392196
18213,10.403888059556538
18214,4.662254502418171
18215,11.846537911531707
18216,9.540666849161132
18217,9.176026518076403
18218,7.1035652625261285
18219,10.818796195610071
18220,10.739440893518257
18221,9.138965686934919
18222,9.125201296387354
18223,8.258263096448209
18224,11.19313337653754
18225,14.732485846290716
18226,10.033339110057318
18227,5.812799281638011
18228,10.442512338556233
18229,9.89167320009596
18230,7.289396022482469
18231,12.009471117060771
18232,7.870116106399005
18233,9.376974150801223
18234,4.0007705102328845
18235,9.107647425654735
18236,10.717245892203177
18237,8.81006245983563
18238,10.58466515720646
18239,10.182402666721535
18240,9.730254973601406
18241,8.029698552360612
18242,8.757756198049195
18243,8.661997747895105
18244,6.296260843582317
18245,11.939635782157978
18246,9.46479778072805
18247,14.280283328539303
18248,6.488845796232626
18249,8.620919013237641
18250,6.218882770913558
18251,9.861738878481406
18252,8.818408319567405
18253,9.493839687443606
18254,7.945144069787762
18255,10.619228131987382
18256,7.651829938013448
18257,8.94655215341002
18258,4.850663301160354
18259,7.724892290471724
18260,10.104908118699571
18261,11.338540094322996
18262,7.231529982625707
18263,11.030733084705142
18264,8.59490106841323
18265,11.261566047000487
18266,8.190041612153392
18267,10.581559912421186
18268,6.680240256309496
18269,8.870915900720222
18270,11.294302689517474
18271,8.093086553972954
18272,5.534491245702576
18273,10.934307981993834
18274,9.764061667135193
18275,9.67861610034239
18276,6.290209212184012
18277,5.997155151989381
18278,10.133172266064117
18279,7.854738581841092
18280,12.289151642229767
18281,8.591985222977906
18282,15.240154048148092
18283,8.813590520656904
18284,10.274190556704996
18285,9.39460040796815
18286,9.629885308159457
18287,10.022704706424355
18288,11.961918587359024
18289,12.6818846988584
18290,13.593027245787644
18291,7.939737647582424
18292,9.892115539644914
18293,9.006694775890681
18294,6.045148544449556
18295,8.99048369212044
18296,6.542642426770316
18297,11.412113637421081
18298,8.728581280571499
18299,7.896461987844798
18300,10.02392201185262
18301,9.652542888995074
18302,11.189249184692994
18303,9.733492820609511
18304,7.089588981541784
18305,9.03609779266293
18306,9.937087853920945
18307,10.161080592859479
18308,10.544011744223132
18309,9.35879571973056
18310,7.034757253313806
18311,6.212869470141619
18312,10.776183268753504
18313,10.966880525356267
18314,8.074066294768025
18315,11.147973014479831
18316,11.735209351564658
18317,8.317697417310649
18318,9.03790987598135
18319,7.070883221564449
18320,10.032484623995144
18321,9.593734456705024
18322,10.804324555122859
18323,10.337239076781897
18324,10.090148024708819
18325,10.642936150796016
18326,8.71083836122797
18327,5.356435960532323
18328,11.490666396184851
18329,8.15939076694636
18330,8.7474279113196
18331,7.038871054124786
18332,10.736448980267879
18333,7.671803862983751
18334,7.7319482642501
18335,7.6787720898865235
18336,10.654319734728938
18337,6.025695956488312
18338,11.318939366051618
18339,3.9999999999999982
18340,7.152025411034483
18341,11.45676245109914
18342,10.19606142119529
18343,8.991586310376649
18344,7.906756078126747
18345,7.894986917765925
18346,9.076265444118343
18347,11.888093055880043
18348,9.078215563237405
18349,10.946844723065308
18350,11.246943535285277
18351,8.300331215860863
18352,17.582368466624118
18353,10.369251987767784
18354,9.964958851594966
18355,10.085496467304365
18356,13.889739560298958
18357,9.991294137254235
18358,5.764015456204275
18359,8.90525963556817
18360,9.510891258747554
18361,9.551949308164042
18362,10.685597244826186
18363,11.6112028177102
18364,16.42523470295037
18365,7.905969666913961
18366,10.474854496043452
18367,8.3549750550512
18368,4.002449164005845
18369,9.478826909445376
18370,9.42068938477298
18371,10.306381601062254
18372,10.273438846974186
18373,8.173950791180944
18374,10.147829474635593
18375,9.783689700880492
18376,9.665503190423108
18377,10.452972359956556
18378,9.740027416611793
18379,8.032389520949613
18380,11.54701250554068
18381,10.928871033603409
18382,10.545897031880566
18383,10.160609293529886
18384,8.861386974584056
18385,11.897297911660923
18386,9.53524822583473
18387,8.095654428314893
18388,10.27662080997282
18389,5.138211594727478
18390,6.13032311157294
18391,8.970316722661432
18392,9.03427346530563
18393,9.9525904292173
18394,6.8450878643217035
18395,10.146481528490382
18396,17.426565869908103
18397,10.45712326608864
18398,11.32749028486415
18399,11.567780835232421
18400,14.085448907126283
18401,9.869034553654108
18402,7.327497628872061
18403,10.506397736078965
18404,8.339680506706353
18405,9.796228096774202
18406,8.975919328434403
18407,10.759762435559606
18408,10.844091988481955
18409,8.666674108745683
18410,8.74011845267556
18411,9.403139452040863
18412,9.037200170158188
18413,8.189067205570067
18414,10.602228849914608
18415,9.93799110279632
18416,10.672725516806416
18417,12.082536374644281
18418,10.903669088970013
18419,10.286734519769409
18420,7.843199356428313
18421,10.991146720743073
18422,11.605770426551997
18423,11.683746074222883
18424,6.236084813066746
18425,9.489961761287686
18426,10.94690880486214
18427,6.096307091161977
18428,8.508458610764714
18429,6.934128280023087
18430,17.145251126928382
18431,10.549593708824572
18432,8.981158999131507
18433,8.990280494633813
18434,11.900654380930474
18435,7.333194505186411
18436,11.805530351514083
18437,15.870227465926442
18438,8.851253033824138
18439,8.772940795886685
18440,6.207625936369714
18441,9.686540574433053
18442,6.128868979978618
18443,8.199343759287808
18444,10.44954432678088
18445,7.107050027781771
18446,11.64390646252388
18447,7.726849794736436
18448,10.795994839455961
18449,11.07802003964367
18450,10.965581055184808
18451,10.372724578077205
18452,7.005935417758899
18453,8.941573364313962
18454,6.077229365276387
18455,8.918837970446228
18456,11.325998852366078
18457,11.158494727384193
18458,10.207927435937028
18459,9.754911497315213
18460,10.444574444939763
18461,11.561827314946234
18462,6.855617665013725
18463,9.101656930636532
18464,11.19562821890956
18465,9.609025525458962
18466,8.072073145553931
18467,5.193272574814836
18468,14.984622798990834
18469,4.833170424043252
18470,9.68825345343012
18471,4.867311321060059
18472,8.618633460603752
18473,10.158689687502298
18474,11.57704423597323
18475,4.003219674238737
18476,11.653817094403893
18477,7.271983381269793
18478,10.19259719480655
18479,7.909315777217751
18480,10.010798189980742
18481,14.193264829815947
18482,11.27153899125146
18483,8.785636989960617
18484,10.836721798375285
18485,10.304637671905455
18486,10.261085050535359
18487,9.941439604713425
18488,10.228575158683048
18489,8.921454442990354
18490,8.746443214499982
18491,10.653458005094114
18492,10.18094263535278
18493,11.1303338551324
18494,8.863588230648181
18495,12.274610701779155
18496,9.674448544979983
18497,3.8082585342190187
18498,10.328060902552728
18499,10.055372570066988
18500,7.1157757577080165
18501,9.822571046011157
18502,6.118875116362802
18503,9.711337396705423
18504,6.130790099764372
18505,10.80235063368186
18506,5.990735236848817
18507,10.058168797604749
18508,7.088901886128043
18509,8.846411965581291
18510,19.18759376966673
18511,11.568717239802327
18512,10.286017105922417
18513,9.938505684899338
18514,11.486212975968416
18515,12.077981814804554
18516,6.126234151860666
18517,9.4394734181634
18518,4.611962598120549
18519,4.922645809172858
18520,6.803931686520686
18521,7.2415134513864565
18522,9.730320540210803
18523,10.271876247444728
18524,15.581850696352586
18525,8.69120393717566
18526,9.073690198313825
18527,9.611664197360264
18528,13.20796752051931
18529,8.79480393809183
18530,10.138688717496285
18531,12.29839567323125
18532,10.290213029058004
18533,10.017878351787664
18534,7.233641004196331
18535,9.604614182522619
18536,9.124695920547344
18537,10.214787678433643
18538,9.566359652877614
18539,9.8417269504577
18540,9.867646794698187
18541,7.971142918073609
18542,7.83239633903197
18543,6.998806218879471
18544,9.544694199564075
18545,8.003882470098384
18546,7.851829530188779
18547,8.941097996127668
18548,11.599525612761143
18549,6.161807627158755
18550,9.6274321516852
18551,10.396619760754701
18552,14.640892310204796
18553,10.300648197373048
18554,12.682736560067498
18555,15.434845258934226
18556,10.31776143970343
18557,6.983698905091648
18558,8.625155784575044
18559,9.459153817678333
18560,6.054392228254083
18561,5.8390766401473115
18562,6.974392359849573
18563,12.880971797884369
18564,10.389163388759199
18565,10.753350324237475
18566,8.785929110708144
18567,9.650086786857921
18568,10.083781807934022
18569,11.017360435338546
18570,6.4002500971192
18571,4.820120123287427
18572,10.102586378881385
18573,8.610429500042523
18574,10.47381461308363
18575,7.967763301219049
18576,8.221020595455807
18577,12.612200250903983
18578,13.553912486939184
18579,10.063221767853294
18580,9.964270689178635
18581,9.990072708203074
18582,10.759313201522273
18583,6.102146378601784
18584,10.624125477338037
18585,9.44854794478981
18586,10.624480955883131
18587,12.088636366497468
18588,6.808235949463166
18589,10.010248834404182
18590,11.097517817061284
18591,7.842980895730083
18592,10.565583305897425
18593,9.729016443334674
18594,4.05499284524248
18595,12.249864317451879
18596,4.868930722262879
18597,9.73661391385089
18598,9.830828870717342
18599,7.082776006973797
18600,10.007071916571602
18601,9.367086292492873
18602,14.160464869932431
18603,12.5455642252573
18604,10.88900162035927
18605,11.96483486180942
18606,9.9681151932721
18607,6.077485542926373
18608,9.481019328534712
18609,7.155515653952696
18610,12.3964289122067
18611,15.469634583835774
18612,8.969479676295263
18613,5.9880834729106285
18614,10.555052584243677
18615,9.340571454761603
18616,6.337392288591529
18617,8.231123225100694
18618,7.087601217937774
18619,10.009429573639204
18620,11.169717503152059
18621,5.563682746040357
18622,13.055476448834824
18623,10.183231868444947
18624,15.96075279520607
18625,10.908015811017949
18626,7.223908296803339
18627,9.962635898418652
18628,5.028604458520297
18629,7.963400734078498
18630,10.326764287148592
18631,10.936661647652516
18632,5.306388762059254
18633,15.42236965643713
18634,9.686706490236956
18635,9.671380224995216
18636,10.054010462394027
18637,11.130598511461354
18638,10.938475176512453
18639,7.264045963282295
18640,10.847717401155334
18641,10.796819808898492
18642,10.022449431854207
18643,8.197708675874198
18644,10.910289750198851
18645,8.097293420433411
18646,10.819222479709712
18647,7.014501677531299
18648,14.151939698579373
18649,7.8678238747434825
18650,14.317162502432328
18651,9.552110611307315
18652,9.667605851511174
18653,10.015938305430668
18654,12.37441001459487
18655,14.683448977820964
18656,5.975226000854121
18657,16.12680246077519
18658,8.291542662077019
18659,8.143215772713715
18660,8.056410063931546
18661,10.107969546421993
18662,9.996591260681681
18663,13.29134108943285
18664,11.591199519720183
18665,8.306671737680515
18666,5.963343692535364
18667,11.774251485892721
18668,7.722339452222764
18669,9.725871378444127
18670,5.992857484666295
18671,8.659607747871709
18672,10.833994930224089
18673,10.25948504354031
18674,12.869377874372704
18675,10.476928317299512
18676,13.622016711913085
18677,9.03250605608987
18678,7.343447882047325
18679,11.746867281007715
18680,11.04868349936599
18681,10.378242233471022
18682,9.53899654603426
18683,9.463824096166059
18684,10.356792830145432
18685,5.390047150387771
18686,6.046985950026737
18687,12.520925338063035
18688,13.874095162214848
18689,5.075523072192529
18690,10.927940681680422
18691,9.639640064621554
18692,7.185894589220398
18693,10.644551745553064
18694,4.943751618903053
18695,9.764885558472146
18696,10.254918822801672
18697,10.342398270965544
18698,8.835006377916935
18699,7.9529143568602105
18700,6.33488754677005
18701,6.961126545350513
18702,6.213126740142881
18703,9.34770275603835
18704,9.112375482159694
18705,13.877564547237816
18706,5.811256790324766
18707,9.691599699516706
18708,11.04854895402268
18709,9.162683231431783
18710,9.855457301117498
18711,6.89710317950885
18712,12.08217125383507
18713,8.610195515587643
18714,11.399708358233054
18715,9.717019007866197
18716,7.100930146365187
18717,7.683966548931458
18718,9.770011365169337
18719,6.443324534160395
18720,8.989443934896611
18721,6.055948576245242
18722,6.962558858425335
18723,6.315201111130165
18724,7.02073929846868
18725,8.863677179548526
18726,6.121446265482331
18727,7.899137909920128
18728,13.588134918318994
18729,9.50829909482466
18730,10.594068173553433
18731,6.002417558500395
18732,10.871891201136261
18733,9.989178112199207
18734,9.175761442442463
18735,9.105927669727391
18736,10.192975005984605
18737,11.781121074456918
18738,7.40954788100006
18739,10.046689631620264
18740,7.008815749706253
18741,9.282152747386979
18742,11.620240724853788
18743,6.124037079277446
18744,9.794008002545135
18745,10.461869159468188
18746,12.312611107892105
18747,8.81738520282247
18748,11.062978180443208
18749,8.020746766864415
18750,11.19804536853655
18751,9.406232008057513
18752,5.536867427857178
18753,9.939809335108661
18754,9.090289118774235
18755,6.997742426752774
18756,8.211622246514905
18757,7.2889925859140305
18758,9.415952095058218
18759,9.699677030401327
18760,10.118283138614176
18761,5.342127679480891
18762,9.53507364700703
18763,9.205534164615264
18764,15.3692540529814
18765,10.405333215032963
18766,13.125853181048067
18767,10.346968038154975
18768,8.831146042881683
18769,10.083511049429694
18770,10.634496909588373
18771,10.083785967706541
18772,5.99751240064876
18773,12.932970553424688
18774,12.419592960127105
18775,6.195723906805688
18776,9.788478194199344
18777,7.871526440816524
18778,11.899783123086157
18779,6.915376333830091
18780,5.433839580411815
18781,10.411530136677678
18782,13.772914840649927
18783,11.062112464208782
18784,9.338081643933736
18785,10.192900221013739
18786,15.821027584785755
18787,11.207922983255672
18788,10.03337864981584
18789,5.52792380637013
18790,15.95124753771723
18791,9.761988362778835
18792,10.688167921903933
18793,5.384170549011352
18794,9.892694017191777
18795,10.050059299087565
18796,7.305133302158421
18797,8.485960959723856
18798,9.473404278779748
18799,7.451527890776572
18800,7.961865791029165
18801,12.039229766933403
18802,5.346233116717824
18803,10.35310256419424
18804,7.929451473761626
18805,10.14282125974376
18806,13.500665136436082
18807,7.98828192674144
18808,10.643065600748853
18809,7.078840244989923
18810,5.767499745129247
18811,10.82758551697963
18812,11.037282299988055
18813,10.359362098649767
18814,5.028783876754524
18815,10.047391800862401
18816,4.936759756770434
18817,10.40326266173611
18818,9.97509798916512
18819,6.969467494492388
18820,8.77697788492713
18821,9.757516021299653
18822,5.956353552941565
18823,3.9876022043407993
18824,12.160529974708217
18825,11.556662818822035
18826,9.796718040723023
18827,4.058538834467631
18828,8.79962037718749
18829,7.866851586206877
18830,9.813974012940433
18831,10.543969504747862
18832,7.0922321690595975
18833,7.135375948662538
18834,11.176651559865162
18835,5.134108171257525
18836,8.976905583263322
18837,9.432676169960617
18838,10.296047437033854
18839,11.317069723214944
18840,13.769316059233804
18841,6.7573903309696295
18842,7.862889599813178
18843,3.9923209502828847
18844,7.860832069343241
18845,9.529693273375694
18846,6.893368701933428
18847,7.814285976509259
18848,12.74026942581089
18849,6.948823354640892
18850,8.2572351607375
18851,13.904771862739626
18852,10.354882867424232
18853,7.048860139309092
18854,10.583300796993884
18855,10.531349632281271
18856,8.88614833157495
18857,8.674231082900294
18858,9.038854223937696
18859,9.795963930414482
18860,8.256305292381432
18861,10.584786304623975
18862,5.974172243721226
18863,8.968572703682364
18864,6.017907412692131
18865,11.800195427478787
18866,7.955100948126013
18867,10.972788761684612
18868,8.000976659421012
18869,5.995423914165732
18870,7.093994175577862
18871,9.297627939992703
18872,6.527648010259357
18873,11.433174572001123
18874,10.655677216859848
18875,9.023560771115028
18876,10.835445832350583
18877,11.567968908774025
18878,9.473472974647164
18879,8.838692472671083
18880,7.773754952956892
18881,10.686645016405341
18882,11.596485437349754
18883,10.74844567138201
18884,8.991081036133684
18885,11.348685202790834
18886,12.767271076242745
18887,15.669371940184172
18888,11.118908984856233
18889,7.772565609643728
18890,9.908443649926843
18891,12.050334440668712
18892,15.980522215550199
18893,10.924433279851216
18894,5.488571360030731
18895,9.31949832827945
18896,10.219135008011724
18897,9.44095993505047
18898,9.77982157144516
18899,10.168448509155366
18900,9.613929304147264
18901,10.45693459965605
18902,12.140990134732977
18903,7.418733250007075
18904,10.380600064257715
18905,11.143282921285001
18906,10.519068871198508
18907,9.478215536674325
18908,9.989388458825536
18909,9.344372530005378
18910,6.081416699890888
18911,8.30521748200991
18912,10.477893285528944
18913,10.061595758395972
18914,9.81153139798658
18915,10.10748116158677
18916,15.571679186194773
18917,10.648516059218794
18918,12.004063551172022
18919,10.654814305578098
18920,6.851540947510246
18921,9.73056212876707
18922,4.074334988732145
18923,8.968398874162078
18924,14.128803519365379
18925,12.700953255461558
18926,7.008024469756208
18927,6.535199680203281
18928,6.974602915066569
18929,9.072177951150566
18930,8.327184256287344
18931,6.974813773497889
18932,12.109452200348814
18933,9.905079610217703
18934,11.55745023933817
18935,5.9550169065118554
18936,5.142839401074676
18937,11.759921834791717
18938,9.837493048594256
18939,4.900352663043484
18940,9.846331185960102
18941,9.74508116661685
18942,10.098297533043544
18943,10.128212778203649
18944,12.962062704234999
18945,7.990870533270529
18946,10.870610781571637
18947,9.507730261462926
18948,7.3534315516526405
18949,10.33231295860753
18950,10.623512758106642
18951,11.008960393958409
18952,9.07369093131666
18953,10.085434264500625
18954,8.782391462433333
18955,9.166357134468283
18956,11.186361181525156
18957,9.388959248602697
18958,11.220397550871454
18959,7.420841387564138
18960,12.230532409583505
18961,10.953236748333238
18962,10.844886762051898
18963,11.93910726514608
18964,9.059990170555745
18965,6.50324317447072
18966,10.96277507880534
18967,10.277844004043244
18968,8.322029186130914
18969,10.689424309496493
18970,13.41064608396601
18971,10.755223130205648
18972,12.44102506183445
18973,6.98592728361373
18974,8.599968076467102
18975,11.959280474273902
18976,9.225768027635736
18977,9.446684627173928
18978,11.54224846249945
18979,10.557007019851618
18980,9.089704036274858
18981,9.747196328091976
18982,15.09840311245037
18983,8.921124394784227
18984,9.789650849291784
18985,15.136626377064989
18986,9.946588196472918
18987,14.290035524680185
18988,10.414748068847198
18989,9.846960210489206
18990,10.882466834464983
18991,4.766257293932355
18992,9.706483334065611
18993,13.112813062136064
18994,9.03282688928349
18995,6.138585552938126
18996,7.04523361624301
18997,5.951454383067621
18998,10.387972838538285
18999,14.592082714189841
19000,10.168497561678949
19001,10.257686738147179
19002,13.818974547635042
19003,8.152054175274392
19004,9.862542036536125
19005,10.106681640305075
19006,7.5719762495929555
19007,9.9662856769486
19008,10.740050025701622
19009,9.756459521004805
19010,6.80118272339423
19011,6.910458017790367
19012,12.975830203892967
19013,9.196831393238758
19014,8.841416555099412
19015,9.984547491614064
19016,8.468698377095949
19017,10.177533196565696
19018,10.96964692122187
19019,9.916459852979285
19020,5.328862789240167
19021,10.442979221612601
19022,9.641919333247076
19023,10.113117821612674
19024,14.756664508498188
19025,6.00436509620976
19026,10.730526524014161
19027,11.884917986027476
19028,10.832076357054776
19029,9.577304016138394
19030,10.894807361082632
19031,7.738311248761367
19032,7.112491567135189
19033,10.245089438630712
19034,9.906010501226612
19035,7.94913059415113
19036,9.476897697743771
19037,8.12858373710034
19038,7.039056389101051
19039,10.177016665912001
19040,6.340981265665711
19041,9.782487946752907
19042,10.966448594893945
19043,8.138883343981716
19044,11.292472898351889
19045,6.962256956972281
19046,18.727958155177195
19047,17.715404122737272
19048,12.53524577823141
19049,10.641808784357933
19050,9.03631951630368
19051,11.321211052516913
19052,9.210672443066064
19053,9.484479088823358
19054,7.0111101605257335
19055,17.041651163149727
19056,14.329573395056725
19057,11.537775958101347
19058,7.233774366317622
19059,6.707607899661619
19060,7.989828269587958
19061,10.871455420396247
19062,16.49277496485512
19063,9.16000051478611
19064,10.174232387815056
19065,9.671960367642606
19066,8.392404814175867
19067,9.656506702931422
19068,11.8984255969833
19069,6.973871764865928
19070,8.090024606214653
19071,11.460528587085422
19072,9.411806513741022
19073,13.292897800477888
19074,13.563171296738618
19075,10.889669186215054
19076,6.003174965856716
19077,10.53130925867744
19078,9.359711295730756
19079,7.1806890311142375
19080,10.79720572468603
19081,5.937467962944365
19082,8.292585503594177
19083,10.129849983685288
19084,12.311865782565183
19085,10.827249351552018
19086,4.834978279372142
19087,10.351083127582568
19088,11.780228217774399
19089,9.495621014531247
19090,6.998087822602294
19091,9.977931363446226
19092,7.115134076988722
19093,11.696231826620695
19094,6.919988130574623
19095,7.997398295417488
19096,7.315263654342363
19097,9.01294915471392
19098,7.985571328722223
19099,11.903326128916339
19100,9.234103204559586
19101,10.444361684952067
19102,12.710073034749241
19103,11.077919964500046
19104,9.03200144593069
19105,15.719689828367747
19106,10.287125614937382
19107,8.310297913799625
19108,9.914284621206393
19109,8.754791951130661
19110,9.579816755441444
19111,9.026060974884475
19112,8.386168737314298
19113,6.027077272013498
19114,6.333284374926727
19115,8.96100992843584
19116,11.473151704011036
19117,13.917341228842746
19118,10.174659183086836
19119,13.608582716828701
19120,4.87521790563311
19121,15.169684656419625
19122,5.600301954257203
19123,9.356087373031292
19124,9.218096392437628
19125,6.033210441692284
19126,7.93885986895088
19127,12.356436614741664
19128,11.93557962090969
19129,8.259841183876675
19130,13.344506622057914
19131,9.082802980921597
19132,7.0034518599256295
19133,13.297054948311049
19134,11.002094500206882
19135,9.993582789021387
19136,13.766913288951612
19137,8.178879696687448
19138,4.95892004180636
19139,6.339796252960701
19140,7.021912363685551
19141,10.180722395729154
19142,5.116257427995549
19143,9.912457215052756
19144,5.969336708340815
19145,9.52792276836575
19146,8.949364291764295
19147,10.252142001555361
19148,9.950710211430279
19149,9.716422896158429
19150,9.193682063824658
19151,10.05095188638324
19152,9.661429323679878
19153,8.965798105514542
19154,18.142942446342957
19155,14.34343725117266
19156,10.26989683316003
19157,10.407642461725201
19158,6.0120110367432895
19159,10.057835044977589
19160,14.435071694239973
19161,7.657267387537628
19162,8.992851198552435
19163,6.893989221399805
19164,8.950974060014728
19165,11.433260369418674
19166,4.418763279686681
19167,9.165757968139422
19168,8.835443356293998
19169,9.066368948701845
19170,10.62591801174514
19171,10.461977518472017
19172,9.693001987319493
19173,7.908955470320331
19174,10.947097410434925
19175,12.278266122660858
19176,6.104816131161377
19177,8.504354112531127
19178,11.191829454336633
19179,6.370267932484623
19180,5.116368611793937
19181,9.902438016578783
19182,6.937653389822588
19183,15.534413483632397
19184,11.73428451360669
19185,6.042690637858158
19186,9.638065800387386
19187,8.100078631748735
19188,11.207677664364384
19189,11.153408463877819
19190,7.5110856176724585
19191,8.238124598795105
19192,5.655751544688486
19193,9.031323876493973
19194,11.73772048381491
19195,8.151516216178406
19196,5.144159275532245
19197,7.11956363885575
19198,9.616689246264963
19199,7.061565614762111
19200,17.51376526799117
19201,9.518723723883019
19202,8.860175151221464
19203,10.252025077756437
19204,12.622298876251472
19205,10.129181450197946
19206,9.317486046507886
19207,8.281862629418507
19208,13.586209238762285
19209,7.732821818330045
19210,9.288278920795639
19211,5.977327681378305
19212,9.01892124216471
19213,10.188401889665341
19214,9.071361947034676
19215,8.527273831947872
19216,7.022258264722153
19217,9.145532667347696
19218,6.867294432661964
19219,10.57785032590773
19220,11.846246209551188
19221,7.855730619613114
19222,13.616955205632005
19223,10.087432712522405
19224,7.115755464967437
19225,14.727767296592946
19226,6.967098310531432
19227,10.2086287123867
19228,7.423200854088218
19229,9.945577845309996
19230,8.090940951369985
19231,6.188340952639285
19232,6.930140248921109
19233,10.515425079237884
19234,11.029883181533831
19235,9.068293735852633
19236,13.0451291694552
19237,10.43922399052076
19238,6.987851913592026
19239,8.141948199729695
19240,7.593373312098526
19241,7.587977339178767
19242,9.716394090416875
19243,8.688891908880022
19244,10.876230824014973
19245,9.738259537048245
19246,9.66411973897092
19247,7.118964323967338
19248,6.921939171896787
19249,10.691952036754886
19250,10.066550336009998
19251,9.042474674468417
19252,14.203444722905603
19253,10.629858343945333
19254,13.598248739869428
19255,8.056827951325635
19256,9.95356205163836
19257,9.152961525889188
19258,10.104647075124026
19259,9.696412993309275
19260,11.814958583883017
19261,10.23080635083596
19262,9.715228752021924
19263,8.718179263313301
19264,10.88653772784537
19265,10.847480582865613
19266,6.727828755579486
19267,9.977653847898472
19268,8.348203315987652
19269,8.180251112614728
19270,9.30329495778989
19271,6.955571272653881
19272,10.90606794151649
19273,13.1777630843553
19274,9.532157048436732
19275,9.390505616412034
19276,9.566878623421692
19277,8.259471931567694
19278,9.946986488710484
19279,10.138702602151392
19280,9.999899807749413
19281,6.927397430520482
19282,6.014799390530861
19283,10.16980536705132
19284,10.060208530520814
19285,16.024414366563505
19286,9.553496474498894
19287,10.20772861792163
19288,8.248672062161253
19289,17.088744275487617
19290,7.744233138028655
19291,8.23627259881008
19292,10.64659198576451
19293,8.90610121187193
19294,12.053713847815045
19295,8.552056555138916
19296,7.8357975855799165
19297,12.17715237027293
19298,6.437888340952819
19299,10.564962750255576
19300,4.709600584023402
19301,8.312513001855388
19302,7.008449983062725
19303,6.990674388465967
19304,15.797516914403692
19305,8.998578206059507
19306,10.081999032492694
19307,7.2239194655447605
19308,6.773832843928538
19309,10.446146379087788
19310,9.138265332440158
19311,17.816246736241208
19312,11.716086867002748
19313,12.28633242293464
19314,9.787835437249877
19315,9.141272599873451
19316,12.479662182591719
19317,9.514514439192306
19318,10.118703461920974
19319,9.56895927407338
19320,7.160735764269086
19321,13.28621030695008
19322,9.939394637422685
19323,9.176091641579992
19324,10.371017721185495
19325,9.86409523325951
19326,6.960917115909551
19327,8.460482994072587
19328,13.493805125691077
19329,12.297147947110659
19330,5.644419152716945
19331,10.144383511311082
19332,10.646295432677343
19333,9.92587409566181
19334,13.435684073215793
19335,9.346277447340094
19336,14.041719864121198
19337,8.041348344846186
19338,8.81487503520213
19339,10.381787434952798
19340,11.31830196924387
19341,8.709026499683231
19342,9.896026994535719
19343,6.90140725398699
19344,9.387516934306786
19345,11.465311733213392
19346,10.80000362011007
19347,6.145109408289024
19348,10.11832684237215
19349,10.982807906099625
19350,10.661143362885536
19351,10.90667219596859
19352,9.088205424912863
19353,10.826013416164235
19354,4.991056128568564
19355,10.669131197189019
19356,9.809121091955921
19357,4.177037925624712
19358,12.174118624751308
19359,7.0214124393966895
19360,9.692799946497034
19361,8.893190875403532
19362,8.916263553293271
19363,9.691419864084908
19364,11.193593585536439
19365,5.141159589777076
19366,10.66538976762782
19367,9.614547656469698
19368,10.170463041998874
19369,11.842675866874588
19370,8.821244487887059
19371,12.149363998925459
19372,10.283550911522505
19373,10.953171039753515
19374,5.043506907508961
19375,4.670501961948225
19376,9.361508091929428
19377,10.046585916625816
19378,10.988391643776863
19379,5.607324168268458
19380,8.965602851865691
19381,8.519004285775678
19382,7.444963635597267
19383,7.940424853947084
19384,7.6528827644048185
19385,6.824197193628372
19386,6.360489558469993
19387,11.680244948939128
19388,8.318208816804221
19389,11.288749257886508
19390,11.828083548064004
19391,9.239855384467527
19392,8.832985747885273
19393,11.603096347305184
19394,15.240054295969976
19395,11.035636184481211
19396,8.89171929363568
19397,10.305718107461699
19398,10.011060567699976
19399,11.20968471827952
19400,11.263081680547911
19401,12.65662027453483
19402,11.027526490855696
19403,11.264353988484848
19404,6.361871929057523
19405,15.851818245835597
19406,10.5446083083686
19407,7.196608006512616
19408,6.950862508183974
19409,7.940793922812009
19410,9.116536327895224
19411,9.956040284740832
19412,8.997509270320949
19413,7.46521694792554
19414,8.88919011733138
19415,11.319265804806138
19416,6.922911087483726
19417,9.022974429535962
19418,10.615960188042646
19419,7.833880430981344
19420,9.473939548293886
19421,5.885505782857682
19422,10.152387648292882
19423,15.016296388102411
19424,7.082022420954216
19425,8.869977351627986
19426,9.532654690511686
19427,6.761642514880762
19428,13.611711308588658
19429,6.686517176587454
19430,10.288222002110187
19431,10.115644570075906
19432,10.140012321506914
19433,11.224452239145151
19434,8.579996399264635
19435,6.898122901840347
19436,11.265046348806628
19437,10.197250718458326
19438,7.051397219658819
19439,8.201373487784442
19440,9.524274609572581
19441,8.95824310324514
19442,6.232469251880426
19443,10.386662188405799
19444,12.662877066063727
19445,15.713268213279063
19446,13.591950767041734
19447,7.848807737746515
19448,7.658409373236447
19449,8.748855759858705
19450,10.79691613093522
19451,6.24123201099221
19452,14.249833538376077
19453,10.605370822219284
19454,11.117466034764677
19455,7.532947825018321
19456,10.933606881785094
19457,11.266550038898439
19458,11.629875028900416
19459,10.480363699953745
19460,9.108495793600111
19461,9.508063650407307
19462,10.537309903235345
19463,10.246923326130014
19464,6.991539140146896
19465,6.86005097457657
19466,8.624871864805938
19467,11.653211038773575
19468,15.391253275371094
19469,5.560332191491661
19470,9.823012169180986
19471,9.99028172944354
19472,10.162606309149266
19473,14.378444829242255
19474,12.361698432820384
19475,11.264036364708785
19476,9.752191465310245
19477,9.72690664858474
19478,6.99576695700185
19479,10.12854080149303
19480,9.678208646410381
19481,9.827054173592478
19482,13.11167482659804
19483,10.512578662398399
19484,11.897996663794794
19485,8.762342336612162
19486,11.76252927982185
19487,6.974064012673252
19488,8.19850166033851
19489,3.9999999999999982
19490,10.559960909532593
19491,11.578266502858122
19492,10.684879192462615
19493,5.422143016482027
19494,10.501473319055902
19495,7.966786828126333
19496,10.576880533609048
19497,10.028603495717109
19498,7.210868060661705
19499,9.282776436002917
19500,10.396812275569689
19501,10.891359500007242
19502,15.625641017866402
19503,10.193509042383146
19504,9.787757049547809
19505,15.248258945690713
19506,9.97153377328864
19507,8.557158385099997
19508,21.43316826583927
19509,10.475235137968602
19510,10.278135932476511
19511,9.8341474085034
19512,9.931668169713989
19513,10.533783043029777
19514,10.071059547905646
19515,9.487254769607796
19516,8.9995260490274
19517,10.346950814649436
19518,7.31639446748053
19519,10.507812570543125
19520,11.988396511365911
19521,9.68867565166608
19522,10.332645257359706
19523,10.364377282933102
19524,9.680802485958965
19525,11.732670047272265
19526,13.142980663766226
19527,11.145797643604176
19528,10.703210130391254
19529,10.884260828483551
19530,8.327170533095495
19531,6.997533751841292
19532,10.439254118336939
19533,9.426349025082322
19534,9.057537111986347
19535,12.535507990183808
19536,8.421646981186656
19537,10.447785993040286
19538,13.06490944012903
19539,9.949174402309335
19540,13.888122432515281
19541,7.522222915867884
19542,9.794012793833934
19543,11.00460149826679
19544,9.041007609694683
19545,9.508075363250553
19546,13.599469300291766
19547,10.575714901399177
19548,11.885793392113632
19549,10.345672279227779
19550,10.250461826991708
19551,10.082029736299818
19552,12.706809853424241
19553,8.108773198646427
19554,10.118048267467993
19555,10.197156607301467
19556,7.789772940779322
19557,11.297320162564533
19558,9.130028568623734
19559,9.505975639039287
19560,11.033654485052393
19561,7.9046326173535775
19562,9.236877422553706
19563,7.138738915662916
19564,9.001305148575218
19565,8.620852998363306
19566,7.001391226791897
19567,12.829966907594619
19568,7.543296587934043
19569,9.738172639643041
19570,10.33251397103477
19571,10.012550088489819
19572,7.020336090397304
19573,10.007637968847162
19574,10.823121201751489
19575,8.967212513059122
19576,9.01679140002969
19577,12.03656533906018
19578,6.328577435171528
19579,4.732553698606687
19580,10.598693288218238
19581,9.99338485916432
19582,10.615749218108737
19583,9.337679423743479
19584,8.842833963518485
19585,10.560596242698763
19586,11.292088443302852
19587,4.03109383765618
19588,8.702947704840755
19589,8.849443357010076
19590,10.708635435259266
19591,6.881292053308902
19592,12.968205198802034
19593,11.422297185573605
19594,9.979834234365471
19595,10.217272704449705
19596,9.127824357090153
19597,10.715689774031206
19598,6.401534442397452
19599,9.417668090984174
19600,7.276008669680252
19601,10.898218484664836
19602,21.728299156148154
19603,9.968696805510609
19604,9.8879429753308
19605,12.916400976684978
19606,5.198644673333263
19607,7.6681329253985915
19608,10.525543733251881
19609,9.156890410312824
19610,6.084665831317597
19611,20.01987089843375
19612,6.928439286550542
19613,10.826604170544
19614,6.047037689581146
19615,14.078425752851862
19616,6.102858011707825
19617,7.988417440204357
19618,6.073516779907231
19619,9.792949688041942
19620,7.8367628990550315
19621,11.447609360141636
19622,11.250097564113977
19623,7.149674689984723
19624,4.906750863973727
19625,16.023358645672552
19626,14.474116529856365
19627,10.920125845968613
19628,12.728858280750062
19629,10.598956042569215
19630,9.385600655880845
19631,13.44199989665724
19632,10.160857628011273
19633,8.823622688007417
19634,14.530650278786695
19635,11.112188903187528
19636,11.093103253254714
19637,9.701803915946359
19638,7.293440909449268
19639,7.072269113662344
19640,6.9430463376025155
19641,10.896570853263285
19642,13.900979998107031
19643,4.456536700449219
19644,13.402080781158752
19645,6.86698567199284
19646,9.929201026016683
19647,9.223756608447802
19648,10.9483412770565
19649,10.819862564155098
19650,4.42117073580421
19651,7.215599674960881
19652,6.678557171538136
19653,7.211735369980396
19654,9.879452918718462
19655,14.298401296084077
19656,9.990708457319494
19657,14.03346658545741
19658,11.668908773382656
19659,9.130030536899378
19660,9.22263389151083
19661,7.918494418135317
19662,10.063962989191745
19663,10.063126637109457
19664,10.144674416593604
19665,6.771023972669003
19666,9.984400150686122
19667,11.17586681601794
19668,8.878562245151786
19669,9.140684004093545
19670,8.33603104551724
19671,7.833880430981344
19672,9.517582676874182
19673,11.11485533529896
19674,10.795117734284856
19675,9.483063876496272
19676,10.92899831782819
19677,5.0320422485696605
19678,10.577841613244134
19679,12.06883700230513
19680,10.542933800129463
19681,10.064881760633044
19682,9.741129873507111
19683,11.70556760116567
19684,9.233040168947303
19685,8.669607060856789
19686,9.900105479971197
19687,10.15358997009258
19688,11.342576454186283
19689,8.894806035598515
19690,8.490786879064965
19691,9.231956458899267
19692,9.840407771366868
19693,6.032441282893413
19694,9.215752342355911
19695,9.016129299347268
19696,8.280114202130273
19697,5.072504058205665
19698,5.618635619784855
19699,5.7318671534909775
19700,13.602502900576397
19701,8.838518385914556
19702,10.46562175714901
19703,9.153328940318852
19704,11.153991548524568
19705,9.794953711224432
19706,8.648332612797178
19707,6.993868194770167
19708,5.99846665779955
19709,9.944920869242102
19710,7.005380252161276
19711,10.648976056808058
19712,4.810908672235973
19713,6.033504507104147
19714,9.70556381304945
19715,10.847757558270231
19716,10.469898553781295
19717,10.745880960819681
19718,9.837339665725088
19719,10.54338221469323
19720,11.100406572687389
19721,8.42903278629157
19722,10.536700969071177
19723,7.2995200985861395
19724,8.81537424458656
19725,10.392298234007223
19726,7.811945694847228
19727,10.026630412630729
19728,6.271044642224924
19729,7.205654561590005
19730,11.915795490084323
19731,10.368024556435968
19732,11.873202123896041
19733,7.462376183738039
19734,4.091691441684721
19735,9.985108100604231
19736,4.028615291999769
19737,6.951979269155973
19738,14.334063429896018
19739,8.6863337718746
19740,11.064182091478452
19741,7.069924107645043
19742,4.9111206261774605
19743,9.656517667325433
19744,10.150611089286375
19745,6.7574450456073745
19746,15.979126325913018
19747,4.002449164005845
19748,10.481057411585121
19749,13.355296704977409
19750,16.15099775417062
19751,10.023240744118604
19752,11.492363638650442
19753,10.167325538139385
19754,5.3315005847282935
19755,10.36098917193449
19756,9.048745052122884
19757,7.028846497183496
19758,11.639165553965377
19759,8.065817234881694
19760,6.809755415473834
19761,7.407642137870555
19762,8.367926636957447
19763,10.354136322200686
19764,10.80034870451652
19765,10.258837532660818
19766,8.904748586396506
19767,8.114089785321086
19768,11.27135191585801
19769,10.208010467263131
19770,7.825828727745557
19771,11.226206057910654
19772,10.01119146903236
19773,5.087279219265707
19774,8.860397575234662
19775,8.442307713297625
19776,10.509002529362453
19777,11.932558896290931
19778,6.99834462501796
19779,10.986350489001046
19780,9.389260526024872
19781,11.97861903042697
19782,10.56707617105546
19783,10.177680285116503
19784,9.989502163410462
19785,9.248255731017244
19786,9.256840894041192
19787,9.307836687418957
19788,6.134860416845753
19789,9.498875298453283
19790,6.772882078190839
19791,4.33743469145852
19792,11.942452411168345
19793,7.91830783065544
19794,9.926914930970215
19795,11.08132976127961
19796,11.27032944441782
19797,11.560711030625788
19798,8.108165042490546
19799,8.94105437904552
19800,8.91147939318674
19801,7.963004381797095
19802,12.339326428648212
19803,10.145359774697395
19804,7.022954662810134
19805,10.926411654875642
19806,13.635761651079255
19807,7.035315706413133
19808,4.774542782899969
19809,11.94272675157127
19810,12.118382506183819
19811,9.040406364120416
19812,7.0593172889408
19813,10.142641818475623
19814,10.44498064876077
19815,10.007033280454314
19816,10.17115735528987
19817,7.876377805254526
19818,9.296157882732599
19819,7.21996191577578
19820,5.146200125132494
19821,7.449508001531436
19822,7.232141296394397
19823,11.18743820498669
19824,5.045969889645666
19825,12.308445618495211
19826,9.439167824497508
19827,10.04327386080808
19828,9.484478933520526
19829,11.098417640775345
19830,6.959057990780954
19831,9.342410153535772
19832,9.711309901449956
19833,14.272009987845857
19834,6.681395427774804
19835,10.065271095723977
19836,9.959339984344767
19837,9.372708614196045
19838,5.994743213082711
19839,11.069426485870592
19840,9.875822699712591
19841,8.194331233917316
19842,7.99413971081097
19843,8.880835837462078
19844,15.089450707653851
19845,9.148014513254479
19846,8.664068547414958
19847,8.979822617684023
19848,6.974929135375817
19849,9.243033778019369
19850,8.673704830334524
19851,10.2375879252234
19852,9.503116328035413
19853,7.660700877281689
19854,9.979516686247917
19855,9.515119332014
19856,9.04296753521996
19857,7.393127463850536
19858,10.819318974894324
19859,10.58947717209882
19860,9.533505014717653
19861,9.964625525029488
19862,10.090124017617283
19863,8.710724187244983
19864,9.071737441552807
19865,11.49916998553226
19866,9.430445318555387
19867,9.701922484851048
19868,10.16473148931185
19869,5.944994418267017
19870,13.292907375292788
19871,8.21369482419742
19872,10.238638328430467
19873,9.81165483945731
19874,11.011926700499288
19875,12.689247831581683
19876,9.29007301565145
19877,6.52782339213949
19878,7.811268107452376
19879,11.300466701875576
19880,11.297276114045046
19881,9.901921117672577
19882,6.679139200517399
19883,8.951323704507749
19884,9.605391152061825
19885,7.060949953972475
19886,9.654459922590407
19887,9.934240141233902
19888,11.333996896189133
19889,11.339765825805804
19890,13.04006602213714
19891,9.13691552903652
19892,12.476698729256476
19893,7.541589400025293
19894,10.436663548570545
19895,10.11877512513472
19896,9.854831639468893
19897,6.313853372588525
19898,10.15382148393167
19899,9.811864238045997
19900,11.580850207062955
19901,9.219499391324279
19902,5.059804064629383
19903,7.310754309772829
19904,8.069585149552038
19905,10.043282968278847
19906,10.32448559625743
19907,6.295514886614118
19908,9.732281424858995
19909,12.012879842544072
19910,8.756920860962401
19911,8.94265744728287
19912,7.5940391975005594
19913,9.771440585376086
19914,10.662797199939218
19915,8.824838548574265
19916,7.610377418635743
19917,7.096381480755785
19918,7.117082094097988
19919,9.562803524001465
19920,6.270871853374366
19921,9.395702465283309
19922,9.989767209332447
19923,9.519627737920894
19924,11.579160728274639
19925,6.365218902504429
19926,8.736534190866122
19927,14.019930573664096
19928,7.091047664319495
19929,6.303828180212745
19930,7.8128273029520585
19931,9.440842202813245
19932,8.673342267621907
19933,6.987014554891692
19934,9.988486642811901
19935,10.52410491921115
19936,9.302880276413637
19937,10.080661245963084
19938,14.401346176768957
19939,6.920962310657051
19940,10.173671466620148
19941,10.89389215213499
19942,8.601470825657662
19943,10.090209267654016
19944,12.201539044407193
19945,7.042637568994637
19946,12.293584691105584
19947,9.663036167872841
19948,11.016348533912703
19949,6.048905950058181
19950,9.201327641897146
19951,8.868372519746588
19952,16.729169159653825
19953,10.411359591105654
19954,12.920139415420417
19955,7.565788517523237
19956,9.650078843727128
19957,6.012133547940362
19958,4.224028280849274
19959,8.795890705038461
19960,7.181526581808427
19961,6.008868798005762
19962,7.003812135658491
19963,11.468815868145773
19964,9.984015179549067
19965,9.765433184877091
19966,10.121317542345112
19967,8.27038929270388
19968,13.305893228633217
19969,9.051013423286571
19970,8.461184243005674
19971,9.87337742473368
19972,12.110757843923269
19973,9.08783505558639
19974,8.968976007721894
19975,10.048898256133691
19976,6.802670067360538
19977,10.510976644216022
19978,10.086934810755542
19979,8.77962105901294
19980,10.598231469974605
19981,9.333855788840582
19982,9.035762832116523
19983,10.81722668098518
19984,12.305774163888698
19985,13.646995163573648
19986,6.736508713504909
19987,10.117685919443394
19988,11.415104584900751
19989,8.86992584528839
19990,8.643843175401551
19991,6.047541686962281
19992,6.905528738993471
19993,11.890028834282978
19994,11.16784431695274
19995,8.01686832226524
19996,10.32276519784257
19997,6.999794434927551
19998,6.119039689483522
19999,9.02678775982403
20000,9.996599806235116
20001,8.177959240143652
20002,9.655187602906844
20003,4.894918009818372
20004,10.065801527776914
20005,7.072575866344028
20006,9.684537139592793
20007,9.924660786374252
20008,10.930528450062548
20009,14.84942765442756
20010,13.531538717016671
20011,12.61108023379903
20012,12.824137873584208
20013,10.257789163401194
20014,9.607629340393709
20015,9.969066064940455
20016,11.751694827521622
20017,8.641984013504844
20018,9.868075636182772
20019,12.262749087177818
20020,8.89438710032971
20021,10.130971584137724
20022,10.096369642120512
20023,10.192173956531688
20024,16.253520552643685
20025,5.900129198413967
20026,13.362020829171152
20027,9.198938113353291
20028,9.215477241827111
20029,5.033371214000743
20030,17.32015033352167
20031,12.15701000623101
20032,8.787699760361766
20033,9.000654751512544
20034,9.138617119030519
20035,8.561492989912052
20036,6.984163819827224
20037,15.170425592747188
20038,12.193597837881816
20039,6.339796252960701
20040,8.83355804924185
20041,14.979319600526562
20042,7.227961858929339
20043,16.501941099316486
20044,4.019348184945584
20045,10.936509586159943
20046,10.550682058724886
20047,11.08806052963017
20048,10.719858483855338
20049,10.365936247761594
20050,10.036443124344595
20051,9.35866986376743
20052,9.20414627716289
20053,10.40739306019299
20054,5.870253196023859
20055,9.806996091269317
20056,11.311803766255839
20057,8.203678312964312
20058,9.051686159069144
20059,6.010064914729436
20060,8.843675659944134
20061,8.69559950432407
20062,9.531837426723483
20063,9.673856016921745
20064,6.287546806241604
20065,10.535194602381205
20066,9.961758933499572
20067,9.161139498355551
20068,5.138324284201714
20069,15.64408006321051
20070,9.698211554467575
20071,10.046129303005118
20072,10.288987749695979
20073,14.102154140955596
20074,13.480698602495833
20075,7.0027393682518095
20076,8.911283568795914
20077,8.830105911111266
20078,11.35856369292533
20079,7.1370861716323315
20080,8.900804413619339
20081,9.52135172522089
20082,9.455379665984369
20083,7.079834091093607
20084,9.35877133043837
20085,7.043195717668279
20086,11.24221071943771
20087,9.723794711989195
20088,7.518155615769614
20089,11.829779662803292
20090,9.809346639832002
20091,8.881091739928136
20092,6.996667190655854
20093,9.750599248909632
20094,13.786444076365248
20095,9.274283308349206
20096,10.422542919957298
20097,10.935811756420621
20098,11.961621701225448
20099,7.21479219185103
20100,6.312338506131807
20101,7.432211809338295
20102,9.742553004290299
20103,13.038410201264584
20104,8.726353039022746
20105,9.624691851821646
20106,9.57615133561002
20107,7.781536795329886
20108,8.012456011038145
20109,9.976714217037154
20110,10.573730621356026
20111,7.13239002762689
20112,12.176238576897903
20113,7.054701930651433
20114,10.394051498802675
20115,9.211220445308788
20116,5.995836475469971
20117,11.72673536852894
20118,16.2007387812517
20119,6.255611659964711
20120,5.115307760127739
20121,10.818466703101548
20122,10.128680511316562
20123,9.54162121768048
20124,8.03325519724313
20125,13.438073382620649
20126,7.998428683030889
20127,7.000594520496245
20128,7.537916170816443
20129,6.346557300092234
20130,10.704529012982603
20131,10.128603111133446
20132,10.95505047345372
20133,4.793997651363673
20134,10.25075251127893
20135,12.05612969780388
20136,7.833253448756167
20137,7.699751215154199
20138,11.078739596728726
20139,7.001674782624889
20140,6.298645538898882
20141,6.930949161765952
20142,7.786154661473224
20143,11.67745750708202
20144,7.756913013873373
20145,9.592336558330429
20146,10.387224125070508
20147,7.34143628523462
20148,10.707800633453557
20149,7.023337833837637
20150,11.259967460622748
20151,5.8234428786647445
20152,9.643772583549667
20153,9.283609329802895
20154,6.977965898919109
20155,9.257391748388065
20156,9.343360298317224
20157,10.624741980068043
20158,8.537797823106613
20159,11.983250418485786
20160,10.127298235663323
20161,13.098744169436877
20162,8.703539727893832
20163,10.555432147335962
20164,9.252944585073154
20165,7.8003634698420345
20166,6.090458178597645
20167,11.588196649353646
20168,9.927526458936109
20169,16.189151714351677
20170,10.820654842187261
20171,12.223708302872486
20172,9.861475733730307
20173,10.998967102649635
20174,10.290481704797878
20175,10.101364984564933
20176,14.2830037362458
20177,7.698129051777446
20178,11.219921759753145
20179,11.086609661543049
20180,5.269583220071644
20181,11.900291239014338
20182,6.333213988703637
20183,9.508950251491248
20184,11.224781951075371
20185,8.14681131301415
20186,10.189735130411597
20187,11.472933110892006
20188,13.548582713177955
20189,4.995827217110343
20190,11.027916097213005
20191,10.175889301685851
20192,7.69939611225619
20193,11.045339231831678
20194,9.160444115343795
20195,11.612192774252572
20196,9.571175738882461
20197,6.259289321446113
20198,8.39567007413464
20199,12.238700065201792
20200,10.080151014311197
20201,9.29631593006028
20202,3.9999999999999982
20203,10.176029996685704
20204,9.854977105891438
20205,11.922674166487122
20206,11.297682747466313
20207,10.509197622947571
20208,12.172855575210763
20209,8.712502966600253
20210,13.384864248672033
20211,7.515211994407048
20212,10.33491040880917
20213,6.855902966032195
20214,9.70530683950203
20215,10.668278343498573
20216,9.611843980143155
20217,11.643120306923459
20218,10.649458730631013
20219,12.35557703081389
20220,5.4171000459670795
20221,13.952831173134989
20222,9.887109855160707
20223,11.247910080145695
20224,7.693321927968205
20225,10.177754051728916
20226,11.42143138981407
20227,11.143494546522172
20228,7.056650825919078
20229,10.262809962215291
20230,10.83469165951004
20231,7.861526131565997
20232,6.893788008981296
20233,12.073380329998217
20234,8.165561046895336
20235,14.31720994999657
20236,7.9543880981332595
20237,10.623104577238655
20238,10.423975021226836
20239,8.52654286259637
20240,11.15859006562401
20241,12.139426165286507
20242,9.523796964725447
20243,8.072179167637538
20244,8.400236404606444
20245,11.587131438187141
20246,6.141894744719207
20247,8.28828038682842
20248,6.012145713579191
20249,6.95773569533749
20250,9.747405855751529
20251,11.057371693900746
20252,8.984041913483802
20253,6.143557070259936
20254,8.001890189106708
20255,11.562011777682972
20256,10.151408271870709
20257,9.014427143064486
20258,8.958829274340276
20259,11.15643318092493
20260,13.821866514744075
20261,9.227662050675404
20262,10.987534496574314
20263,10.59472444902787
20264,10.215684095034321
20265,7.429815443887556
20266,9.812782396872384
20267,10.898502889358012
20268,9.273469584963236
20269,9.603267070227693
20270,9.115459467182982
20271,9.10335318809504
20272,9.270865614110088
20273,9.739117324461015
20274,8.772438050340442
20275,8.154949217521098
20276,12.201819898741066
20277,10.331759194509745
20278,10.523637203753582
20279,9.403969273106513
20280,6.961113456354235
20281,4.329893565414172
20282,7.985617665558694
20283,12.35111946711633
20284,6.805744285912597
20285,9.739572381365805
20286,9.990983952184715
20287,12.675068194560666
20288,11.181623441583861
20289,8.217475069885852
20290,9.294486719979774
20291,5.322038520864682
20292,13.584037168767638
20293,6.993769788749548
20294,7.010441095384046
20295,6.199010329597343
20296,11.051670266713549
20297,10.309341791283808
20298,6.865864047011099
20299,9.066160109292271
20300,6.001684688539421
20301,9.36858084382178
20302,7.952764958836683
20303,11.42914115517478
20304,6.817649583366965
20305,4.645733748032417
20306,7.858397049270389
20307,10.344921509902909
20308,13.86398992477624
20309,8.253151726082846
20310,8.666350669599202
20311,9.16370102464933
20312,8.333101162068077
20313,8.793878256180884
20314,4.969738023256487
20315,10.14865710780069
20316,9.147253088102866
20317,7.7805997295952825
20318,10.622206844382733
20319,8.531167981132109
20320,8.08660974928958
20321,8.059656505969587
20322,7.896550071587319
20323,8.059785231940422
20324,10.730093245933249
20325,13.382413124037603
20326,7.940987251353981
20327,7.824286847250573
20328,8.011665035729477
20329,10.658115980050491
20330,9.43647963943844
20331,11.520731483154334
20332,5.314463374007703
20333,10.664400778844415
20334,10.918873142972833
20335,15.286373235393205
20336,7.016274950706105
20337,5.194927738189749
20338,10.91148109530353
20339,9.998672651094315
20340,8.465486211499728
20341,7.766152045683599
20342,10.509278318281284
20343,12.044148016614015
20344,3.9999999999999982
20345,13.263221160993579
20346,12.451182140449538
20347,10.965475552716029
20348,10.314338071113637
20349,10.551875942928346
20350,14.40383257101615
20351,10.441057595834746
20352,10.994917705145605
20353,10.341417105434445
20354,9.681236753966095
20355,7.098162233705919
20356,4.76774649103736
20357,9.86593132377176
20358,11.134246010645652
20359,9.131288799709862
20360,9.542783563150266
20361,8.46303561553824
20362,9.053484719228772
20363,6.771529646892411
20364,9.939215610109438
20365,6.259242592775328
20366,15.720929029156503
20367,7.95015281635828
20368,10.08892703573465
20369,9.25681146569581
20370,7.801589367464711
20371,7.849693893033958
20372,13.416565224246217
20373,14.028660056092784
20374,6.136210178872675
20375,8.671994698453018
20376,10.003559911589543
20377,8.614122983443211
20378,15.473536110885215
20379,12.897310492391771
20380,6.789403746483087
20381,9.968262637418595
20382,9.629835391588989
20383,7.954713303289866
20384,9.912424894304282
20385,8.629717828568593
20386,6.903059345479138
20387,11.368266631523651
20388,8.682687348001673
20389,6.001506649353925
20390,15.023566166997055
20391,10.991234443287889
20392,9.562846160166513
20393,10.117437250914163
20394,10.352543604188442
20395,10.62009390651224
20396,9.586513505375388
20397,10.042940498990278
20398,8.01708533336319
20399,9.863399980169818
20400,10.537588779654532
20401,8.195105095228568
20402,10.00573401092794
20403,7.314092796935314
20404,11.814449682225671
20405,10.519055120875347
20406,9.415587283395075
20407,10.084077036757646
20408,10.137676708862196
20409,10.631944915990461
20410,8.893188186635362
20411,9.557689740033451
20412,8.93421690778572
20413,8.656658024054737
20414,9.96918483371058
20415,10.296787163296681
20416,12.11716758714919
20417,9.42851679552914
20418,16.0093329305683
20419,10.38181503791804
20420,5.76552522693031
20421,7.662356595452362
20422,9.681271928427092
20423,7.419693634437264
20424,10.20787514608451
20425,6.157402447494214
20426,9.68294241474778
20427,15.517917958411092
20428,7.305944724208718
20429,8.92550695166639
20430,10.552849742799312
20431,10.155617266564574
20432,13.353000987658449
20433,9.495306958145916
20434,6.00508271958773
20435,8.868406400822936
20436,13.057467928352375
20437,9.828051107532472
20438,7.60674231375063
20439,10.146017515517899
20440,10.72685529219775
20441,9.938146186967954
20442,10.031232112946283
20443,10.701285969387941
20444,8.906027271817967
20445,5.218114279844171
20446,8.4746531688354
20447,9.549589504782316
20448,7.003425606017828
20449,7.920251998534649
20450,11.93359806864383
20451,10.458095813282737
20452,14.269055582785812
20453,10.016141423938786
20454,12.31697060066938
20455,9.804379370063577
20456,9.538926197837311
20457,6.983955284240977
20458,12.13260402301692
20459,10.299121729136038
20460,10.042736714410596
20461,7.734639591196796
20462,5.920798531535295
20463,15.186139922674325
20464,9.848377887129155
20465,9.292154596118317
20466,9.183324254010488
20467,7.560070008974074
20468,10.100724716391975
20469,7.813068588760768
20470,12.928441181405459
20471,9.716848260477322
20472,5.249005527351798
20473,10.124894661741342
20474,10.68051210515287
20475,8.25946109198397
20476,6.866010154077319
20477,9.554567589980627
20478,7.6465296566180525
20479,10.348572120578021
20480,7.661140035811965
20481,9.776398602189508
20482,15.38402001214854
20483,10.709579145838733
20484,11.742187026838272
20485,11.162817157045241
20486,9.654981941383335
20487,10.507898482665263
20488,9.990550138184878
20489,15.24234536118853
20490,9.122580741613264
20491,10.480492270009078
20492,9.117802168307295
20493,11.230650237634945
20494,9.958675928253735
20495,7.26183546173346
20496,10.571562387619139
20497,11.396173883264359
20498,11.055810179966903
20499,10.516341436696303
20500,6.938834434786681
20501,9.219741845346812
20502,9.371156235380655
20503,11.341596410031451
20504,7.993351881852133
20505,13.577813561969863
20506,15.803421354553553
20507,7.830542866392092
20508,9.95199109227985
20509,6.068812869250065
20510,12.716123927892463
20511,8.830044235150256
20512,10.066745513715025
20513,5.329739869001517
20514,8.685678106750876
20515,8.151868639417005
20516,7.749110610557363
20517,10.581962861991249
20518,15.750822405978958
20519,13.294625633490215
20520,9.829432658566043
20521,12.32361766743382
20522,11.411908756505232
20523,10.801282722609761
20524,9.773317627089993
20525,9.479927214869713
20526,6.19536392720237
20527,13.7408739924892
20528,8.964980649437555
20529,10.042162731323844
20530,9.595850625377585
20531,6.018308448065
20532,11.32264722840244
20533,9.389432028296818
20534,5.951982149985979
20535,9.720664896418649
20536,9.878305988637058
20537,9.750084884891868
20538,10.847331963385793
20539,8.972956203250627
20540,11.387814364501498
20541,10.524020514947582
20542,7.760757809473244
20543,5.9692421788465575
20544,11.003239310808427
20545,15.227147164906809
20546,6.101953007897092
20547,4.997369400765266
20548,11.279104551177886
20549,6.998522151637211
20550,10.080884845272868
20551,7.992994901637598
20552,10.364556756642305
20553,8.015932402137688
20554,3.886128518389075
20555,9.9458588611092
20556,10.312343874492646
20557,9.283111141191556
20558,8.178555803456932
20559,9.907461366827532
20560,10.417174381079066
20561,9.494988607235323
20562,11.08036990628459
20563,11.646489935463146
20564,10.180741287054628
20565,13.747675667731732
20566,10.133343793971845
20567,10.284390222252517
20568,9.296282017089164
20569,7.7247499025666375
20570,8.009049729165598
20571,11.076190605199686
20572,11.66859145033148
20573,10.421083468000406
20574,9.923838304786088
20575,8.298100451884034
20576,8.987107338742089
20577,13.06036253941418
20578,11.404851028135804
20579,5.995241791972044
20580,8.867083410616695
20581,10.257812169371872
20582,10.010882886511899
20583,8.554085379211129
20584,14.244018061816133
20585,8.7922583658928
20586,15.920067254706012
20587,10.328304170015825
20588,7.490032609819929
20589,7.896561493823993
20590,8.365865040324243
20591,7.9969959286466885
20592,8.796654262057876
20593,11.035830250838652
20594,10.383956596989227
20595,7.010627932372008
20596,7.138221258854642
20597,10.712682285912424
20598,13.44087046765418
20599,10.056091772563123
20600,7.905372565859819
20601,11.24603353866208
20602,9.613033270012304
20603,13.813300665558446
20604,6.388709245639253
20605,9.753383302191411
20606,7.7325800575997965
20607,9.24792561437628
20608,5.047451457023839
20609,10.91613320691045
20610,10.23108650047426
20611,7.237814162223204
20612,7.232326514618105
20613,8.906472133055521
20614,9.546731267561741
20615,9.30333446960005
20616,8.199220119339346
20617,15.70691759925107
20618,10.26699173701576
20619,11.107853937344755
20620,7.83107600169293
20621,9.401505289104511
20622,5.199344271502793
20623,12.04392964664696
20624,5.047061955075796
20625,10.572960195263477
20626,4.02256396908654
20627,12.630259867601096
20628,10.117586702041125
20629,9.883612402174458
20630,10.948601199596341
20631,9.416508510221997
20632,11.715765971620558
20633,7.937598254602344
20634,9.509346739962806
20635,10.282913983087402
20636,11.87033145576004
20637,10.072456294112415
20638,9.49034772868807
20639,11.10321672338286
20640,8.64621714012077
20641,11.240840845784563
20642,3.634778257422724
20643,8.00217717788412
20644,7.995961244517543
20645,10.637225588907617
20646,9.57436557450262
20647,10.219854778790738
20648,9.05273651512631
20649,10.267310963025535
20650,9.334764432009292
20651,13.714434891875944
20652,9.004021560287724
20653,8.448517633975465
20654,9.634313295568719
20655,9.990603512278037
20656,8.444905489882379
20657,9.130383554157428
20658,9.23432926383195
20659,8.828090610781006
20660,6.776357358290321
20661,10.17064093875394
20662,13.99045148622384
20663,9.80827514219556
20664,16.762108160711758
20665,9.433372475834817
20666,9.888664624559146
20667,9.618638022274771
20668,9.074444106521574
20669,10.511024338522025
20670,8.895564929392977
20671,6.142828704056324
20672,9.936710483248342
20673,12.420279094823675
20674,8.841744577954975
20675,7.942120012085521
20676,9.220414107344608
20677,11.519740028263017
20678,9.900576153081003
20679,13.257852764347833
20680,9.293334128182005
20681,10.11299779029621
20682,7.165988529767326
20683,7.322845702641487
20684,10.224331007539488
20685,5.346971749862209
20686,9.762093620226809
20687,7.9149362446813285
20688,6.11907733798982
20689,10.968320724370487
20690,9.056458431755013
20691,9.125487159671104
20692,9.654098801231145
20693,9.842062530707965
20694,9.572121811073236
20695,8.586977806094447
20696,10.305612734698988
20697,6.913409762112119
20698,8.875335001795692
20699,15.45357859400239
20700,9.987541644328784
20701,10.652710777541634
20702,8.809658631461625
20703,8.974201862693414
20704,12.040905318201473
20705,10.61080034330235
20706,10.939384597038211
20707,7.98469524031438
20708,18.305727591491554
20709,14.069927895186806
20710,10.258061630997338
20711,9.837063479034237
20712,10.687715369656225
20713,5.186276153712596
20714,9.260960411093675
20715,11.641453929615293
20716,10.742574996362556
20717,8.151729611955735
20718,7.058512542965492
20719,10.986282920223644
20720,16.402919514651554
20721,9.929275300424065
20722,9.952829153532415
20723,7.751652355233032
20724,6.112004754169099
20725,14.142964138812959
20726,9.889258779757101
20727,8.124109643119967
20728,11.397019135050689
20729,9.098633366743785
20730,9.142724368140295
20731,6.997199584589074
20732,6.958759369832929
20733,9.696253518374652
20734,12.018016730155223
20735,9.416062443149189
20736,14.590225549084037
20737,9.179854332774868
20738,7.9430480350031845
20739,10.481303317064814
20740,9.71053108242364
20741,9.584663394155173
20742,13.346764748496955
20743,10.081679173065632
20744,8.343943668510411
20745,5.066186424194876
20746,6.899464706607695
20747,10.330421921843135
20748,15.70995937892031
20749,9.091728017987544
20750,9.729754462994547
20751,10.110945993059063
20752,6.066824565039035
20753,7.6662039938687485
20754,9.816924771865503
20755,10.66418489952704
20756,10.200366883081594
20757,8.901537512126007
20758,9.989906537033706
20759,6.368726194337853
20760,5.460918255887121
20761,9.97744162536606
20762,8.721433451849455
20763,7.715564353191246
20764,10.009228669970424
20765,9.810563841973257
20766,9.465768031945052
20767,7.461868141916622
20768,8.728548240873275
20769,7.413936413992946
20770,10.028801867106237
20771,11.251730104429358
20772,10.285085185968654
20773,10.163646125120705
20774,19.41685392832564
20775,9.565488893135205
20776,8.894208549267086
20777,13.124030206835227
20778,10.19132886108101
20779,8.049428102493307
20780,6.886813452820801
20781,11.346551010210566
20782,18.55536926815708
20783,9.140292492112783
20784,7.377435678295523
20785,14.687961469236814
20786,9.196589469610766
20787,11.398616491839169
20788,15.849207593130615
20789,9.894823210801983
20790,8.585015238249424
20791,7.655652519790076
20792,11.169572905372362
20793,9.603107333682543
20794,6.5068347727261475
20795,8.176266424545046
20796,4.997803116856774
20797,9.482900037330667
20798,9.62674172964495
20799,6.210959255121734
20800,9.338446162812021
20801,9.051973696514933
20802,5.291365421080675
20803,8.984786313246387
20804,8.911455669631478
20805,9.474676114580378
20806,8.155312659373484
20807,9.583358844644854
20808,13.053534138742249
20809,10.771882556339534
20810,9.977104472088177
20811,7.790819312262755
20812,7.159988018811154
20813,9.153372440354774
20814,9.562879327416654
20815,7.297298095224647
20816,10.13700501000241
20817,9.664600306571485
20818,7.078333627302699
20819,4.787893868168107
20820,8.812279242145065
20821,10.593538358993408
20822,8.070302260743587
20823,8.936922994470065
20824,10.873129176016972
20825,12.213437836111032
20826,8.443806090914839
20827,9.282812768324147
20828,6.740676794074259
20829,9.92712502150881
20830,8.420005107439033
20831,6.416683463955007
20832,8.832790035517627
20833,8.655384872355272
20834,8.780312492930266
20835,7.989529056133021
20836,15.40534993706983
20837,7.112916943091969
20838,6.96829996466583
20839,10.378694433771132
20840,10.346100474319096
20841,10.388910465523711
20842,9.479516073477248
20843,8.898905433813146
20844,9.73614426443781
20845,12.726650118432882
20846,12.029187077009679
20847,9.566640853202463
20848,10.377480900590083
20849,5.490740984493172
20850,9.044118138899622
20851,10.396391762100352
20852,8.74258686417778
20853,9.223237698451689
20854,12.315107501065759
20855,11.591314339902285
20856,11.145031347881845
20857,10.779610434976073
20858,7.916109879250259
20859,9.914572350970777
20860,9.424276743526912
20861,15.86559237908204
20862,10.457328474248348
20863,9.592171899621617
20864,4.501983896928787
20865,9.47620165826718
20866,11.137309417593707
20867,10.786424779772352
20868,9.731079186593748
20869,10.052401683496202
20870,8.809880782825951
20871,12.241751288726162
20872,8.253570853008076
20873,6.5081425969481455
20874,7.171306794219653
20875,12.403230121366748
20876,11.1912054062119
20877,11.387011505936393
20878,9.877110390166182
20879,9.84184397775019
20880,9.849820146868355
20881,10.240784496706194
20882,10.872760565937053
20883,8.17130464973967
20884,11.35847301862178
20885,11.322547599517096
20886,10.930531998548629
20887,8.698998903528992
20888,9.820981063911473
20889,8.696608510308627
20890,7.851553595168669
20891,5.6690913216728385
20892,7.7782968649226145
20893,9.429407593228204
20894,10.971580477205118
20895,7.065598008963084
20896,10.005691331083533
20897,12.835885775944803
20898,6.0130564275794915
20899,11.799966007813854
20900,9.604906684280907
20901,8.244636372461015
20902,15.437922488093689
20903,7.884150506481841
20904,13.693817814784706
20905,8.56975751716791
20906,12.08638036351985
20907,10.008352832594356
20908,16.81030894071213
20909,9.538652988028948
20910,7.5146230910755945
20911,10.754940791898958
20912,6.009320895848736
20913,9.854017589228723
20914,7.620096276206008
20915,9.716851110706417
20916,9.267098162184093
20917,8.27074334538287
20918,8.12225123079377
20919,10.291920872335128
20920,8.28744285127451
20921,4.345816445380998
20922,9.41436231095483
20923,10.828602246991297
20924,11.106400525739494
20925,8.651005582462291
20926,8.097052635746005
20927,9.833412952404684
20928,11.729546571173389
20929,8.079313952909606
20930,9.590554597844113
20931,7.9463751911095315
20932,6.958066239898283
20933,9.77757008323943
20934,12.874527162889933
20935,14.265606983085835
20936,10.683077062639489
20937,5.9920409506996215
20938,10.737923066487294
20939,6.186446865113526
20940,10.81529612255807
20941,10.652437377281181
20942,9.027222846644092
20943,7.873900129979278
20944,9.790674203344759
20945,6.9860903053011345
20946,10.991018464919083
20947,10.684157374581021
20948,15.916832529553414
20949,9.621751845190234
20950,7.445534911367698
20951,11.336497483887442
20952,7.844867854728628
20953,6.110218795786771
20954,11.103804938599204
20955,10.448040734802833
20956,10.758505657617201
20957,10.526093745143218
20958,7.8759863189510515
20959,11.905345566772416
20960,10.548732123006276
20961,8.299862792024493
20962,10.642912190375563
20963,16.445196467496633
20964,10.527124787121663
20965,11.020448105442739
20966,9.684931159098037
20967,9.319276894208015
20968,10.644062943814953
20969,8.93542990836418
20970,8.422171585280454
20971,4.002449164005845
20972,10.489387240533569
20973,9.817563501211078
20974,11.229639121747033
20975,8.856341066360374
20976,10.566538501805814
20977,13.18095606222028
20978,8.145476845052494
20979,11.949761108100349
20980,13.595988295860595
20981,10.282617089297341
20982,9.655419111852416
20983,10.826510629774384
20984,6.930651505887486
20985,9.588631611329534
20986,6.876550214903528
20987,10.387011682582875
20988,9.75323224171911
20989,13.838605544314094
20990,13.16008169758387
20991,4.670158924914127
20992,10.549825152071017
20993,10.887433848503832
20994,8.950852447789602
20995,10.195085631543138
20996,9.854026532616471
20997,11.705580447584113
20998,10.905903109146559
20999,8.799311487790542
21000,7.010010261408066
21001,10.373031911208761
21002,10.060512162382802
21003,5.980003737271111
21004,8.264529865516065
21005,6.9610263010986575
21006,9.995801733595632
21007,5.645825810512937
21008,9.137089814452777
21009,11.461006502955138
21010,3.932687423587036
21011,6.063866573155658
21012,13.02037709462724
21013,8.068529249499926
21014,9.996499495008164
21015,8.119324771330772
21016,10.352088676864556
21017,6.527260113230371
21018,5.925159310168134
21019,10.920336929101259
21020,11.647843102224785
21021,10.597340671737138
21022,8.397422775745904
21023,7.9748416234491675
21024,9.953912085050804
21025,4.601540904323608
21026,11.54030844255008
21027,10.404977742506164
21028,10.089727249285163
21029,5.190673351652299
21030,7.997035534911392
21031,12.11864302068175
21032,11.84399719447232
21033,7.878493399353024
21034,9.784367777525523
21035,11.500254622498867
21036,7.348653008276926
21037,9.909301950413939
21038,9.852730713059541
21039,9.169060179400118
21040,10.12251691898326
21041,14.510611294330495
21042,8.840011299185639
21043,10.342673391294847
21044,6.176304956793807
21045,7.415819887548917
21046,9.679346238354329
21047,7.964963904128124
21048,10.913829568918667
21049,12.08455215651533
21050,8.661777160458646
21051,8.922403168505104
21052,11.299093948356136
21053,10.843333351181142
21054,7.969411518465229
21055,10.208219165362975
21056,12.15975851675802
21057,14.80404472767133
21058,15.131439501554366
21059,10.711720281060819
21060,10.426088628509708
21061,7.795050395259754
21062,10.49624727290295
21063,10.62748047587999
21064,9.64458890916339
21065,9.77692363922227
21066,10.057899918564198
21067,11.519435770064122
21068,12.312762927091073
21069,9.932960935170419
21070,9.136150888282776
21071,9.492318955702801
21072,12.019207102659818
21073,9.967524338832702
21074,6.22000940934706
21075,4.974039896731942
21076,7.828782462704945
21077,13.922109031630526
21078,9.57710839170859
21079,4.851839087048192
21080,14.254872191340656
21081,9.773274749867502
21082,9.385287900332719
21083,8.816561643470274
21084,12.681232556393448
21085,9.201058064609436
21086,10.454123580910133
21087,8.822987328664189
21088,10.63572463522701
21089,9.187042419862033
21090,7.6119066882842095
21091,10.447696367767067
21092,10.020876186962335
21093,10.119175122148494
21094,7.744387190071942
21095,14.320621345408643
21096,7.862832860401511
21097,7.621811032940787
21098,9.884940216292874
21099,10.192993119445331
21100,7.487240354706854
21101,9.128031486613482
21102,10.245364320319888
21103,5.998235985315129
21104,11.557945099739593
21105,9.237239872390154
21106,10.228383389756297
21107,6.993109286924296
21108,15.859412646860529
21109,11.554116763182313
21110,10.406956648359811
21111,12.300639527341852
21112,9.32834332303223
21113,13.67407417757813
21114,9.935516506541584
21115,10.29222734214945
21116,10.753887592808264
21117,6.171020307848062
21118,10.113759472943775
21119,8.689831428435424
21120,16.90531454900698
21121,8.270143815676041
21122,9.621097018898746
21123,8.933313324031166
21124,8.005531884134344
21125,11.558494469556072
21126,6.996406528801996
21127,7.720321837858567
21128,11.64334172449391
21129,9.838879911510938
21130,12.830111537772341
21131,10.459627641709337
21132,9.960401768363175
21133,6.683907432987851
21134,10.776790563766093
21135,6.13097504173534
21136,10.337316691912312
21137,9.492557783880587
21138,8.952041083470997
21139,10.387153722675412
21140,11.627931561114709
21141,5.996314266185147
21142,10.676288575728792
21143,8.534416414531053
21144,10.677544635713845
21145,9.05274022040003
21146,8.035476441867841
21147,10.038850052638653
21148,9.02126023657877
21149,7.927138268979602
21150,11.019770446929561
21151,9.446867579835784
21152,7.0396017593441425
21153,10.685907461731619
21154,9.360053115911692
21155,9.38488208208288
21156,7.522670727763877
21157,9.84258240587159
21158,9.957765468458968
21159,8.407747249906636
21160,10.958912167165208
21161,12.327486739899944
21162,11.487429103016508
21163,11.566164618226834
21164,10.234985251658964
21165,16.754126703573395
21166,7.90679578040603
21167,8.786846489767461
21168,7.949491676998908
21169,4.921069049435382
21170,11.785914988186564
21171,6.9163264716294695
21172,11.105954065776341
21173,6.4226163044893365
21174,11.404294087317782
21175,8.820034831603396
21176,8.784735406627204
21177,11.257654777460987
21178,15.801842536213575
21179,6.9756553690057785
21180,11.346716623388378
21181,9.613879183691063
21182,10.587213162765376
21183,9.949642973506245
21184,10.547945587923158
21185,8.235089653999738
21186,6.975220244876905
21187,7.82603944153667
21188,8.712561967858163
21189,9.725505969222306
21190,15.53205893265686
21191,9.90701671819477
21192,9.902774812422999
21193,10.808480893704498
21194,7.030038034873842
21195,11.611595599484819
21196,9.557002767461315
21197,9.788490544291053
21198,10.545570369122744
21199,15.164231468395764
21200,9.847447532728014
21201,8.791182579921804
21202,9.709642741108924
21203,10.152743363862383
21204,12.968900247264616
21205,14.436216655881173
21206,8.795940782053405
21207,9.458730141207235
21208,9.738199699027662
21209,10.352662627594965
21210,9.949779363610537
21211,10.073590181703446
21212,9.86929002282797
21213,10.503195044232365
21214,7.523406543793554
21215,9.97826031885147
21216,12.717848230598316
21217,7.155689906792343
21218,6.800549498822921
21219,13.271982450447112
21220,6.957331026944205
21221,13.672227697297561
21222,13.576166312325078
21223,10.34831938615694
21224,10.280345872140549
21225,8.766943050123059
21226,8.401366642383989
21227,10.738563248910276
21228,10.549852612600196
21229,6.103603433605643
21230,11.340226745924147
21231,7.959634202320004
21232,8.280845232308353
21233,7.743662494233428
21234,9.686102868837173
21235,10.728642482695614
21236,17.74693632123204
21237,10.859080232547948
21238,11.968289025265106
21239,8.894213031078293
21240,8.770405513476389
21241,8.35341779442322
21242,9.240202745737166
21243,8.710925542455316
21244,11.97175017617444
21245,9.446867500982231
21246,12.71112579902192
21247,9.883453862208698
21248,5.718354830058946
21249,6.213668840417986
21250,10.143843691534984
21251,8.237153713355331
21252,8.98552135349704
21253,12.3451821599087
21254,11.161042969341255
21255,9.687218524689323
21256,10.162589089040674
21257,9.583941766041137
21258,13.965593231584633
21259,3.7064531271082495
21260,11.10481582951771
21261,9.767269511519517
21262,9.917521967798253
21263,11.025089463211199
21264,10.711988864376435
21265,6.311856488995648
21266,5.157513385502808
21267,10.772518249332657
21268,5.90961012202034
21269,5.980713202922292
21270,11.997371287591887
21271,6.289801491657128
21272,9.561282125724306
21273,10.495983434146485
21274,7.761205431193575
21275,12.262126964862977
21276,6.894367992269602
21277,5.262988577557882
21278,7.726512427933063
21279,5.325411046509245
21280,8.828832134627698
21281,9.559643093365997
21282,8.035957577476319
21283,8.650879495935628
21284,9.105170361366119
21285,8.860346659856246
21286,6.9791026332546
21287,6.973662471557281
21288,4.330533272246351
21289,10.443934016650086
21290,8.80951742086725
21291,9.411487212486827
21292,11.844437190783106
21293,9.144243165600786
21294,7.981200739421384
21295,9.354594220701768
21296,9.958535284336362
21297,7.904905539310777
21298,8.084131528997164
21299,8.964129551380248
21300,12.624859218970931
21301,9.681889781342528
21302,11.71672130975088
21303,8.887910971752737
21304,8.79763883004109
21305,8.872480603883938
21306,11.733604730045199
21307,10.73443085175551
21308,7.002650712596575
21309,8.208056985269481
21310,6.089522254659956
21311,8.759864607236233
21312,7.855709504887127
21313,7.142984647827263
21314,8.05409485286721
21315,8.297097331201131
21316,8.801455212098952
21317,10.422890453998656
21318,10.62165790669379
21319,9.21689135762938
21320,8.798359965539627
21321,10.819821869399496
21322,15.643639582595034
21323,10.081915722127219
21324,12.77426058820572
21325,10.80572122301882
21326,8.957895960043343
21327,11.167858785160755
21328,4.002449164005845
21329,6.793929784467
21330,6.934779514836226
21331,5.323585539297427
21332,9.754731455603602
21333,9.970410500666182
21334,10.082275733216592
21335,9.843486619637671
21336,10.37975932069237
21337,13.097155647407833
21338,8.982143550526933
21339,9.760724033107854
21340,13.35503175421916
21341,12.426058381323683
21342,12.379142443839038
21343,7.807475654713318
21344,7.064420934647931
21345,8.063705732125934
21346,6.0134769404199355
21347,14.667223405098097
21348,8.086391899213021
21349,10.474986865067246
21350,7.14246995722837
21351,12.188071720339831
21352,6.991895757951722
21353,9.335727809671004
21354,4.955768837943815
21355,8.793554330775072
21356,9.727987129859718
21357,9.7938284816908
21358,9.537606687590683
21359,9.802244865886186
21360,10.28017302360501
21361,11.546590156412975
21362,6.137400940494281
21363,9.863673123642839
21364,5.975792975997249
21365,8.761169171680455
21366,9.87287271892277
21367,9.638836905536605
21368,9.54137631992367
21369,11.207925978523404
21370,7.21802867381504
21371,9.228537337076178
21372,5.973180358487798
21373,11.219302135881234
21374,8.414955087313944
21375,10.022656501864207
21376,10.20818915670973
21377,10.225688148075593
21378,11.089417066911372
21379,9.658254491682571
21380,4.784877790466613
21381,7.613453240611795
21382,8.16463066047641
21383,10.083944814112412
21384,9.228469773217169
21385,11.088205875406318
21386,10.05464504113482
21387,9.890535121645108
21388,11.186574818341628
21389,10.005656890249357
21390,8.96003803044165
21391,8.822722482543968
21392,8.900898682751857
21393,8.90379591874503
21394,10.259183958612665
21395,10.375554124803338
21396,8.813845632364098
21397,5.428488276512838
21398,11.20849737941518
21399,6.928316198714743
21400,10.106483474412125
21401,11.080176327838965
21402,9.75752229906315
21403,8.719856362337525
21404,16.979110414079894
21405,9.388587274579885
21406,5.0770740123606215
21407,11.83275353185866
21408,9.573507068818982
21409,7.934132330987914
21410,11.388636946411525
21411,10.5058458564242
21412,8.25089898246616
21413,10.695676407804475
21414,8.840192100092219
21415,6.946652781383529
21416,8.991557389950762
21417,8.363310097199568
21418,8.568377803933172
21419,11.24872384032763
21420,10.493278932722314
21421,8.53825520809915
21422,7.2421429842657545
21423,9.770873143475923
21424,7.19003120298427
21425,9.579138714581953
21426,9.52124624586443
21427,9.38836668630392
21428,8.606469814507436
21429,9.940847161830634
21430,10.653845694445314
21431,11.173819483053311
21432,10.088591165645886
21433,5.432237953715072
21434,9.760343598085173
21435,9.870009641602286
21436,7.940111926249804
21437,9.23212763671143
21438,8.734231731075758
21439,8.89739087114882
21440,12.210070969379954
21441,11.028451267563296
21442,10.755875214415367
21443,11.312253081669533
21444,11.21964878791419
21445,8.13275881248777
21446,6.878513323588956
21447,4.474321913894138
21448,10.620686561770048
21449,15.301139073502702
21450,10.7160599231827
21451,11.200693918418333
21452,8.297758912102998
21453,10.081862832850332
21454,10.557547177202954
21455,9.998748399482745
21456,10.266382713432153
21457,8.656800448065932
21458,8.549796500339548
21459,7.5770250318950545
21460,5.4634261966403415
21461,9.607165921105304
21462,10.228248066928364
21463,9.769777323841181
21464,10.807054244419307
21465,10.036267696212304
21466,8.954500361587568
21467,3.9999999999999982
21468,10.997912492357448
21469,12.929602659530394
21470,9.164904432000283
21471,6.010514626550134
21472,13.963986660788176
21473,10.87627010047063
21474,10.699250766007358
21475,9.597600594315194
21476,10.582834184569062
21477,9.673768165721961
21478,9.763725611594326
21479,6.541175725869309
21480,8.519838502557269
21481,8.821741559742103
21482,11.848507003939895
21483,12.171299222752635
21484,14.186625435002641
21485,10.017458361006009
21486,10.532471950249045
21487,12.099214326528557
21488,6.090779200101422
21489,9.718142112837034
21490,8.933902959647773
21491,10.592352176211614
21492,7.731634286025953
21493,11.157329195685735
21494,9.852257458165935
21495,8.984558522710872
21496,10.816189515003574
21497,6.123717014315279
21498,7.008336763901179
21499,7.000138698571137
21500,9.809903626054775
21501,9.136397087113755
21502,10.22474543274084
21503,13.533239673609236
21504,7.9727897220945465
21505,10.730871003372789
21506,6.299628891479665
21507,10.1410605554681
21508,10.009912629073044
21509,9.273058863945044
21510,10.685320828119293
21511,9.04111494940558
21512,9.135045297103906
21513,10.024554349637492
21514,4.811297457462822
21515,12.569038392527448
21516,10.029319766110076
21517,3.9999999999999982
21518,7.762608551482225
21519,8.158282804023736
21520,19.574332441713977
21521,15.111957943901473
21522,13.964291181478306
21523,9.057414917170336
21524,8.208743975660868
21525,13.714760587673801
21526,8.340562537850081
21527,12.109984768916433
21528,14.336293935426838
21529,9.057019356177916
21530,7.032550596586399
21531,8.947276373780992
21532,7.12300097099482
21533,6.768537870934418
21534,6.194886607194734
21535,7.068713203968748
21536,12.471273712343924
21537,11.55659851555207
21538,7.459277680980801
21539,12.345334389310784
21540,10.722462314939923
21541,11.775221136622614
21542,7.6733888336296445
21543,12.460275003653242
21544,8.133570277298665
21545,9.079503529389646
21546,10.101637124115472
21547,10.098138718859142
21548,6.934602166049519
21549,9.77387577302193
21550,7.310201103606622
21551,9.80477109334056
21552,7.445748609592056
21553,7.833494525047975
21554,9.87824521690239
21555,9.261099960877123
21556,9.259824692900706
21557,9.853095127959312
21558,8.055901471281969
21559,9.72454793838567
21560,9.398685942473412
21561,11.78720506566067
21562,4.961419320356061
21563,12.138320574855895
21564,8.107677482176419
21565,5.344569168166178
21566,7.406332750878242
21567,6.894568696526013
21568,9.520516607004124
21569,9.807487208449201
21570,9.61587909245925
21571,6.018614986633069
21572,4.986394149588562
21573,8.878143076730394
21574,13.908909744133428
21575,12.092732442358793
21576,10.060960386365204
21577,10.21210867887151
21578,8.67885583885389
21579,6.962649298837023
21580,10.001322492865688
21581,11.405066833075983
21582,9.464833753471117
21583,9.343748809733265
21584,9.800664219697167
21585,11.09322304899973
21586,9.6186658384331
21587,9.802299376658132
21588,10.350403507900305
21589,10.363041695361291
21590,11.452830501340658
21591,4.884499499640685
21592,9.24161828177254
21593,10.2410738696745
21594,7.7596857781386746
21595,6.067558670588123
21596,13.78811501145379
21597,6.757038507150811
21598,11.466078672036423
21599,9.683913371960946
21600,12.266003023090716
21601,8.278813338207547
21602,9.72280773269239
21603,10.714327827426883
21604,8.655383530693081
21605,11.832200151323033
21606,9.477887227257453
21607,10.446274383035439
21608,9.764428605056361
21609,9.584233549826651
21610,12.48860217399985
21611,11.33180138032673
21612,10.508695333798629
21613,7.240843437141919
21614,9.763678245249556
21615,12.294488605513868
21616,9.9743262385854
21617,11.055371478131862
21618,9.414929340076887
21619,8.201644127120973
21620,6.333284374926727
21621,15.797468725119229
21622,9.906433100840557
21623,12.990643284765145
21624,5.27980566229142
21625,13.550252207809107
21626,8.986938951598129
21627,9.024170105530034
21628,8.430922293142169
21629,10.113160511636512
21630,14.4408325586154
21631,9.620145579444147
21632,10.684335454316725
21633,4.973630128295043
21634,8.831683154775783
21635,4.864712041383456
21636,10.529879624850805
21637,9.093256152677496
21638,9.73094645561435
21639,10.108795076306974
21640,11.853706445104027
21641,9.751312810789658
21642,10.905557602285148
21643,11.089838835859746
21644,8.90678152267875
21645,6.97741282402284
21646,8.056637763941874
21647,9.746061916451824
21648,6.986350891196453
21649,10.196103364352615
21650,10.362405626889139
21651,9.547536577056091
21652,7.979843623270641
21653,6.636335175978601
21654,9.460169788215685
21655,6.985612809228606
21656,10.70115436679413
21657,11.882903030626416
21658,8.86741853005798
21659,7.813093513899819
21660,9.004763316189559
21661,9.990040450915975
21662,9.427340178907402
21663,6.149655444141612
21664,13.146498804952948
21665,10.48570695852367
21666,8.109502689392757
21667,6.140418085296232
21668,11.570899433583909
21669,11.609663825818442
21670,10.267723799922864
21671,7.732241298913351
21672,11.652802704951693
21673,10.991121026293518
21674,9.797484272604772
21675,7.992090948824771
21676,8.184200200019218
21677,9.405519857059572
21678,5.279168035666077
21679,13.054287403266647
21680,10.854024337775613
21681,5.9880162354003685
21682,4.866936076297267
21683,8.611433655224948
21684,11.754079481610885
21685,8.70692289796837
21686,11.21017646736709
21687,10.869731576176358
21688,10.64020778399801
21689,16.06289337962177
21690,11.65727985675561
21691,9.280235574488428
21692,6.42327550947223
21693,7.170218005272888
21694,8.003673736568524
21695,10.26841407598891
21696,9.33589443043258
21697,10.348344905098024
21698,11.49336165625254
21699,14.081616929976848
21700,10.383806359897031
21701,7.074834270721569
21702,11.482556882176898
21703,10.34201764088049
21704,13.483268328262396
21705,6.08674988664205
21706,13.626038071539183
21707,9.05428277529917
21708,9.82059892049463
21709,11.92996884807935
21710,8.576705967846193
21711,10.279045407236628
21712,5.999797816007457
21713,14.113828284735034
21714,9.23972099449041
21715,4.97208596434791
21716,7.554725947096762
21717,11.42072760490203
21718,12.84544177910937
21719,8.43019409931046
21720,9.77041760202633
21721,9.708423726235074
21722,6.883879569110809
21723,9.926273141482243
21724,16.770877807564933
21725,11.467647562465489
21726,12.069281059089148
21727,9.96167450412385
21728,7.0096885183077795
21729,7.180705134320245
21730,18.04375083334995
21731,10.111290048113458
21732,19.944936419521547
21733,6.011237563591567
21734,9.935500549455766
21735,10.678901720623807
21736,9.465837617830742
21737,9.536741680812641
21738,10.411246368671785
21739,7.814212974597869
21740,6.422393442750717
21741,9.546595457550312
21742,6.956181286785329
21743,8.910265594924462
21744,10.888196101743329
21745,7.880936250253756
21746,8.50782377925263
21747,9.791856207289628
21748,5.92276722007244
21749,9.4987519112071
21750,10.121143969523734
21751,13.90145590823133
21752,9.937705147490542
21753,11.15828551500004
21754,11.266737963577507
21755,14.610621465639385
21756,8.509853644203892
21757,10.619285425751285
21758,10.293167344820423
21759,12.925392275008692
21760,19.016652047087263
21761,9.503830899367555
21762,8.865785132001834
21763,9.625319412605338
21764,15.14345698638961
21765,11.371648077380817
21766,6.906109326602168
21767,7.027227926054421
21768,10.596158983294739
21769,8.017582919094599
21770,9.48533207346602
21771,8.902264021666186
21772,9.54687209811422
21773,10.086714466799167
21774,10.123534123191336
21775,12.159391885275133
21776,11.060651686021705
21777,7.783754978124577
21778,9.378119305983178
21779,6.281846049971403
21780,3.813103923613931
21781,6.395572591667816
21782,8.123149880748409
21783,10.639776308185064
21784,10.323591428110484
21785,8.81825222395007
21786,10.899786352407508
21787,5.966833197558528
21788,6.01179407925585
21789,9.179880087280479
21790,10.66799293718122
21791,13.336615098546885
21792,8.08946653644391
21793,7.07928304141463
21794,10.163590873741436
21795,10.97745929439703
21796,8.596409280961174
21797,9.888344213852891
21798,10.2097533490735
21799,10.473311158186815
21800,10.125980754173638
21801,10.12121297615259
21802,7.001371700451283
21803,10.442760058029412
21804,13.484685906795828
21805,11.581782901358302
21806,7.013758436219154
21807,4.928107137419199
21808,8.644644927047322
21809,10.355237824531878
21810,10.029038457218382
21811,13.558092083782816
21812,10.633636896661997
21813,10.209480093557707
21814,10.160128696169641
21815,10.201097848590651
21816,5.093632419271159
21817,10.775332954578898
21818,6.946760404515819
21819,10.364012796444444
21820,9.375525788139774
21821,9.8241885741828
21822,5.9258781954288375
21823,9.843942673802216
21824,10.691563037923968
21825,10.774672032504197
21826,9.588762792532302
21827,5.98881754149649
21828,10.347074252803944
21829,9.95045404239036
21830,9.671586985286128
21831,7.077004311995346
21832,10.158458562402862
21833,10.736953727522055
21834,16.496149583255598
21835,9.757946307798013
21836,8.2213964059155
21837,10.23263048191311
21838,9.456704705382977
21839,11.340388791373881
21840,11.373436112862327
21841,6.151323538277499
21842,10.1070455178781
21843,7.009638077698213
21844,7.926285290463481
21845,6.352074040317454
21846,9.771288089376567
21847,11.691708413841727
21848,6.113627860221292
21849,12.332041020442754
21850,11.854145626847236
21851,6.922850559397723
21852,10.512785643823912
21853,9.8143777666558
21854,10.201166898461663
21855,8.161613596503637
21856,11.163159990862903
21857,7.051882641963061
21858,9.661987773382934
21859,9.775506355197317
21860,6.073505502464523
21861,11.218679568526248
21862,9.676851153505327
21863,8.521522082540093
21864,9.517790124820488
21865,8.812500895318637
21866,9.686562421719762
21867,8.451141378169504
21868,10.99007232681631
21869,12.410843776743183
21870,10.290451147131483
21871,8.01300825407821
21872,8.917528972878605
21873,7.649806126085663
21874,12.887583536411807
21875,10.199165733449886
21876,7.121749938035142
21877,10.734859648098384
21878,10.773187762504183
21879,9.652300894897122
21880,11.875684770897058
21881,15.606800859992743
21882,7.176538197872125
21883,11.687687743385727
21884,10.093204050202095
21885,9.579809558545675
21886,6.781628749950667
21887,10.74791846625786
21888,11.502555843059445
21889,16.804869928352414
21890,8.109083969864004
21891,11.794139587044514
21892,10.768539843388984
21893,4.062671894959594
21894,12.770972865257034
21895,8.810309548007227
21896,8.15996781094429
21897,8.758106926004716
21898,10.58310976582235
21899,10.134287006107792
21900,9.740763990224215
21901,8.563110346023882
21902,7.273536562782915
21903,13.707213445063642
21904,9.574217886464849
21905,7.0036525856949385
21906,12.152162537109765
21907,9.389790861622211
21908,10.921984412937501
21909,11.175471164401038
21910,11.048848574001054
21911,8.59957870100668
21912,9.747939218414094
21913,7.74148386136442
21914,5.144485493610512
21915,9.080041112206851
21916,12.467035840852859
21917,9.777826197807157
21918,4.716857554665533
21919,7.003693026227927
21920,10.691486068293512
21921,11.256826205255335
21922,11.286269661846775
21923,5.587100717206428
21924,6.003247834897111
21925,12.40941188094821
21926,5.132395308733401
21927,6.345597349315846
21928,9.363421909560584
21929,11.066713514329761
21930,10.40419496547655
21931,8.7114733606116
21932,3.9999999999999982
21933,13.803219294200499
21934,11.34971206529871
21935,10.01862897238283
21936,17.33760688635158
21937,9.509552875783674
21938,9.855933768736113
21939,9.85118047212926
21940,10.550116840852306
21941,9.385765139619162
21942,7.5684156140138175
21943,8.766581035638763
21944,8.702869694575773
21945,9.609949041008077
21946,12.5812398465921
21947,12.428772144649239
21948,9.757287328135929
21949,7.219507647220722
21950,6.990309173635097
21951,7.756563566696478
21952,11.953753484768649
21953,8.115836357798
21954,9.906247638793735
21955,12.456807338932004
21956,10.020980082298687
21957,4.338046567982613
21958,11.506129066223393
21959,8.962668945859695
21960,8.483597628585
21961,8.821045343414864
21962,15.201453569769969
21963,7.778994563905021
21964,5.005601619083158
21965,8.863254238554143
21966,12.479138488787656
21967,7.762885964050152
21968,9.801470387418219
21969,13.989230927202485
21970,4.806940748090305
21971,9.690808613847961
21972,7.074917069677726
21973,13.646276089658292
21974,8.841134920390301
21975,10.00801684343086
21976,10.407472909171492
21977,11.207278155845678
21978,7.959830308501251
21979,11.512841287943067
21980,8.16290843635523
21981,8.753330418663813
21982,8.730759926726092
21983,10.496929212164439
21984,11.052557443852477
21985,7.163658884954252
21986,6.009483037551717
21987,5.990731011424142
21988,12.978876214260326
21989,7.423930196858159
21990,5.899222814437657
21991,9.894719089996824
21992,9.329275677808335
21993,16.234383562424565
21994,8.529401121128023
21995,12.341469601951944
21996,9.22462899646999
21997,10.537920139142473
21998,9.773798536311899
21999,8.017118182908886
22000,6.0535950554451
22001,10.190453532347506
22002,9.881389399552814
22003,9.184487732553253
22004,7.505563313503746
22005,10.03070937713751
22006,10.979423884953695
22007,9.921623763990736
22008,12.71901225415219
22009,9.75415159270336
22010,17.66064116758025
22011,7.313308165892771
22012,9.926284434356445
22013,9.337847211611892
22014,10.31794296841933
22015,6.390906651409555
22016,9.57992895483366
22017,6.058806763317823
22018,5.427635620428992
22019,11.090348971779656
22020,5.222979165588797
22021,8.912661167622735
22022,13.945284394850217
22023,9.012171386848737
22024,10.371843240054092
22025,11.793282184875876
22026,10.308437500931719
22027,10.505854500687628
22028,8.605151325420424
22029,10.289292398963338
22030,5.0320422485696605
22031,7.756047468028132
22032,9.41772096492196
22033,9.164686881591612
22034,8.139006011359145
22035,12.234518042275019
22036,8.664706465467292
22037,8.957812434538647
22038,13.50426916777831
22039,7.00413692222433
22040,8.779191281552633
22041,10.222419092207227
22042,9.31923406709902
22043,10.164726003382127
22044,3.9999999999999982
22045,11.004714653151696
22046,10.92644217079553
22047,14.410519601645865
22048,11.17330385639598
22049,3.8698134665442945
22050,10.174173094461933
22051,10.199986482353617
22052,9.823227013955242
22053,9.470165657013377
22054,19.42080661523717
22055,13.532174605536238
22056,7.0536317630842635
22057,10.083023927907528
22058,10.059859646398392
22059,12.165822307300521
22060,11.826674651660698
22061,10.045356792528485
22062,12.799766280561398
22063,9.946194446033877
22064,8.500733356452125
22065,7.702803755217364
22066,10.169353728276155
22067,11.641598623454714
22068,9.376540143199575
22069,9.001812003744627
22070,6.339804359199741
22071,4.023377530257457
22072,9.842041124823664
22073,10.831179291057696
22074,10.922707271617922
22075,9.107357670387147
22076,11.272606849453277
22077,9.16990068082629
22078,6.696327448704833
22079,7.965940226958411
22080,3.9999999999999982
22081,11.200599183668778
22082,11.22240692030904
22083,5.97107740627927
22084,10.420605273166855
22085,8.78741543622907
22086,6.689854609635946
22087,12.022279233634015
22088,7.903780429546101
22089,13.343598539007568
22090,11.265307524073544
22091,10.675141763810165
22092,9.961374174547307
22093,3.9999999999999982
22094,10.275597246100178
22095,6.888740435238887
22096,5.247142174150648
22097,10.781206507300547
22098,8.21557969195772
22099,7.31846543906552
22100,10.159797043913331
22101,11.995122479929309
22102,5.126760983259125
22103,10.09471634734693
22104,6.253953865529255
22105,9.299560983468991
22106,9.774054620206451
22107,13.99355076117521
22108,6.807994841290492
22109,8.92836738270672
22110,7.629818383726139
22111,9.63574186592742
22112,7.823932098989115
22113,8.538811447809652
22114,9.946436024244838
22115,6.994116869703655
22116,5.7542820055803725
22117,10.254682248346375
22118,7.92465756495748
22119,13.19122110608083
22120,10.565455082897644
22121,8.180941229128665
22122,8.32547909313479
22123,10.702897814156884
22124,9.71093082403158
22125,9.76866977540483
22126,10.292037356394662
22127,12.044358261410423
22128,8.377782577705842
22129,6.392439713171516
22130,7.936750534647061
22131,5.3690322033003754
22132,6.100316076538565
22133,4.879036145633484
22134,9.905111942647538
22135,7.862871883451104
22136,8.024884157879677
22137,7.006984748263079
22138,7.229588798831951
22139,10.143384826559116
22140,7.522906989444679
22141,10.523028213886198
22142,10.697369671457109
22143,3.9999999999999982
22144,10.171468455596857
22145,9.613499038265898
22146,12.773876778809798
22147,7.520896325181562
22148,5.996444413690509
22149,14.955502569898945
22150,10.227976455157139
22151,9.00414644687863
22152,9.780454256393737
22153,5.012705688408119
22154,8.579624256224117
22155,11.943995177271423
22156,10.250029199763832
22157,14.893172091272907
22158,9.632678118261369
22159,15.484967910593236
22160,7.715161532421099
22161,13.477661260977388
22162,12.783713719778895
22163,8.103482453247123
22164,13.487914000228155
22165,9.165336293340639
22166,16.752990517009323
22167,9.531337248458856
22168,7.019440428658006
22169,7.31532668333203
22170,14.047187825207915
22171,6.969720632880856
22172,9.590412179253908
22173,12.974395435958261
22174,9.938064933639216
22175,11.188809001996498
22176,7.230498032625938
22177,9.787762828441965
22178,9.429304132218666
22179,16.258939681407668
22180,7.733845399090805
22181,12.263016361093722
22182,9.112633195198041
22183,9.038158107843055
22184,11.031965386647036
22185,8.615535964649053
22186,5.7863184845635915
22187,9.136672173186328
22188,10.269023579729973
22189,6.33127986984816
22190,8.538106187329019
22191,8.29617841390582
22192,7.018791708339496
22193,11.665618724553278
22194,5.954935133528894
22195,7.5402326888997955
22196,10.116938298812231
22197,5.362936438509255
22198,14.92620627627546
22199,10.174974002712966
22200,8.557910144822943
22201,10.919977553470899
22202,10.99602861691759
22203,9.412445711107086
22204,11.707421052484936
22205,9.213324961555609
22206,4.590261673888212
22207,12.798413647388427
22208,7.081027617097578
22209,10.897208585855592
22210,9.028612948767334
22211,8.83556674164666
22212,8.342167952948833
22213,8.872242262388587
22214,9.952033477950847
22215,15.727514591635718
22216,8.151222360375465
22217,11.64610532578994
22218,4.636881225284857
22219,8.208840729596632
22220,11.188378893220657
22221,11.747129665773398
22222,5.989939530512209
22223,10.470740612083599
22224,11.071415580323116
22225,9.845222428214607
22226,11.518063190340717
22227,6.838599669616244
22228,9.911804975824309
22229,11.600052814504737
22230,14.389917498730423
22231,13.381925616594026
22232,5.613426292088995
22233,6.953938754615399
22234,9.777545573371624
22235,8.797809042101273
22236,7.964213429673337
22237,8.899375022950023
22238,9.950286751484228
22239,6.969588233557975
22240,8.948380460475265
22241,11.966621749214768
22242,9.341033588541586
22243,7.3139725298287
22244,7.1908871276181845
22245,10.244945251475583
22246,10.949200964909055
22247,7.973747176655207
22248,11.046095855371282
22249,14.045867439233207
22250,9.207149588820348
22251,9.213746417094326
22252,11.213943666287186
22253,6.507533657078466
22254,12.474049470977949
22255,12.658886275001342
22256,7.432707004086282
22257,10.18074326503537
22258,11.049128083236473
22259,14.246531759541135
22260,9.445640610035662
22261,12.915768919585156
22262,12.023649065749895
22263,10.984407311325905
22264,9.74217347708643
22265,9.864626774737468
22266,9.752137242578636
22267,8.833818359886296
22268,5.017276464689222
22269,10.260944398500756
22270,12.415691113436589
22271,4.967564554890353
22272,8.680427598248796
22273,13.936882673840689
22274,8.040380733315432
22275,11.232635661187052
22276,14.263394562527711
22277,8.577572002326916
22278,8.033809226793204
22279,9.236537797206099
22280,7.0008081351230285
22281,7.830113691336427
22282,11.151863410266769
22283,14.653672618037996
22284,11.032005157033762
22285,11.724740272465231
22286,10.743764669360763
22287,9.565617674799784
22288,8.167180916687991
22289,11.184005472608018
22290,8.676488990527117
22291,15.508425016970877
22292,10.810115873358997
22293,9.044096204259807
22294,8.75607328043692
22295,10.802901049779914
22296,10.528089473325762
22297,8.970017982323986
22298,18.168017516384342
22299,10.444973365275358
22300,9.221878019424517
22301,9.835107782025288
22302,8.131891633016009
22303,10.118625971139332
22304,8.878411789911071
22305,15.668692530320687
22306,9.986541509629886
22307,9.110873826990792
22308,9.476978068622932
22309,6.003150182998594
22310,14.697183056906248
22311,6.062785578730022
22312,13.398696194396111
22313,9.55858212670414
22314,6.955050459082523
22315,8.039748960691314
22316,5.975708562799601
22317,8.67962928934674
22318,6.971387006788012
22319,8.821978944583526
22320,14.231099578951993
22321,9.875130122428116
22322,11.059016263402112
22323,7.316432323420397
22324,7.585250277500119
22325,8.356131795720591
22326,14.394497165998205
22327,13.30776564971727
22328,5.117305650237292
22329,14.603704681014095
22330,8.781249913257865
22331,10.290875165475592
22332,12.565452646252874
22333,8.897960125457141
22334,11.196049483738905
22335,9.301305694799831
22336,6.075567441692897
22337,8.622694191619454
22338,12.179349576609063
22339,9.88102346161021
22340,8.31974854033214
22341,11.847988200719277
22342,12.437166641095423
22343,8.09890742263534
22344,5.620728463496174
22345,10.01934985490369
22346,8.399887989469049
22347,6.072695211550816
22348,10.725188412338946
22349,9.7287105186079
22350,10.142330575554384
22351,10.057910071048516
22352,8.379136916862693
22353,7.018114901602926
22354,11.732784908294354
22355,11.895419762372102
22356,10.079491159168791
22357,10.662548835994889
22358,9.70216091928461
22359,9.037670308830021
22360,7.2505743971833425
22361,8.965937417179093
22362,11.714064934925952
22363,8.764193490054224
22364,11.937654175514352
22365,7.45442070011962
22366,7.46194858092068
22367,10.118082839820735
22368,7.911769717539784
22369,6.100936802742963
22370,8.253487244619128
22371,8.856510006980509
22372,9.474911353126606
22373,10.000812289883216
22374,10.390281943129969
22375,10.057005782322795
22376,5.942881167409736
22377,7.022044361937201
22378,5.036094395025663
22379,10.469946785879214
22380,7.522237648786801
22381,10.1124309002552
22382,6.186544643126535
22383,7.0111010119992905
22384,7.871138019723718
22385,10.787268865071985
22386,18.282472998961236
22387,10.614064311089807
22388,6.219581169490068
22389,9.828780778087237
22390,11.09076459712612
22391,8.586487922901904
22392,12.32764658431652
22393,14.830783087123615
22394,11.972705701122509
22395,13.139817262192283
22396,13.822250979510946
22397,11.314458244450309
22398,9.362166417452672
22399,11.260492109231686
22400,10.255442928295823
22401,10.54697125279739
22402,7.888332321222819
22403,5.9974205851519224
22404,5.039458451244622
22405,7.339888709016273
22406,11.008848063568966
22407,9.407762276278111
22408,6.102641325238487
22409,9.876086965385538
22410,9.723555644639008
22411,10.436134750836349
22412,4.7919620108330365
22413,10.708098346482481
22414,6.55004826925634
22415,6.116917544438001
22416,9.821128476081023
22417,10.803794240289749
22418,9.03450111496248
22419,10.459962900711714
22420,9.903069608296397
22421,11.283482771000129
22422,12.957234758693852
22423,3.9999999999999982
22424,5.169575967950392
22425,9.83293906569826
22426,8.326952152922305
22427,17.35666890101451
22428,7.431537686024324
22429,11.411510966293388
22430,7.002048752170694
22431,8.091003718241248
22432,16.963938201436388
22433,10.47430381093434
22434,8.464358428103415
22435,10.018260440200601
22436,12.540401633232806
22437,13.650214457977636
22438,12.860023982183007
22439,7.972771410724597
22440,5.941013663337874
22441,8.065954068344519
22442,11.808719622818783
22443,15.269803053423507
22444,10.07904667370225
22445,10.36166357055246
22446,7.703134163834887
22447,6.254939816947063
22448,10.089823597363436
22449,10.787957245103462
22450,9.26891937376344
22451,3.986638100174986
22452,12.632974557760486
22453,9.824613173482389
22454,9.832467968110084
22455,9.242370139840853
22456,7.929838836928813
22457,15.477788898910683
22458,8.717261920690623
22459,8.75628180619587
22460,5.973751489556621
22461,10.447493619465485
22462,8.174166736848727
22463,9.79521360041655
22464,10.944798347694038
22465,15.115533214249382
22466,8.332164421947331
22467,4.984708498223747
22468,8.9821368184228
22469,8.289314042403015
22470,8.32464881976596
22471,9.625498173584193
22472,6.305838557416497
22473,7.552124406476007
22474,10.96334277335659
22475,4.002449164005845
22476,12.172663367473742
22477,8.240236164522672
22478,8.817994468813799
22479,7.175973639111167
22480,12.121314675386964
22481,4.295973552852545
22482,9.701128004037978
22483,9.584341141795084
22484,9.224780057729332
22485,14.200980213847734
22486,10.627985326591388
22487,9.482916369587487
22488,10.176324710104021
22489,7.86851042497109
22490,4.193514094165145
22491,12.612487428385734
22492,7.809862626806762
22493,9.387747403137164
22494,11.99452787335594
22495,9.645976971388597
22496,9.249673879856543
22497,5.850334434727076
22498,5.4762173570419925
22499,10.001036662937532
22500,6.997936839176425
22501,11.345067056475397
22502,13.076964581956252
22503,11.34985800619109
22504,11.426704162360885
22505,10.480512741112646
22506,5.955073311601576
22507,10.586254016683366
22508,11.333004583914022
22509,12.503186877829602
22510,7.990393756454182
22511,10.043088934973474
22512,8.600085158288431
22513,8.887696735135679
22514,15.973601842609515
22515,6.957775081710369
22516,13.344852024909502
22517,9.339483155108768
22518,8.058534601581604
22519,13.862273349063265
22520,10.195271052740344
22521,9.749570252531344
22522,8.901829827856256
22523,9.974363611451336
22524,5.033781885113189
22525,9.150889626282462
22526,6.98340722659707
22527,9.80271322722407
22528,9.668202717506412
22529,10.966411694080378
22530,10.11617206184476
22531,10.294076944662894
22532,11.38862110524532
22533,14.102280035228091
22534,6.6548756761167756
22535,8.453807178202984
22536,7.995744419938118
22537,11.07108486845962
22538,9.894058610216154
22539,7.079631933260384
22540,10.084998640238028
22541,6.176685682507866
22542,10.124326200625864
22543,9.603331195006577
22544,8.604826680043862
22545,5.743531333235106
22546,9.70435298724953
22547,10.42321322625198
22548,11.257179126242908
22549,11.799928102156143
22550,6.36959844530481
22551,5.325968476597531
22552,7.005480671746889
22553,7.91270582136913
22554,10.215815466046097
22555,15.015682814134658
22556,9.101920712980716
22557,7.158298767889333
22558,9.666587878495916
22559,9.121048779363436
22560,10.810812785045748
22561,11.964847263429508
22562,15.607839367198277
22563,8.162535819551541
22564,8.489654623804794
22565,12.468835689654613
22566,10.14062035427803
22567,5.976080331144237
22568,11.029769456725898
22569,18.97936516894023
22570,9.136187588447582
22571,3.6982623358380478
22572,9.172231481693922
22573,7.255915978053368
22574,9.591686415777867
22575,6.044634541897366
22576,9.20919741318731
22577,10.03001178627981
22578,8.808847288341765
22579,11.05238660160749
22580,9.827463081140872
22581,12.014199871790789
22582,6.919878417393477
22583,10.223243194175181
22584,11.093063833006543
22585,9.292384796530145
22586,5.653269895857871
22587,9.729722990844595
22588,8.974411469110349
22589,10.536453214695259
22590,10.697563750054561
22591,6.38194438415376
22592,9.740920630995719
22593,12.078959971649594
22594,10.162357064889614
22595,11.541067078199566
22596,8.182613941811168
22597,10.405651124269246
22598,9.569034504809773
22599,9.281578402778107
22600,9.00493342947941
22601,8.323828758681193
22602,6.0159400277073
22603,8.986213234108233
22604,7.096040564326957
22605,13.107899477192609
22606,9.401084003114649
22607,13.480940565643566
22608,10.678961190406676
22609,6.151891601998792
22610,5.583987581352789
22611,9.644814986776014
22612,12.366937773347113
22613,17.234687198469437
22614,9.582960704150013
22615,8.066519729049928
22616,4.424826560325728
22617,9.255060120269095
22618,11.852075266295367
22619,6.734332007702816
22620,11.529836180102999
22621,16.29585190055692
22622,10.064293992302956
22623,12.97851347414263
22624,9.253787247360497
22625,10.401370797584834
22626,10.32330004610739
22627,17.163660865364953
22628,7.939386256861763
22629,9.155788107424145
22630,14.840144222167027
22631,10.99924240907878
22632,9.047359241985523
22633,10.596931370046107
22634,10.165127053169913
22635,12.467108314763662
22636,9.638248354627143
22637,10.574967918877748
22638,14.268077534903489
22639,5.569168604025814
22640,9.650341712910878
22641,9.3955273354064
22642,9.834620356656822
22643,7.159652356983786
22644,7.036215465705228
22645,9.033161699333546
22646,8.606624776969726
22647,9.558104730076947
22648,6.891293508846738
22649,6.981971336660182
22650,8.916548311764549
22651,10.405887672498418
22652,9.88827330907439
22653,6.813558733112814
22654,9.019393464093929
22655,10.231854532894802
22656,7.588731527634458
22657,7.60535750720298
22658,9.420085362888647
22659,10.021612496780973
22660,11.324291279323424
22661,8.172828277275945
22662,6.9602911827102165
22663,14.849053150466005
22664,9.934908551188498
22665,8.233692779231903
22666,11.052107467732831
22667,10.130486915189868
22668,17.581091098732557
22669,8.317500746018846
22670,10.595088146014339
22671,6.9762251104524236
22672,5.537076891273478
22673,10.62948372566239
22674,10.40362446394928
22675,7.104011749753997
22676,10.488949741976844
22677,8.45664742393143
22678,10.290537144175373
22679,9.890077379651222
22680,9.72535567760678
22681,4.902358448992299
22682,7.2274755792865015
22683,8.009745311190615
22684,10.455246090995773
22685,8.905153748019872
22686,9.849173196903822
22687,9.773451421689328
22688,8.385546057706891
22689,9.313840856018514
22690,10.673637007358268
22691,8.909342971057606
22692,10.597340652764315
22693,6.091158912270117
22694,5.183405440484226
22695,10.329585909130886
22696,5.942470320206212
22697,7.268966069628094
22698,9.65205218736065
22699,7.355559880845373
22700,8.657927199555635
22701,10.888920478070213
22702,6.928545620545554
22703,10.399214494766264
22704,12.413050698741715
22705,16.170729716525145
22706,10.341934791087342
22707,7.465240006884203
22708,8.954860129475952
22709,10.420971901653642
22710,8.209907252678866
22711,9.49259076331027
22712,6.029772319611224
22713,6.976981452997238
22714,9.895110352258934
22715,10.232129558384061
22716,8.416636824525186
22717,11.40461806493538
22718,9.941823168788998
22719,6.144820851806681
22720,12.42973917066434
22721,11.019996748342995
22722,7.967503628448743
22723,7.08953605886807
22724,9.43258530052933
22725,7.856121185466019
22726,8.995515051550663
22727,10.418117939416808
22728,7.888809826144218
22729,10.014763783871155
22730,8.967022714524871
22731,6.464845935560993
22732,9.830566574223736
22733,8.874904506310004
22734,12.16965086670214
22735,9.576629374104497
22736,15.862470431325061
22737,9.809539656566388
22738,14.523987797873938
22739,8.883918526813995
22740,10.190408918667844
22741,9.178936210007828
22742,5.319644700778044
22743,6.337632094690939
22744,10.167659566426495
22745,10.77185526614655
22746,9.288429739608008
22747,7.924057646912628
22748,10.68012907382282
22749,7.861678515472912
22750,4.91031405394223
22751,14.130258189653158
22752,11.245349341877228
22753,11.016028494989696
22754,11.19335218762682
22755,9.81836182349677
22756,9.08983911054404
22757,10.941317853888565
22758,8.226691659582483
22759,8.801836605650719
22760,8.734986383614457
22761,5.984910160769096
22762,7.466126577092023
22763,12.319281342141265
22764,6.996260671198941
22765,6.050074803512221
22766,9.499483894276699
22767,6.852736996784614
22768,12.008269646844763
22769,10.845560255428532
22770,8.820831440193151
22771,7.561922248583947
22772,10.724972989455013
22773,14.083020835569728
22774,9.754068099492875
22775,5.908688314921634
22776,10.210684785830688
22777,8.878710900378005
22778,10.481249676242006
22779,10.034111193635061
22780,9.658219343147772
22781,5.9644324585584405
22782,9.280847985703444
22783,7.806349266230562
22784,9.892029064716573
22785,15.027473650691633
22786,9.460408819106595
22787,9.880480058007583
22788,10.271861820666889
22789,11.291497833723428
22790,3.9999999999999982
22791,15.638940105356
22792,11.809032371625213
22793,3.9950291519778705
22794,9.564693048887984
22795,10.850050931536346
22796,6.19668017606042
22797,8.769369460084912
22798,11.649760130313803
22799,14.311990236518106
22800,10.76918116269285
22801,10.313876793932321
22802,5.997145409474398
22803,10.452344999324426
22804,8.373533106460838
22805,7.297140738736223
22806,10.626485097065009
22807,10.751625674383995
22808,9.90461355899579
22809,9.890953475255612
22810,5.965240083709794
22811,10.500593477965984
22812,9.87364452853947
22813,8.122514861124001
22814,10.015234964374296
22815,9.995364846516429
22816,10.107758312146759
22817,9.973998015849896
22818,13.90967578761965
22819,3.7241389114439913
22820,9.169740734690793
22821,10.497666661008926
22822,11.860547595683387
22823,10.119637485053934
22824,11.425836667864626
22825,9.586179717971257
22826,9.310131514566889
22827,11.202853695470802
22828,10.198622755676693
22829,9.80379582898079
22830,9.092150282751954
22831,9.726626226001057
22832,8.77588596206357
22833,8.854827248343812
22834,5.067496286834388
22835,8.959097559834722
22836,8.486735674770364
22837,13.98566835601474
22838,8.039985875589322
22839,7.0027930511700625
22840,9.749244853271632
22841,9.57226982354844
22842,10.831711966745061
22843,9.21519823007599
22844,9.009537611055615
22845,9.061706367482573
22846,8.928927744992711
22847,11.332965945569272
22848,6.066751356372233
22849,5.995512971624937
22850,10.09098016029717
22851,9.183540702974762
22852,10.94162888511688
22853,6.012430131115523
22854,10.321260939245892
22855,10.758864656912214
22856,7.848145097356197
22857,5.12034095627116
22858,8.451859085727973
22859,12.237123418736902
22860,8.727695687978434
22861,7.380382193073341
22862,11.116031269132508
22863,10.11354519156246
22864,8.488648141913414
22865,9.267658767244141
22866,9.374363540552336
22867,11.789205885481561
22868,10.479021002375104
22869,5.0153347460535525
22870,9.05808347987575
22871,11.21434477701254
22872,9.48962535336639
22873,9.246021099419346
22874,8.860338882663909
22875,9.233131506868274
22876,8.934684230811056
22877,9.4483879697148
22878,10.67388443727848
22879,9.598217391356924
22880,9.449658087171679
22881,6.199010329597343
22882,9.967603214421741
22883,11.950765738048856
22884,11.028889317916471
22885,16.574983317555056
22886,9.568546001098584
22887,7.312501954643831
22888,10.207657223540624
22889,11.63814276493622
22890,8.696515577822838
22891,9.706940808540608
22892,10.112247451044118
22893,12.703244338804405
22894,10.050349110388092
22895,7.821944249744927
22896,10.13165389980148
22897,8.076148277075974
22898,8.730087939053925
22899,4.050641861075374
22900,9.522791085380566
22901,9.095676696316056
22902,7.987037799041071
22903,9.026660622415106
22904,7.627391852066626
22905,10.65279391890393
22906,9.05216495407853
22907,8.085449896798854
22908,8.211945402146315
22909,9.336574383209372
22910,8.186252704178033
22911,9.429554622816157
22912,11.18242889046913
22913,12.950797167118612
22914,9.657501439255539
22915,9.038966371390577
22916,6.038968938136088
22917,9.222328650048938
22918,13.148743885427162
22919,9.778873497491334
22920,11.154818801182516
22921,10.354980287096383
22922,10.279500870398932
22923,9.971452456801446
22924,6.962883093251813
22925,8.37922965150584
22926,5.302326466865722
22927,10.345370703087331
22928,8.2262045960341
22929,8.832526474761343
22930,17.281865161639594
22931,12.038712699575967
22932,9.611231873307249
22933,9.968374536369899
22934,8.834841939946509
22935,8.088181324879708
22936,10.2638675623539
22937,9.562572551708358
22938,6.985259949547157
22939,12.050028817458996
22940,11.185977647640227
22941,10.113998037977998
22942,13.065843634377627
22943,10.014693966659552
22944,12.049441788829407
22945,10.748883018852487
22946,10.125035685707223
22947,4.008169205421374
22948,13.48389694676938
22949,11.436036637476649
22950,8.488136679118396
22951,12.834297882323598
22952,10.529260546589251
22953,10.850583174833346
22954,6.015989283476312
22955,6.985935083886085
22956,7.005335954231178
22957,8.967489364621288
22958,10.202240855591038
22959,7.010821823397269
22960,9.80790949315057
22961,6.860734019139494
22962,11.225169024769947
22963,6.010747262742426
22964,10.315756453703047
22965,8.220651552539666
22966,7.03650083621271
22967,7.781223514004921
22968,10.017922470946202
22969,13.074501522894044
22970,10.192945748370514
22971,6.132268522273167
22972,10.911093742085088
22973,4.9284842671596865
22974,7.829080844991628
22975,6.928251762427307
22976,6.179626728645774
22977,10.11112803886841
22978,10.15806092991046
22979,8.956473537714997
22980,9.399940798842996
22981,9.800236485625655
22982,8.17489711275834
22983,10.948473236202155
22984,10.929247317405721
22985,8.248088425417512
22986,8.218055837400632
22987,6.19171765271879
22988,7.924405991993659
22989,8.960105934395665
22990,14.627107838023083
22991,11.296918209543625
22992,14.59090958162803
22993,10.478925512727866
22994,12.105359827339251
22995,14.340106618920213
22996,9.272338712448844
22997,7.848469430316348
22998,7.861028390582064
22999,6.023322186663335
23000,13.174280326887056
23001,9.815228402961386
23002,8.055991993331611
23003,14.174535834140697
23004,5.992802782339397
23005,9.032218961730633
23006,8.83648883941744
23007,9.598367226898292
23008,9.647058911685464
23009,6.348893225105629
23010,10.188342880315469
23011,6.080716849546583
23012,11.14198275331246
23013,10.67849971651563
23014,9.460597177763065
23015,9.6675470245064
23016,8.07116698053124
23017,8.22574393465822
23018,10.17168771373096
23019,8.307589573811468
23020,9.66870528404962
23021,6.89206360022756
23022,7.194561776655008
23023,9.683488702238835
23024,8.805338501050583
23025,6.865373228839285
23026,11.293830140717036
23027,5.060923600367886
23028,8.0940696417354
23029,11.474003852017956
23030,10.996023580739614
23031,9.819623839353989
23032,10.759920989396164
23033,8.266762176222953
23034,10.333651013932288
23035,9.107000127899218
23036,13.150967459103994
23037,9.7407177202422
23038,8.264356506957194
23039,13.317116417494598
23040,6.229687772923658
23041,11.485770987042374
23042,13.971998848803219
23043,6.093555329452403
23044,12.121193069955366
23045,9.953650968530708
23046,12.9466609951495
23047,7.93663354426196
23048,8.601245542099894
23049,8.766923305338084
23050,7.372938423175107
23051,10.164330982124161
23052,11.437941001818947
23053,10.137977654342384
23054,14.6082611895122
23055,10.160241061933933
23056,7.6980545767477135
23057,7.056752821480822
23058,12.306941268290272
23059,11.996610779684389
23060,7.849176228360825
23061,10.93280455476357
23062,8.044185928980047
23063,8.692106905469947
23064,10.860168244226193
23065,9.833381542674063
23066,11.9799131549322
23067,9.844897793921406
23068,10.040354752275336
23069,9.835766688701687
23070,6.041455442020619
23071,7.647349400515424
23072,10.361731799501266
23073,11.11232485036525
23074,9.941200305711943
23075,4.1789423079542205
23076,8.375628549519865
23077,9.031935066481742
23078,9.066166713283456
23079,8.672180570788983
23080,7.294360406665501
23081,10.983186105964558
23082,10.55865645858015
23083,10.170360134027165
23084,11.72845687799443
23085,10.061882975198452
23086,9.331421500790041
23087,10.152085029837012
23088,8.37727287211298
23089,9.792502635482153
23090,10.220143971743
23091,9.261048280517455
23092,9.036343820513226
23093,12.547717754740626
23094,8.789257087273695
23095,8.235605568500008
23096,11.833640420402615
23097,8.513669433892952
23098,7.946070828275101
23099,5.9763881744633585
23100,9.929922905516309
23101,9.580334940532898
23102,10.405467101794143
23103,7.3610086621399144
23104,4.7291716751079464
23105,5.564792360336511
23106,9.007663712881731
23107,7.028724295338147
23108,3.9999999999999982
23109,10.559504332120497
23110,8.918932473192692
23111,7.630776464787624
23112,10.988078516897879
23113,10.51119933222231
23114,10.915799118349943
23115,10.780711636576655
23116,10.2603643531738
23117,9.623004601336165
23118,7.421305067831607
23119,14.758727909544493
23120,6.298677722691394
23121,9.33795992587183
23122,10.201763201655725
23123,6.280885603670143
23124,8.921053290840858
23125,10.719285625222254
23126,9.710415629243625
23127,7.013420086710276
23128,12.589830248381807
23129,10.788241737537767
23130,13.131204978335415
23131,10.203588458042345
23132,15.30056579207638
23133,9.798697494914661
23134,11.313528293886469
23135,15.37937759815481
23136,10.97943924146863
23137,7.433736554735713
23138,10.756200118376261
23139,10.666897297973426
23140,7.431785172602584
23141,9.166705845228153
23142,10.118369582089182
23143,7.023585571113565
23144,9.84679102949705
23145,10.736432589180428
23146,10.614476723500323
23147,10.289597827604961
23148,7.984188416869884
23149,10.497373308529538
23150,9.95613790802903
23151,11.367243054200971
23152,10.397470023763825
23153,8.344491052552206
23154,10.605034831799953
23155,8.930640668187651
23156,7.842056585440359
23157,16.03461927781792
23158,7.485526051077224
23159,9.5618626409431
23160,6.224882894327312
23161,7.882945684136818
23162,7.056752821480822
23163,13.949184932130548
23164,9.29563095649135
23165,6.990784513378188
23166,10.737882977616687
23167,7.280497972527574
23168,8.852841102369377
23169,8.77134377249004
23170,7.001121833433183
23171,3.9941327984214876
23172,6.184956219852602
23173,6.987862030540628
23174,16.011076261982094
23175,9.17141564413665
23176,9.671003024751075
23177,10.472991125180487
23178,10.200126238550505
23179,9.915729686640505
23180,7.9638956726532975
23181,10.435512167953144
23182,10.83673457481097
23183,10.550111249273835
23184,5.697664916369908
23185,16.157677359313137
23186,10.517731123511902
23187,11.67303717708642
23188,10.269623106666254
23189,6.9968630018379265
23190,7.151949443246808
23191,6.507563521166819
23192,9.37676479473661
23193,14.7233414548521
23194,10.416954594596616
23195,7.561867567287892
23196,10.999768235544803
23197,7.0124968461828985
23198,10.317798994514002
23199,10.331880953227715
23200,7.9071470894939075
23201,10.843632627758927
23202,6.411711296864569
23203,15.048830008047798
23204,8.395589177512894
23205,10.370754031056018
23206,11.34141625136326
23207,9.313020411619865
23208,12.536248809339993
23209,13.880752258565
23210,9.200881314830996
23211,7.506751010972443
23212,9.968060523843263
23213,6.790562004062073
23214,6.9660302393709514
23215,9.891412474363618
23216,9.497556221812415
23217,8.079928070092917
23218,7.427911332338616
23219,12.318687214193337
23220,9.890893170376712
23221,9.271715096361595
23222,11.989914700180657
23223,10.333040971564744
23224,11.918961412458339
23225,9.188443425863936
23226,9.83008080442164
23227,8.279430824245607
23228,12.047759653391235
23229,10.767625787988278
23230,6.373047640246085
23231,14.897320752426415
23232,10.691823501734163
23233,8.815397958632834
23234,12.41196601609152
23235,9.455899382026127
23236,7.024979035039268
23237,6.088552829654531
23238,10.213850354083457
23239,6.982598370861952
23240,6.936259648273477
23241,7.825454363061489
23242,5.977677546070033
23243,6.958481468570464
23244,12.605893374673899
23245,12.831711826638028
23246,10.736117010979514
23247,10.009719037681124
23248,9.42746072222968
23249,11.198081692386872
23250,9.347491954514085
23251,7.987742462547793
23252,8.810690049714003
23253,9.741376389104245
23254,10.274761849658352
23255,5.752931890916643
23256,8.818362866801928
23257,6.921683822583777
23258,5.491768304742543
23259,10.230269755840316
23260,10.683956509287002
23261,10.295628366199871
23262,8.649205141563014
23263,7.822376163820039
23264,10.70973828022781
23265,6.987839138428084
23266,9.997938062336088
23267,7.131342613970313
23268,6.96186285266648
23269,8.69114745996441
23270,7.576060601533721
23271,10.965117256110732
23272,10.283752334792593
23273,11.501837175798103
23274,6.853359383618791
23275,12.184702128034575
23276,7.342964952025591
23277,8.831914685318301
23278,5.8200478509267635
23279,11.059159357527548
23280,8.011180849801226
23281,9.676583782104837
23282,9.680645423351203
23283,8.477854961435716
23284,6.0054796701762365
23285,10.76339748981289
23286,9.966837535645409
23287,8.56907728984474
23288,9.210976484029276
23289,6.238428890068196
23290,10.270039657960098
23291,10.640322659170183
23292,13.836601873870752
23293,5.221995918619089
23294,6.915508582433709
23295,10.803705323183049
23296,8.993579692054295
23297,5.674667768198838
23298,11.767514261947662
23299,7.399606449669886
23300,9.644013973771296
23301,9.890064116727642
23302,10.124240401405592
23303,10.254674422551458
23304,13.649439538131054
23305,10.479121669036537
23306,12.299747025530648
23307,7.3454330737286995
23308,10.973351974535067
23309,12.130735386307402
23310,7.940553565806981
23311,10.549884509745665
23312,9.883960144345005
23313,7.483211430220468
23314,10.58553510913689
23315,11.718100763510536
23316,10.824663487193401
23317,6.045643636026904
23318,10.91624281047133
23319,10.60230249847381
23320,9.059148364161144
23321,9.20722138460948
23322,13.48789042951597
23323,9.12632368370564
23324,8.917844654535914
23325,7.157678136206345
23326,8.227687470175487
23327,8.3435750966366
23328,8.770594363989934
23329,9.762023335020183
23330,6.99610686800246
23331,8.102399533075276
23332,13.904311962043819
23333,9.649328436826883
23334,9.375158616028427
23335,5.108416484621299
23336,9.871439180027783
23337,9.869964097334401
23338,12.189797823453441
23339,8.634349636532553
23340,8.794346722434684
23341,9.883933907265698
23342,7.231170609414528
23343,9.230253793979267
23344,14.045892498159743
23345,9.32071736974788
23346,9.194293424432272
23347,14.64414940710868
23348,10.591710311984945
23349,4.008169205421374
23350,6.007760152008177
23351,7.121836530120326
23352,12.474930781741685
23353,8.033918818094962
23354,9.138744519100621
23355,7.808420509086235
23356,7.50957506959648
23357,7.725571399137859
23358,9.423990000383531
23359,10.413261943158465
23360,10.620496942077645
23361,9.520721534120403
23362,6.898107464304427
23363,8.429361820687303
23364,6.922601628417903
23365,19.278576941270295
23366,5.042929921485255
23367,6.970603410518187
23368,9.277807401986506
23369,9.075665666942912
23370,8.985733766964556
23371,12.32386712951948
23372,9.16146659281941
23373,6.659266004634285
23374,10.016734121227403
23375,8.812705186239628
23376,11.252812752332627
23377,6.028827225896094
23378,6.267125415118384
23379,10.521072123532308
23380,11.388871443313816
23381,10.49007554565439
23382,14.65511255032128
23383,12.022911264423824
23384,7.822913662363453
23385,12.235861164989563
23386,12.197138330181657
23387,10.344266564408626
23388,9.651451815074376
23389,15.98019256741866
23390,10.02576794090311
23391,4.319967889877913
23392,5.254014682075479
23393,8.679436798701817
23394,6.8860215639127365
23395,12.57028549244264
23396,10.695122574938923
23397,5.94636941195204
23398,10.13663856477415
23399,13.778981690855549
23400,10.039894597135211
23401,7.7649921340161185
23402,9.76713107098517
23403,13.193857383710169
23404,10.336265836592412
23405,8.399297451802246
23406,7.968703603818884
23407,11.232215817126862
23408,11.512507591005809
23409,5.995685009008487
23410,7.042110074160421
23411,7.501871551440203
23412,8.102425177700281
23413,8.668331971972533
23414,6.911097177457993
23415,5.991600713291263
23416,13.288872982770902
23417,6.816656044583711
23418,11.353803567841762
23419,10.05280281389397
23420,7.167066130909104
23421,6.863114985363213
23422,6.317914528407966
23423,9.457996015554398
23424,9.455011907072082
23425,11.195178151282468
23426,7.42514203186726
23427,9.877742528628174
23428,11.315465807969105
23429,6.629190834035496
23430,11.910931610048411
23431,11.517427309778316
23432,9.428069343939123
23433,9.792016970557912
23434,10.265993340282082
23435,8.57063093196082
23436,9.806563062360338
23437,9.878866964002105
23438,8.309312754655823
23439,10.22508234790718
23440,7.835831364719567
23441,13.71714827507411
23442,10.643322313970694
23443,11.647229352581371
23444,13.589401942558172
23445,10.054448869671527
23446,6.92423929563706
23447,10.543545935786481
23448,9.142972405456161
23449,10.506977750620967
23450,10.34248597680421
23451,6.855208199946927
23452,11.257097551864456
23453,8.842758294358278
23454,10.089612856784283
23455,8.728450863971494
23456,8.817990753103631
23457,9.489159048521566
23458,10.409384103586591
23459,10.668173556232317
23460,9.049044419907029
23461,9.557481037807369
23462,9.842409356118699
23463,10.206826308045253
23464,9.254883174314463
23465,9.68686134995915
23466,8.528052048818063
23467,10.057466529342376
23468,8.643668397785605
23469,10.711065525449511
23470,9.980969150925786
23471,5.962747659793752
23472,9.641511648480074
23473,8.428269362099288
23474,9.057789706474102
23475,14.37846095670557
23476,6.091618239660066
23477,11.337025759042644
23478,10.039974788525827
23479,8.516690070034032
23480,9.965063203994907
23481,9.332106233313104
23482,7.5494415065083675
23483,8.694683569400622
23484,8.56160615605864
23485,14.413861880005996
23486,10.008461404737266
23487,9.667072607412559
23488,9.817274142837215
23489,7.635952878683373
23490,9.114932642186917
23491,8.61307003930637
23492,5.5906609856818665
23493,9.333233763490172
23494,10.436831638291368
23495,7.372665696462338
23496,9.86557484182765
23497,6.055596048021066
23498,12.398437670364869
23499,5.92604291448526
23500,7.545312512296475
23501,9.8674213877868
23502,13.593923989940448
23503,10.619494057942093
23504,14.489935882050474
23505,9.614466909683118
23506,12.694904356473296
23507,9.564649156146343
23508,6.204281801534972
23509,7.048613787485763
23510,11.61380593350541
23511,7.320775151264992
23512,7.17323415612851
23513,15.537285809383564
23514,9.191385787247713
23515,10.812414016754625
23516,9.89998659682176
23517,10.732437517228108
23518,10.031432506911829
23519,8.560326415294375
23520,9.338102746021876
23521,7.448907257937938
23522,14.119977087372936
23523,12.022627227225799
23524,5.971825673132638
23525,11.074200879028863
23526,7.046427770258649
23527,4.002449164005845
23528,11.378985367346973
23529,8.630420525698957
23530,10.712732268412706
23531,7.01612326303901
23532,10.014773263087404
23533,9.883922287845406
23534,6.996375155456766
23535,7.773000086004844
23536,10.568103195471663
23537,10.180877177097509
23538,12.138504818257738
23539,10.093293456892125
23540,12.878431176815715
23541,9.28025820389672
23542,6.1719153872148045
23543,9.638956864782502
23544,11.043370747090522
23545,10.191900202678353
23546,12.384251028909103
23547,10.72597986478713
23548,10.611695731934104
23549,5.908073838010607
23550,9.198027080817175
23551,11.096499998751097
23552,10.057902154531662
23553,4.974677620098054
23554,11.317691001259687
23555,9.658933585625386
23556,16.528807840658065
23557,13.703962558960823
23558,10.513168637922496
23559,9.845347354115438
23560,9.050531580787558
23561,10.269266286348158
23562,10.38159974798757
23563,7.619365245292418
23564,6.902552452512737
23565,13.066531885007976
23566,10.351823628148233
23567,18.286652901442316
23568,10.7170156710745
23569,5.993136035257289
23570,9.08392069012834
23571,7.487687834349094
23572,8.958854831456568
23573,8.073086702951302
23574,9.7136377323072
23575,17.668553707167263
23576,9.882687309431406
23577,9.937930946185412
23578,11.397188593948949
23579,18.18943891917559
23580,10.91483606405403
23581,9.838188224106796
23582,16.060962663569136
23583,8.253106593524636
23584,6.938543122694027
23585,12.37836377387213
23586,7.88406867301401
23587,11.040799788513974
23588,6.397259397340372
23589,6.0116662487592345
23590,8.735180793922252
23591,7.521479570374779
23592,6.259836725658211
23593,8.81437772625864
23594,11.416074853835314
23595,7.666459009076785
23596,8.06106637455474
23597,9.582589291911399
23598,8.378361605598181
23599,4.794510721724494
23600,10.467442434144367
23601,8.991128588696474
23602,9.793757616462488
23603,7.804908713325011
23604,9.400764949215882
23605,8.772735599181283
23606,13.601525231406018
23607,9.802792553219929
23608,9.536033582947224
23609,8.066319614916052
23610,10.896348525316812
23611,10.869754391902964
23612,10.475122460808912
23613,10.415929010497907
23614,9.044233322977027
23615,11.181611192296021
23616,9.397399101530683
23617,9.046730531046729
23618,8.957492469533411
23619,11.074620138692689
23620,8.193143980432536
23621,5.967314326234827
23622,6.853270902994616
23623,11.27531462357132
23624,11.754027874874824
23625,11.066928083718695
23626,7.492266115982774
23627,9.06466959536107
23628,10.174255453548296
23629,6.062489190551678
23630,10.040653960237377
23631,5.248356957036545
23632,9.801231608149115
23633,8.002320152538667
23634,8.400649419557338
23635,11.74130964591586
23636,9.869610596032912
23637,8.51382760040856
23638,9.91441144956835
23639,7.911723411453615
23640,10.032807235136852
23641,6.105522154269646
23642,11.694512895018946
23643,9.007656888469226
23644,4.833335838635166
23645,6.97887166810432
23646,6.900426115781613
23647,6.033555077955859
23648,6.881979904776129
23649,7.40009910839623
23650,11.51195853168232
23651,6.021222844510366
23652,10.786694863868357
23653,6.542200745635464
23654,11.304559856066199
23655,9.177412424910687
23656,11.059444489072325
23657,7.89672473130412
23658,10.015056736519734
23659,9.269285157046939
23660,8.776410762164678
23661,8.385812721226488
23662,11.555947076888467
23663,6.816735518441609
23664,8.235686230100166
23665,6.259703387543615
23666,8.6188785685739
23667,11.625249950694378
23668,18.954888605722754
23669,8.731221857954724
23670,8.122685725465386
23671,10.229740832589725
23672,10.558904660404002
23673,10.453058770558085
23674,9.241621590319228
23675,13.89099703870629
23676,9.985906337807519
23677,5.267259426254394
23678,10.127231982741298
23679,13.958768582723591
23680,8.900393093223778
23681,8.771540872565192
23682,10.199667232546494
23683,11.232498755379387
23684,10.83770176438169
23685,17.23221417427073
23686,5.993334599218748
23687,11.536440808207571
23688,9.343775697109995
23689,12.354091659365727
23690,15.10691388282417
23691,9.530543866800597
23692,10.428976445552031
23693,4.802904436579973
23694,6.327698068938517
23695,9.053627402258533
23696,10.168683926796957
23697,14.691349366908897
23698,6.13802345306747
23699,6.118875116362802
23700,9.024740208514716
23701,10.154817709244425
23702,11.862256464597197
23703,8.762847228619309
23704,6.441049202565054
23705,7.634637642794964
23706,7.395999494782268
23707,9.89123056045502
23708,8.329588561981607
23709,10.501245820256761
23710,11.560065326937723
23711,7.042471266988642
23712,12.085198142104197
23713,4.979399229116116
23714,8.726452102961117
23715,8.2369404973338
23716,10.329127177458721
23717,12.320655321323558
23718,6.275271256531546
23719,8.015360277137257
23720,10.601420828908626
23721,7.654991651601334
23722,9.640892023578141
23723,8.49096268764166
23724,9.802507035607805
23725,10.073919097515804
23726,6.247205358735414
23727,4.700101304920777
23728,6.130966339202995
23729,14.903933229376063
23730,5.442696872159461
23731,10.16838890805158
23732,8.862161453222294
23733,8.289298139377456
23734,7.890165783975839
23735,6.807860082693789
23736,13.082778011320606
23737,8.963834389184969
23738,12.053950597930536
23739,10.037629758522693
23740,9.032989322702305
23741,12.301256926144676
23742,6.927808078769784
23743,14.564048382112638
23744,13.467711799197103
23745,6.978790355339491
23746,8.826303781758527
23747,11.094206854902145
23748,9.562009860765656
23749,9.398800089805677
23750,7.570963721944885
23751,6.73030227612257
23752,9.06407466449386
23753,6.964979313602148
23754,8.610391836768114
23755,10.258314885079498
23756,9.449017056389886
23757,4.04588421287463
23758,10.07334668933431
23759,10.263482224068579
23760,9.49242442476159
23761,9.9561207739975
23762,10.447937120170193
23763,9.854906464848584
23764,9.273216427973184
23765,6.099867453906957
23766,8.561603943155115
23767,7.676964405993417
23768,9.535023939219693
23769,10.01105318839731
23770,9.661650712861617
23771,9.480327665004117
23772,8.205181205889252
23773,15.31782478610295
23774,8.252643779585496
23775,5.9963750180162725
23776,11.626536877008805
23777,10.409357421055494
23778,10.750326471668108
23779,4.626960122100706
23780,15.190394790112617
23781,6.960038772218432
23782,8.799499766976512
23783,11.157442912470488
23784,11.91934573936088
23785,11.874246079919086
23786,4.470318996026943
23787,9.943128955321692
23788,9.632508276551468
23789,7.314946771434684
23790,8.956967374988109
23791,6.014188798461539
23792,12.08763288384471
23793,13.123891539385207
23794,9.680267521283346
23795,10.387343292624296
23796,14.49614581063847
23797,9.264188692677381
23798,12.137435672696776
23799,8.126556427382935
23800,10.588566658722092
23801,10.816316139036982
23802,7.775905291875514
23803,6.038450586579209
23804,11.363104523301006
23805,10.583721907544932
23806,7.648604170582889
23807,8.127542093689124
23808,16.038088684493406
23809,12.623320030737181
23810,10.968094700100272
23811,9.733143507438774
23812,9.9042932996787
23813,15.261368426293796
23814,6.192727736864009
23815,8.574254080886215
23816,5.965379045316994
23817,6.940183266816554
23818,8.256107275754273
23819,12.974157060070967
23820,10.164611607560174
23821,8.281533094195526
23822,6.975936043228208
23823,10.32947546910754
23824,9.408398004895
23825,7.624734529402598
23826,4.013206196284392
23827,8.924197530849478
23828,8.764673921553259
23829,10.991569594649809
23830,6.797367536122419
23831,11.05093851491811
23832,8.862737975545022
23833,10.753124541037728
23834,9.29259943348407
23835,5.546153883050648
23836,13.66016480295448
23837,8.327100025117366
23838,10.079715603762159
23839,9.73999747977466
23840,8.681926378908022
23841,10.072677238850323
23842,7.952954172892943
23843,9.38802605446615
23844,14.342074883193666
23845,19.192983260290365
23846,9.12354912650691
23847,9.280886617599576
23848,8.6884768901583
23849,8.843744900872936
23850,10.147957933915196
23851,7.629910516893757
23852,5.003844155280673
23853,9.348916890349885
23854,10.077200594035
23855,5.966748213988869
23856,3.9999999999999982
23857,11.315704082142604
23858,6.100907279286535
23859,14.78306529535003
23860,9.554206465913163
23861,9.850021012396857
23862,12.561303475771252
23863,8.493687902605823
23864,11.04660904393882
23865,9.31376650374733
23866,10.655778623757746
23867,9.319526024391413
23868,5.861541866516851
23869,12.919368661111033
23870,11.34118316318816
23871,6.169027508303165
23872,9.325333989238361
23873,5.170578202782002
23874,6.99609516335153
23875,10.177703942922319
23876,9.293248360112097
23877,10.485099407404972
23878,7.973570981241435
23879,9.35219779761474
23880,7.363321514597297
23881,9.270499614474543
23882,8.738243151392274
23883,10.466526046278817
23884,9.481745281815817
23885,6.989072367618068
23886,8.25265052267349
23887,15.640745279663543
23888,8.691795589270805
23889,8.120103583622472
23890,5.85572869271272
23891,8.655848824247796
23892,6.957001858939877
23893,4.058747294714359
23894,13.000386653026036
23895,9.32351901952992
23896,9.450411997146231
23897,10.180148406757228
23898,8.291743053780985
23899,10.909977349909736
23900,8.505284878313892
23901,5.999034566345808
23902,11.683789842155802
23903,9.449363709708576
23904,6.76652537837438
23905,5.735827760528096
23906,14.021768017452967
23907,8.948469912865756
23908,10.019243702366685
23909,10.111716455127523
23910,6.272548211297726
23911,6.139908552712578
23912,7.1167445088007435
23913,13.51420653157369
23914,11.738942971470761
23915,9.405894356210231
23916,8.06609832803745
23917,9.783065912418644
23918,6.854217989197565
23919,7.4156457134970655
23920,6.847510290457091
23921,10.19821650205124
23922,9.914461045407512
23923,11.492430729571259
23924,5.157510648452967
23925,9.933122064854038
23926,11.386108565020708
23927,10.104931334594182
23928,12.05051179209801
23929,7.705588371267961
23930,10.641087205498524
23931,6.960633929935735
23932,10.58558363269171
23933,5.998411785885732
23934,10.267923328730829
23935,9.563174862254657
23936,12.658400454424084
23937,5.995790076427516
23938,9.730848500862665
23939,9.441274317849762
23940,8.173305393246169
23941,10.099697245374395
23942,6.982194953337025
23943,13.152720918254326
23944,5.718631343343109
23945,10.40958549024777
23946,11.482115305482472
23947,12.754858270371752
23948,6.943339089629749
23949,10.98793758799866
23950,7.925987749033194
23951,9.457313909497325
23952,8.862716565414859
23953,10.065056385962178
23954,5.507218465066705
23955,6.638348893762622
23956,7.121330523114575
23957,13.250090432850236
23958,5.959812455915009
23959,7.490923098723302
23960,6.89229955912807
23961,7.059174995008863
23962,6.529870798824861
23963,10.350642353177493
23964,9.754284749834413
23965,9.101325877576611
23966,10.568578114862792
23967,6.82979463529869
23968,11.54583712732757
23969,9.60347270643212
23970,13.284117420885346
23971,9.031267080142664
23972,15.343904828791667
23973,10.158398793778291
23974,15.292774366512345
23975,7.478646728321177
23976,8.82231094081944
23977,9.255819029131372
23978,8.618566210282841
23979,14.61064935496029
23980,9.598480093131732
23981,5.481255412638034
23982,10.253868827574285
23983,9.30181857059056
23984,10.709246938839973
23985,9.905747830827098
23986,9.687648878714336
23987,10.56943777361592
23988,7.763672736697691
23989,8.046678455349804
23990,5.0416624531292555
23991,10.21256149726853
23992,9.19270321826147
23993,9.964127428956596
23994,9.407344623425432
23995,8.846153773900324
23996,7.976163380726087
23997,8.782463895136507
23998,10.512811547257614
23999,10.555832520101871
24000,10.35961947483967
24001,6.99587524047536
24002,10.636971579859198
24003,12.621688025844511
24004,11.026562820141384
24005,10.706705860119676
24006,6.93750616128724
24007,9.02039229301264
24008,9.401924012147406
24009,8.870889844792488
24010,10.120588725675661
24011,7.0078700545473005
24012,10.195192636197875
24013,10.06820012471161
24014,8.399158952838524
24015,7.1509205520917405
24016,7.020733089350939
24017,9.987897446965432
24018,8.749180289005276
24019,7.888258001896851
24020,9.28291694765988
24021,11.536634901454573
24022,11.59118874435305
24023,8.894146885542474
24024,10.472337166339843
24025,10.979953032566927
24026,10.21082297538945
24027,10.1219073739011
24028,9.155490123799654
24029,8.615592357217908
24030,9.743528856711487
24031,12.323115661260351
24032,5.290655668766554
24033,6.9760737470045395
24034,8.123844110723878
24035,11.634018432712937
24036,10.379123945826228
24037,12.681116993409415
24038,14.031306910048075
24039,10.423142079793227
24040,12.103293673007835
24041,11.638513328046448
24042,7.184700975072692
24043,9.808489940388798
24044,9.244416516205456
24045,14.3996349882384
24046,9.012174280202755
24047,4.979103929389053
24048,6.937705224211928
24049,10.403422174870117
24050,11.351084761404605
24051,14.710305135062216
24052,13.469578781776184
24053,9.321274622936604
24054,5.582143720812645
24055,11.798136527546825
24056,12.018653948416985
24057,11.261867788650653
24058,14.565610660648778
24059,7.001626714859217
24060,13.360092054419937
24061,5.99846665779955
24062,8.513998204311159
24063,11.900122922625075
24064,4.547510907034221
24065,13.098106791150881
24066,9.873105950109407
24067,8.657137105491673
24068,16.50254990466461
24069,11.059828545501716
24070,7.896503048456884
24071,7.006841952856409
24072,9.41547610213952
24073,9.847849899239959
24074,8.88623376467905
24075,9.112812671063699
24076,8.832198354091348
24077,12.787137017710878
24078,10.656924119404103
24079,9.814383876680266
24080,7.668899910648774
24081,9.896821386577285
24082,12.684136895451323
24083,10.772755175357027
24084,7.5322397729373165
24085,8.772177111263366
24086,7.1962685995369196
24087,9.219639617045688
24088,8.020504161178819
24089,9.07576658849201
24090,12.197426908583475
24091,11.935985306366694
24092,9.989159845630917
24093,6.906264173683928
24094,10.796807018123515
24095,10.32099454416718
24096,11.003986055759905
24097,8.518637600285382
24098,12.588327206792787
24099,8.597230497139721
24100,9.42481062316964
24101,9.908943144828145
24102,10.04472283806306
24103,9.251506729380088
24104,9.352839926033644
24105,9.582834475787054
24106,13.017513673918627
24107,10.544620870821786
24108,10.121581967926916
24109,12.412942876198668
24110,12.146591604913779
24111,7.683684474745195
24112,6.8658242880602565
24113,4.058008492354065
24114,11.738215569653702
24115,9.006138069412513
24116,10.321958710199821
24117,9.226276795749383
24118,10.240992711836514
24119,9.951906737567297
24120,9.048042691568712
24121,8.711340088408077
24122,8.975015345980998
24123,7.600417086367098
24124,9.37711122517493
24125,4.941632334253257
24126,12.467561547829463
24127,7.628902592201371
24128,8.064829969829175
24129,9.692931974175503
24130,10.33134100287288
24131,9.379078466195613
24132,8.163085577242354
24133,14.105266510266695
24134,8.830599693800112
24135,11.005770709642183
24136,8.09907291685432
24137,11.65790018046996
24138,4.001875791899666
24139,8.431262161378575
24140,6.086017305897647
24141,11.135321729055432
24142,9.36823784458497
24143,10.093658495406354
24144,9.100658887852942
24145,10.673411226357429
24146,15.540468028013722
24147,12.306329683844172
24148,10.026738750526155
24149,6.940939179802968
24150,11.527185497306112
24151,8.04994331656813
24152,10.052922364374526
24153,7.958697058626061
24154,10.414599850547843
24155,9.545232849405147
24156,15.982911862129335
24157,10.66163615069886
24158,8.877537583208559
24159,9.685574731628092
24160,8.126046130749353
24161,7.2942729129004125
24162,8.13955743168915
24163,8.882804448326938
24164,9.35410610243836
24165,11.720905867885019
24166,10.465376084946394
24167,15.788956340691264
24168,11.71083525630903
24169,7.539211338803076
24170,10.238461482474504
24171,6.925802002866535
24172,14.299585197371538
24173,8.727468105020455
24174,10.5977511982046
24175,16.70694325279223
24176,10.802778038543524
24177,7.816843536451655
24178,7.269615124269887
24179,7.270634954342313
24180,9.891806184264821
24181,9.454626879600058
24182,12.356364125717484
24183,9.50779018753198
24184,7.722302146066374
24185,8.04481104808359
24186,14.7048763368531
24187,3.9999999999999982
24188,11.470238610438443
24189,16.374379024253933
24190,9.04210579278199
24191,8.037479326745482
24192,9.077360874345503
24193,7.58584437188507
24194,6.216775501164129
24195,11.613654646099755
24196,10.079268053946086
24197,10.043623500192668
24198,8.018986258663434
24199,11.599395601494615
24200,11.857374808170276
24201,10.166919088296902
24202,6.2596222541256665
24203,10.255975857891096
24204,9.933947466641863
24205,15.030385326469174
24206,6.811851944689502
24207,12.06461383867124
24208,10.162982366719177
24209,12.064997200571963
24210,10.16483335287367
24211,15.069113052654556
24212,8.889671050288682
24213,7.009625350017414
24214,4.9922512901972125
24215,9.607159009627564
24216,11.071990889931945
24217,9.768161761607113
24218,8.139927324855881
24219,15.31040229052764
24220,9.310814687548058
24221,10.044704149063358
24222,7.408458707788874
24223,10.272437172176849
24224,6.80686861081748
24225,10.004573857946834
24226,6.0000994116372395
24227,14.294465091068274
24228,13.279828466500959
24229,10.193802824480107
24230,10.776012052266799
24231,11.822422800631134
24232,6.041172987420575
24233,9.977654737905043
24234,12.317365957755602
24235,15.0281558932083
24236,8.799795214147844
24237,6.162745865136117
24238,7.749267385400879
24239,9.622083137721054
24240,9.845268643198741
24241,10.1652953586439
24242,14.415034348773462
24243,7.998453573144326
24244,10.092821567795967
24245,10.453903020379295
24246,7.573433084380106
24247,9.147533646100838
24248,12.498435462496827
24249,10.648368875237642
24250,9.94705168712999
24251,13.446084533297396
24252,9.032476396013623
24253,8.833390291129776
24254,6.18564983201207
24255,8.652765199275708
24256,11.121828746714977
24257,14.226902550470676
24258,11.450851884223491
24259,13.166065882421504
24260,6.099356123913319
24261,9.686535005613832
24262,12.22134788476588
24263,9.316924014220783
24264,7.9448089510641395
24265,11.614231112415032
24266,7.400596533585597
24267,6.063548778833095
24268,15.656869896858954
24269,9.910295171479055
24270,8.82156777063558
24271,9.782566325211748
24272,8.971038182305422
24273,9.420000239640556
24274,10.567788132703276
24275,8.779717102985826
24276,5.7239461015694655
24277,12.679704112160355
24278,8.574348977731029
24279,9.93444140160465
24280,9.776617897458335
24281,7.832181941279371
24282,10.29494521148562
24283,9.108184357039425
24284,7.785942419195755
24285,10.805339225311588
24286,9.275225933131372
24287,7.633513360594122
24288,7.964719565432672
24289,9.882680489424699
24290,6.334138210267506
24291,11.117694407363444
24292,10.612454897362527
24293,10.967363460983863
24294,10.254230374068461
24295,10.78987146624108
24296,10.142107416312891
24297,8.407449155526217
24298,4.377381106619656
24299,6.978212155651166
24300,6.880294905517276
24301,8.963889725454836
24302,9.711802483008322
24303,6.079977986228878
24304,13.81240049569318
24305,9.49004398113332
24306,7.660373054169609
24307,7.953696629775246
24308,12.453132469017552
24309,10.650177098614032
24310,8.817645442464952
24311,18.709590377635177
24312,9.60502208192362
24313,9.671656248145089
24314,9.781321671054636
24315,10.505020799222308
24316,11.126313231193388
24317,7.794993041915234
24318,9.043010585332654
24319,6.8734640641851446
24320,10.468667396997253
24321,6.983040666191281
24322,10.3097115579602
24323,8.83500553542405
24324,10.849020863306576
24325,3.9999999999999982
24326,9.815916123517981
24327,9.612140831851468
24328,4.002076419111775
24329,9.99618797316589
24330,10.96950269246228
24331,10.708231965949121
24332,9.779439665813031
24333,4.054318278299605
24334,9.57740353348589
24335,9.294884985522534
24336,8.634701625656598
24337,13.122872594066374
24338,6.3609627118338095
24339,12.750642040852744
24340,12.133893709233542
24341,10.381319789396256
24342,15.746035791041527
24343,9.94912354259799
24344,14.052047569382177
24345,6.205152732863548
24346,5.995836475469971
24347,10.926433091344771
24348,11.04688492650852
24349,8.71338287127458
24350,9.67678569290545
24351,8.814796420902018
24352,12.83248466910417
24353,8.055346704598543
24354,9.089187379179636
24355,10.246123019956146
24356,13.964255726190313
24357,9.6755562354948
24358,7.8534947634211
24359,11.125551373997208
24360,9.003519974870906
24361,6.235795143189559
24362,8.101524445914444
24363,9.944308041187155
24364,10.96534031686913
24365,12.272487749437651
24366,11.995687864868403
24367,11.28384457238596
24368,8.627078417987201
24369,9.58529455877319
24370,11.809643513167325
24371,9.81577943270081
24372,4.451021391581546
24373,7.817535663207561
24374,4.683616093310339
24375,9.04954309001367
24376,7.78740164873685
24377,11.781225228566468
24378,8.975040444571151
24379,10.775607756363046
24380,10.07754883678478
24381,9.877460032603258
24382,9.522636602349452
24383,12.179550947018265
24384,5.86149803580534
24385,12.398852222474378
24386,10.36576360058598
24387,8.076202486134038
24388,9.947303390755527
24389,11.188897328009737
24390,5.901847944467974
24391,4.213214538403222
24392,11.902780239140302
24393,9.734233941597319
24394,14.928522044146497
24395,7.1482760678593475
24396,8.819812327846522
24397,4.95743981260702
24398,9.944160948594194
24399,8.61773481198327
24400,8.499206813301873
24401,7.861163132760076
24402,9.726551033451655
24403,6.241505334054493
24404,9.108530447366936
24405,6.9808260829031035
24406,6.999364965506697
24407,9.974146590291289
24408,8.396401052864613
24409,12.405732121664954
24410,10.143247168699355
24411,8.918531141728915
24412,10.782195997304745
24413,10.003400360929708
24414,5.007906009700716
24415,5.181223774420323
24416,4.909643007652145
24417,9.921843519467066
24418,6.168641420212342
24419,9.385550914799149
24420,10.07994027744285
24421,14.699144291873667
24422,8.946889257848655
24423,9.98422258238807
24424,11.629978542683299
24425,11.075482981406198
24426,9.578406588429656
24427,15.316705553632872
24428,10.987029875908254
24429,9.222936603310464
24430,12.540239450640092
24431,10.19039356025579
24432,10.847735626529243
24433,7.537296765410996
24434,16.708933809888972
24435,12.184717196052164
24436,9.185421799624278
24437,12.560044866190925
24438,10.786034039350332
24439,8.547168165791346
24440,9.20864704324982
24441,6.324760536334857
24442,7.654757763154434
24443,6.689464904422833
24444,9.631173300034936
24445,10.452530015811794
24446,11.110069637689621
24447,10.65283938022853
24448,12.788684267087339
24449,11.727583754443097
24450,11.271086470662521
24451,7.029235565368214
24452,11.40556160995134
24453,7.010317565541399
24454,9.116767423493586
24455,9.159178709262099
24456,9.539965333579264
24457,9.41688910026822
24458,8.884272730277134
24459,8.992376929731199
24460,13.588798459088475
24461,9.257930635623959
24462,11.146332083635953
24463,9.607978775040943
24464,9.737666832918647
24465,8.279489024360094
24466,8.739314138106328
24467,10.266004804286327
24468,8.309451156379767
24469,7.177093896765811
24470,6.88679432360926
24471,9.662234612704319
24472,5.791379894316905
24473,11.264577660011918
24474,12.372213315380934
24475,5.250376190207884
24476,6.077129051787451
24477,11.542264476700735
24478,10.096180876479297
24479,4.8375467780984
24480,10.65621275272189
24481,10.294178311253349
24482,6.356865843934818
24483,8.006067563098236
24484,8.213892103376663
24485,8.669022245893581
24486,11.673717297169059
24487,9.427593749604041
24488,7.946601342848618
24489,5.095378883194321
24490,18.465852884777192
24491,11.660868693856411
24492,9.949602934263945
24493,7.440361953976973
24494,4.777110481723545
24495,9.763467621261855
24496,10.867275714737412
24497,7.252567474365332
24498,10.930586990957908
24499,16.504073756136407
24500,10.96500399141683
24501,14.93702429252414
24502,14.529924705603186
24503,6.177680979053777
24504,7.892376967863891
24505,9.51500903786843
24506,10.390015372876439
24507,11.647992464649565
24508,9.989615971060795
24509,5.350075668373682
24510,4.0247952999116325
24511,9.426721082896462
24512,8.89431539581013
24513,8.430144670964244
24514,10.227112224361568
24515,5.798132713958353
24516,6.254212900628161
24517,8.359887121066025
24518,12.066798651523868
24519,9.87962906778658
24520,6.988243085395142
24521,10.74957295879861
24522,6.9908418250311986
24523,11.141780149701534
24524,10.067721482791418
24525,10.047294167655602
24526,9.420953670137608
24527,4.969263292161802
24528,7.11285244594457
24529,10.070898289189573
24530,11.626881698932435
24531,9.388430465251984
24532,6.200651333241646
24533,9.91862096007963
24534,6.986514484651126
24535,11.868306752127623
24536,10.089818524012033
24537,8.654556666447816
24538,10.38849760260092
24539,10.237406733854128
24540,9.441339016642507
24541,4.976269490973159
24542,10.181498900737333
24543,8.334848855802386
24544,9.726794720580928
24545,10.959858899517402
24546,11.676721484562053
24547,7.765143558360974
24548,8.16046277346675
24549,7.73199268777749
24550,7.9448865511226465
24551,8.188834721709265
24552,8.075431979122753
24553,10.341652484452057
24554,8.551209469680158
24555,6.9269440332107095
24556,7.445542438163525
24557,9.379515023214408
24558,6.452627597875496
24559,10.519106964702255
24560,9.607642111349803
24561,6.086979834150721
24562,9.930743544792604
24563,8.20287812020022
24564,5.999691737459826
24565,15.093462455202955
24566,10.501185441463425
24567,6.996533838895772
24568,9.990124378563054
24569,7.765091847412847
24570,4.762545475369819
24571,6.417109901901391
24572,9.636120493269873
24573,4.84263730074022
24574,8.05373792171594
24575,10.896733258041884
24576,6.4894009860355375
24577,10.470032431780147
24578,8.280087807576939
24579,11.498866057383136
24580,8.770402710089469
24581,10.638203858656391
24582,9.015500088585698
24583,15.417702312669697
24584,10.091778988728889
24585,8.378557235515364
24586,10.251052390499522
24587,8.881662384928353
24588,9.016087529672644
24589,8.917554772345786
24590,10.091088557332935
24591,5.845664890857023
24592,4.581670072466418
24593,9.076917635005012
24594,10.663995150846064
24595,6.004258414858577
24596,11.17622717566553
24597,10.14164703643654
24598,9.814557376866594
24599,10.318780644667173
24600,11.383036964224072
24601,8.14703612124668
24602,4.002449164005845
24603,6.9069709580572685
24604,6.897442913891748
24605,8.952356216084622
24606,8.285582572409533
24607,8.982313767399402
24608,9.876132566120374
24609,13.971725639057562
24610,10.264951099598472
24611,6.168143405692453
24612,12.347153064272883
24613,14.053191232709107
24614,10.683925229520925
24615,7.934465400769108
24616,9.947496758183137
24617,7.309359686102674
24618,13.631776348244381
24619,7.078340132191496
24620,10.414613587737227
24621,9.10445070861836
24622,8.974577428286915
24623,7.105085295615256
24624,10.362239070688164
24625,8.802784361489932
24626,9.511668083002428
24627,9.079277515143778
24628,8.248476406772282
24629,5.569168604025814
24630,8.919709271952124
24631,9.514361116133303
24632,10.959323574014698
24633,10.56763956357981
24634,4.04588421287463
24635,9.85088138565027
24636,9.226936239852465
24637,10.011277034068028
24638,13.212728646102017
24639,15.736681396356
24640,8.806326674943842
24641,9.088358095533296
24642,10.204949524666736
24643,11.061649990971526
24644,5.842832639783619
24645,9.003145841859885
24646,12.430523855105166
24647,9.023856186466292
24648,10.1219957246726
24649,7.297708120833606
24650,7.429227158990564
24651,8.003384558299095
24652,8.991371594662914
24653,9.709468299769567
24654,10.492045095505707
24655,11.747233818018826
24656,6.983781840785715
24657,11.219023264752769
24658,10.995049808725044
24659,7.262545209871197
24660,5.210533460842218
24661,7.039630462121659
24662,10.406025324797772
24663,14.22760853366497
24664,9.68207669849763
24665,7.228400826802635
24666,7.015419085970963
24667,5.572458551099123
24668,15.354441239755081
24669,11.49505965099778
24670,9.910835355421197
24671,9.482251745070927
24672,8.909542883661645
24673,9.44283913869542
24674,11.045041801908487
24675,6.0832191662718795
24676,11.62413297677384
24677,10.411994386169425
24678,9.577942748709551
24679,10.559514515359828
24680,7.032817600591654
24681,10.303805321346486
24682,13.33962204125562
24683,9.743129279158337
24684,8.995726845326375
24685,9.55760689588901
24686,10.188281928518688
24687,7.3291558407778234
24688,10.728707726087821
24689,10.419808800391833
24690,9.088422420846227
24691,8.226959024974027
24692,6.890945795451119
24693,9.342853581346839
24694,9.363415819116552
24695,8.000172862562094
24696,10.106385371797698
24697,7.389512434272104
24698,7.924633587138397
24699,13.374785438276119
24700,10.761366868759396
24701,10.208641884893536
24702,11.61979318915761
24703,6.665835075988678
24704,12.198365959317732
24705,8.903587457772664
24706,11.13949962391843
24707,5.071281872689111
24708,7.007734944325033
24709,10.756101056625285
24710,7.953662522847456
24711,10.374313673212667
24712,5.5299081346016585
24713,9.863161951185264
24714,11.169820813160174
24715,7.029179852404088
24716,9.342997637440758
24717,10.098883489570577
24718,15.03666624991285
24719,9.838535127652035
24720,11.111096692594574
24721,9.601593087282838
24722,9.449165244896127
24723,9.040331154540949
24724,11.844875613933297
24725,6.965322256430932
24726,17.458090154081948
24727,7.003371679442639
24728,10.069097411793601
24729,10.336398772067065
24730,9.422404398629366
24731,11.220218163551625
24732,8.448006876222825
24733,15.102685694715557
24734,10.985529517239998
24735,7.9288961394321955
24736,6.312253549026936
24737,5.143221860774995
24738,7.780826116585807
24739,10.957717068086593
24740,7.002394553074755
24741,12.824705767356747
24742,10.4564457332509
24743,10.74467876800677
24744,10.285308756422207
24745,13.110235198625885
24746,5.703044245020948
24747,8.541869325499688
24748,10.302140912735075
24749,8.138074125220944
24750,9.326523648242782
24751,11.240015798011088
24752,8.894847592444107
24753,9.346273087864125
24754,10.689843551194159
24755,9.512257202861049
24756,11.234906703520473
24757,4.736820556804386
24758,12.800748638810633
24759,9.825204562371146
24760,7.504989509990169
24761,11.709346841618311
24762,12.436861387581148
24763,13.799677237701804
24764,11.23988647395109
24765,4.989081703483699
24766,11.482267680925741
24767,5.463552437076109
24768,9.998940450715777
24769,9.83052604936499
24770,5.278501704355133
24771,9.186893614517482
24772,10.267980576075074
24773,10.917093595369407
24774,12.636495174989827
24775,15.863804833039797
24776,10.297919439002081
24777,9.421652591152506
24778,9.491537998845343
24779,7.816058597905183
24780,10.92263244448978
24781,12.297427577432744
24782,10.809119839421728
24783,4.383811308655393
24784,10.032585158551422
24785,10.856086450092105
24786,9.760149259995172
24787,10.33815101609048
24788,7.250059540314975
24789,12.019819347689653
24790,10.2878102003935
24791,10.001059367052962
24792,12.952853715253884
24793,11.042338440207573
24794,5.946708851245179
24795,10.131882649435857
24796,11.382636492368615
24797,7.878722072866674
24798,8.21470837876061
24799,11.97907641312772
24800,5.071890338237529
24801,14.688052083685417
24802,11.85883196909723
24803,10.943012172449976
24804,10.037701721408643
24805,18.512953826834778
24806,9.90187989740034
24807,6.925172144046206
24808,10.569423697256466
24809,9.583965347135637
24810,8.547454816478227
24811,10.20005794475903
24812,8.21594300050735
24813,5.056697581319992
24814,9.990932893259648
24815,12.378441949723019
24816,7.697099753159989
24817,6.286276725211092
24818,8.22814900895497
24819,9.7047240576348
24820,11.55230619960324
24821,9.955045749998922
24822,8.193326732190394
24823,10.036648107544694
24824,6.580922425393096
24825,9.935340505812432
24826,9.39182514490575
24827,5.311331910117281
24828,8.758453727585133
24829,10.91091709716695
24830,7.384980043618857
24831,11.188970714836787
24832,14.303468440565121
24833,8.25758459311618
24834,10.720058163792102
24835,12.266100998234004
24836,12.841915616985679
24837,8.125298539151624
24838,6.007198761228616
24839,7.865796071018467
24840,9.005060353511043
24841,7.85518073518506
24842,10.23451025705617
24843,8.807872061277012
24844,9.18096277127684
24845,6.308855933245702
24846,11.356947938596731
24847,8.888630474758566
24848,7.984657077197295
24849,9.290509118172837
24850,8.851545356341623
24851,5.600460180094822
24852,9.740451813859911
24853,10.543390206899277
24854,10.075902225098181
24855,10.7191582161903
24856,5.482568070537511
24857,13.185068666112475
24858,10.971334871850667
24859,9.491707304137366
24860,6.3581511928460515
24861,5.940533730124919
24862,11.361465949121596
24863,11.57775730908791
24864,10.070330447039757
24865,7.479676258475334
24866,10.025653098574937
24867,8.919601260465976
24868,8.341557815496165
24869,7.059587216190982
24870,9.093344192141656
24871,3.9952977711625355
24872,10.805015823215218
24873,11.481951998467055
24874,9.929863888059215
24875,10.393516058698102
24876,9.754983709296178
24877,12.302046285987517
24878,10.203356176549486
24879,10.111214835268115
24880,9.255030902753946
24881,10.713336481803127
24882,9.420361799975021
24883,9.249713929865761
24884,8.02796385980846
24885,12.149854604308608
24886,5.997435504807782
24887,7.865598220030391
24888,11.953820084591085
24889,9.418546048882598
24890,12.302722552988756
24891,8.317557058205791
24892,8.777582902520015
24893,12.54445558429313
24894,7.9336063137250985
24895,4.743201993595916
24896,7.0166955359984176
24897,5.960142510295471
24898,10.476536638461903
24899,7.452303606522321
24900,5.648164591061927
24901,12.998366587549041
24902,7.988117835915961
24903,10.051829245728362
24904,9.430106507247126
24905,10.386594162649436
24906,11.150880054304327
24907,14.43150082040147
24908,10.482655659181647
24909,10.075271749783292
24910,10.684277951517101
24911,9.854047622989063
24912,13.229776735484181
24913,6.135915078333266
24914,10.101156185411606
24915,9.632873716006474
24916,10.70008668497542
24917,9.648243180953179
24918,10.74783526891384
24919,7.981071493832056
24920,8.72110150473935
24921,10.16887011567305
24922,8.940609844563513
24923,7.98242876999913
24924,7.084320480597224
24925,10.117057182078275
24926,11.57643983268149
24927,13.922464102869613
24928,7.96536772792337
24929,6.097150723752783
24930,9.37989816580742
24931,10.698586341509749
24932,7.303422174282294
24933,9.604272396310632
24934,10.82790021961482
24935,6.866926198965899
24936,11.528822173703974
24937,18.309596666510057
24938,8.780657736508326
24939,4.589139106080226
24940,8.744684057749053
24941,10.148694599190284
24942,8.062011388212442
24943,13.101152492265692
24944,8.173818542843685
24945,5.4312316045876425
24946,8.421166361935589
24947,9.953435271555827
24948,10.64651161415553
24949,6.039796953630568
24950,8.655036178329004
24951,9.655835340068274
24952,8.16829640496835
24953,7.050907056916094
24954,10.682863973236003
24955,7.052418088934404
24956,6.514844254283052
24957,11.2503647924014
24958,8.40937194600025
24959,7.883682480702957
24960,17.016501171111674
24961,10.78725020322121
24962,11.343833229687348
24963,6.126736419090234
24964,10.735837592390192
24965,10.51777998303332
24966,11.886762127569488
24967,9.700793643024555
24968,9.285033472920189
24969,10.995648186347426
24970,9.646194020081948
24971,12.175219976540694
24972,8.815073497602347
24973,4.0039557391274325
24974,10.809928691252894
24975,20.16589844787275
24976,10.141311099496845
24977,3.951394579759193
24978,10.02050404098012
24979,7.703607517094192
24980,12.644497699070335
24981,4.8236728983429975
24982,12.957672852998266
24983,11.332623913983374
24984,8.820228778219201
24985,8.058654134868073
24986,10.551691672644244
24987,11.290705759614136
24988,4.919049759783697
24989,10.092895280928134
24990,10.085989527069573
24991,7.300068794967263
24992,8.98714827126125
24993,10.73277637138406
24994,9.815358488450608
24995,10.503537504404841
24996,9.637478383713697
24997,9.267925323739385
24998,10.86363141990071
24999,7.343131761595442
