id,Age
15000,13.137923455612967
15001,11.870262803083229
15002,9.177561002235171
15003,10.611660959506755
15004,9.076052706155076
15005,9.627378884154385
15006,9.913674015417174
15007,8.019362991328684
15008,10.6914046071407
15009,11.42706903019244
15010,10.244135441287213
15011,10.022631913117758
15012,11.341777855110772
15013,17.31175193954476
15014,11.250099641885523
15015,7.8017773691741805
15016,4.722015294141868
15017,10.440491009021702
15018,9.036566821983628
15019,10.329493412349553
15020,7.046631114925503
15021,11.554995067063633
15022,8.239818029001686
15023,3.786639580479062
15024,9.208082638161763
15025,11.021090521007261
15026,6.34045476526591
15027,10.945040614603926
15028,8.113730587132473
15029,11.39962095208638
15030,6.99669088729293
15031,10.261089241213538
15032,12.150437301641553
15033,9.214513284768099
15034,8.128287854340938
15035,9.710056067491873
15036,9.230311830118907
15037,10.428877226744026
15038,9.850015033307466
15039,13.572625483328675
15040,16.74035185787513
15041,6.842004996327611
15042,8.412764435037195
15043,6.912280638870697
15044,8.642333581797415
15045,12.02364066437947
15046,9.43907309478316
15047,10.357280023948894
15048,12.887147575602455
15049,9.374212089721564
15050,8.930819868297112
15051,4.244568438079078
15052,10.613091908630771
15053,10.676797135908885
15054,11.745192425091403
15055,10.235845821024299
15056,6.294252925825283
15057,17.2451064705259
15058,10.672347792408804
15059,12.430196935905979
15060,10.095874058715607
15061,7.963599377452811
15062,9.607519625025754
15063,8.11519613357206
15064,8.495486402644463
15065,7.463763132043273
15066,6.430912155958656
15067,11.662853188649544
15068,10.155593267849946
15069,7.000420610382379
15070,11.193267148159842
15071,9.082504196059906
15072,9.247103477955385
15073,6.746640439798329
15074,5.37739029115961
15075,5.82410826344534
15076,9.483976283860292
15077,9.860595760620448
15078,10.691548629994353
15079,10.56476614871051
15080,8.261820102603483
15081,11.16363377593679
15082,9.540957545258786
15083,10.116837619063723
15084,7.50968106960022
15085,10.179255738506022
15086,15.654604125382146
15087,7.4025051202924885
15088,3.989874050843217
15089,9.964420495747518
15090,6.488435815961161
15091,6.992999396674423
15092,9.633541593329307
15093,9.942631421867228
15094,11.051678603132897
15095,11.057660980830201
15096,10.372235262963043
15097,8.924492644027834
15098,5.072123515466456
15099,14.983144664665568
15100,17.098719022059278
15101,5.285568445527026
15102,10.003532898296305
15103,10.816524053026813
15104,8.80987164079259
15105,10.312009759370682
15106,9.296255270324036
15107,9.046633097083888
15108,9.621659506663969
15109,9.837996960006794
15110,10.025883408314533
15111,15.905503554623856
15112,6.082752908837597
15113,12.79327111258456
15114,8.346935493958437
15115,7.355309014725654
15116,9.14356451226589
15117,9.445824716947659
15118,9.06655340164421
15119,6.2880264789226885
15120,13.664516402318654
15121,8.81953784377541
15122,8.950776394940918
15123,9.524658633803513
15124,8.764172879237874
15125,10.089924864450944
15126,6.350796857095882
15127,9.82563325072524
15128,12.021618421397802
15129,10.3264793773538
15130,7.165190288729155
15131,8.472932180932805
15132,11.7638075065796
15133,5.902202123042078
15134,8.18376755229172
15135,10.255224938907828
15136,9.377093784537442
15137,9.891284454999301
15138,9.126120299084501
15139,11.3658991599492
15140,9.638418962848986
15141,8.217896515937907
15142,9.688888807137408
15143,7.525354265448987
15144,9.883733399505006
15145,8.555766156860836
15146,10.914365917713075
15147,6.079720660701444
15148,7.556285881030882
15149,10.227407557816786
15150,9.972819981796562
15151,10.740198505791733
15152,10.359773193652137
15153,9.328334696869902
15154,6.7520592343703205
15155,9.844688297488803
15156,9.844314990974256
15157,7.969540040229451
15158,11.249511253059064
15159,10.673726153872439
15160,10.173777565073369
15161,10.564189235417896
15162,10.063683051396035
15163,11.507048632486402
15164,10.233315941519312
15165,9.500469428420248
15166,7.9223784189610615
15167,7.09427977351038
15168,6.944928736551316
15169,11.708981393133326
15170,4.682915449403079
15171,8.97577456832206
15172,6.083841494685916
15173,7.950971569390188
15174,9.324712957733299
15175,8.128901126446546
15176,10.6991746482977
15177,10.152677614133362
15178,6.036469165760054
15179,10.458623941048556
15180,14.099833110253197
15181,6.377152629215818
15182,15.010296198332787
15183,6.9763664167974495
15184,7.957022997669995
15185,9.601387060157208
15186,11.836025287937488
15187,10.561186144063422
15188,10.706174244832965
15189,8.598701976264438
15190,8.264996038016168
15191,11.667176527377775
15192,5.294326063535812
15193,12.1004452594454
15194,9.248398465992711
15195,9.166633229658988
15196,9.70964783655733
15197,10.23564703837901
15198,7.63532827779836
15199,7.884677086194317
15200,12.827666204106208
15201,12.099602584922772
15202,10.149440876887654
15203,10.49400573302322
15204,8.666578356288648
15205,12.761238856652586
15206,7.027402509845459
15207,11.045901259438637
15208,5.476077495198186
15209,13.175420396436657
15210,12.744474279984113
15211,9.908317113530472
15212,9.715597892219344
15213,8.150067504097953
15214,8.024870870399322
15215,4.3640106154188425
15216,9.766856746270653
15217,8.538722761426433
15218,8.84581112872856
15219,11.612120181939208
15220,11.748299994010695
15221,5.269754746682155
15222,9.839522332639616
15223,8.053297972062488
15224,10.864879924218583
15225,10.386538520341217
15226,12.94266541882313
15227,9.487351163275349
15228,8.970792474438014
15229,9.302538625934973
15230,6.140352602603651
15231,12.863270063918188
15232,9.017917378251768
15233,8.204305355353487
15234,5.6482310381589995
15235,12.228699754593322
15236,10.622373902414076
15237,10.248205046739827
15238,11.176149214633925
15239,8.009077936997238
15240,11.346303143554785
15241,10.116346276647125
15242,11.688380023084925
15243,11.291043099342174
15244,5.794814142166445
15245,10.088087179334304
15246,10.194881909962517
15247,7.139392519887111
15248,10.839743244796384
15249,10.074971202215446
15250,8.455051903271983
15251,7.410206759154098
15252,13.35711479326954
15253,6.313495496238843
15254,10.221418931958357
15255,8.300073023472086
15256,10.807924188444142
15257,9.112582819682546
15258,10.08241711589585
15259,7.610210003000304
15260,11.482285589756868
15261,9.08383499954171
15262,7.3869720601028055
15263,8.38546526781093
15264,8.578489933635813
15265,9.375206189356772
15266,10.011607093444061
15267,8.923521194304824
15268,7.044579720874352
15269,9.732718751492676
15270,4.727048458959778
15271,10.003748286870934
15272,12.827104806534676
15273,8.808920356495058
15274,10.874931959311528
15275,14.394882993285432
15276,6.9372163228216
15277,10.191834084341366
15278,10.072670680371756
15279,9.955433994015703
15280,6.57266400009193
15281,10.929760128921446
15282,10.421755067328368
15283,9.213467406881938
15284,10.34282050747091
15285,11.384354546697935
15286,7.759278206521681
15287,7.035506328686805
15288,10.249229719209367
15289,8.002509220089804
15290,11.39387155795028
15291,9.980379707759456
15292,7.197907941676724
15293,7.536240919470371
15294,6.068602513397364
15295,9.582669208804079
15296,10.879872687710739
15297,8.383707443058261
15298,16.63604693160304
15299,4.020816222818193
15300,6.052136480502788
15301,6.443563155227514
15302,13.771989310732575
15303,10.610034006962543
15304,10.560381088652928
15305,8.197394119533906
15306,9.68085882987641
15307,5.9692607105885385
15308,6.794563926266909
15309,9.634352451741313
15310,10.692737840936918
15311,9.105606172153978
15312,10.907385773219191
15313,6.129807554398548
15314,11.442125477121287
15315,10.298164816938801
15316,9.963054445472574
15317,10.172616323208171
15318,10.330695325993565
15319,9.417768257025731
15320,10.013842577365878
15321,12.204671554789808
15322,5.6642290334717105
15323,11.495434347867334
15324,11.702815513207483
15325,4.831764626244507
15326,7.2143740979116515
15327,4.567721464688931
15328,11.832887345763234
15329,6.952720693017716
15330,6.4422845716989485
15331,9.855437902094543
15332,7.5990435718692
15333,11.708935790179659
15334,10.610597111726824
15335,10.391753990708908
15336,13.985486305965653
15337,10.14677104948674
15338,9.597542711056898
15339,10.97369603213782
15340,11.769779268473112
15341,9.353144382270843
15342,10.04693087105467
15343,6.925256589489256
15344,4.442660182218881
15345,11.646764382382566
15346,10.884730766725117
15347,11.919862789468
15348,10.92140090437176
15349,12.525992863589291
15350,9.75114107490357
15351,9.7017083933133
15352,14.815203549886856
15353,7.415656734028028
15354,10.026309992288061
15355,9.04537995824452
15356,12.453533452765786
15357,11.471064125221023
15358,11.352454360126941
15359,12.036863091895047
15360,10.452875746945763
15361,4.049472917529383
15362,8.427086076698481
15363,9.697534986448785
15364,7.696036601573954
15365,6.237781912492908
15366,13.3544212506014
15367,9.509604608070324
15368,6.8801951133977
15369,14.952744841753299
15370,8.000097557092534
15371,7.514344962270069
15372,7.971988431845244
15373,8.024458023624769
15374,10.540264845188602
15375,7.828021995505539
15376,9.359545610699382
15377,14.896169669461866
15378,7.78428647484974
15379,9.905839130731131
15380,9.031353106477699
15381,10.003377230480499
15382,8.350002695965093
15383,10.21134513534165
15384,7.7947199968538765
15385,8.86994835024797
15386,7.5230026692503
15387,8.326175643356162
15388,7.18157250485547
15389,11.737773414842943
15390,8.041628059428852
15391,10.029005775429452
15392,9.915647596761797
15393,9.124349594505237
15394,17.746108922612688
15395,5.395307020976798
15396,10.540046616224299
15397,7.674009589250177
15398,11.342140594516556
15399,14.295823393866797
15400,10.576160634904486
15401,8.953149046662764
15402,6.179622548111057
15403,14.155314862389591
15404,8.852569180732024
15405,6.445513912487613
15406,8.613752197421745
15407,8.70417144170906
15408,10.0982595866446
15409,7.684187034519312
15410,11.264178970499104
15411,9.813685255309965
15412,13.127234892051375
15413,10.02828366785026
15414,12.410144110367337
15415,9.867242214711528
15416,10.261565750223195
15417,10.64535461043268
15418,11.080163427804239
15419,10.119682517493324
15420,11.567449102216676
15421,15.58184945550375
15422,9.463444575579786
15423,8.374200929394588
15424,5.613884858201487
15425,9.200999244414984
15426,8.70398957800164
15427,9.985229319525953
15428,10.12782506872303
15429,7.646578668565448
15430,13.322596235660443
15431,7.0061543536221755
15432,9.456306206882953
15433,10.4373974550079
15434,9.278645590553003
15435,8.003702266694011
15436,6.994502743089106
15437,10.001361616439976
15438,9.632489648690502
15439,9.82317709136361
15440,10.392301874302483
15441,8.945571228984365
15442,7.272857925465767
15443,12.203014844042688
15444,9.822459266765586
15445,8.503175511607402
15446,10.323080180754216
15447,6.409141803292351
15448,10.38995271002817
15449,5.231022408078882
15450,8.63993878778913
15451,6.218137739759956
15452,10.07356359631659
15453,6.931891325578693
15454,7.590448076381844
15455,9.200372322196547
15456,12.529325285548495
15457,12.90001541829877
15458,10.253645388885193
15459,10.843975273879268
15460,6.108026835711204
15461,9.710331741771308
15462,12.026468155850907
15463,14.28542078542222
15464,9.765295601981194
15465,9.37565198520792
15466,6.968030580878869
15467,7.136138046406012
15468,14.253419689849078
15469,10.27668115385058
15470,7.152503322407441
15471,10.74209570801236
15472,7.975017699454304
15473,7.936357860741625
15474,6.927179409829405
15475,11.337873744091345
15476,13.521851851065403
15477,8.66918364536748
15478,11.379916698776626
15479,9.279729367664626
15480,9.944746565269345
15481,10.927738365775538
15482,7.070184337625337
15483,13.135367575142439
15484,9.01484804590744
15485,9.506271344750692
15486,7.714649130933017
15487,11.026696270269541
15488,8.105358942394814
15489,9.989467688825785
15490,11.726297844660007
15491,9.009853456990312
15492,10.656588642055183
15493,10.195493752340793
15494,5.745899996727906
15495,8.251947144197405
15496,10.611738677317833
15497,10.167326846653411
15498,9.537027361220296
15499,10.146852634135975
15500,10.314257079548929
15501,10.46915395930456
15502,6.756377845305428
15503,8.107555065470475
15504,5.431827570169309
15505,6.806287376843137
15506,13.046617868049417
15507,13.240387630977036
15508,12.784254005920058
15509,9.596898936693576
15510,11.065720158368974
15511,8.846997269072427
15512,9.318520220319664
15513,6.864498773848776
15514,13.509999685159439
15515,7.0009826558354975
15516,15.171022488024414
15517,9.930324004314159
15518,6.8420156369081235
15519,8.753052357341273
15520,10.703222852189349
15521,9.119918096141166
15522,12.432213563361936
15523,7.239493116491353
15524,9.589080663558862
15525,9.686232646490431
15526,11.504996913088092
15527,8.662188906036336
15528,17.008506437336557
15529,10.300318709789078
15530,5.558406187652037
15531,10.218151103930406
15532,10.456164600941943
15533,9.47276101194358
15534,9.747926218484238
15535,4.7790820107647525
15536,10.706930822121112
15537,12.915211456776076
15538,9.482324428678934
15539,13.462500131047904
15540,9.435982542227098
15541,10.460040374695737
15542,8.950646461280712
15543,9.676246655654454
15544,9.295391777618377
15545,10.519770428614247
15546,10.255553074155296
15547,12.368407028484427
15548,8.34768063872263
15549,9.281902047423879
15550,14.72736725705925
15551,12.816695150464419
15552,11.649014727321132
15553,9.912963808092739
15554,7.327474937283364
15555,6.867404510630313
15556,4.250178438229581
15557,7.755380299860571
15558,9.773144939327045
15559,7.336791666805216
15560,14.196064088278868
15561,9.880444479097193
15562,12.385727784132492
15563,11.590385406071803
15564,10.350592929103984
15565,6.098416672713946
15566,9.781557873846884
15567,10.910762875902684
15568,15.186156809853854
15569,8.356994302691984
15570,9.501098565742845
15571,9.739265140443942
15572,9.137102177440397
15573,6.949800212076724
15574,9.08289695718204
15575,11.384864970113956
15576,10.33981499008658
15577,15.498645285100915
15578,11.217821935157192
15579,14.477856747895576
15580,5.73925697301473
15581,11.43133645976255
15582,11.121297332865975
15583,7.606520523784251
15584,12.127502500870687
15585,9.168956046324304
15586,12.156632696800571
15587,10.079168240504917
15588,14.01983134819517
15589,10.14772276408647
15590,11.16708551211594
15591,7.089946729750215
15592,9.064738118557194
15593,8.689950670778918
15594,9.888434664089436
15595,6.005240885080984
15596,7.3063039766937905
15597,14.393220926645867
15598,9.291814802530153
15599,9.039231539396704
15600,4.5263182850031205
15601,8.64680625633636
15602,8.855109346059047
15603,6.99647195092501
15604,8.835994648975843
15605,10.158853854862947
15606,5.979625600699468
15607,10.460744993469756
15608,9.422436972658213
15609,6.4742919785993935
15610,6.031108637192786
15611,7.407446636495047
15612,13.544485258633767
15613,12.227282854325217
15614,8.745088720503173
15615,8.588257985390163
15616,6.544266763627034
15617,10.292020158522414
15618,13.96541846573911
15619,8.257616132586266
15620,9.75905318842418
15621,6.059497562313475
15622,6.154289820585779
15623,7.608816927535809
15624,7.708408182720918
15625,11.513855037992254
15626,10.358734510809166
15627,16.641512223389253
15628,17.025303127154327
15629,10.089963527127544
15630,9.134674773444031
15631,8.504821045285762
15632,8.355843940151814
15633,6.017291052708173
15634,10.189993207874632
15635,16.320265481318362
15636,11.38048386022678
15637,7.280892951989065
15638,8.069719656875225
15639,9.735972542045886
15640,11.270405477514425
15641,8.396387702075597
15642,8.970339393975946
15643,6.458178280013405
15644,8.132204894933777
15645,10.418452606777322
15646,9.030654650108316
15647,10.033658143160071
15648,11.081678088591996
15649,11.047704527743837
15650,11.922444147116874
15651,15.994226106059665
15652,7.746194476880454
15653,9.829360961252052
15654,6.721742979691518
15655,9.664827054673658
15656,9.332655258585692
15657,8.857097333027513
15658,11.372854675045362
15659,10.30499756094901
15660,10.502195273158037
15661,9.990680440510099
15662,7.9016551048980315
15663,10.944337020967623
15664,13.359012679343005
15665,14.287690724113014
15666,10.436888635478907
15667,9.683929274679212
15668,8.82516076924719
15669,12.66895276093917
15670,10.365286900408455
15671,10.630074838435
15672,8.158301491144805
15673,10.605837372428688
15674,9.89383928675222
15675,9.738475172659601
15676,11.823887756604336
15677,8.971243279035132
15678,10.755209289003483
15679,8.724774763631864
15680,9.888571978985384
15681,8.09190608158191
15682,10.420168997258854
15683,12.275069511700714
15684,6.336482728235136
15685,8.216476602904814
15686,11.789827804451622
15687,6.53090630652366
15688,7.62548361600906
15689,7.919537207520636
15690,11.635234492941452
15691,10.554296764710195
15692,14.365175456824916
15693,6.9539842691659155
15694,9.584712076293423
15695,6.965225512633742
15696,10.153736237565086
15697,11.436113734239793
15698,10.576606646167578
15699,9.452657398883451
15700,9.761409385278668
15701,9.58074072152228
15702,8.944091027998981
15703,10.739192923586286
15704,11.002327269329772
15705,7.02420831007611
15706,9.15709075043978
15707,10.772864028684179
15708,9.83312446867283
15709,11.866637418313557
15710,15.564026261901427
15711,9.832749745298525
15712,10.413132741564123
15713,10.05277602802225
15714,8.130666423081092
15715,6.661676382913385
15716,6.449069369148226
15717,7.891620395767478
15718,12.57700318618734
15719,7.527939535803188
15720,10.10942419457459
15721,11.23506997261627
15722,6.040005835340841
15723,10.611477467300265
15724,8.136598028117264
15725,6.152536838453531
15726,11.247408101518364
15727,10.083928926622885
15728,6.091768498169288
15729,10.537484722094277
15730,8.727170657163256
15731,8.5282637471615
15732,10.568764826284129
15733,8.981394192051113
15734,8.913385569847708
15735,5.9198266861505076
15736,10.37232909643847
15737,6.923711803823698
15738,8.664015673388302
15739,9.980176685330461
15740,8.237203611950576
15741,9.763204692038164
15742,9.865032791385422
15743,9.358124805672901
15744,10.062726887705328
15745,14.536474050065415
15746,5.481755557167239
15747,7.079080497160051
15748,9.548930954664945
15749,9.85770509869998
15750,8.450507914617953
15751,7.888723328090116
15752,9.749200969160238
15753,6.935663489746764
15754,10.511701975303081
15755,10.273351388535174
15756,9.555796427958837
15757,11.525099773529227
15758,9.77172219092747
15759,11.049862280492313
15760,8.588813476065091
15761,9.244720972680387
15762,13.983684582865338
15763,16.87498611459585
15764,8.93923311597997
15765,8.588338060844167
15766,13.080053464005063
15767,10.232331042698675
15768,8.553960860098266
15769,10.105169124187508
15770,9.082271635449628
15771,9.17068748423197
15772,10.785833105740338
15773,9.211548630667357
15774,7.438304143804186
15775,10.694913768144769
15776,13.955866591163591
15777,7.164495784571716
15778,8.090801510964473
15779,10.980195050481415
15780,6.952460583877752
15781,11.055908736377509
15782,9.910842735465291
15783,5.520204152916807
15784,10.011101532967153
15785,7.721903259929263
15786,7.732517518281225
15787,10.36361429807837
15788,10.171604820387877
15789,9.032849206361353
15790,7.136508577477174
15791,8.598969312647325
15792,9.83539059649564
15793,4.986693812576697
15794,10.540423575380848
15795,9.880705373485949
15796,6.111284679585844
15797,9.65677402594045
15798,9.81803771847953
15799,7.03534636145217
15800,12.899206084785954
15801,13.23863275218305
15802,8.399961016922912
15803,5.019139581444754
15804,6.945379998402509
15805,12.632303833310965
15806,9.079285852980107
15807,9.811361008351907
15808,14.52821585018865
15809,10.354381602442407
15810,11.56670665579525
15811,10.586170808692989
15812,10.418036930583115
15813,8.379035310253387
15814,6.0043260891338015
15815,6.927751784628434
15816,10.832514686463016
15817,9.757675181712614
15818,10.703933581326567
15819,10.014923890159437
15820,15.853479774713929
15821,9.01930867473926
15822,10.367733285136216
15823,8.89485608832485
15824,9.880620180540843
15825,9.107389338332549
15826,7.073739187725698
15827,8.033097347726859
15828,11.03890440335316
15829,10.450273091109151
15830,9.272618663874312
15831,9.76853299094988
15832,10.640196675902002
15833,15.168424980020946
15834,14.646917914200642
15835,9.816565408357654
15836,14.505445045313127
15837,6.936967503787335
15838,9.901307978739958
15839,8.558167026547
15840,7.888739657863095
15841,13.753071900133575
15842,7.2957535215975025
15843,10.982254492322863
15844,6.92926377753322
15845,14.75768213196793
15846,9.098025444536475
15847,9.11677819112525
15848,9.571756889981247
15849,10.07858033274858
15850,5.06859296794316
15851,10.133615307383018
15852,9.0201882143405
15853,8.720478696007023
15854,8.076726847006675
15855,16.724966711052783
15856,9.775324936404388
15857,9.02031347866888
15858,10.269302449412185
15859,11.106395681111753
15860,10.31585857108043
15861,9.481643581098677
15862,7.928843941306168
15863,8.927229346356773
15864,11.974313222290984
15865,10.54523831406778
15866,6.007011823910172
15867,10.360340584908307
15868,9.155681187304957
15869,7.210097602813928
15870,13.285474257612858
15871,16.75012308048513
15872,8.75845312018118
15873,9.499278422190585
15874,10.21170903519786
15875,8.762716603721842
15876,9.062211398037132
15877,10.274087364014237
15878,9.47135934400476
15879,10.57200882770015
15880,10.330716548278623
15881,10.356010705536367
15882,6.952998021089246
15883,7.108045610646485
15884,7.568660477220748
15885,10.844672315256028
15886,8.767365680141243
15887,7.461857582020674
15888,8.991821904576067
15889,9.714449265102282
15890,11.404987000066843
15891,13.296294056251464
15892,10.492493236795504
15893,6.9699071424277825
15894,9.66772745922339
15895,11.164723143650638
15896,9.418276910285504
15897,11.342014032399113
15898,9.998406178293402
15899,9.764107757099525
15900,6.391253281940797
15901,11.843891825135525
15902,10.923456082343689
15903,8.309555002753942
15904,8.7298348676524
15905,10.680935019273427
15906,12.962258766515431
15907,8.17887605324855
15908,8.642547579129628
15909,9.828910404324139
15910,11.647022739800905
15911,8.606328939123784
15912,10.039727110529904
15913,6.083059693073484
15914,9.103616917087171
15915,9.720951025282327
15916,13.307529433523381
15917,9.293110491892362
15918,11.096683812790952
15919,9.211005729579618
15920,10.939385512105854
15921,8.631118110082378
15922,6.946902596649671
15923,10.99618386745318
15924,9.414073866805909
15925,10.089006696646463
15926,10.9849938476744
15927,11.476058143128103
15928,6.090083679440835
15929,9.804181683315141
15930,6.022542030069006
15931,7.877617122751104
15932,9.222718259478158
15933,4.866314331522823
15934,10.611093019474001
15935,15.053970037748648
15936,9.465681978698786
15937,10.334410614471897
15938,9.902453154707985
15939,4.933093530877563
15940,6.970682605191741
15941,11.559513518006396
15942,11.176368879504736
15943,9.369869053451595
15944,9.879040095763594
15945,10.05658202136654
15946,9.441949268307782
15947,8.009429809632657
15948,7.947256630466287
15949,8.721451216397794
15950,13.85933961261427
15951,10.379242880931205
15952,6.406424512405614
15953,9.92812485640362
15954,10.594931244328334
15955,9.018122207488938
15956,6.07166253963132
15957,11.77958705811131
15958,15.587224422120062
15959,5.829210659814887
15960,10.116243783776834
15961,10.703770608088226
15962,16.4690599077036
15963,9.377713729386175
15964,10.323647433594088
15965,7.637309339433617
15966,10.429822509777683
15967,7.136026393989847
15968,9.929785170725449
15969,10.235179010442454
15970,10.382090499931447
15971,10.653001390459929
15972,7.884623113880575
15973,10.741671017599803
15974,6.250461475339379
15975,11.80270544482876
15976,9.714758155066205
15977,10.58484874547086
15978,11.055175424143851
15979,7.1183159655155634
15980,9.411579922509262
15981,8.086206319246818
15982,11.162980784685766
15983,10.570211812460876
15984,9.952841087563192
15985,11.18778761469664
15986,7.954058036465596
15987,9.316930972646025
15988,9.862687975321009
15989,11.342156249353756
15990,9.83824085488262
15991,8.183772511247348
15992,11.641769688606203
15993,8.028243436881318
15994,10.147711443865859
15995,8.163237450286038
15996,9.373989987646295
15997,11.689068611970155
15998,9.876178002155116
15999,11.21650508733031
16000,11.48648058198062
16001,13.830352683096615
16002,9.5673468968041
16003,14.301370833575408
16004,10.22509159984543
16005,12.184826073219218
16006,10.497440547485468
16007,10.194385842228376
16008,9.4824467591983
16009,5.542420964924811
16010,13.873280938901305
16011,13.426201185904034
16012,6.120614096039265
16013,11.55152487112937
16014,7.0413755211107025
16015,12.815381242841067
16016,14.182345342335651
16017,6.063438826610245
16018,9.881423124989063
16019,7.625067914823691
16020,10.179995353725314
16021,11.06254853726086
16022,13.543365586096254
16023,12.345129920558737
16024,9.48044547996717
16025,11.064169409175205
16026,14.292510935954002
16027,4.029970553102379
16028,5.550029774249488
16029,9.218688406163116
16030,18.83210100222821
16031,8.533422928539082
16032,12.33367946853795
16033,10.370586415159563
16034,13.525995883650134
16035,11.42884790123623
16036,9.523877058686287
16037,10.797509500689436
16038,5.552379894070079
16039,9.267088844192326
16040,11.238468838173254
16041,6.87962023177783
16042,6.959296888663801
16043,10.165804769689972
16044,10.272542248496336
16045,11.294000778595922
16046,13.650423306013208
16047,8.859384671074118
16048,9.4564296558953
16049,10.688075026797284
16050,10.848012362395181
16051,7.108563943116077
16052,12.368320502886299
16053,13.647532260815767
16054,8.011937647546816
16055,18.976693266424995
16056,10.299080083648406
16057,10.476978585667586
16058,18.401166763371524
16059,9.699586643188326
16060,13.885001421180228
16061,6.434977300300536
16062,4.507282060430958
16063,16.459602248068904
16064,9.749466897179941
16065,10.011222597144638
16066,8.682658105849843
16067,9.476548123504879
16068,13.531167387261615
16069,10.235778205758582
16070,9.325481938827604
16071,9.840203666876558
16072,7.3673863333093195
16073,12.09027178448767
16074,10.722572496457765
16075,9.671067529381371
16076,9.635419021702827
16077,7.989429593570638
16078,11.655186122206642
16079,9.70853346430939
16080,9.974288058299837
16081,9.576749382733285
16082,9.710867015936543
16083,4.054884410700577
16084,8.741396986691246
16085,8.185214432553998
16086,6.133816204732624
16087,7.93415209985551
16088,7.9800860127670905
16089,7.6527793906963195
16090,13.226412377292496
16091,10.922690659214076
16092,12.185415156161602
16093,12.239821972190548
16094,13.820517295153255
16095,6.417178737143786
16096,7.959152871212863
16097,5.951609614818526
16098,9.619220513461775
16099,9.23041826412851
16100,9.872551991034953
16101,13.411024121569636
16102,9.561108881934228
16103,6.289978977198901
16104,7.8823525925323095
16105,7.944317424073667
16106,9.844290149031384
16107,9.298770433112866
16108,10.936291523102847
16109,9.454080104468645
16110,8.121590203937615
16111,7.444867179123843
16112,7.996011363055567
16113,10.783391027232003
16114,10.902650400003923
16115,4.177137589867478
16116,10.165366673370016
16117,10.001200192513505
16118,12.9122842414409
16119,12.128694077654833
16120,9.26300739149216
16121,9.880028260302655
16122,10.161307642993258
16123,7.000136952088932
16124,10.723473826388666
16125,5.584405891739442
16126,11.135334674329174
16127,9.592646013145789
16128,11.110525745391334
16129,9.379066942027007
16130,10.756209596154786
16131,10.91703810466024
16132,9.512496941919652
16133,8.71076279500379
16134,11.03178741160775
16135,6.944704382920589
16136,9.488320613676304
16137,11.319604788600053
16138,7.037402117034589
16139,9.147205585278805
16140,12.6829163061414
16141,13.95766458470302
16142,13.083867166760346
16143,9.44190918313757
16144,10.915438597330006
16145,8.515246446765994
16146,10.14211029956769
16147,9.186683847417644
16148,5.139023310908055
16149,9.73980261393783
16150,8.076930954982432
16151,9.078151216524159
16152,9.954833751395714
16153,7.060556327819097
16154,9.277712738991854
16155,9.493957859120492
16156,11.49308878311614
16157,15.175930901051796
16158,8.104028489896484
16159,6.556848222941859
16160,14.528045160208707
16161,8.030351131200886
16162,14.863629143344632
16163,8.344920839979409
16164,10.810357470131073
16165,9.408785215193335
16166,7.933889821108937
16167,9.559440174841326
16168,8.38199975223187
16169,10.312037624803178
16170,13.828388456953437
16171,6.167452512418971
16172,15.5012663416042
16173,10.55522709204947
16174,7.058542150198369
16175,12.327283562607326
16176,4.924017775318004
16177,9.740045894242597
16178,7.0492669046106275
16179,5.3149453425405655
16180,8.633382972035628
16181,9.958781530730372
16182,10.342377604153288
16183,10.19338838065585
16184,9.555833456541162
16185,6.505940269418411
16186,9.90578256291396
16187,9.273386320327571
16188,10.104988911062389
16189,15.17786246001334
16190,4.566143259703818
16191,10.089904327654121
16192,9.386809856087497
16193,9.552701366173599
16194,7.933448650773988
16195,7.436302558372004
16196,12.467074845292428
16197,8.468465567964019
16198,9.836632104756674
16199,10.11060441415034
16200,11.506181127177696
16201,12.396452213028674
16202,9.04437984692078
16203,11.241581830482934
16204,5.37377465388671
16205,10.606429296283618
16206,9.113005391626102
16207,13.121389762041773
16208,9.901583155214148
16209,8.983734963863128
16210,7.305250265770448
16211,4.090086836968664
16212,6.910082123159035
16213,14.181447050810066
16214,4.763490186491612
16215,9.192134484220885
16216,8.42572975622697
16217,13.558496738227552
16218,9.157668110223966
16219,9.733799482859805
16220,8.010262001786684
16221,7.787274007110373
16222,10.170735859390495
16223,6.340941936700058
16224,10.474194873846095
16225,10.35700262208655
16226,6.214115787116963
16227,11.017411337893764
16228,7.4595110393139725
16229,5.133336868485786
16230,10.211240377835153
16231,10.989402142045968
16232,6.978437048962217
16233,9.68549047285238
16234,6.951314876598228
16235,6.045948131198168
16236,8.834480326923254
16237,11.40974578420555
16238,8.50627549512894
16239,10.110644438740716
16240,6.086293480335717
16241,7.339790878610472
16242,8.426332804826597
16243,9.721215389649085
16244,7.999776239739244
16245,5.329409760832073
16246,12.3252897039063
16247,6.285571203242963
16248,12.054451404996898
16249,10.413228229160254
16250,8.775889662390005
16251,9.82397742818059
16252,8.24521206419933
16253,9.91147148459033
16254,9.958655149624885
16255,8.557423566052375
16256,11.247885177492812
16257,7.873841849737648
16258,11.22603903691783
16259,13.340617836279625
16260,10.421257910794779
16261,18.89367823237033
16262,9.948015989162995
16263,13.379091798512897
16264,13.6399734200305
16265,11.310027618940452
16266,10.841304235255064
16267,9.943374066204605
16268,9.568664228907739
16269,11.841590187682357
16270,8.872526105755107
16271,15.282196783255019
16272,8.350704785159927
16273,10.094210150937764
16274,8.624209324715189
16275,9.145416734940081
16276,7.332007733115281
16277,6.901576276884599
16278,10.373002001640042
16279,13.303703439031679
16280,11.214767790023991
16281,8.067254015070137
16282,9.082566817631937
16283,6.935030245205027
16284,9.122133480144546
16285,11.6136521103236
16286,7.754518316582686
16287,6.621299638835525
16288,9.47761980203648
16289,9.193509558709536
16290,10.070336301321188
16291,8.984709149387403
16292,6.171915239260022
16293,4.217977199167889
16294,9.667523431460141
16295,6.075602056985273
16296,11.96110881933104
16297,12.236271564603669
16298,10.5276340974583
16299,9.975605279193328
16300,7.776482555949533
16301,7.755897305940313
16302,11.326599988852728
16303,6.07474007735717
16304,10.593878363927068
16305,10.666290205591771
16306,3.968853811341334
16307,13.405998145153337
16308,9.796473112649853
16309,6.471912966943556
16310,7.077924155358479
16311,8.388013297015899
16312,6.06244938156787
16313,11.288103274080317
16314,7.432750917127962
16315,10.267165927073972
16316,10.504006424789049
16317,10.158816962273342
16318,6.056015242891499
16319,9.122953995730718
16320,10.015554017181191
16321,12.568079937839158
16322,9.759568936566424
16323,10.451289182782489
16324,8.860233900724479
16325,6.061497866120369
16326,11.507201681423869
16327,11.285326286068436
16328,7.6726017032948945
16329,6.2490823501454384
16330,7.901945830037437
16331,8.352475943238648
16332,11.017097956934116
16333,11.218378221572289
16334,13.642468403355835
16335,12.979248776186907
16336,10.167604201020362
16337,5.981747915216501
16338,8.561676201191181
16339,10.17969889271043
16340,10.007106712300814
16341,7.352024209797845
16342,15.749986384455164
16343,10.498979081634038
16344,10.008905361694808
16345,10.181025223153242
16346,10.070051712278259
16347,9.889382656912431
16348,10.901112375400889
16349,16.56920257677764
16350,12.569053077162884
16351,8.905629663932848
16352,11.090998456575438
16353,8.61388741026011
16354,10.24875653606454
16355,8.485037762483676
16356,9.01939784042966
16357,11.000504951366162
16358,11.526345114496145
16359,9.152188788089749
16360,10.169663182157997
16361,6.214698437997565
16362,9.649277270980532
16363,14.73921676228159
16364,9.94445378205478
16365,9.728127210865775
16366,8.922421265204258
16367,9.892167665908271
16368,7.537974799518986
16369,14.770848262947808
16370,14.737112869633775
16371,6.454258851311839
16372,11.232606494414549
16373,8.553552380391912
16374,12.562642394724103
16375,8.918870620468606
16376,6.6954073609132045
16377,9.949243162346878
16378,6.187584866159015
16379,10.909492221915695
16380,12.635178667284842
16381,8.973719731666922
16382,11.966844636619765
16383,9.073725239165055
16384,8.021988548954425
16385,10.076439348256466
16386,10.742895315680224
16387,9.200604959123925
16388,8.091212500964588
16389,7.924376079662944
16390,8.681676236124382
16391,11.485675079704768
16392,11.474162445825879
16393,9.702812907090845
16394,10.192875246234712
16395,8.884072589296826
16396,12.150750456932347
16397,7.846042383095079
16398,9.908702397878654
16399,6.314794372876031
16400,11.44931626922973
16401,14.819202849026226
16402,9.90332131426177
16403,11.124256543651374
16404,13.342271967488667
16405,6.992647043750274
16406,15.507038762960764
16407,10.169229596278404
16408,10.768291953356737
16409,10.190736034220492
16410,10.369624816873372
16411,8.787327144145895
16412,9.017061196879945
16413,9.928346947773525
16414,15.03127353929841
16415,11.62798962430012
16416,11.129211376293105
16417,9.939070030340867
16418,8.256532693305902
16419,7.1193065803823234
16420,6.208549789329231
16421,7.8988293570473935
16422,8.68326726376927
16423,9.91550604544907
16424,15.739859806947665
16425,7.082790670586986
16426,10.25574301923387
16427,12.8894767742409
16428,11.357649254289779
16429,5.048267381238854
16430,7.6458918348760045
16431,10.42711564379012
16432,7.33156254536267
16433,7.846041559931791
16434,5.339735904766605
16435,7.380071430611434
16436,7.598969592605652
16437,5.318267494679859
16438,9.842379515572814
16439,8.731141344922106
16440,11.174503247825804
16441,9.701248353580894
16442,8.919991516912097
16443,11.108241827936975
16444,11.007754695331947
16445,11.16527096914914
16446,10.115248478074516
16447,5.001355255268155
16448,7.770695716301438
16449,9.80161633608666
16450,5.01832440634619
16451,8.132817273023083
16452,9.66821359545752
16453,9.38784238572884
16454,13.751364893499678
16455,13.382057758101915
16456,14.728079271415625
16457,8.078059214776871
16458,8.606364683639903
16459,9.888898381803509
16460,14.475024893697093
16461,13.345439832019919
16462,10.875986188943195
16463,5.39421370244332
16464,7.28763744542856
16465,5.069157793030652
16466,10.537089805107525
16467,9.635958205784851
16468,11.002502787011398
16469,10.647141698540295
16470,8.369271108142643
16471,10.154374792763388
16472,14.217215744513888
16473,7.025974273421446
16474,9.818388212617572
16475,9.504020573634104
16476,9.347268037399497
16477,5.989453461420158
16478,9.914726888437361
16479,6.201060574366565
16480,10.904929070345897
16481,7.931765916168604
16482,10.772683605594455
16483,9.329168521374228
16484,9.492158567790444
16485,11.559135238455553
16486,10.374251237669846
16487,10.099250548786646
16488,8.094508926393937
16489,10.409151387830759
16490,8.939018013752744
16491,9.490858694625032
16492,8.749863883529722
16493,10.125645707907395
16494,10.135043540841691
16495,9.646368493952686
16496,10.093840974276597
16497,8.836102115593084
16498,9.04668335305601
16499,9.53955498860386
16500,10.110632457366334
16501,12.376780073496452
16502,10.679721766003162
16503,10.565130491040145
16504,15.724043526024323
16505,8.384964939833313
16506,6.455360120721637
16507,8.22939756469228
16508,12.66937321201987
16509,5.460525517825845
16510,10.226220711494491
16511,9.630384790059606
16512,8.902467052584562
16513,13.095455951248363
16514,14.103119777595019
16515,5.31500073014438
16516,11.163317537113063
16517,11.49223955089514
16518,9.076329291207044
16519,7.072167450236886
16520,12.557878467374639
16521,7.128197329736437
16522,12.150864233754845
16523,11.351119357567942
16524,10.978884973299763
16525,5.227504936367174
16526,7.181736943483745
16527,11.109715051124123
16528,13.884416557361217
16529,10.16572797889796
16530,7.001342425816283
16531,11.099179172017756
16532,11.8630853356879
16533,12.242104531618832
16534,10.32890871241452
16535,9.911945339763665
16536,8.894125150148394
16537,4.640169295428552
16538,7.6451286061030554
16539,6.463365092508289
16540,5.391253396055499
16541,10.002497895211382
16542,6.063085999694998
16543,8.959489990293548
16544,7.247638019620934
16545,7.453172383121031
16546,7.1205999771256625
16547,9.008445981556063
16548,14.500407477035658
16549,7.637353796879962
16550,8.438395835808093
16551,10.730209603927458
16552,10.223606355483426
16553,6.507291493770996
16554,5.355776374883156
16555,11.389048908749771
16556,9.13235880209225
16557,10.409972507179122
16558,14.109063962342491
16559,3.9717113222593308
16560,9.231150292537384
16561,9.978376777535546
16562,7.457795798919968
16563,10.940643334093858
16564,9.62269766531843
16565,14.472022827817002
16566,11.542846811900207
16567,6.907723733444787
16568,9.501402679275419
16569,9.40785998552282
16570,6.923596440076659
16571,7.782539821236438
16572,7.290603049130574
16573,8.544794959088458
16574,8.594321013780647
16575,9.727894361483955
16576,12.58356344605714
16577,8.419334398655941
16578,9.381446499645197
16579,9.059917815290694
16580,11.018590635311826
16581,16.972284981278417
16582,9.624215600241968
16583,8.661029435268498
16584,12.551829249382534
16585,10.301512584721728
16586,9.975810412230345
16587,6.371012276661727
16588,10.19212330172774
16589,9.317136960268707
16590,6.111696848196287
16591,11.614340011175518
16592,11.780754158464397
16593,7.982921820322905
16594,8.911946851129155
16595,14.824565281740982
16596,9.76197924312954
16597,11.26837077560825
16598,17.91116545203174
16599,9.054601476776364
16600,6.092063391582191
16601,7.303729011935115
16602,10.0886318038949
16603,8.043862238356398
16604,8.014492380354087
16605,8.725136224545464
16606,8.666861045859934
16607,6.21895810844927
16608,13.969046329059344
16609,10.072121042243975
16610,10.801476811450968
16611,11.858838039874817
16612,10.522896751351176
16613,6.61869051120262
16614,9.141393941229746
16615,9.686402049688535
16616,12.706509850304517
16617,9.72844223061003
16618,14.562380665475164
16619,9.61792614819141
16620,9.99618277626136
16621,9.384646081045423
16622,9.174962531873035
16623,12.882297129015893
16624,10.994604950301126
16625,12.267949177516147
16626,13.330164298986698
16627,11.451593734072635
16628,10.582005389252092
16629,10.47347803915567
16630,10.13527313080283
16631,7.113910778013381
16632,10.95949662373651
16633,9.222201559073884
16634,11.297237470039063
16635,7.875861111074853
16636,12.390456408082057
16637,16.53899330735746
16638,8.856702042983507
16639,12.80248231336276
16640,16.609802451950145
16641,9.560967848211297
16642,10.466620621793187
16643,12.017348411746587
16644,8.80429356081894
16645,9.706481905423384
16646,8.656849529606664
16647,10.841630456604538
16648,7.8993126025076
16649,7.032306969673001
16650,10.299790661613041
16651,12.274522100001645
16652,10.786447732654722
16653,10.3458873294071
16654,7.221041157853007
16655,11.667256896202558
16656,12.8032074770566
16657,5.556015070632788
16658,17.609305681028424
16659,8.978496829457905
16660,6.754391074597272
16661,6.926591495420754
16662,9.616740895731473
16663,10.12433297661513
16664,11.236971880478851
16665,10.330974532791512
16666,11.561747725883626
16667,9.138033601190559
16668,9.528314489408912
16669,8.820299442926787
16670,6.2318532670616325
16671,9.214015572531604
16672,7.850778709532866
16673,7.649295857082073
16674,12.265126938507752
16675,8.804931546656746
16676,11.025179803614323
16677,10.650282896397668
16678,8.759067918151871
16679,6.500153411239527
16680,11.799366579238933
16681,8.207146108407647
16682,8.0848369942463
16683,8.729601277842768
16684,12.600238672763467
16685,11.609318245622982
16686,9.999584658746
16687,14.730478802952376
16688,10.035404355104667
16689,10.03431137886915
16690,7.840866026408699
16691,6.079626661381513
16692,9.342946402706161
16693,6.950614426092361
16694,8.933218164892617
16695,16.038066013818693
16696,7.590764161989104
16697,5.008970140239733
16698,17.1361675643565
16699,11.146189477630415
16700,7.399630994568223
16701,5.18817772054127
16702,7.155331585484319
16703,6.04431047122961
16704,9.045493329024985
16705,9.108541549776247
16706,4.4350604786690075
16707,9.189260157960065
16708,7.632285951574169
16709,8.58822044927676
16710,10.076116890094426
16711,9.942801022002943
16712,12.663598301764155
16713,10.835923447398532
16714,10.328960831057069
16715,5.789493984270887
16716,10.436611043985135
16717,11.70491489092059
16718,10.672841149333888
16719,14.613337753915642
16720,11.226686966523445
16721,10.183183215590281
16722,15.707201704354578
16723,12.852640277843001
16724,14.13306823847118
16725,10.845852849284814
16726,9.10383284881227
16727,14.125195309163868
16728,14.580024502780498
16729,10.706429552149586
16730,6.955739907784745
16731,11.971471576617805
16732,14.029278064672798
16733,8.203297347071647
16734,9.728728014321504
16735,9.9516825779496
16736,9.479882131446853
16737,9.287530062957275
16738,11.747866951351417
16739,9.909441838856349
16740,11.369406475002542
16741,10.761657543565654
16742,8.220338746167705
16743,10.399540801342814
16744,6.993567370769521
16745,9.079940840492313
16746,9.579849502574364
16747,6.978310130689878
16748,9.682239779177335
16749,10.044041618456797
16750,8.179267095039258
16751,11.484207613174755
16752,7.79856161230146
16753,5.296845192996407
16754,9.307310708919719
16755,9.949417280667866
16756,6.04635445338261
16757,10.204534131715718
16758,9.234121273878701
16759,10.213829559211785
16760,7.366209797416763
16761,9.987088719116063
16762,11.478968664239366
16763,9.351381596202948
16764,5.011389550729108
16765,10.910257872920216
16766,6.392759171939354
16767,9.371712938672006
16768,9.092912087588022
16769,12.62821960749585
16770,15.996844232634622
16771,8.975029384561058
16772,6.14387717346679
16773,11.391638596801855
16774,7.829997133561506
16775,11.343645511676492
16776,9.30097068001744
16777,7.249787919202529
16778,11.229330165205777
16779,8.129917917178247
16780,7.135921591274215
16781,6.9783221007517735
16782,8.477209274161481
16783,8.682277528538417
16784,13.530615615454977
16785,11.466786869989132
16786,4.94107143133059
16787,8.650407439534217
16788,9.168424801889286
16789,6.699049880099562
16790,9.60049057894399
16791,10.360992517255589
16792,10.844871255068826
16793,9.86678951950109
16794,10.251063198344495
16795,8.250233402948227
16796,10.806553779511248
16797,9.784485310872874
16798,13.860404861296157
16799,9.918835296190355
16800,10.369141965466266
16801,13.966606669278216
16802,7.236274500211951
16803,9.032670006450104
16804,8.93775764873912
16805,6.486918657298896
16806,11.617907067194508
16807,10.99773415168288
16808,9.693705364730263
16809,7.370101749249891
16810,9.647784770101532
16811,9.527257275951772
16812,13.622177973596793
16813,11.138054408227983
16814,9.250012207763183
16815,9.58573590022397
16816,10.777119454501586
16817,11.28596798910589
16818,9.273913541442475
16819,11.554884948770376
16820,8.04582784848917
16821,10.023228571569502
16822,7.277708033677919
16823,7.322390950426476
16824,7.560716481072926
16825,11.442675313257382
16826,7.950441558919479
16827,7.397891619767178
16828,9.507076548382143
16829,4.868573128834608
16830,10.106623530515108
16831,10.50490202713503
16832,11.240758653681006
16833,7.344567042293674
16834,9.415923460228056
16835,9.67594841811347
16836,8.434560172583646
16837,8.715973868014856
16838,8.875840047956924
16839,8.443742548096546
16840,11.43927221408953
16841,12.704214534935089
16842,9.967159327524117
16843,10.865465490418076
16844,6.235861927790532
16845,6.247258381657552
16846,7.366429443655981
16847,7.324524090449299
16848,13.898036248997737
16849,10.354402582577086
16850,11.423506349938531
16851,11.443322688340535
16852,13.405921477089047
16853,8.815705949271981
16854,6.377154237847561
16855,11.695384394490128
16856,10.357213386197987
16857,15.246853378366382
16858,12.03487839390923
16859,6.926875269848379
16860,9.412806931881743
16861,4.551917574851677
16862,10.005809657367259
16863,4.172027689617037
16864,8.004307489008946
16865,9.799528831039662
16866,4.136282026914201
16867,9.447425544735175
16868,8.850418091344798
16869,9.385252507345543
16870,14.053651516482994
16871,4.981819139667961
16872,5.598898868251533
16873,8.236368359865939
16874,7.03149057349683
16875,9.71742781856804
16876,8.727508723534354
16877,9.078867112079788
16878,9.630625823352537
16879,10.103965696090329
16880,8.26348095453514
16881,4.96069758472442
16882,7.437273774145177
16883,4.01013348450834
16884,11.80267719959911
16885,6.134182327168859
16886,13.3035137614301
16887,15.833700189072909
16888,8.252948893026705
16889,17.664472294605904
16890,7.94292126496136
16891,9.112878565384433
16892,11.282387844202006
16893,17.680239141051032
16894,10.684407365377416
16895,10.155645286281866
16896,10.657015432918985
16897,11.266844767052959
16898,9.271181464369594
16899,9.786391316255129
16900,12.984654287766674
16901,9.243904236261283
16902,8.571700101572983
16903,4.65863353790187
16904,12.257411076755348
16905,7.361331823716797
16906,11.052271201120686
16907,12.204894746876807
16908,7.186639273643515
16909,6.320054038352705
16910,6.927107909824665
16911,6.780498846153492
16912,11.459504271619998
16913,10.761801890379502
16914,9.006420243903932
16915,6.936605205380159
16916,15.22993252618572
16917,14.968915802203085
16918,7.574632565770238
16919,9.8042515909621
16920,6.886412955584347
16921,10.2640232606803
16922,7.149231654059363
16923,9.670652479554324
16924,10.185166343746964
16925,11.105249430830092
16926,10.170962502064171
16927,12.358342117491045
16928,7.053973629790251
16929,6.843185864086662
16930,10.506379958073238
16931,6.016799613350263
16932,8.67964969091635
16933,8.937022424969332
16934,7.3616028772865905
16935,14.269622024434696
16936,9.211733401340823
16937,9.555778656558441
16938,8.357454818645987
16939,6.423597977780057
16940,10.018681321404364
16941,8.017792486238273
16942,8.723424707821314
16943,12.32450789935559
16944,15.048073645598336
16945,9.961539382080439
16946,4.565605873362952
16947,10.980296153694974
16948,8.401330950456348
16949,7.052649820553336
16950,13.168742914220665
16951,9.772175959504722
16952,6.968029365386219
16953,11.316214002201727
16954,7.630302952010101
16955,14.382659960124862
16956,10.613122576836737
16957,11.745189899248622
16958,13.206947266886607
16959,9.147756337722589
16960,8.471827069942218
16961,10.33859085249209
16962,12.362374603986916
16963,20.22570291102456
16964,8.934965939222945
16965,11.394064079631288
16966,6.178849152666848
16967,9.826864042325159
16968,12.27973788567499
16969,10.762639124017834
16970,11.574895441942424
16971,16.424168759543157
16972,11.105129313978827
16973,9.627519572933346
16974,10.293021985147426
16975,9.034068601493061
16976,10.680159978571936
16977,11.032259726698573
16978,10.431255481825477
16979,9.960700502431584
16980,7.808903377182114
16981,11.361068354646033
16982,10.14726984621073
16983,11.849773441967328
16984,9.046706382682169
16985,7.066331455068328
16986,7.091675600538599
16987,10.205909366054863
16988,7.7301038528355495
16989,9.082412561787047
16990,11.023446817737696
16991,8.820838953508352
16992,9.375462544373914
16993,10.68153684550591
16994,11.212443414463976
16995,9.797129129384086
16996,10.152676918695985
16997,10.179473977814366
16998,10.035981296228039
16999,13.23261438078758
17000,9.979330689889771
17001,12.264688533913443
17002,10.097961322952898
17003,14.409379059254059
17004,11.36613663974558
17005,11.428883485688726
17006,10.363326501792022
17007,5.303335689505424
17008,11.75201408368165
17009,6.050274879902305
17010,14.11078684208487
17011,7.434635963874859
17012,8.94392305200681
17013,6.523018338535367
17014,8.34516039983248
17015,7.710068133024795
17016,9.407059216551788
17017,11.574899307045657
17018,9.37301938511887
17019,9.200117179355823
17020,5.357731463771054
17021,7.07826189568326
17022,12.673162996900878
17023,5.750629179770258
17024,11.429569134151237
17025,9.319237150239417
17026,9.33053970520454
17027,10.065197684379452
17028,10.415611077868581
17029,8.429259383456566
17030,13.770786064931501
17031,5.953109550121988
17032,8.895662691659693
17033,9.947192165395245
17034,11.58623610657493
17035,12.356677228897132
17036,7.497012599455389
17037,9.80052268549232
17038,11.03557079849772
17039,6.432953861482793
17040,10.17220482148434
17041,9.295432655277246
17042,10.397378072303534
17043,10.589467706739045
17044,11.063514945063433
17045,10.125164393819679
17046,9.807679364305956
17047,9.506069564914336
17048,7.068593929937167
17049,10.496735837412674
17050,10.29408072585164
17051,9.850009621966468
17052,7.045873479735634
17053,15.071363267322175
17054,9.13308250617171
17055,10.296172052351688
17056,8.24465036216418
17057,10.621734601107468
17058,10.36347050551766
17059,10.86005095240939
17060,9.991427174241618
17061,4.983141832750863
17062,12.327592601560074
17063,16.239994730430237
17064,9.44517911556367
17065,8.64583738057087
17066,9.150708543074316
17067,8.651513580989056
17068,4.978966296868845
17069,10.336198211891693
17070,9.86680287977493
17071,7.827580164855037
17072,9.81166315501407
17073,10.095938082997488
17074,11.26406354416409
17075,10.502686838619402
17076,10.350198173453375
17077,14.118986883988425
17078,7.802377472898512
17079,9.477532919644673
17080,9.97902274262218
17081,12.171273357637773
17082,7.253526023027131
17083,9.960951416167457
17084,12.818505102391418
17085,7.797508146711069
17086,7.579984723952679
17087,8.522675831254075
17088,6.982690287802368
17089,8.87233872452856
17090,9.688882873537958
17091,13.986205723335402
17092,13.398328902992683
17093,9.617606618618591
17094,10.60319896131278
17095,7.623729497441761
17096,7.943643655698407
17097,8.128434107578947
17098,4.825565942597706
17099,10.718542316028575
17100,9.928620970455684
17101,9.288767388423208
17102,6.036333623296521
17103,7.807063071226934
17104,5.037821123189102
17105,9.051315760583423
17106,13.32546179600829
17107,10.18005421288077
17108,10.95556509782453
17109,10.310234346716742
17110,8.165603786769278
17111,10.96969850079389
17112,10.37622273612559
17113,6.303539145097987
17114,7.244159593968479
17115,12.345234810459974
17116,10.807932409119742
17117,12.752642127761174
17118,7.505808615413082
17119,7.893755245763011
17120,17.75135247819259
17121,8.878454905097856
17122,10.58605696227275
17123,6.9202210104593
17124,8.341849561036135
17125,9.218121285416514
17126,10.54055206565646
17127,9.788806638738894
17128,9.426693746529558
17129,7.683907609407633
17130,8.667257820664876
17131,8.433461909051553
17132,9.091101836327823
17133,11.497910059247285
17134,8.167299951104225
17135,7.0841348117251925
17136,11.055684848155838
17137,11.510968223369666
17138,12.219377160414892
17139,12.230205699967247
17140,9.923961758515212
17141,14.710641737581279
17142,10.69952810096256
17143,7.025101103620033
17144,7.53931501474111
17145,7.01998145563863
17146,12.6523431985218
17147,14.55725385433173
17148,10.370002979241228
17149,11.219609005659306
17150,5.051522933918287
17151,6.149927727405796
17152,7.965148321632175
17153,7.988960525408595
17154,15.089714182321437
17155,8.521611187706243
17156,5.827122242829487
17157,8.299398326379393
17158,11.604059609916579
17159,9.643210344007052
17160,12.677468666798232
17161,5.242872979587048
17162,5.235834856310123
17163,10.381132786990783
17164,9.798418729291134
17165,13.030278442232165
17166,7.693171723057055
17167,8.532656768813759
17168,8.972337080199653
17169,14.489077753710404
17170,8.810299714084598
17171,9.56979414191328
17172,9.973521689766539
17173,7.906342418171058
17174,3.9756531321395148
17175,6.389399936466236
17176,9.829343991284336
17177,7.621982126931194
17178,5.3341482542560605
17179,9.21209400400342
17180,11.115479565500358
17181,6.0872315191219215
17182,7.336567074025157
17183,7.857693073641245
17184,12.030669908177776
17185,13.48607200427652
17186,8.872739606293203
17187,6.210737179953814
17188,5.056886514895923
17189,8.729753548060218
17190,11.054239784213689
17191,7.808145364802321
17192,8.926556598833223
17193,8.947669647730105
17194,7.730388236990678
17195,10.18713989522573
17196,10.722949293855295
17197,6.35113174738201
17198,10.015961941408724
17199,9.135057499430989
17200,10.080662843290298
17201,7.073758732428157
17202,10.055943225592085
17203,7.646498922498303
17204,7.955344040222922
17205,9.489486365205106
17206,7.774246048600863
17207,8.87381708538649
17208,7.662437726191033
17209,9.1429147468677
17210,9.655293491093492
17211,9.450579020157255
17212,11.056187654051048
17213,9.484733686375515
17214,9.971067876759802
17215,9.928262218980993
17216,9.061838277945943
17217,10.335137025559888
17218,7.433706260997801
17219,7.777626306388181
17220,12.007591535571951
17221,10.38523976121796
17222,9.169363784506954
17223,10.893744765882825
17224,7.295741566409046
17225,9.976360414758554
17226,6.284343746909303
17227,9.219471645877249
17228,13.446853640761038
17229,10.492590915362467
17230,12.010634789311066
17231,15.925283094055537
17232,9.83298904130465
17233,10.316576782670406
17234,6.43009090128797
17235,10.240517019547752
17236,11.951842903652807
17237,9.607805134455395
17238,8.819976567490308
17239,10.390649878944126
17240,7.084998963264926
17241,9.816937900421085
17242,10.305498611873787
17243,9.127574930756312
17244,6.954793544612902
17245,8.244417396529178
17246,9.695344137570263
17247,9.100403537495536
17248,9.178816349465665
17249,7.930959484205284
17250,7.016904357303463
17251,10.73275005821588
17252,8.681906349062135
17253,7.094445448856235
17254,12.667619733166996
17255,17.469358480321713
17256,7.268499608261222
17257,11.251795866738878
17258,9.141070674434594
17259,7.490333949021128
17260,12.205931722942031
17261,10.559963796931292
17262,10.094542510682462
17263,10.737415073489064
17264,9.503630465251184
17265,10.366320709771387
17266,11.963794173527756
17267,7.071626533792059
17268,10.977307637996756
17269,7.130090236463693
17270,10.141089058281349
17271,10.21380819645736
17272,10.091152712139335
17273,6.267025360353252
17274,5.04930616284665
17275,9.875821306888689
17276,9.879535825436811
17277,10.641182623830755
17278,8.866588509743144
17279,8.399319689446774
17280,12.527271138667233
17281,11.741966975484843
17282,10.73501585621654
17283,8.987559346553425
17284,10.13234752751905
17285,6.791924287234733
17286,10.71947371005719
17287,12.157797432847936
17288,7.111900357125187
17289,6.447685938944843
17290,8.251806799599985
17291,10.571565534355074
17292,12.39468582237421
17293,13.364428838235884
17294,9.380299068133988
17295,9.606426270260444
17296,9.98245460295046
17297,10.972744077279394
17298,9.016824965211626
17299,8.859446518947614
17300,11.107101953833496
17301,9.79453767202729
17302,11.770968176808516
17303,9.846674369919267
17304,10.589400744116091
17305,7.985347011688464
17306,7.134231862843294
17307,9.616815050993985
17308,9.418028174584068
17309,9.725914576978496
17310,6.815722671836428
17311,10.311836631644244
17312,9.951655387517345
17313,9.765262443658418
17314,9.038176202342845
17315,6.433713861319393
17316,9.89530259423794
17317,6.95157260142818
17318,9.225188964828101
17319,9.158386070888104
17320,10.394857863156943
17321,10.466168237292504
17322,9.80362275272454
17323,10.698990097953336
17324,9.325417588272424
17325,4.069054206256007
17326,6.018415197239234
17327,11.943660088984167
17328,13.363480850794398
17329,8.277618311115141
17330,9.896468832122714
17331,7.0316219611145705
17332,6.474811123317094
17333,12.273247984293839
17334,8.33456943335799
17335,10.994324336544707
17336,13.423571218192276
17337,9.00692501860371
17338,17.00526084527499
17339,10.644616193848643
17340,16.28569614934371
17341,9.865132787651243
17342,13.396075153123247
17343,10.360338670490812
17344,10.00173042581284
17345,11.348566895160083
17346,16.641845510809503
17347,9.52714033932894
17348,10.222780762050608
17349,11.587327701393534
17350,9.894391307960458
17351,6.055539040106014
17352,12.166721110685007
17353,8.640545811435988
17354,5.392752145168136
17355,10.38962439269076
17356,9.90777025025601
17357,10.985750936926525
17358,9.636995267241106
17359,9.618177555795965
17360,8.820713252327788
17361,14.541786721104213
17362,9.853546366677229
17363,13.87761405451214
17364,11.329073964300507
17365,10.403203559204808
17366,9.437870715598654
17367,9.236978859471469
17368,6.100907524801718
17369,11.77975888858246
17370,13.543895283805599
17371,7.371136022445343
17372,16.52999282003311
17373,8.43347150938712
17374,6.9740528346559945
17375,3.9717113222593308
17376,7.609132619170471
17377,6.360107509169144
17378,16.511263554611684
17379,10.613241979895886
17380,8.543902234554713
17381,8.98565318106269
17382,15.593238748103253
17383,11.727696543379505
17384,4.354423713412044
17385,8.369967358701262
17386,6.271434316400354
17387,8.70390033695167
17388,10.100321210224644
17389,8.269028379157556
17390,13.264864091923592
17391,10.219593595321482
17392,7.07969458755706
17393,8.705156895112921
17394,8.405112304634818
17395,10.295756009242048
17396,5.905776077904511
17397,10.829070821969426
17398,11.620365007463498
17399,10.95470968538074
17400,7.268623512595708
17401,12.50421421829905
17402,10.913632247276238
17403,12.2617239881135
17404,7.92328182472424
17405,7.911233828515499
17406,9.447986120810745
17407,13.339778258650563
17408,7.764841256836875
17409,9.927572553129433
17410,6.0429163999458115
17411,8.093260236499368
17412,10.730285526975159
17413,7.544187323059535
17414,9.489631584255813
17415,9.769758594653071
17416,5.05079502666009
17417,9.212599364864671
17418,11.955643870645257
17419,8.300236551942268
17420,9.419167812600792
17421,9.103162197820573
17422,8.048298620446053
17423,15.28733370005513
17424,8.055266921689915
17425,5.067326911138448
17426,8.667323332108651
17427,9.131548220603142
17428,6.182322223079366
17429,10.413254013249466
17430,8.133982132669196
17431,10.449413929289747
17432,8.84597324199458
17433,9.159836232011887
17434,9.86964270256473
17435,7.99339570846921
17436,9.855373228733743
17437,12.013015957112712
17438,6.675223836397231
17439,8.58333040988206
17440,11.905238163071036
17441,10.732492389437905
17442,9.949772641840363
17443,9.767263338597457
17444,10.317549713542064
17445,17.271188084779276
17446,9.12311759639576
17447,4.140063348545974
17448,11.206369982526178
17449,6.991406000268593
17450,9.965993356101773
17451,10.947407666120085
17452,7.13261321993164
17453,10.851715506354608
17454,4.927691125187791
17455,11.244201664134325
17456,7.988418325273195
17457,9.654502743487267
17458,7.0879506910807475
17459,9.14059150814776
17460,10.187046477228233
17461,10.700226601607081
17462,9.916715504851183
17463,11.239160036842781
17464,5.989181595068776
17465,21.018054625904007
17466,10.348243016365927
17467,7.0388364309038245
17468,8.859628807188212
17469,10.093598464795644
17470,9.9035932146463
17471,7.00872939516601
17472,10.216207484393104
17473,9.591117519277343
17474,10.045828909462477
17475,11.892010169737137
17476,10.818881265940565
17477,10.942520558196202
17478,8.320912809786043
17479,10.906944807949902
17480,9.152084080801654
17481,12.618601606523288
17482,10.831040390363265
17483,17.49001659526697
17484,9.013447730846051
17485,4.054367696562038
17486,11.681460857254857
17487,9.034181931421955
17488,6.15026955830803
17489,11.326779288929359
17490,9.752721871826834
17491,9.626323180434785
17492,10.136430273979226
17493,10.269123673929082
17494,9.409595118272692
17495,7.161172065569094
17496,7.836881578850775
17497,10.469755441974796
17498,6.293948155443305
17499,11.83764867023504
17500,9.829142240486844
17501,7.788472098523406
17502,9.935889127191514
17503,8.689312316984926
17504,13.315667868517957
17505,10.044729294878502
17506,6.996266367771883
17507,14.668266178705212
17508,9.203944693434915
17509,6.4036248408144525
17510,10.795322932300126
17511,11.693826518670605
17512,12.627044697362956
17513,7.544617638730184
17514,8.79057480751384
17515,8.017201316555235
17516,9.08767280521781
17517,14.216553085489286
17518,10.43601233190002
17519,7.363080396275684
17520,10.010080355491601
17521,10.301175538280043
17522,7.099138009224923
17523,8.787830999454986
17524,7.677592179949316
17525,6.996394592328254
17526,10.49060156399333
17527,7.138143245587708
17528,7.08459772782581
17529,9.836755241221663
17530,14.502176297085681
17531,11.42466078954171
17532,15.085927355740312
17533,8.951247121680156
17534,8.638077188198045
17535,11.786726054103854
17536,10.93137761231986
17537,7.467189482218153
17538,4.080482288099991
17539,10.405677176818383
17540,5.267780972882842
17541,10.542007826235526
17542,8.168449157692212
17543,10.209924683519674
17544,9.790699358215269
17545,10.244773138797441
17546,10.088366253171976
17547,11.029416291318292
17548,8.538041921381527
17549,8.136882571043486
17550,7.699547383022519
17551,6.42069929486021
17552,8.134244888790963
17553,8.276967941782846
17554,10.894805452217614
17555,12.934075605220688
17556,7.791725336957423
17557,6.963260433414909
17558,12.406897455582541
17559,10.144329774011172
17560,12.28890763884776
17561,10.231378831319406
17562,9.534870143031721
17563,12.240916143802412
17564,8.894920432568176
17565,9.69052297448626
17566,8.454774021340256
17567,7.883239246130646
17568,9.122309124470013
17569,6.66928612098729
17570,13.14271804573426
17571,7.731887155117246
17572,8.28061543175574
17573,10.869067391706766
17574,11.546776368852983
17575,6.365422186068487
17576,10.34474057539391
17577,9.994423863784737
17578,7.615826600836725
17579,15.366422379440694
17580,7.500460476048336
17581,9.388569657776367
17582,10.320741747695916
17583,6.948016218505552
17584,11.963801481321346
17585,12.769073927651105
17586,9.12207911346643
17587,10.964217256154264
17588,10.891628004015033
17589,9.59389058519027
17590,12.78669346640693
17591,13.109908511538842
17592,9.655003334439154
17593,6.875475166803125
17594,10.252898112518013
17595,10.028019612380742
17596,13.241433082138322
17597,9.885416899278656
17598,6.253291520018104
17599,13.11386105999949
17600,15.341986757801376
17601,9.133614103744994
17602,8.530318390820304
17603,9.70326061415739
17604,7.629260487642805
17605,6.342968754035821
17606,10.645956444197855
17607,10.377399433533556
17608,10.014429607476732
17609,3.9269023655201223
17610,10.39350172897649
17611,9.513422098632994
17612,10.125173676362294
17613,10.584838482424859
17614,6.91648007030785
17615,11.463847004371829
17616,12.70602122378737
17617,15.888703775823492
17618,8.565295285197925
17619,8.908287096007022
17620,9.447475602458713
17621,6.216835511546751
17622,10.83939879296345
17623,10.511825099188794
17624,10.598048515143736
17625,10.432118812225301
17626,10.967227693926155
17627,12.473420262033208
17628,11.941317864243297
17629,7.673232643601926
17630,8.253750675320315
17631,7.056718244660175
17632,9.241684671546404
17633,9.633458499390768
17634,5.5734268038472345
17635,10.683050602760934
17636,8.699276921231464
17637,9.447140174550983
17638,17.770748458498936
17639,9.911861511011253
17640,8.987263519779429
17641,12.693623668114263
17642,14.814427801093423
17643,12.192708803979974
17644,9.637048194081737
17645,5.979602844197511
17646,4.782142938943847
17647,8.744745835914983
17648,10.19342455973279
17649,11.716897639355787
17650,7.0243699152149155
17651,11.623474771708217
17652,10.577323804730288
17653,10.72907939044133
17654,5.23924288120291
17655,15.892652222089284
17656,10.877506873267059
17657,11.573307780683606
17658,13.961888618388965
17659,7.789862790709389
17660,9.49262560920736
17661,9.956830968060252
17662,9.85517340964402
17663,12.179795402992449
17664,9.694470754853887
17665,4.515594009861332
17666,10.877233010164659
17667,9.148185691176266
17668,17.893488385844684
17669,12.52557678851355
17670,10.000199532668969
17671,8.532196527412927
17672,11.091380704272554
17673,9.126400334046613
17674,11.065446714600943
17675,8.564906036492776
17676,10.10360250932402
17677,13.309273515036592
17678,9.289320531761053
17679,10.827027568826463
17680,13.730801167194944
17681,9.604625097626057
17682,10.448045915172555
17683,8.065507467581087
17684,7.6999267580972415
17685,12.211725982224456
17686,9.360522209564792
17687,11.008340402884526
17688,9.256256799119518
17689,8.06392506177122
17690,10.76484871630318
17691,7.524671721147643
17692,10.480792857106403
17693,8.290147236893656
17694,8.789107585560926
17695,10.184677995933448
17696,13.471387709132415
17697,9.756027223850698
17698,12.395820778330188
17699,10.396961102997508
17700,8.875135334944266
17701,13.24947969054637
17702,10.15567427374029
17703,11.465955944599827
17704,6.950068031905319
17705,13.542229220088828
17706,11.214329886946574
17707,7.034130391747301
17708,12.866948751831274
17709,10.050162934194628
17710,12.413158250569442
17711,6.9561735974840095
17712,13.673149957203703
17713,6.927665162320144
17714,10.942303033311898
17715,4.465288943041314
17716,9.005736235553945
17717,9.189743823168754
17718,11.974955457422684
17719,8.990816711478335
17720,11.118384491785687
17721,9.883712417624752
17722,5.946911229439929
17723,12.521441169262129
17724,13.028772596985371
17725,9.629159161839086
17726,9.734533570777893
17727,4.928290989200507
17728,10.108281877947709
17729,11.8206396492643
17730,7.959817187324208
17731,15.237993964959859
17732,10.771453437045698
17733,10.708851943227153
17734,13.099382433989975
17735,6.9703993213079425
17736,10.557778481144078
17737,10.365251007295045
17738,10.559127610122314
17739,9.43395246846807
17740,5.974051041680614
17741,12.335337084919852
17742,9.494262613226844
17743,16.788820607404112
17744,8.626441343421202
17745,10.790302789612916
17746,9.402948257903644
17747,9.713360020967984
17748,6.949895434634091
17749,6.5043484569731325
17750,8.89658252573929
17751,10.906183988769937
17752,11.684250056104291
17753,13.630920733011038
17754,9.636176557140583
17755,12.40814762528531
17756,10.328602100046208
17757,12.180391653098875
17758,11.018330366496393
17759,7.2126092136342805
17760,10.169847341697716
17761,9.420943605419719
17762,8.877814787532111
17763,9.84185929758489
17764,9.208669026929408
17765,6.486193709788704
17766,4.263457512235397
17767,10.919050483022716
17768,9.803770668851184
17769,10.682623691756135
17770,10.031083708825198
17771,6.074944771567432
17772,8.657115062510929
17773,8.199294800320581
17774,10.607614108978714
17775,12.903324556443774
17776,9.8505018463925
17777,9.041055098601191
17778,11.998869702639828
17779,8.337739532759915
17780,12.907046785899565
17781,10.276395606093056
17782,6.883923124769422
17783,9.403597761825864
17784,12.020280227584154
17785,9.840400651169634
17786,15.579170301632942
17787,8.474128379755538
17788,15.567689602043751
17789,8.570396941850078
17790,14.513050245451213
17791,6.02752566800931
17792,6.014380830077686
17793,11.871223262446325
17794,8.50275067552451
17795,7.36209817290957
17796,9.336707813185619
17797,11.7213692825123
17798,9.895394298964984
17799,10.567941425233482
17800,10.88575094666471
17801,10.872632897724223
17802,8.573879906682302
17803,10.37815601392303
17804,8.217810895651981
17805,8.371518932646973
17806,9.953644007489078
17807,10.948656265864727
17808,8.883051811847768
17809,9.817967494897907
17810,5.842376040158254
17811,11.110884784979756
17812,7.001799077854777
17813,8.033753073033521
17814,8.003642613120567
17815,10.695389461332264
17816,9.466172723656944
17817,5.1802833081877075
17818,7.510959711953797
17819,8.891080482882247
17820,9.918286572589585
17821,5.237835932460504
17822,7.738276984021154
17823,12.225430155529194
17824,9.416386873258524
17825,8.933834747937672
17826,16.80234379083384
17827,8.294441113023062
17828,10.266501978547662
17829,7.016409107490601
17830,9.129932785516129
17831,7.044847698525857
17832,7.5523826983724955
17833,6.029306260080016
17834,10.30067931081574
17835,10.951221833513545
17836,14.507105035670342
17837,9.292059688504096
17838,3.999850698273124
17839,8.148012215660419
17840,9.046013617616532
17841,7.842665450198648
17842,7.518297143486359
17843,9.793916340518768
17844,9.57211207389353
17845,8.959424984377685
17846,10.698992277818006
17847,13.58532784089306
17848,14.600782597183198
17849,11.604585785184671
17850,11.04950653630652
17851,5.933010485013621
17852,10.307460655029558
17853,11.455728970252093
17854,3.9921454529950724
17855,8.856099333619275
17856,8.042070032697053
17857,5.159601153233783
17858,11.327025565194193
17859,15.088904840615134
17860,8.582197044770822
17861,13.844898667161079
17862,9.230169512439112
17863,10.683231167255526
17864,5.253551112418076
17865,10.906484177086574
17866,9.237498502469798
17867,6.935519150911558
17868,6.418058409807194
17869,9.35688485980921
17870,9.671906309511735
17871,10.687952548992868
17872,10.691145268429477
17873,8.218803799223668
17874,10.998158051073954
17875,10.83469472255404
17876,10.483593276080056
17877,10.308529995958063
17878,10.22907734063977
17879,9.937725468822242
17880,7.634876921620483
17881,9.013550909949219
17882,7.565878983887189
17883,10.484605126279272
17884,10.39384169961916
17885,17.16299654306676
17886,10.80415515510554
17887,10.938411957004421
17888,11.987953104095007
17889,11.217118353048548
17890,11.177703511331604
17891,7.0991329322643395
17892,8.398966780255225
17893,8.94708693065499
17894,10.784664452227036
17895,10.425334010012165
17896,13.578693840104126
17897,12.37958970143411
17898,9.840885426231376
17899,10.00418747905952
17900,13.741814066713346
17901,9.45671285599461
17902,9.981954667855916
17903,10.925707358770083
17904,8.023362141677048
17905,11.496260496664647
17906,11.706262313713186
17907,6.141490329796966
17908,9.861028531112726
17909,6.452292620517567
17910,11.461307852400179
17911,4.973984960690506
17912,10.353873617221652
17913,8.878850233583938
17914,7.918034118510612
17915,11.092034065901212
17916,11.12184784476081
17917,17.438973437115
17918,9.471750408737647
17919,8.183777503561796
17920,11.082040453486721
17921,12.721123039890234
17922,3.9327264123410317
17923,12.842363796743932
17924,11.790046206105472
17925,17.72453159043683
17926,7.852877530439369
17927,10.638790985823343
17928,8.793211001610745
17929,9.72298752449403
17930,8.166848467724868
17931,10.063484710139601
17932,10.50148999860389
17933,11.4468131371059
17934,9.782188102231093
17935,4.911937605842715
17936,15.200637494176318
17937,7.664201593529925
17938,10.021866672704233
17939,7.228639777185737
17940,16.288455525889866
17941,8.313293130284915
17942,10.956334537196481
17943,10.404421211865316
17944,9.809171470014299
17945,9.256341874871543
17946,14.818426682490944
17947,18.83871848740131
17948,10.767809262220139
17949,6.864040229740344
17950,8.718008009380167
17951,9.408264252455783
17952,15.393641513552705
17953,10.442318773638348
17954,8.781904153201907
17955,10.660834609544551
17956,8.248698518706718
17957,6.978413684031699
17958,10.032043170261176
17959,11.189115216597777
17960,9.409432756144952
17961,6.862159494181063
17962,8.836931197079153
17963,10.078502051009748
17964,11.028060634252112
17965,13.357816172316372
17966,9.606273801265367
17967,9.55140812327581
17968,12.312767781328024
17969,8.51244875552213
17970,15.072542300022073
17971,8.759459796908656
17972,9.947926075177316
17973,9.635871597981513
17974,9.88763112105434
17975,14.322559235146576
17976,6.180570025507992
17977,8.455694322222277
17978,11.963454874744679
17979,16.463211772986195
17980,11.241379700052203
17981,10.824818470245237
17982,10.45547921957629
17983,8.107108446255003
17984,8.744102794526478
17985,8.682664128464204
17986,11.98051376837515
17987,9.93899012027003
17988,9.32294226181288
17989,9.614316425973373
17990,6.150836212404596
17991,10.038318595947935
17992,5.226632716541351
17993,14.090947682977317
17994,12.166843624608797
17995,10.725875287490156
17996,11.011510057086918
17997,10.566732328356933
17998,7.807826738831305
17999,9.17987304885867
18000,7.567304125663495
18001,6.614622551656863
18002,8.204378802901584
18003,9.043647235632253
18004,6.971085210417963
18005,6.063905338190279
18006,11.252595278086478
18007,6.965604259683732
18008,15.785191864493601
18009,9.43669082376297
18010,10.07509793974511
18011,8.247712143202348
18012,12.171984517804878
18013,6.067763295188765
18014,14.137199450869451
18015,9.996843383456458
18016,9.374385426096001
18017,9.746895552023034
18018,8.647822737246132
18019,9.718269271949477
18020,7.55035915412038
18021,7.81519219101066
18022,9.324492703803623
18023,6.758048573424832
18024,6.922446409264287
18025,8.367223920568822
18026,7.038337542852168
18027,10.08168883664288
18028,9.7996074203868
18029,10.233910825726419
18030,10.597935419631924
18031,13.29281014177089
18032,9.3034299598296
18033,10.009581259885168
18034,8.756713450165979
18035,4.029172576580329
18036,10.209069404173075
18037,10.778525493737185
18038,9.526817219697879
18039,10.401592246883917
18040,6.316393942173333
18041,9.959428797269359
18042,9.38474675914348
18043,12.309007240513072
18044,13.031454787052342
18045,10.601897380878306
18046,10.558220586123728
18047,10.24107213685593
18048,13.74666105828955
18049,8.859288879783135
18050,6.43360416792842
18051,15.571339739475992
18052,10.18521788941736
18053,11.385308188127265
18054,7.931109676377312
18055,9.31395255833483
18056,9.986244228926381
18057,11.989509229684575
18058,16.422956185490087
18059,10.665242915710385
18060,9.504285096695302
18061,11.522472662745642
18062,11.368980490803871
18063,10.756856242126903
18064,10.627022685260407
18065,6.409362586006523
18066,14.310877879250793
18067,10.781399774301223
18068,13.044143549818324
18069,14.811441638792509
18070,9.674718638501986
18071,4.070962299488526
18072,9.85365176504153
18073,12.02434005162277
18074,12.285440525102588
18075,11.003602235012812
18076,11.734846755600898
18077,6.821856933581133
18078,10.175088189364939
18079,7.499005572902522
18080,9.072418859380978
18081,9.93877921910766
18082,10.221951391564922
18083,8.421427427985988
18084,12.031752991060564
18085,8.354781926243431
18086,10.191638085858122
18087,5.114941994813258
18088,8.465812284051841
18089,13.921642092390108
18090,7.800363624808602
18091,9.353358825171856
18092,8.25511564578837
18093,3.923591782663039
18094,8.017482931037364
18095,11.58946367754676
18096,10.420738301725518
18097,10.079750542071334
18098,7.026875562198356
18099,4.090491135088264
18100,8.55051453292304
18101,10.970435050617336
18102,6.412643049259956
18103,6.369517878787445
18104,12.371431010666662
18105,12.305967338769483
18106,10.446653275900415
18107,7.622933895188201
18108,7.96418964218203
18109,7.619855670417818
18110,10.160154824139187
18111,6.876494743630143
18112,10.885068098599037
18113,8.785967366115203
18114,12.662895959836188
18115,8.132530466582596
18116,13.16673140414752
18117,9.988392960065426
18118,7.618552330210522
18119,10.869903018875682
18120,12.609009098734061
18121,7.619993874693847
18122,9.296937510717576
18123,7.100334862382461
18124,5.3056108798166255
18125,11.110112466877936
18126,5.010591513991906
18127,11.475531674910222
18128,10.397547339534512
18129,8.77565872994455
18130,9.047323116965169
18131,11.967811147517889
18132,8.707673303810475
18133,7.537479566300545
18134,10.375743679848059
18135,8.637995975670608
18136,15.405781008032246
18137,10.347937272171002
18138,8.96208823552557
18139,10.339922840703323
18140,11.59827309980664
18141,10.794547841327375
18142,6.9820242689264305
18143,5.855866821209093
18144,9.597876792346888
18145,10.191326804028355
18146,7.201624834287839
18147,7.5243877723837596
18148,14.128758645191438
18149,9.421719746663916
18150,11.008889394393906
18151,10.47521093436815
18152,8.473730166980504
18153,14.975569948810188
18154,7.968944324288493
18155,9.996666358754252
18156,7.998716205431297
18157,11.281817553584977
18158,7.979348464568324
18159,10.563131193283484
18160,15.036676100961365
18161,9.916744929796161
18162,15.296945912214552
18163,13.272938510331025
18164,12.21011656681195
18165,11.149611059151864
18166,6.8167654876363954
18167,10.624941844037705
18168,9.569423805210459
18169,7.100471517517375
18170,9.69664961537242
18171,10.443410536231763
18172,11.227338566076435
18173,16.50475251161473
18174,12.671027324483683
18175,9.847997135512902
18176,8.502483241704548
18177,7.097772161265729
18178,11.275945290376173
18179,13.428764692595298
18180,11.309070049600821
18181,8.895814496529427
18182,9.589363489665027
18183,5.129337133379166
18184,13.404783592959904
18185,9.852696152869676
18186,8.676501434151252
18187,7.842962062065166
18188,6.659539071782745
18189,6.267474386707609
18190,12.741982784366895
18191,9.82718937951353
18192,10.961961176893823
18193,4.245369474263088
18194,11.753904479980443
18195,10.313268710455791
18196,7.07554782570776
18197,8.141033361021913
18198,9.165828663550725
18199,7.9062246276874815
18200,10.01347757731363
18201,12.46240347285339
18202,9.68168204179955
18203,11.779257439295513
18204,8.510243264042522
18205,8.924438580978503
18206,10.121521910567191
18207,5.411428827645407
18208,11.507547198704833
18209,16.171573558537148
18210,10.8869972203739
18211,11.149922755934732
18212,13.305357902302955
18213,10.31264100315508
18214,4.629528387209355
18215,12.137465287242202
18216,9.553037742652734
18217,9.201671762979808
18218,7.343832065714688
18219,10.814425032754754
18220,10.612109651647577
18221,9.254001682637645
18222,9.251401909466475
18223,8.17813121437448
18224,11.374848277504952
18225,14.16091920036407
18226,10.309675862399628
18227,5.789757247833801
18228,10.540314299272978
18229,9.682427096639731
18230,7.477015939346262
18231,12.407592136626024
18232,7.976931742167271
18233,9.340970387508964
18234,3.6357325936945752
18235,9.011380918610113
18236,11.167360378643233
18237,8.747100028166372
18238,10.88012189432699
18239,10.11780391564368
18240,10.126439650005981
18241,8.015345323466152
18242,8.856208886575342
18243,8.669056366606766
18244,6.438607200377069
18245,12.000463568751162
18246,9.793231303620388
18247,14.300648714975743
18248,6.482153811308235
18249,8.777208693220372
18250,6.106983748830517
18251,10.1428587994818
18252,8.822559448377495
18253,9.316273073801359
18254,7.86515871762673
18255,10.562010111105085
18256,7.544827087827694
18257,9.057991801715213
18258,4.598263375490311
18259,7.872731498034821
18260,10.6748463134178
18261,11.270044113698358
18262,7.733735318890008
18263,11.120374664893417
18264,8.743758034042527
18265,11.611632466140545
18266,8.589770953584013
18267,10.54175782729618
18268,6.700936110383719
18269,8.741005399885989
18270,11.554662393206415
18271,8.206334748086455
18272,5.317872280864397
18273,10.99801824357188
18274,9.865951361241262
18275,9.568219135786874
18276,6.17927094522841
18277,6.04257847612498
18278,10.133310550424238
18279,7.712671994718642
18280,13.185267126764
18281,8.451570220435306
18282,14.388609035872344
18283,8.736562013880006
18284,10.33592303756392
18285,9.487554106334091
18286,9.759171086792165
18287,10.173249786605192
18288,11.936961747946693
18289,13.329209498234563
18290,13.012553356685029
18291,7.923539188210886
18292,10.004359554272233
18293,9.119265531057442
18294,6.1128163510916105
18295,8.722838374192685
18296,6.489626402123744
18297,11.58813174564825
18298,8.950104130696307
18299,7.967826403939063
18300,10.306346589099139
18301,10.055201212882483
18302,11.127903995726498
18303,9.867314219624797
18304,7.175886416003176
18305,8.975688761244504
18306,10.029595238784484
18307,10.157493944429586
18308,10.8086793751351
18309,9.391911407970433
18310,7.0750882267184805
18311,6.331138027113301
18312,10.707142495530334
18313,10.838954373340243
18314,8.19658662758101
18315,11.155401235136798
18316,12.086206411215196
18317,8.47918277250773
18318,8.961056960429316
18319,7.213094181984037
18320,10.065931154497035
18321,10.038197028654274
18322,11.084068416447536
18323,10.40333458856998
18324,10.202149289397466
18325,10.210976083481219
18326,8.735176034734577
18327,5.23242992307763
18328,11.380825840822919
18329,8.25238607003766
18330,8.723806051491842
18331,7.2602874413427205
18332,10.60257033880844
18333,7.6197662805525015
18334,7.776486178990696
18335,7.676127935069847
18336,10.644718985874341
18337,6.149069956222272
18338,11.513727297344651
18339,3.6435452827060195
18340,7.1706984928089454
18341,11.519984067941753
18342,10.349930152437407
18343,9.192342773042453
18344,8.019915386581648
18345,7.796442792331804
18346,8.942365426623917
18347,11.896729575748227
18348,9.109321999094592
18349,11.282111404940148
18350,11.222822163632292
18351,8.534694226167433
18352,17.915159577024443
18353,10.415648017180544
18354,10.169150076395011
18355,10.082433512612182
18356,13.778599775671267
18357,10.216743434381161
18358,5.489255412880057
18359,9.078253912890304
18360,9.559707923796083
18361,9.518179123476536
18362,10.42112767228431
18363,11.559870951448195
18364,15.417618590959043
18365,8.117631035862797
18366,10.750779049540661
18367,8.453712435065647
18368,4.086764293522122
18369,9.62366695718698
18370,9.554072834737642
18371,10.568942669224247
18372,10.454931352061495
18373,8.206223005788397
18374,10.339501016472642
18375,10.011969009318388
18376,10.042293278494078
18377,10.443228066481108
18378,9.8599311379977
18379,8.022857717585206
18380,11.518254615021188
18381,11.316433454363054
18382,10.87181267940493
18383,9.87200061363471
18384,8.674861669125216
18385,11.78255522837137
18386,9.688840965836565
18387,8.08331149136972
18388,10.673355196964616
18389,5.236922072035486
18390,6.270731891627263
18391,9.116724697184374
18392,9.112921375332146
18393,10.132555364004867
18394,6.889258592597413
18395,10.115966757835952
18396,16.40686412450015
18397,10.650044838367517
18398,11.359717351581006
18399,11.694720097499616
18400,14.31060082673394
18401,9.872847096007224
18402,7.166221204945718
18403,10.523635156076843
18404,8.624698103532527
18405,9.963090791872435
18406,9.096148180026548
18407,10.878351817132621
18408,10.6077809206738
18409,8.60115926755968
18410,8.824045594833386
18411,9.563902425202357
18412,8.98645672681458
18413,8.114617724523335
18414,10.954558544620873
18415,9.951681854262345
18416,11.002923284533145
18417,12.370697715350015
18418,10.733515266720367
18419,10.240119552530816
18420,7.941058827583697
18421,11.109947966098616
18422,11.903983893313644
18423,11.96475695444764
18424,6.38697787649648
18425,9.789001175639047
18426,10.737010417341525
18427,6.306023496012005
18428,8.22539522772906
18429,6.96691759960761
18430,16.4493773392057
18431,10.24332325546245
18432,9.258034745534715
18433,9.012588356429951
18434,11.992130736253934
18435,7.382141421037736
18436,11.97921644301732
18437,15.82245125678603
18438,9.169480108459378
18439,8.763445037734988
18440,6.048808528753921
18441,9.770840856224405
18442,6.309621199978219
18443,8.52910286757458
18444,10.365748012395233
18445,7.295384652230146
18446,11.595748014798117
18447,7.941955906154465
18448,10.714039445563785
18449,11.149589629563966
18450,10.436343030992303
18451,10.432734520451504
18452,6.970208152963345
18453,9.084150981882715
18454,5.978242842477115
18455,9.005336492701195
18456,11.274287742568179
18457,11.056087453495486
18458,10.35634899021563
18459,9.834834280122504
18460,10.356981548759151
18461,11.417636787981113
18462,6.9115323160607245
18463,9.200531896062502
18464,11.646672365896505
18465,9.740146579246185
18466,8.14010274189928
18467,5.510362453836863
18468,14.946777074296584
18469,4.913636909299531
18470,9.194519874045524
18471,4.946975627786372
18472,8.904419828338309
18473,9.925779523567442
18474,11.63242991228686
18475,3.5720186435105035
18476,11.564325635252292
18477,7.393025695192584
18478,10.253133749450136
18479,7.882921973132757
18480,10.08318808731968
18481,14.495274822451158
18482,11.145272279206974
18483,8.79280403055504
18484,10.999541482845611
18485,10.420339580925027
18486,10.349371927623146
18487,10.288799480683906
18488,10.48789589244292
18489,9.211368193809577
18490,8.911275857440742
18491,10.993221764806613
18492,10.221533070454218
18493,10.925246608533891
18494,8.974921360406409
18495,11.99533654202591
18496,9.73452433445714
18497,4.6654777103916585
18498,10.356522303704171
18499,10.219244613480749
18500,7.440440835129779
18501,9.785572846387245
18502,6.129363996907718
18503,9.859709455587783
18504,6.159492742276578
18505,11.15233894340451
18506,6.218519871308524
18507,9.850235430083742
18508,7.143483267440645
18509,8.715483566419282
18510,18.959679114878558
18511,11.548390422367483
18512,10.51173467211815
18513,9.961679642089432
18514,11.378187702712804
18515,11.54919618556473
18516,6.290508559456326
18517,9.416171663685114
18518,4.676400128561915
18519,5.021230961308432
18520,6.686674419078267
18521,7.542694638246672
18522,10.02775445130168
18523,10.119741619937917
18524,15.597181464073287
18525,8.831696449010863
18526,8.875543374360024
18527,9.812769162483256
18528,13.395252061440619
18529,8.827345250740214
18530,10.153319624944318
18531,12.214983326413737
18532,10.581109455828487
18533,9.854468550460595
18534,7.327138356249079
18535,9.667834379618023
18536,9.103267893837328
18537,10.094915141309388
18538,9.65622353719009
18539,9.862600306992109
18540,9.93095698265495
18541,8.020089490467596
18542,7.8364949504540125
18543,6.994908095306425
18544,9.657076244081505
18545,8.004801838650772
18546,8.041245384794692
18547,9.015524324110814
18548,11.359865968158575
18549,6.409536761157748
18550,9.798148173225705
18551,10.382318520302613
18552,14.796081374928532
18553,10.499533197542744
18554,13.41515194102624
18555,14.80295571639316
18556,10.25852077809414
18557,6.954972197549327
18558,8.903280778282056
18559,9.579156531779828
18560,5.89049024631355
18561,6.024936252408089
18562,7.050479983127923
18563,13.05898074790363
18564,10.233481882372308
18565,10.887148900629713
18566,8.754891973947926
18567,9.784582279122324
18568,10.313252315719765
18569,11.367047619005307
18570,6.471922743136338
18571,4.893193511688919
18572,10.013289419683758
18573,8.618813609082547
18574,10.759118223782789
18575,8.27147426497066
18576,8.236389002255224
18577,12.243993172960803
18578,13.552552572345894
18579,10.324056484614971
18580,9.925614054509186
18581,9.814770731279587
18582,10.856065096468917
18583,6.0912083782029445
18584,10.639974228847814
18585,9.284313902616812
18586,10.726842847183757
18587,11.833977475434486
18588,7.020051880208692
18589,10.098645221634944
18590,10.968554201207018
18591,7.829562080119674
18592,10.779577623582272
18593,9.890227345895932
18594,4.022777633318817
18595,12.121107664023512
18596,5.136461943956176
18597,9.944581421810458
18598,9.194380625301724
18599,7.266366247134855
18600,9.906272328145967
18601,9.672480474654572
18602,14.383549641783242
18603,12.381906332581094
18604,10.97371017563022
18605,12.052359658199299
18606,9.85020103982297
18607,6.394391422483604
18608,9.524408461526095
18609,7.1372247610451955
18610,12.511847137561777
18611,14.620059427752649
18612,9.079465819302548
18613,6.043150907073087
18614,10.720643716586418
18615,9.347393166437449
18616,6.148966132753948
18617,8.612581471310781
18618,7.157585481182863
18619,10.372409967873761
18620,11.032508624304125
18621,5.359380386821475
18622,12.505247933163648
18623,10.254987028602127
18624,16.355038056805483
18625,11.42200540137745
18626,7.173171746143316
18627,9.751775606546207
18628,5.085736930543545
18629,7.958211156645216
18630,10.453395536437862
18631,10.904268646132659
18632,5.373473280944725
18633,15.665248672859455
18634,10.012869306554855
18635,9.59522057743036
18636,10.15363159637196
18637,11.265599194086194
18638,11.087099075071954
18639,7.635849170692393
18640,10.78856982661475
18641,11.026398797555352
18642,9.92933190771895
18643,8.556296021584167
18644,11.11732664449839
18645,8.119098318500326
18646,11.26690545129647
18647,7.058660108958284
18648,14.676855164307076
18649,7.785093574708266
18650,14.655980985457557
18651,10.0070636397392
18652,10.116377454279741
18653,10.05450239407844
18654,12.29331806955391
18655,14.947792223479263
18656,6.169417214893177
18657,16.030451087309757
18658,8.180123132419274
18659,8.30475649600607
18660,8.200902942529753
18661,10.181703480306314
18662,10.108785232511527
18663,13.313835799354656
18664,11.557598750964306
18665,8.306187610553684
18666,5.985592004336999
18667,11.446276013981858
18668,7.9495067948841145
18669,9.633403216460747
18670,6.243331142702064
18671,9.00661371002963
18672,11.019255005721766
18673,10.344137579982652
18674,12.630176117825402
18675,10.905076350638392
18676,13.9432643835686
18677,9.42861268319924
18678,7.3062793944130995
18679,11.707634733483042
18680,10.979666220490218
18681,10.529032074785462
18682,9.58046331791138
18683,9.522428972767456
18684,10.490507691929956
18685,5.234594923936577
18686,6.0698624444900435
18687,12.569444505310605
18688,13.847245809364916
18689,4.983108904040055
18690,10.99862912003176
18691,9.69381316666349
18692,7.030318935684705
18693,10.792480497601884
18694,4.740489751524897
18695,9.824062104134732
18696,10.170324723445539
18697,10.369064422837347
18698,9.00236362232047
18699,7.980090475820344
18700,6.2305911787161055
18701,7.152456490475424
18702,5.915758316378209
18703,9.291812088350529
18704,8.947265809780246
18705,14.777384096755279
18706,5.9212321151249325
18707,9.590908133302152
18708,11.117745383491627
18709,9.272222654735895
18710,9.767486341820064
18711,6.906305604376947
18712,11.786105241144627
18713,8.29270458005639
18714,11.519469351380733
18715,9.889038486709978
18716,7.116683266233889
18717,7.818898672291022
18718,10.02767653452918
18719,6.458271874765552
18720,8.934105450177732
18721,5.81692657562363
18722,7.077559352996732
18723,6.421656069112178
18724,6.979452445638195
18725,8.847039414703348
18726,6.072838705961222
18727,8.037939290862369
18728,13.023880084193431
18729,9.448772324650408
18730,10.845797288391411
18731,6.095126790448085
18732,11.155841831573428
18733,10.516942373538267
18734,9.389686634392177
18735,9.145340281522259
18736,10.094040278962316
18737,11.613349001508361
18738,7.690253870290947
18739,10.077203381587832
18740,7.108617754221606
18741,9.395820757223108
18742,11.700592692478489
18743,6.210161677799214
18744,9.819637757190566
18745,10.539426741569995
18746,12.298048001223645
18747,8.7151428903102
18748,11.1060696896281
18749,8.17570217536732
18750,11.076990909363197
18751,9.808536282064589
18752,5.276205485718037
18753,9.9834133242499
18754,9.312390833966717
18755,7.060317885662079
18756,7.926565904131406
18757,7.308088554934119
18758,9.553670037891406
18759,9.836002556364878
18760,10.271142095865963
18761,5.093683977776593
18762,9.509806839470796
18763,9.812473077475127
18764,15.241857318477827
18765,10.439755041876042
18766,12.978050961787124
18767,10.350265477240836
18768,8.640356550297843
18769,10.474811181597499
18770,10.683430299812953
18771,10.317846156563641
18772,6.133091121172427
18773,13.17974273100306
18774,12.897897137768362
18775,6.298626756673396
18776,10.129366961391458
18777,7.825051215470184
18778,11.662778240898332
18779,7.0273830366720595
18780,5.277762310093308
18781,10.852357302474886
18782,14.091134674032585
18783,11.236698345628477
18784,9.298541313997223
18785,10.395062598641609
18786,16.29522522395506
18787,11.32230135133504
18788,10.303660465235776
18789,5.375961249070521
18790,16.274576245760652
18791,9.955515450068578
18792,10.769280937775727
18793,5.230629142281126
18794,9.929232268436358
18795,11.1067206236765
18796,7.378359919993505
18797,8.605717622304526
18798,9.25938384329661
18799,7.659868968099403
18800,7.8218405019840125
18801,12.012490350091552
18802,5.351344234030628
18803,10.012708346722329
18804,8.120358049877494
18805,10.374230476713265
18806,13.791014209883803
18807,7.796651073454144
18808,10.716956679956494
18809,7.176043403537388
18810,5.462386775829422
18811,10.766969697191646
18812,11.278090851033078
18813,10.239208880005583
18814,5.136615963972121
18815,9.811976703401577
18816,4.864306720396108
18817,10.61682432365971
18818,9.986452594415619
18819,7.022589963267248
18820,8.925514651904413
18821,9.958972639084726
18822,6.029804369932222
18823,4.04159533971526
18824,11.846349701852981
18825,11.727247189273644
18826,9.9286669926377
18827,4.070624179570692
18828,8.957327673975836
18829,7.790196817681098
18830,10.133974495513582
18831,10.587650059875282
18832,7.027214718575242
18833,7.244353150277166
18834,10.95539027803732
18835,5.07428857249711
18836,8.8101511634002
18837,9.516749433798482
18838,10.450208801257372
18839,11.418239639360207
18840,14.018677397023469
18841,6.777345423695894
18842,7.603227733117343
18843,4.06289374537422
18844,7.8166844937593964
18845,10.131327575498718
18846,7.535296389061844
18847,7.656206461417499
18848,12.645042770692369
18849,6.966802976800313
18850,8.478690909482633
18851,14.092142621913435
18852,10.440947755356198
18853,7.115254676188517
18854,10.729189295921543
18855,11.084796258489414
18856,8.991734984329556
18857,8.714688023417288
18858,8.927156925946175
18859,9.621265806098668
18860,8.682313621564024
18861,10.540945610513372
18862,6.140828238126672
18863,8.851408931197335
18864,6.12263436255925
18865,11.60337948363924
18866,7.598337157686527
18867,10.848162865181717
18868,8.899128025948155
18869,5.936686895605751
18870,6.956676601524329
18871,9.158920710204509
18872,6.354018964974342
18873,12.50474442157979
18874,10.729360238665992
18875,9.070653801613163
18876,10.718268227141575
18877,11.365355184647806
18878,9.502856314232327
18879,8.785154359755841
18880,7.863648982238142
18881,10.794067623642388
18882,12.500890362421638
18883,10.866654645163344
18884,9.29149784410805
18885,11.492827522368867
18886,12.22556883236828
18887,15.243841953574647
18888,10.874140600360153
18889,7.79791823642662
18890,9.7257378654486
18891,12.446178267190513
18892,14.805113350061577
18893,10.957220204278538
18894,5.368703830361105
18895,9.487802181756553
18896,10.362195274387688
18897,9.317377624669557
18898,9.769259212983933
18899,10.31516544787567
18900,9.826175762719323
18901,10.481731892455723
18902,12.126990079539183
18903,7.487757034936916
18904,10.772483246227274
18905,11.28379991173134
18906,10.719152053490353
18907,9.534704271234965
18908,10.142069415025048
18909,9.253459615228072
18910,6.06438711253164
18911,8.526038038728426
18912,10.70059203204691
18913,10.148098390230436
18914,10.031062049541822
18915,10.079490483631394
18916,16.663891966844048
18917,10.7234354806702
18918,11.940365048024201
18919,10.538851208960518
18920,6.58706087176466
18921,9.784830645561126
18922,4.036562955280715
18923,9.079468677907695
18924,14.681872418015299
18925,12.610434925820185
18926,7.027084236610772
18927,6.41951249428124
18928,7.015825722009414
18929,9.091714527997322
18930,8.188975724087323
18931,7.030393139295063
18932,12.8230178222648
18933,10.09394787374007
18934,11.312485479384852
18935,6.032640192059235
18936,5.31325363430881
18937,11.916558257311463
18938,10.238032910840815
18939,4.885158524825982
18940,9.797653999760863
18941,9.755436457919572
18942,9.9272610601396
18943,10.364748968607145
18944,12.766699488740127
18945,7.896738545912997
18946,11.15949724286901
18947,9.633076998965763
18948,7.501270865857887
18949,10.33597433591881
18950,10.771588340838843
18951,11.144950125037592
18952,9.153728477059822
18953,10.111160148860419
18954,8.852209727462647
18955,9.504096230720547
18956,11.11059433531047
18957,9.071987347602553
18958,11.29276108513707
18959,7.504086616438125
18960,11.753506226958528
18961,10.402763513855328
18962,10.543754445352452
18963,11.98820187036831
18964,9.152918647063398
18965,6.429634488779928
18966,10.590439650639379
18967,10.85417691052868
18968,8.482681286731019
18969,10.53442192879577
18970,13.923242286120825
18971,10.669679881717805
18972,12.850813618380549
18973,6.998741386160621
18974,8.672984273315823
18975,12.729435721735808
18976,9.655977519547301
18977,9.391005407905599
18978,11.242953494982256
18979,10.718137242603369
18980,9.088815099375987
18981,9.984265003915704
18982,15.744166196573698
18983,8.96109557447398
18984,9.949525603213214
18985,15.010902015890773
18986,9.936774143305058
18987,14.466464663511264
18988,10.441246853277686
18989,9.848732110057712
18990,10.904897950190641
18991,4.844700081890526
18992,10.112758583831448
18993,12.514608563839653
18994,8.928930076498972
18995,6.271424586868968
18996,7.057789484702292
18997,6.1297227939943255
18998,10.711074306200775
18999,14.000829577610574
19000,9.93726972793409
19001,10.528838986343265
19002,14.22405164308514
19003,8.297835603068126
19004,9.824653467983206
19005,10.174482585613388
19006,7.584829257004525
19007,10.167806554928722
19008,11.384990756529769
19009,9.971527641061925
19010,6.819280208700696
19011,7.0630477047420595
19012,13.060455542775376
19013,9.016642580037402
19014,9.145074536097972
19015,10.131317946932313
19016,8.594514116958152
19017,10.288603788315573
19018,11.038468491540929
19019,9.887581475788737
19020,5.470255359509615
19021,10.744240925758088
19022,9.769162960450526
19023,10.076911704225425
19024,14.788238326378847
19025,6.113883296877614
19026,10.858271700504911
19027,11.622232356863849
19028,10.74273920835856
19029,9.551523681079265
19030,10.902910236681121
19031,7.804787992254842
19032,7.186243739194635
19033,10.671050814047708
19034,9.926690196003998
19035,7.852588045079237
19036,9.75919932697922
19037,8.262380460773862
19038,7.182582304302077
19039,10.192128358404652
19040,6.158858920022098
19041,9.664270451596373
19042,11.167129154157388
19043,8.264211238296026
19044,11.244164002214966
19045,6.848532906814785
19046,18.904418572560903
19047,17.40330099495903
19048,12.804247602513476
19049,10.562057602681856
19050,9.106009978464021
19051,11.530588846528365
19052,9.069752510124204
19053,9.50177171582665
19054,7.03501339135281
19055,17.13276889844697
19056,15.198605151120079
19057,11.296995522246755
19058,7.251328063087646
19059,6.760858959566807
19060,7.787677719392409
19061,11.073803340724425
19062,17.2893377987095
19063,9.195822803346687
19064,10.404203279289886
19065,9.716997030234856
19066,8.383934956904515
19067,9.718732808574643
19068,12.243035474290444
19069,7.04201102020144
19070,8.215235636025998
19071,11.442450999358062
19072,9.293660595259151
19073,13.211599483414876
19074,13.29485672001488
19075,11.411679010246015
19076,6.036936015869007
19077,10.582367503792689
19078,9.493400718040762
19079,7.215079213987652
19080,10.964840007288931
19081,6.045432544551734
19082,8.303160305360782
19083,9.910122875093718
19084,12.344831007560902
19085,10.967042635280134
19086,4.994578794974143
19087,10.566348063678161
19088,11.573836141517237
19089,9.467070959486897
19090,7.260261164149986
19091,10.12503617664149
19092,7.124351748853847
19093,11.37527846406289
19094,6.94847899820611
19095,8.200514643098211
19096,7.37181793701653
19097,9.031677755758476
19098,8.014630594224396
19099,12.114628444604149
19100,9.52181237476262
19101,10.312015641739832
19102,12.467755240749065
19103,11.208784752983222
19104,9.02958972495249
19105,15.55050399352628
19106,10.153913692569706
19107,8.654251239725344
19108,9.914297335045251
19109,9.012492965107267
19110,9.484168580060484
19111,9.115071289235562
19112,8.255343285814343
19113,6.107357509960604
19114,6.4362018462256065
19115,9.145921092173998
19116,11.947920769377951
19117,13.223448249657425
19118,10.026346826994406
19119,13.958301031242577
19120,4.732652166246254
19121,15.012846204473373
19122,5.6375660695497825
19123,9.426307352477991
19124,9.245213030956306
19125,5.999555804808052
19126,7.99444082283112
19127,12.176257055464138
19128,12.581744709595707
19129,8.356495073822714
19130,13.004879571045972
19131,9.24421938975323
19132,7.137680547322728
19133,13.482529335555972
19134,11.192434561237523
19135,9.880169822889417
19136,13.114710845470118
19137,8.030469700410707
19138,4.775400449830598
19139,6.498117587383684
19140,7.001526434447072
19141,10.690037829820138
19142,5.078661121267216
19143,10.07874746901315
19144,6.059184724113191
19145,9.71304584242657
19146,8.841766276906563
19147,10.385839965882624
19148,9.920760522258918
19149,9.868446907628586
19150,9.28551077802745
19151,10.16345790380267
19152,9.415839656232531
19153,9.189447850700065
19154,17.878724257621005
19155,14.469795378486282
19156,10.701120549156887
19157,10.746378216760457
19158,6.070985827951821
19159,9.886665310782508
19160,14.331337289701281
19161,7.63172340790059
19162,9.162894829504772
19163,7.147787947642172
19164,8.885758104629891
19165,11.209524421292073
19166,4.565894065753431
19167,9.272776048234844
19168,8.908818079935791
19169,9.20223583344917
19170,10.789470262520458
19171,10.271818001999055
19172,9.759984067708608
19173,7.862044501784194
19174,11.113400395040568
19175,11.893635925937245
19176,6.083995180675542
19177,8.670319262862947
19178,11.330921114545378
19179,6.445015232574252
19180,5.281092372353475
19181,9.894029055682424
19182,7.072684448478927
19183,15.283252981354318
19184,11.546954391938495
19185,6.256615740886882
19186,9.526846436369809
19187,8.08206802037588
19188,11.670359313219667
19189,11.505073927714381
19190,7.759343638854453
19191,8.319270638936116
19192,5.304384283223295
19193,9.163050462786606
19194,11.60727674459766
19195,8.06847941600089
19196,5.117360535287767
19197,7.10221471707512
19198,9.58038322630517
19199,6.965158451811673
19200,16.644629650922383
19201,9.76418749227365
19202,8.806398360682223
19203,10.367079142402666
19204,12.230542071154572
19205,10.067066154977095
19206,9.304333682385423
19207,8.639759456579744
19208,13.903821237249739
19209,7.540458724228507
19210,8.871836819985434
19211,5.923854112484173
19212,9.190392980869058
19213,10.04715140712944
19214,8.922935102908227
19215,8.602976592730222
19216,7.075057507098539
19217,9.054094109259239
19218,6.914670182046495
19219,10.829606297887914
19220,11.266604536694611
19221,7.755926853960836
19222,14.155846925985397
19223,9.98750593409592
19224,7.160710817216208
19225,14.565152889095152
19226,7.0309582122877305
19227,10.27846655340039
19228,7.339303610983292
19229,9.865526846500003
19230,8.158493045239556
19231,6.19143426637281
19232,6.899088446708623
19233,10.542885850505366
19234,11.109805620329961
19235,9.048360267258097
19236,13.249299277768714
19237,10.904157414659421
19238,6.999641282852856
19239,8.22893152548121
19240,7.772445628244807
19241,7.574653815606165
19242,9.637924882456666
19243,8.795935167005137
19244,11.25554168214389
19245,9.71860974815009
19246,9.6436332932157
19247,7.216568650741258
19248,6.914551754073358
19249,10.830961638250004
19250,10.211492219683416
19251,9.174434194069738
19252,14.171520352344794
19253,10.621419002153385
19254,13.304078638538902
19255,8.131812924131093
19256,10.165599357956019
19257,9.309804382305831
19258,10.345614351475545
19259,9.919132479786727
19260,11.68893109021454
19261,10.591792407252937
19262,9.752711278214788
19263,8.674300592494044
19264,10.940204953305813
19265,10.956384265757729
19266,6.790963202711868
19267,10.212129974693722
19268,8.451478463432693
19269,8.248324115191732
19270,9.331294784767342
19271,6.994634191216185
19272,10.96309976786186
19273,13.19829344875423
19274,9.69349945836197
19275,9.386117025641935
19276,9.654492681367284
19277,8.775778940401432
19278,9.676980512487795
19279,10.42816375029284
19280,10.248342426557288
19281,6.968334408596046
19282,6.159150156801173
19283,10.217199137550448
19284,10.56421613899551
19285,15.8275065834595
19286,9.708850977719607
19287,10.433258913282508
19288,8.302866104606704
19289,16.353529653377063
19290,8.050814600206845
19291,8.580618800855579
19292,11.144493635113104
19293,8.904873223305042
19294,12.43210306464706
19295,8.624756752444819
19296,8.301397783091291
19297,12.117094217921874
19298,6.633264365257151
19299,10.834137445058172
19300,4.693939678260825
19301,8.227255849759317
19302,7.095438183985372
19303,7.00307939987605
19304,15.531342475229195
19305,8.810581923338196
19306,10.277510605388493
19307,7.300633028664872
19308,6.787332613558597
19309,10.512989911337499
19310,9.343252725461296
19311,17.248040985307703
19312,11.655651528927583
19313,12.082951124399738
19314,9.55161660693497
19315,9.28965352221253
19316,12.958484346080972
19317,9.64095867696012
19318,9.761815140383183
19319,9.599608526585858
19320,7.159558087111452
19321,13.161812887249788
19322,10.132511002230213
19323,9.284730571076803
19324,10.39446178359415
19325,9.706124925489046
19326,6.930903092805982
19327,8.713335869896182
19328,13.108405078249085
19329,12.251485499208368
19330,5.568118623841151
19331,10.07835873894672
19332,10.603368486229865
19333,9.89451308228255
19334,13.237394742122673
19335,9.491054724397172
19336,14.08731917130822
19337,7.94685966062805
19338,9.01654751149363
19339,10.566334820330402
19340,11.123498278699133
19341,8.573441847876978
19342,10.215570926457012
19343,7.03520998021866
19344,9.469269541041353
19345,11.532213949599047
19346,11.203604437373759
19347,6.347206507495748
19348,10.333443630153802
19349,10.889473409464754
19350,10.755223189584044
19351,10.91463174394248
19352,9.238572141193588
19353,10.813056649833024
19354,4.980536393850813
19355,10.598824419151391
19356,10.09008766024053
19357,4.391612225607069
19358,11.851956953475511
19359,7.010436606780649
19360,9.583230381372948
19361,9.02272576723282
19362,9.152915031070378
19363,9.974420443690134
19364,11.408859871942795
19365,5.136750609304611
19366,10.714788752090646
19367,9.848210704519584
19368,10.31643543040933
19369,12.18487561138865
19370,8.578644292514682
19371,12.063192106737013
19372,10.282269782265441
19373,11.110812434006265
19374,5.030285913221149
19375,4.543459983713851
19376,9.593894970317345
19377,10.724463206747957
19378,10.98523843998361
19379,5.328732351808473
19380,8.989762135296505
19381,8.516314524883816
19382,7.645807151536265
19383,7.933593613231766
19384,7.784566839191854
19385,6.919376532101589
19386,6.4579021460320085
19387,12.750163236732266
19388,8.475902848640736
19389,11.413517441238131
19390,11.90401053173427
19391,10.066618161040557
19392,8.85263864978105
19393,11.666600275925493
19394,15.188662913930504
19395,10.968024133013703
19396,8.92111619788381
19397,10.530186308483005
19398,10.195846651133312
19399,11.258079616890306
19400,11.416206322893453
19401,12.300011962605376
19402,11.090439560191404
19403,11.483952667572503
19404,6.396251166935055
19405,15.695629460498788
19406,10.582394221700076
19407,7.285683043252263
19408,6.922707066083784
19409,8.13604562517784
19410,9.240936806929714
19411,10.014640223858658
19412,8.981360552736112
19413,7.470358420289081
19414,8.654527637687012
19415,11.164739578992947
19416,7.037847674217494
19417,9.124074241275764
19418,10.59352723830207
19419,7.805166635899976
19420,9.580410721582233
19421,6.007140550053388
19422,10.205226047891115
19423,15.38118479113452
19424,7.455851435817125
19425,8.853445913671179
19426,9.464429337715648
19427,6.6836102586258255
19428,12.641354763850686
19429,6.639105577709458
19430,10.296082155472178
19431,10.282154606122047
19432,10.560175890749845
19433,11.1186160397967
19434,8.830721321558155
19435,7.015178440248486
19436,11.260418411379556
19437,10.292568342739095
19438,7.199364586151359
19439,8.387175857353652
19440,9.537637102653866
19441,9.161371586004131
19442,6.376481635849919
19443,10.28780030421051
19444,13.04071977421572
19445,16.107767033056763
19446,13.94601850898118
19447,8.062854078901212
19448,7.6543891085730795
19449,9.290319807044876
19450,10.701221467846288
19451,6.333301173316376
19452,13.23004175067433
19453,10.622278892299104
19454,11.060216304994027
19455,7.552267538274994
19456,10.795827655281268
19457,11.327615737855558
19458,11.969238282221987
19459,10.580772596026994
19460,9.108268060745598
19461,9.620582657020305
19462,10.594072846622144
19463,10.56082384567058
19464,6.957538344902072
19465,6.976917481588238
19466,8.626730043526335
19467,11.322601800425332
19468,15.310950026746475
19469,5.452091956494515
19470,9.775177028986892
19471,10.002966328890754
19472,10.158396863619126
19473,14.025882306309741
19474,12.544528071722286
19475,11.277322218877462
19476,9.768424563300607
19477,9.93668907831165
19478,7.084911955853461
19479,10.167739484432289
19480,9.609567750846386
19481,9.820440018707847
19482,13.687967170768964
19483,10.463607323197396
19484,11.979034786844199
19485,9.002666446084373
19486,12.597494445896327
19487,7.062405282603873
19488,8.519947712949362
19489,3.91716628992876
19490,10.735636105291677
19491,11.426260336171877
19492,10.516589154739748
19493,5.500593871219526
19494,10.600281515992014
19495,7.922878340199481
19496,10.973183693055223
19497,10.191681443701215
19498,7.226358724682626
19499,9.335870116891206
19500,10.837638971921516
19501,11.928630699596846
19502,15.70601143567601
19503,10.032126903936321
19504,10.027651241546774
19505,15.798333866976137
19506,9.998872316558224
19507,8.587709172654858
19508,20.39957463389175
19509,10.46921385551251
19510,10.437514269471457
19511,9.888195030608026
19512,10.0565479795358
19513,10.613649034948375
19514,10.042703462710906
19515,9.630298634063681
19516,9.251834763594887
19517,10.369206612380577
19518,7.443752439266021
19519,11.04471751693814
19520,11.785557322029849
19521,9.954723267956133
19522,10.541111519690917
19523,10.608486777864892
19524,9.902754986669558
19525,11.512502110735667
19526,13.207336922787453
19527,11.038828779159573
19528,10.791234098875334
19529,10.786228432400911
19530,8.564716793243917
19531,7.055727145511
19532,10.898296068850783
19533,9.544944156653884
19534,8.715085005050359
19535,12.703824121937084
19536,8.39492202530652
19537,10.71381400261062
19538,12.98489096306069
19539,10.511556491921858
19540,13.808793097874014
19541,7.65640747910438
19542,9.8194904631552
19543,11.168966596107255
19544,9.069913849866088
19545,9.574664010513661
19546,13.554176329035393
19547,10.163960272671124
19548,12.059243993494384
19549,10.773835705050077
19550,10.007330520880767
19551,9.971387639958
19552,12.295182065052487
19553,8.256089801853687
19554,10.324399538961378
19555,10.035945420958583
19556,7.86838071535955
19557,12.073740553363816
19558,8.98103909938811
19559,9.581989850820234
19560,10.9439342045147
19561,8.064420012396129
19562,9.296090520311477
19563,7.118334300311259
19564,9.142253895312558
19565,8.923168780248291
19566,6.984779576356569
19567,12.833326241684675
19568,7.771746163944167
19569,9.876772267046743
19570,10.36376402129229
19571,10.000744886819874
19572,7.129452338869919
19573,9.963081043778566
19574,11.13361599969286
19575,8.822675523860656
19576,8.887262075337414
19577,12.427325310158968
19578,6.575989962280237
19579,4.687884494612767
19580,10.473213894290174
19581,10.314967096232053
19582,10.93674269244267
19583,9.437672264658291
19584,8.991667909762876
19585,10.592262360109935
19586,11.364858411023821
19587,4.118100574918117
19588,9.001498234120056
19589,8.832160728094827
19590,10.935509102150696
19591,6.805244106651536
19592,12.956126103413908
19593,11.57931484908225
19594,10.187767347614038
19595,10.385980059868778
19596,9.162754945681337
19597,10.919445025534106
19598,6.396976266049958
19599,9.413486219164822
19600,7.421959340524483
19601,11.171688216321362
19602,20.451767204916987
19603,9.791473095659693
19604,10.593470519450214
19605,12.899301343842327
19606,5.08676975582925
19607,8.121499205859566
19608,10.590499650588772
19609,9.138370798299329
19610,6.1227498036248775
19611,19.059016973774575
19612,6.950041219588747
19613,11.021804742930094
19614,6.010088431204962
19615,13.930891181376102
19616,6.242303417718813
19617,8.394560636272661
19618,6.022146882789837
19619,9.923209715463152
19620,7.897472202058367
19621,11.150659890087894
19622,10.997594561450303
19623,7.120341450933941
19624,4.5395225434333835
19625,16.206057251684314
19626,14.648080803455315
19627,10.834507654543257
19628,11.94992912212269
19629,10.21870728142401
19630,9.173366990555582
19631,13.25143616171716
19632,10.513054291778584
19633,8.85862595107037
19634,14.678636596012314
19635,11.031186433487283
19636,11.076927621685915
19637,9.97079519039449
19638,7.267840977709617
19639,7.26341914294303
19640,7.004086666828968
19641,11.045649115263833
19642,14.275653927089122
19643,4.488495049399896
19644,12.748502447286558
19645,6.955828282533914
19646,10.128570150870122
19647,9.26425083256172
19648,11.0573184250156
19649,10.986071409078656
19650,4.496069312057045
19651,7.246493477156614
19652,6.708920898877871
19653,7.63716641958391
19654,9.76217563885151
19655,14.201882785690653
19656,10.135063025322715
19657,13.943958039703574
19658,11.445535940163856
19659,9.179171562183814
19660,9.230365132556406
19661,7.798311867834887
19662,10.089216380705075
19663,10.111181690828051
19664,10.201296853307138
19665,6.874882120584308
19666,10.096510713956318
19667,11.04216047856991
19668,9.470746216149692
19669,9.218981812162433
19670,8.523647085978066
19671,7.815182362328919
19672,9.389765705003924
19673,11.124593073196001
19674,10.644791465681783
19675,9.940033152909002
19676,11.041256597974845
19677,5.079068749557612
19678,10.717073566253069
19679,11.714365329203659
19680,11.209383796726224
19681,9.71279464169758
19682,9.785238241868283
19683,11.632365271606554
19684,9.32885279774653
19685,9.1477086672699
19686,9.936384260441663
19687,10.311674951210385
19688,11.731365405048116
19689,9.139686581036894
19690,8.470393259930297
19691,9.169831433091696
19692,9.883350233897403
19693,6.101726704296375
19694,9.28530328455871
19695,8.940831757122972
19696,8.463401812105866
19697,5.193988652482961
19698,5.559951206469929
19699,5.464566978979705
19700,13.649802322233459
19701,9.010013915646981
19702,10.649088408081111
19703,9.14635652995125
19704,11.035462564215914
19705,9.67086192867116
19706,8.83082593087114
19707,6.953224831926873
19708,6.066675641286442
19709,10.018904787419375
19710,7.03361818399005
19711,10.757127752790531
19712,4.960497958590292
19713,6.113361485560395
19714,10.216310221092344
19715,10.804375805031126
19716,10.472281938463556
19717,10.862359275791711
19718,10.012684293764575
19719,11.000220646305612
19720,10.887697101670797
19721,8.33803200527969
19722,10.514961855691126
19723,7.20054911901097
19724,8.941733585702057
19725,10.724525325416005
19726,7.797265475261919
19727,10.107701467761668
19728,6.322484946334978
19729,7.591616048767051
19730,11.693922914160783
19731,10.356365397280657
19732,12.188338926645967
19733,7.606855607961595
19734,4.091315069394216
19735,10.0627914278415
19736,4.061268707866255
19737,7.176050273645886
19738,15.473529456540552
19739,8.981407989755297
19740,11.352923140419477
19741,7.046121799740195
19742,4.830029122359379
19743,9.805343930335376
19744,10.497152766432734
19745,6.631717399160888
19746,16.328832436212586
19747,3.944371941099332
19748,10.928400788482778
19749,13.835624251816188
19750,16.41835627480995
19751,10.095679510997254
19752,11.466803566955555
19753,10.217425794081706
19754,5.151617984287783
19755,10.45674817488501
19756,9.227258338970778
19757,6.997229009228844
19758,11.959768102878577
19759,8.144446907445994
19760,6.984068770135655
19761,7.161521261680959
19762,8.38869046739565
19763,10.455625896946026
19764,11.410654606762577
19765,10.296070727395213
19766,9.24555042140178
19767,8.23727760578997
19768,11.14167249643772
19769,10.40405606280033
19770,7.943726243409697
19771,11.15228106114693
19772,9.66589253094521
19773,5.024680943584692
19774,8.805922342220041
19775,8.71594569454356
19776,10.593373531877246
19777,12.007631628286829
19778,7.0113350736451014
19779,11.189404279269622
19780,9.602601476242945
19781,11.565246857921476
19782,10.664924020245442
19783,10.342117782482172
19784,10.08205551389282
19785,9.330902337119445
19786,9.46326794338027
19787,9.32900684850641
19788,6.176642987816255
19789,9.293991696437727
19790,6.8068785050406
19791,4.419914193043246
19792,12.265189087531665
19793,7.971483238972158
19794,9.983424341015269
19795,11.133793441604345
19796,10.930882104692595
19797,11.514708995922948
19798,8.228455349332325
19799,8.960894448374276
19800,8.758350887983463
19801,7.871922403946071
19802,12.221257644400364
19803,10.0932561361827
19804,7.164077913691779
19805,11.169625018090333
19806,13.092976758435839
19807,7.066124274502636
19808,4.71964257146201
19809,12.330471014561457
19810,11.599109756014414
19811,8.99362648279095
19812,6.997971374087667
19813,10.468582769320479
19814,10.608048535113952
19815,10.09022661666025
19816,10.177160849190926
19817,7.89453761782117
19818,9.575969392735416
19819,7.5355432675791745
19820,5.161513322562134
19821,7.599854634773701
19822,7.542678610033882
19823,11.148761873092234
19824,5.162931524297577
19825,12.1705270053725
19826,9.30030890415166
19827,9.963405211246863
19828,9.763281663231743
19829,11.153666094725072
19830,6.93519813840445
19831,9.548478463319189
19832,9.633399821881282
19833,14.134636935514601
19834,6.641344112834561
19835,10.093858243205817
19836,10.005469803748136
19837,9.369008870835259
19838,6.015845677545738
19839,10.733404562375965
19840,9.915811677914096
19841,8.246909644240358
19842,7.987759048411858
19843,8.991083975105195
19844,14.962598026100668
19845,9.160239877412916
19846,8.743325856351875
19847,8.964619623578594
19848,7.019844502013984
19849,9.39403321511984
19850,8.591728805326726
19851,10.316561680772441
19852,9.524741957504592
19853,7.661617955514396
19854,9.755797819688139
19855,9.655276278481074
19856,9.066250800702752
19857,7.518913098321054
19858,11.146906702536048
19859,10.831214572780427
19860,9.689683541320381
19861,10.458281029997233
19862,10.11090892846098
19863,8.85214863972384
19864,9.207893324155329
19865,11.178296112766343
19866,9.254102541810392
19867,9.824030053037754
19868,10.3652331288788
19869,6.282241716168409
19870,13.56266478027258
19871,8.414269492539907
19872,10.216605861650024
19873,9.709159331454712
19874,11.25533597199601
19875,13.25198197742535
19876,8.977487708460595
19877,6.444342547458645
19878,7.869098973039942
19879,11.323591999280374
19880,11.274172473388822
19881,10.170764091606278
19882,6.54214603797004
19883,9.034644595714404
19884,9.695938336939061
19885,6.972074487321855
19886,9.68455585019532
19887,10.21615345950811
19888,11.392227443322687
19889,11.037466373699614
19890,12.440452727986917
19891,9.550476450891189
19892,12.670087018023619
19893,7.484334761396251
19894,10.684393347421938
19895,10.435998541607528
19896,9.738300383938462
19897,6.354819414810631
19898,10.265772693441617
19899,9.561215419484173
19900,11.251413554709323
19901,9.333309009984593
19902,5.210959882498183
19903,7.465282373463868
19904,8.09937833019949
19905,10.127066340715073
19906,10.220296423828138
19907,6.296834980345206
19908,10.01007809925747
19909,12.104134262665864
19910,8.826602758560599
19911,9.011608703565656
19912,7.848374205145869
19913,9.48053099432414
19914,10.628199600920258
19915,8.825834234694076
19916,7.992665057243176
19917,7.011587716016872
19918,7.119538387501246
19919,9.630121255793785
19920,6.168976013476706
19921,9.580836518368205
19922,10.170041848097842
19923,9.441661709249253
19924,12.21881356967213
19925,6.524273744183788
19926,8.77259995378746
19927,14.844390493701734
19928,7.118663530390406
19929,6.410904715810567
19930,8.104741451234245
19931,9.433489736089447
19932,8.647141338714286
19933,7.0710906860570155
19934,10.13759539528952
19935,10.368280323153556
19936,9.588964561520804
19937,10.31206285047633
19938,14.402230392496994
19939,6.9774074339857215
19940,9.968618029216248
19941,10.842793125358208
19942,8.892298772834472
19943,10.407283509441973
19944,11.834559744974232
19945,7.0255337825947555
19946,12.915969348304952
19947,9.69089709163906
19948,11.35425927585208
19949,6.154128530441843
19950,9.244750518777023
19951,8.90057975796076
19952,16.47964172689817
19953,10.309830220542185
19954,12.786790091027543
19955,7.677886716480387
19956,9.458702444278595
19957,6.124118049430681
19958,4.531505988180499
19959,8.765194025964822
19960,7.253391215412587
19961,6.048787666892822
19962,7.055657205571379
19963,11.660205308442025
19964,10.070946405483319
19965,10.235281588911603
19966,10.397107216847202
19967,8.410787455628949
19968,13.246451333050912
19969,9.085031314788393
19970,8.653739531624542
19971,9.927813376735806
19972,11.797577154911153
19973,9.270294640339573
19974,9.260969974535968
19975,10.414697540879272
19976,7.13639613975161
19977,10.713966792015626
19978,10.135474781275235
19979,8.934823295389348
19980,10.82826132608964
19981,9.213891799377729
19982,9.06347874916645
19983,10.861451953992235
19984,12.18656667769216
19985,13.375531565851492
19986,6.7300053122122385
19987,10.424511437897676
19988,11.6897860083882
19989,8.99015141772135
19990,8.74019754527348
19991,5.926280585113889
19992,7.212436985549188
19993,11.359388635207754
19994,11.194866803924578
19995,8.175861078670385
19996,10.174329494074803
19997,6.980404530637778
19998,6.225709595813498
19999,9.033855083922242
20000,10.215531065049817
20001,8.159225651577287
20002,9.766392653573643
20003,5.129204347408271
20004,10.3519564940191
20005,7.109152040708528
20006,10.102074424059625
20007,10.166861004358562
20008,11.251040455654165
20009,14.24559830637556
20010,13.108967888143807
20011,12.623856570779774
20012,13.315205660321205
20013,10.434452438375486
20014,9.72790466065687
20015,9.954797435078374
20016,12.219211664836394
20017,8.474757666018288
20018,9.970839580595698
20019,12.3476923268917
20020,9.11001208417955
20021,10.189055123085634
20022,10.171632439727771
20023,9.950323745730355
20024,16.807407478199778
20025,5.783385941338986
20026,13.689149315530031
20027,9.325795246828683
20028,9.003195436837165
20029,5.449617798713504
20030,16.97082014992697
20031,12.673326839850677
20032,8.94660120983028
20033,8.971845631283363
20034,9.23125294310234
20035,8.69491482116477
20036,7.016636770645851
20037,15.130167220171677
20038,11.888592789621256
20039,6.486883524134264
20040,9.175313321699274
20041,14.588477128786872
20042,7.199408684913333
20043,14.854386721584374
20044,4.201651080629051
20045,10.994811707757716
20046,10.70334731881628
20047,11.270344192724076
20048,10.479675728032522
20049,10.418818201092321
20050,10.126518300398683
20051,9.340813368163479
20052,9.567589262301016
20053,10.413713761148934
20054,5.940289623043945
20055,9.764159393150441
20056,11.345845085249287
20057,8.288342634756832
20058,9.184630519154686
20059,6.083763275289769
20060,8.707402744656134
20061,8.782737680259471
20062,9.632702542457864
20063,9.780955702839076
20064,6.28543529953374
20065,10.06545588243705
20066,10.017167623261138
20067,9.222768965784473
20068,5.328648616455962
20069,15.471972098123414
20070,9.8500994977431
20071,10.105597702105081
20072,10.048094551793705
20073,13.91445944437746
20074,13.510040759513961
20075,7.001905045991737
20076,8.885040646881185
20077,8.667286795875842
20078,11.155830104093571
20079,7.096528336788683
20080,8.974950895000601
20081,9.561775793377926
20082,9.401398260056904
20083,7.080915211597049
20084,9.437940447688174
20085,7.036346222722612
20086,10.897979550963232
20087,9.715467589622362
20088,7.594544775254716
20089,12.584311830498219
20090,9.886837231104106
20091,8.762647949690757
20092,7.386475396987802
20093,9.67864543542601
20094,14.1897078282295
20095,9.292055331992964
20096,10.407474034433442
20097,11.190186151866774
20098,12.651206973085067
20099,7.3471223026377315
20100,6.464049619812383
20101,7.623447145831844
20102,9.887731523418996
20103,12.69280963945896
20104,8.504740834700248
20105,9.801559840898873
20106,9.691737064134562
20107,7.816291680331111
20108,8.006425574078488
20109,10.070814088859319
20110,10.343454917534487
20111,7.022085438293244
20112,12.034553183401627
20113,7.0536553126968125
20114,10.398900329302933
20115,9.39528962493332
20116,6.076399491536163
20117,11.859478832722267
20118,15.320154759476845
20119,6.0411380170562285
20120,5.281390377360953
20121,10.857234002163576
20122,9.984673769580015
20123,9.350955512737553
20124,8.26406967562508
20125,14.171949241099924
20126,7.992911895020692
20127,6.924184576383141
20128,7.607335705848373
20129,6.48271270807104
20130,10.348173008763103
20131,10.464237861761402
20132,10.846679970081476
20133,4.751759425172368
20134,10.361826782521646
20135,12.160509490084161
20136,7.954180369990637
20137,7.74610116986836
20138,11.080837312115554
20139,6.958569075101686
20140,6.598017656706815
20141,7.013594945520213
20142,7.793516894302215
20143,12.141403310347178
20144,7.968447223888376
20145,9.423629006024097
20146,10.51355478475315
20147,7.296918959440015
20148,10.856324966162882
20149,7.468701417730261
20150,11.39189362658148
20151,5.497020139680961
20152,9.50000048505482
20153,9.172580260511301
20154,7.092309413341329
20155,9.317369457945636
20156,9.251499688617251
20157,10.978718028667462
20158,8.636071623642186
20159,12.33151773163404
20160,10.023138220739353
20161,12.528519608588786
20162,8.797782602282055
20163,10.387053728851381
20164,8.758349746976606
20165,7.7852150898839385
20166,6.069354289884807
20167,11.654138766990076
20168,10.051003988378834
20169,17.505136405875646
20170,10.771137751994996
20171,12.403065840192118
20172,9.982382449633873
20173,10.73536894991137
20174,10.272755166077436
20175,10.143827340014473
20176,13.86453968271515
20177,7.68659913490985
20178,11.071743383171423
20179,11.075798992523639
20180,5.333770622491162
20181,11.733222835110015
20182,6.424520518989309
20183,9.40812367374333
20184,11.155312109299025
20185,8.11623567617207
20186,10.402110974417178
20187,11.694856897984513
20188,13.313749997596805
20189,5.088757550097416
20190,11.119144799277569
20191,10.340438039913575
20192,7.692835921639161
20193,11.170580402451215
20194,9.180627624696008
20195,12.000509517964732
20196,9.913709421998732
20197,6.447091217187962
20198,8.616954171423835
20199,12.10009828280367
20200,10.43949712869553
20201,9.349658982671672
20202,4.120553991323776
20203,10.271367064432159
20204,9.970158980105449
20205,11.55249241694365
20206,11.589671026419841
20207,10.785119785906131
20208,12.26598227999481
20209,8.739672961133644
20210,13.26946865091653
20211,7.381046749957804
20212,10.483206413804862
20213,6.788972235532132
20214,9.974176683613063
20215,10.522079896222083
20216,9.683190702873373
20217,11.863934365607477
20218,10.819038283031666
20219,12.204926235225706
20220,5.398915516611579
20221,13.77447000753705
20222,9.672753058421069
20223,11.12363720430131
20224,7.769377463065547
20225,10.17540944674675
20226,11.400002085003083
20227,11.136381292143987
20228,7.051665591609202
20229,10.412463186661016
20230,10.79013319386652
20231,7.706704029912505
20232,6.857437504880353
20233,11.792499574711622
20234,8.186539876872203
20235,15.080060269278885
20236,7.835943118071864
20237,10.990868965028092
20238,10.326118032133909
20239,8.615639585536222
20240,11.788828311308503
20241,11.67296116896419
20242,9.481867624591759
20243,7.813111699446662
20244,8.488099686586557
20245,11.353267348571531
20246,6.192323495433176
20247,8.464792206227607
20248,6.0034313972639834
20249,7.023234984719131
20250,9.872919841850225
20251,10.881709587484073
20252,9.074113246092384
20253,6.189657173070803
20254,8.001279097880014
20255,11.37249858512803
20256,10.442527965292225
20257,8.961605596334072
20258,9.144385926038183
20259,11.55874555543773
20260,13.0361843968511
20261,9.06566421630315
20262,11.092823103249236
20263,10.895878234508082
20264,10.609434493548184
20265,7.708218714694539
20266,9.675791254349146
20267,11.032845885219865
20268,9.296612324608054
20269,9.588025257520178
20270,9.04659857691836
20271,9.180769068372198
20272,9.293912198747476
20273,9.884570355258294
20274,8.873938897994687
20275,8.423329758542453
20276,11.673404158896451
20277,10.537583864245832
20278,10.524023990228173
20279,9.323088686144132
20280,7.336643126417302
20281,4.2455281350761425
20282,7.977847181010152
20283,13.095717164515055
20284,6.627048362030623
20285,10.002353250858532
20286,10.136525432928408
20287,12.800517534607748
20288,11.231747210035609
20289,8.449369632990592
20290,9.03104378761696
20291,5.376245870801256
20292,14.725670536169977
20293,7.000860506280855
20294,7.05494697353592
20295,6.449111632200286
20296,11.11072089748237
20297,10.49257521768914
20298,6.918822454610614
20299,9.181775842598405
20300,6.04857566066002
20301,9.23423857818408
20302,7.978058491661677
20303,11.927081985318592
20304,7.237212096924691
20305,4.487382732441564
20306,8.027983716070665
20307,10.628306543412013
20308,13.992588918220402
20309,8.426086833954642
20310,8.686509201614538
20311,9.321958694648028
20312,8.349710796668411
20313,9.018050532463946
20314,4.916626270680804
20315,10.170519664469118
20316,9.063126168121613
20317,7.891374058523132
20318,10.765542400780754
20319,8.630942500129583
20320,8.356646932025571
20321,8.019951317477096
20322,8.055804548627389
20323,8.159112423421695
20324,10.895314971892228
20325,13.64339095955568
20326,8.01802446633509
20327,7.984054309315367
20328,7.688720397908586
20329,10.700024929437632
20330,9.618061996559593
20331,11.277102910066096
20332,6.164777438943229
20333,10.371974517875922
20334,11.104766936019509
20335,15.302953146921478
20336,6.99486223877594
20337,5.188906959121915
20338,10.834135330691911
20339,10.143507378192094
20340,8.400228011667467
20341,8.013148993102226
20342,10.365723107022895
20343,12.229805706107745
20344,4.268094987137557
20345,13.222276592331959
20346,12.983980695977632
20347,11.094451864746134
20348,10.437630108107058
20349,10.520544497428332
20350,14.203086280145552
20351,10.563407591896276
20352,11.583647322380672
20353,10.668265152544695
20354,9.45568331094744
20355,7.081647514515211
20356,4.73187659552019
20357,9.999056581088347
20358,11.358018028498332
20359,9.100970935138141
20360,10.363306854448807
20361,8.413655640509377
20362,9.195295792311434
20363,6.888234112173482
20364,9.972586581191203
20365,6.3983212859597955
20366,16.08450117596838
20367,8.129602989441494
20368,10.178759461342517
20369,9.19979489466957
20370,7.813195306575725
20371,8.004526219522464
20372,13.360979716334082
20373,13.766647223650706
20374,6.2736978686913005
20375,8.89123946074185
20376,10.040465551435277
20377,9.080013314298439
20378,15.87645683169334
20379,13.336563681555504
20380,6.857900242964831
20381,10.097660013071462
20382,9.64757181167398
20383,7.976092837807887
20384,10.040083137337112
20385,8.42238535980738
20386,6.83442380687219
20387,11.264482665732428
20388,8.633839889806417
20389,6.086246333479789
20390,15.158413702180605
20391,10.954823724571835
20392,9.598330973588865
20393,10.431344980914014
20394,10.114610778631565
20395,10.659772515525857
20396,9.645458233456115
20397,10.139848830196566
20398,8.033125449437392
20399,10.00339315633427
20400,10.526967469996073
20401,8.506059252796451
20402,9.853185254541277
20403,7.31194322500991
20404,12.543314874444064
20405,11.629674452641034
20406,9.437087099984755
20407,10.199774743455759
20408,10.799715192595917
20409,10.423337489078833
20410,9.103149561208275
20411,9.611957013096003
20412,8.903575999044168
20413,8.87725079971873
20414,9.720804482242706
20415,10.352458112770151
20416,11.736952550790058
20417,9.32410711437649
20418,15.523847073999322
20419,10.779655039095724
20420,5.674415684170706
20421,7.984286713375171
20422,9.807685903871327
20423,7.431391342581139
20424,10.0655860419998
20425,6.330414207520353
20426,9.848814124214242
20427,15.402333801230743
20428,7.489619156805666
20429,9.011126753828322
20430,10.521084508380508
20431,10.388104840215817
20432,13.239536892654797
20433,9.444158754906322
20434,6.197321102312592
20435,8.67180969352987
20436,13.25795176850995
20437,9.907626571948665
20438,7.496910997219799
20439,10.35755863962866
20440,10.394865448169082
20441,10.187583901823276
20442,10.08597455166487
20443,10.793417533358507
20444,9.206475752532446
20445,5.1975719134653104
20446,8.659339275397281
20447,9.57396909439597
20448,7.01230579027979
20449,8.079129490525062
20450,11.901054315369297
20451,10.749866453833633
20452,14.521834021080721
20453,10.098177361804696
20454,12.659188929647017
20455,10.066085385329428
20456,9.480229789353253
20457,6.938048437240881
20458,12.081216563510518
20459,10.187329378694843
20460,10.106900926039936
20461,7.706325341449891
20462,6.0850351726506045
20463,15.018805963381975
20464,10.063336035888065
20465,9.52321768472903
20466,9.330717209735845
20467,7.347458720032228
20468,10.109859887492687
20469,7.81591604528362
20470,13.040759453000337
20471,9.870178309354895
20472,5.308338325290206
20473,9.982072390654107
20474,10.555405607772888
20475,8.2063696763603
20476,6.809916322189846
20477,9.60760010514735
20478,7.523177824596496
20479,10.079132235902744
20480,7.694930711129985
20481,9.822358615010426
20482,15.868050620858753
20483,11.178911292968671
20484,11.44245748324333
20485,11.489376217738162
20486,9.438416155452181
20487,10.588257060156588
20488,10.992156707913118
20489,14.39915682103062
20490,9.135668253274398
20491,10.243006020391142
20492,9.100375783195028
20493,10.77919322058318
20494,9.980680824147356
20495,7.52620978901268
20496,10.844733994739006
20497,11.24803996647958
20498,11.697910669192224
20499,10.502943839027894
20500,6.973157410118809
20501,9.281763146229121
20502,9.617403204072303
20503,11.583955414550102
20504,8.1497109709972
20505,12.954178250545656
20506,15.120468333865801
20507,7.931099940958083
20508,9.96195619268404
20509,6.245356340441933
20510,12.684686583239808
20511,8.809497741344323
20512,10.440701157750368
20513,5.129215868098982
20514,8.560294604156036
20515,8.078326193383043
20516,7.744353418736857
20517,10.719093153003435
20518,15.151896303276304
20519,13.771776436406032
20520,10.013124001000307
20521,12.605279762484765
20522,15.349442780642022
20523,10.679926201592432
20524,9.462687838229837
20525,9.460437794013878
20526,6.0295358283714515
20527,12.861618424301152
20528,8.818201793109418
20529,10.551489303699462
20530,9.496359987399591
20531,6.025477445393929
20532,11.389771622506753
20533,9.486969894465254
20534,6.086336869909568
20535,9.61869069339302
20536,9.931010994597202
20537,9.781487278045512
20538,10.93106460844954
20539,9.070028775004415
20540,11.327799160190462
20541,10.666521810779159
20542,7.748735116349704
20543,5.9817435262000025
20544,11.120062984303267
20545,15.259000399605542
20546,6.018922530880564
20547,4.973284103377376
20548,11.28119064192508
20549,7.109726038073126
20550,9.86173591945639
20551,8.025223392560315
20552,10.761284043630779
20553,8.262705906466369
20554,4.139501307827956
20555,10.266643183773944
20556,10.437935779333818
20557,9.351406173716178
20558,8.238257861340479
20559,10.151686089503798
20560,10.423839210007673
20561,9.454353446982935
20562,11.291490030647633
20563,11.860286920401276
20564,10.136414329289838
20565,13.307532062051717
20566,10.356870067095883
20567,10.386145578428474
20568,9.290893824386895
20569,7.891012278617234
20570,8.197081969187815
20571,11.33810288765212
20572,11.589430374258686
20573,10.404370002519414
20574,9.924995927316441
20575,8.243815625444475
20576,9.714635153240081
20577,13.334390537868446
20578,11.462721094603268
20579,6.130589430155872
20580,8.302687726428948
20581,10.276847317504268
20582,10.215512629195933
20583,8.386700550453748
20584,13.686193093787564
20585,8.773579488726037
20586,16.1279786804323
20587,10.604510289420158
20588,7.651708073590757
20589,7.881626333062854
20590,8.209956291805593
20591,8.086972467084031
20592,8.965500743490157
20593,10.674596281716576
20594,10.360937480845681
20595,6.991275816235321
20596,7.152027135426663
20597,10.728171063554685
20598,13.870276718489164
20599,10.146258616759184
20600,8.162308563467825
20601,11.297228089384237
20602,9.834827366632059
20603,14.12523121905454
20604,6.2842699375944555
20605,9.63440509112571
20606,8.266251650057752
20607,9.352387294740488
20608,4.895651426963095
20609,11.0563228252599
20610,10.482515302572928
20611,7.616257359784816
20612,7.208019247198617
20613,9.314378322270189
20614,9.962346146146873
20615,9.681694263147572
20616,8.222065293621654
20617,15.744292439452908
20618,10.539165858272455
20619,10.846821139221925
20620,7.694473796452386
20621,9.42299140479711
20622,5.150270878245232
20623,12.07936228555311
20624,5.001177015098562
20625,10.903513086621462
20626,4.030785502280465
20627,12.323845477685103
20628,10.270188836988227
20629,10.095311141625539
20630,11.584994376409718
20631,9.46371017266011
20632,12.05815066410981
20633,7.915233947433459
20634,9.434851173537352
20635,10.284568188600167
20636,11.3199614779766
20637,10.06976779042246
20638,9.583149823254562
20639,11.065698374081892
20640,8.803153228211478
20641,11.41841524711638
20642,3.992689185535474
20643,8.045869168149052
20644,7.942971936877639
20645,10.95148494952209
20646,9.548097285880488
20647,10.574613886076746
20648,9.147015392521656
20649,10.28193409686839
20650,9.74880569997872
20651,13.856417386515252
20652,8.89501481940564
20653,8.378539785342392
20654,9.641042843203852
20655,9.837259705172716
20656,8.440315406678257
20657,9.204099767397189
20658,9.252883961423716
20659,8.840639091935987
20660,6.8951756823058
20661,10.432805701432908
20662,13.931783462973106
20663,10.033012178332523
20664,16.367249535004415
20665,9.318634694264652
20666,10.031574205394799
20667,9.729487799145904
20668,8.97208495491775
20669,10.53724280462243
20670,8.791094448282337
20671,6.236279656925414
20672,9.747170814603896
20673,12.316346591141809
20674,9.011054608052316
20675,7.911531532900514
20676,9.825649780575372
20677,11.017092581714785
20678,10.01776950275616
20679,13.831484011117984
20680,9.216702330182095
20681,10.194826259303241
20682,7.103095865827992
20683,7.475216592197258
20684,10.565167288713214
20685,5.310274282005531
20686,10.087951919521567
20687,7.953242348659562
20688,6.17846010725261
20689,11.056637297460142
20690,9.163983669425416
20691,9.14356272626311
20692,9.452426933727857
20693,9.859615216440929
20694,9.645186620072323
20695,8.85535317765009
20696,10.281031171283324
20697,6.846019858955685
20698,8.549074158662345
20699,16.129489051004196
20700,10.00297547384265
20701,10.638238586867018
20702,8.839244561123158
20703,8.896767341666596
20704,11.700337219408285
20705,10.69086778473325
20706,10.933159493407427
20707,7.969810796281935
20708,18.154773968791964
20709,13.671324252250631
20710,10.498311184688355
20711,9.833351858253238
20712,10.793505675869055
20713,5.331966806847783
20714,9.37634937943661
20715,12.260896651422467
20716,10.75589058174241
20717,8.195523973567342
20718,7.224629754715158
20719,11.127443727177736
20720,16.293822550252894
20721,9.836086481930378
20722,10.149002297418274
20723,7.952345664528971
20724,6.430731012024401
20725,14.296236124773834
20726,9.748996012208302
20727,8.295173702105908
20728,11.740643770922912
20729,9.17311130637553
20730,9.201596224017875
20731,6.936498101459436
20732,6.835933188579204
20733,9.747424494459876
20734,12.285729969402537
20735,9.380359845170974
20736,15.25640420880904
20737,9.408443618276474
20738,8.29827308008036
20739,10.779810160686495
20740,9.749723656630659
20741,9.768289932808424
20742,13.730751391471225
20743,9.991516055647601
20744,8.258857545729684
20745,5.1659989387853384
20746,7.003293119473776
20747,10.54010935664007
20748,16.15098661964598
20749,9.112490476075923
20750,9.7410032389153
20751,10.09726926697755
20752,6.238865931635816
20753,7.767121968378022
20754,9.910126718733238
20755,10.583786212054195
20756,10.314823873433403
20757,9.103579509607815
20758,10.455296745753511
20759,6.273746092319283
20760,5.403835005946492
20761,10.002217324621192
20762,8.932889653781952
20763,7.863218747630243
20764,10.122330452292974
20765,10.024495972068951
20766,9.168938925439063
20767,7.523979630870192
20768,8.616093923806348
20769,7.64496606190857
20770,10.006370435195501
20771,11.745210800589545
20772,10.827225952390723
20773,10.230705163972667
20774,18.83059806267763
20775,9.705058521981533
20776,8.903807381395946
20777,13.19156707446744
20778,10.349924055459622
20779,8.14527704010894
20780,7.002656949303672
20781,11.499069943517908
20782,17.391262419535998
20783,9.142775387467868
20784,7.602362563411289
20785,14.816724045408678
20786,9.173233698332076
20787,11.203841773894917
20788,14.964011385159726
20789,9.953469536137279
20790,8.727956496248433
20791,7.75047650961761
20792,11.478689047572052
20793,10.152666094248255
20794,6.544649897667291
20795,8.34296430873787
20796,5.118282062747383
20797,9.783218990253513
20798,9.41593824741858
20799,6.134391083110963
20800,9.274057780495252
20801,9.708586085452783
20802,5.261803260305938
20803,8.981319582501612
20804,9.015372893275176
20805,9.669240203929105
20806,8.489625477492242
20807,9.635821801485212
20808,12.650749612244452
20809,10.729585652730421
20810,9.975401752483192
20811,7.697846878211372
20812,7.339552292311524
20813,9.166932914834188
20814,9.558831220046844
20815,7.425089723477068
20816,10.249940514201347
20817,10.140124629514899
20818,6.999797649888977
20819,4.680486911578944
20820,8.846372769448864
20821,10.948428709135328
20822,8.146895863570158
20823,8.927196951958255
20824,11.076154284747911
20825,12.574791854771943
20826,8.905058508253953
20827,9.331370462062365
20828,6.5929711572876055
20829,9.866035266949872
20830,8.710122087797274
20831,6.385622826010414
20832,8.82229094712644
20833,8.65362199971023
20834,8.988508558574978
20835,7.9858407970068015
20836,15.779128574987613
20837,7.155469977883003
20838,6.937653637183747
20839,10.803623586338643
20840,10.226418464088537
20841,10.572372894129888
20842,9.611995513727873
20843,8.98322597560577
20844,9.889072443925333
20845,12.810965148699966
20846,11.789324331195385
20847,9.838661338041607
20848,10.314441399446807
20849,5.343298486146409
20850,9.167065168771682
20851,10.238857133247874
20852,9.033383645860184
20853,9.412901612536903
20854,12.353644222023625
20855,11.692050855772806
20856,11.328618974205737
20857,10.662934141867668
20858,7.971777623354708
20859,9.95110171767907
20860,9.279515467992711
20861,15.245701887167726
20862,10.24444275592296
20863,9.558989657836335
20864,4.763926556391066
20865,9.601682331597372
20866,11.23211931622096
20867,10.998821705552217
20868,9.620746131108719
20869,10.52440407952547
20870,9.047326934216532
20871,12.180799542458733
20872,8.52369213848357
20873,6.4876932562112515
20874,7.65006762816179
20875,12.734772045560346
20876,11.057787888991347
20877,11.388778743546757
20878,9.856360481199294
20879,9.7986723741231
20880,10.166300115631323
20881,10.447897797066943
20882,10.68810172305649
20883,8.139633154227997
20884,11.221795605401136
20885,11.40628095069001
20886,10.5209231624533
20887,9.24412016708611
20888,10.064319267703878
20889,8.722511001505246
20890,7.74438550070936
20891,5.354841404290306
20892,7.769569147263386
20893,9.331294235564556
20894,11.13453662515703
20895,7.0910329390131395
20896,10.128355277646566
20897,12.414020794177873
20898,6.086476690309286
20899,11.654558405396822
20900,9.60274952970019
20901,8.23975069321173
20902,15.042390348793377
20903,8.251546285225727
20904,13.880742910502427
20905,8.872061558488388
20906,11.743902554435076
20907,10.109122081397432
20908,16.802840132372676
20909,9.548469509333644
20910,7.692382643402284
20911,10.775945887257073
20912,6.068312832814942
20913,9.751540883314412
20914,7.598027476886925
20915,9.797196866310943
20916,9.300187636990827
20917,8.291538449556452
20918,8.447175108174221
20919,10.25734533515106
20920,8.43471595684356
20921,4.523369012694811
20922,9.241617167372821
20923,11.514989041253031
20924,10.76510631016699
20925,8.868971016729652
20926,8.067792607051402
20927,9.847517946976986
20928,11.846177732823286
20929,8.26378678346157
20930,9.541892175800262
20931,8.001739823222604
20932,6.889892136004826
20933,9.93682785778857
20934,13.039868327661482
20935,14.40794205321588
20936,10.814151073529409
20937,6.101278646671912
20938,10.845862208415284
20939,6.034519953319244
20940,10.615524632130128
20941,10.470762074760877
20942,9.207726138989369
20943,7.722555403325303
20944,9.736989620161578
20945,7.0227109146037705
20946,11.024725141828636
20947,10.82234320221115
20948,14.977338745934162
20949,9.558017516230024
20950,7.746616071889565
20951,11.488890652680258
20952,7.955442234414249
20953,6.177722257386877
20954,11.388627392292767
20955,10.66454823682921
20956,10.828354897077256
20957,10.733862482290483
20958,7.954754082395059
20959,12.32532277366887
20960,10.571777898390973
20961,8.463040825272646
20962,11.17925316929766
20963,16.658974017183553
20964,10.207943451695217
20965,11.128254924228763
20966,9.737533175429778
20967,9.255513263275287
20968,10.54357975499743
20969,9.006631562990226
20970,8.384330411449216
20971,3.977805044267591
20972,10.413520693838324
20973,9.839914590057562
20974,11.301743789729006
20975,8.868577917010292
20976,10.662686824658635
20977,13.276828059095255
20978,8.378670554117097
20979,12.307698244118615
20980,12.704689097558585
20981,10.249583752477044
20982,9.665514421975553
20983,10.816188646450058
20984,6.974593090564707
20985,9.775706317918802
20986,7.031936098087256
20987,10.330590269592705
20988,9.729090910626686
20989,14.187627379241993
20990,13.224284266982012
20991,4.303164877052804
20992,10.332916835712654
20993,10.937948775290957
20994,9.463467558558705
20995,10.216734987351742
20996,9.717132279901666
20997,11.32508833115075
20998,11.109787608664442
20999,8.801909982283599
21000,7.086489134521823
21001,10.197754896647606
21002,10.251577554570725
21003,6.092338403361669
21004,8.2664385547757
21005,6.978438582738038
21006,10.185371158022393
21007,5.476066094414127
21008,9.236150251065425
21009,11.33093721357911
21010,4.104183106538915
21011,6.080780440633737
21012,12.742804326085727
21013,8.215914011415732
21014,10.281643572273078
21015,8.1138360719623
21016,10.351916705126925
21017,6.319860882741174
21018,6.106819446060496
21019,10.97598154990037
21020,11.482388818669037
21021,10.687761262971378
21022,8.267337919981063
21023,8.016631587244085
21024,9.937997931544595
21025,4.447681908572301
21026,11.34821251309046
21027,10.508022581782546
21028,10.30746363361911
21029,5.220746377574828
21030,8.058351426549672
21031,12.10285090202791
21032,11.781645516976992
21033,7.8474737893949005
21034,9.767842677126126
21035,11.469480570123592
21036,7.398649981849502
21037,9.965766841803404
21038,9.678449539364873
21039,9.061560095530048
21040,10.274174977590512
21041,14.544328317981552
21042,8.59110203636367
21043,10.59614218018586
21044,6.16728606105122
21045,7.544540311431496
21046,9.781163840360612
21047,8.225762160740818
21048,10.928092643966082
21049,11.943950979461135
21050,8.80070922909536
21051,9.041095805269126
21052,11.179889797811077
21053,10.696470832702273
21054,8.073115455599588
21055,10.048812105649095
21056,12.654222027809297
21057,14.999559663800998
21058,14.745590872525916
21059,10.886474614757244
21060,10.389950007048022
21061,7.789362507974289
21062,11.006426375030758
21063,10.836616912434314
21064,9.72892382085778
21065,9.775042667129533
21066,10.207045516151455
21067,11.907082280329105
21068,12.27905232625362
21069,9.820396817260498
21070,9.236249262188334
21071,9.600913535193987
21072,12.045667353313473
21073,9.816008101974205
21074,6.505217223880877
21075,4.822221463997544
21076,7.791139453057252
21077,14.498683265556382
21078,9.642520973337607
21079,4.852791099858107
21080,14.332755572199058
21081,9.843157296878166
21082,9.236084431906743
21083,8.929102457834452
21084,12.550841131988111
21085,9.210873520096742
21086,9.820705992188618
21087,8.744197923222854
21088,10.927694129175928
21089,9.051678102660187
21090,7.658737760258876
21091,10.644518737226822
21092,10.001002577310247
21093,10.24129114217353
21094,7.680034990408888
21095,14.161583108053577
21096,7.883190306541634
21097,7.957839144877301
21098,10.123779942929538
21099,10.475467850673535
21100,7.602342976579628
21101,8.973737130935062
21102,10.557689064917373
21103,6.026528960881235
21104,11.702598655769767
21105,9.266621397223082
21106,10.319367006240766
21107,7.06306722102274
21108,16.13668825733744
21109,11.69666523431777
21110,10.55687753518276
21111,12.595121278187207
21112,9.390190586854727
21113,13.663048706910745
21114,9.927965795562375
21115,10.37135848499112
21116,10.44140311398143
21117,6.429926880175721
21118,9.881385290551616
21119,8.722819031500599
21120,17.339166155817125
21121,8.571858069410775
21122,9.741468178877074
21123,9.011665607719639
21124,8.059062331326196
21125,11.543639898600103
21126,6.9032150891359505
21127,7.589784836770277
21128,11.718322134327678
21129,10.003629302901723
21130,13.293924212581784
21131,10.656193466235194
21132,9.958828998257914
21133,6.925715255227521
21134,10.92768813089853
21135,6.150170395682519
21136,10.322055520347446
21137,9.327926301690209
21138,8.956301073040612
21139,10.289543543472481
21140,12.113253639069622
21141,6.216517111900653
21142,10.76183652323527
21143,8.597381310272782
21144,10.746892028363098
21145,9.178234286281594
21146,8.299074296191389
21147,10.016931666677936
21148,8.964610387244655
21149,7.834696176278827
21150,11.16457827237941
21151,9.537380268505
21152,7.044016665217472
21153,10.863477759791683
21154,9.53277317044579
21155,9.314433949952262
21156,7.720562863516692
21157,9.797063259916438
21158,9.729407945156007
21159,8.303779959602988
21160,10.978929124123372
21161,12.104943474110005
21162,11.691339470984072
21163,11.819544067203905
21164,10.302863128486127
21165,16.697148930815985
21166,7.994580869353115
21167,8.967085234174641
21168,7.991138292264043
21169,4.915146576049944
21170,11.662633296527861
21171,6.958348815777999
21172,10.76263010624338
21173,6.465440779543623
21174,11.537176001688884
21175,9.001800826564358
21176,8.866320993978317
21177,11.53364386832478
21178,15.611849265861187
21179,7.040096227270541
21180,11.755953650900906
21181,9.61478339457187
21182,10.516189038255416
21183,10.915970561086999
21184,10.426443738683542
21185,8.595042367186748
21186,6.92375486357147
21187,7.84183608796155
21188,9.035015358736391
21189,9.481003953039478
21190,14.794731227099213
21191,9.95129306433945
21192,9.77974090590677
21193,10.715495953642197
21194,7.0414154231003305
21195,11.984533828813445
21196,9.570737185682763
21197,9.806575919138224
21198,10.553145421729813
21199,15.9471690266863
21200,9.73790991672968
21201,8.654467014681234
21202,9.690015596945676
21203,10.648523784981311
21204,13.079054695883201
21205,14.125345420938004
21206,9.125941513011375
21207,9.69787131305342
21208,9.861115407924695
21209,10.221490185904116
21210,9.92417723538098
21211,10.032136645912246
21212,9.833458792680325
21213,10.741125291742717
21214,7.551656372400474
21215,10.210952999726889
21216,12.824091703390788
21217,7.407907080228864
21218,6.718068668319412
21219,13.217604464809408
21220,6.992079751344434
21221,13.983000733334144
21222,13.47268373494597
21223,10.390226736339548
21224,10.433607885263228
21225,8.866539320284229
21226,8.452254404377598
21227,10.958793593599983
21228,10.995150997213004
21229,6.039353207694105
21230,11.220770199791712
21231,7.866541916946077
21232,8.197816007123919
21233,7.645247678626102
21234,9.523282045474282
21235,10.78516621149539
21236,17.655291477650756
21237,11.00427964058106
21238,11.922546213630895
21239,9.095737709856166
21240,8.611795323597903
21241,8.39156768724086
21242,9.190931784222215
21243,8.692243963810059
21244,12.001073993571314
21245,9.651195339238539
21246,12.47444913762975
21247,9.761938614642316
21248,5.486873611429511
21249,6.4888317074551285
21250,10.34416834790952
21251,8.373570870024972
21252,8.641293462873213
21253,12.064905121522145
21254,10.89272330442271
21255,9.970753593903703
21256,9.977018925084279
21257,9.841203137895025
21258,14.269260764467584
21259,3.963056297426633
21260,11.724525972706044
21261,10.147738240484392
21262,10.263511457272559
21263,10.899662012723871
21264,10.73453307823102
21265,6.169155624487305
21266,5.272230008738053
21267,10.680139329768815
21268,5.553544476494661
21269,6.380144611588404
21270,12.20806458593885
21271,6.310162485672689
21272,9.534626963140969
21273,10.901701028183268
21274,7.759812241556405
21275,11.888130156682031
21276,6.934320726700279
21277,5.464170149070924
21278,7.573013594274784
21279,5.355908899011875
21280,8.836289764302037
21281,9.433333411613079
21282,8.132740207671818
21283,8.264933599777288
21284,9.207554552310198
21285,8.96709693242936
21286,6.985372564796964
21287,6.95705898677341
21288,4.160487431914755
21289,10.16282824787111
21290,8.708795331275294
21291,9.456115241410474
21292,12.894211450235243
21293,9.670949786961934
21294,7.9171024372726135
21295,9.435786660139714
21296,10.0464307982955
21297,8.01955295560024
21298,8.182149985321482
21299,8.779114514916524
21300,12.815935776188656
21301,9.83383213243508
21302,12.004324618568932
21303,8.88853790441316
21304,8.611471883903324
21305,8.955436514071327
21306,12.13611233818088
21307,10.635720280909343
21308,7.011471803525266
21309,8.323876721386096
21310,6.301191423271705
21311,8.91168001343274
21312,7.828589036854611
21313,7.175594321351516
21314,8.078141872743373
21315,8.184678673859153
21316,8.855355893303019
21317,10.426470065152504
21318,10.318797156513439
21319,9.14803403550171
21320,8.819148401689288
21321,10.82282254904411
21322,14.921999825149264
21323,10.148067586082211
21324,13.035277954203458
21325,10.452963529879614
21326,9.007918694749673
21327,10.951033363421741
21328,4.18077734885303
21329,6.760273033845564
21330,6.944760106858206
21331,5.411332438742983
21332,9.756409500788259
21333,10.12799858255704
21334,10.33486768386313
21335,9.988513795509704
21336,10.58474727094734
21337,12.825623584550545
21338,8.85759806695182
21339,9.961222432710846
21340,12.967123316509484
21341,12.093363706058987
21342,12.80650750082565
21343,7.736339984159538
21344,7.061862775265732
21345,8.089442818808324
21346,5.997491121703414
21347,14.258269009936908
21348,8.11573592261443
21349,10.576808381912523
21350,7.2093778074078765
21351,11.82400374403425
21352,7.038012952061652
21353,9.467359344599425
21354,5.008512263846346
21355,9.118938708251946
21356,9.684557617063565
21357,10.226419206685623
21358,9.899336829968679
21359,9.914494412994847
21360,10.54293151977132
21361,11.259030373617485
21362,6.146726431187569
21363,9.865840391512094
21364,6.08280327770365
21365,9.231388063592437
21366,10.216859179029893
21367,9.537176062560292
21368,9.540749640462316
21369,11.320118654080478
21370,7.271811314932263
21371,9.269285250630348
21372,6.0439881633635295
21373,11.444278819277526
21374,8.70346042841102
21375,10.053830896904188
21376,10.221464679617924
21377,10.586312166503573
21378,11.093670864151756
21379,9.510982597938444
21380,4.650262148398182
21381,7.565245516659406
21382,8.138253994614553
21383,10.561705566583854
21384,9.265536353126832
21385,11.339755430044713
21386,9.942306533579341
21387,10.139950346512618
21388,10.7976662405814
21389,9.90086380478449
21390,9.0534150612059
21391,8.727505067854041
21392,8.95413408016928
21393,9.086037749228922
21394,10.717138814719213
21395,10.300469798411148
21396,8.811272463179595
21397,5.199340413087258
21398,11.371576040796466
21399,6.995573261383529
21400,10.20712158676712
21401,11.136981472986147
21402,9.753580993308201
21403,8.805603477991252
21404,16.661076586803805
21405,9.454025029576163
21406,5.102576280874482
21407,11.50118012976068
21408,9.704520984773726
21409,7.947149071344548
21410,11.996767458257958
21411,10.595788066221548
21412,8.473351183486738
21413,10.632508878101582
21414,8.982538519049651
21415,7.053038251777296
21416,8.945998952018716
21417,8.16542804492131
21418,8.837163963577872
21419,11.137108825933641
21420,10.410895839150962
21421,8.674080324301379
21422,7.164337883660176
21423,9.762145485384995
21424,7.449266402865435
21425,9.55922916561284
21426,9.469766650335973
21427,9.355496243178543
21428,8.69995877465837
21429,10.486533542240176
21430,10.639102952327772
21431,11.004539084099754
21432,10.004927019936451
21433,5.356891913268294
21434,10.089234446819365
21435,10.000119450228421
21436,7.938413866752322
21437,9.045094119419305
21438,8.524242713842042
21439,8.811927836370868
21440,12.590608302030015
21441,11.383502145273262
21442,10.293236344728244
21443,11.299673150273792
21444,11.002337520983186
21445,8.14475747030739
21446,6.730266562091134
21447,4.433123233877091
21448,10.752121553657961
21449,14.853416687809176
21450,10.691374516276108
21451,11.633340622832339
21452,8.312267593556266
21453,10.109400747842573
21454,10.517206076716546
21455,10.178766602611985
21456,10.342749563889369
21457,8.708719851367938
21458,8.588975666081144
21459,7.588341323902929
21460,5.308633217634214
21461,9.586121268482023
21462,10.473621324722368
21463,9.580044607153782
21464,10.871230453735983
21465,10.125604200144943
21466,8.857134868341609
21467,3.9186691810959116
21468,11.018483558147013
21469,12.25566692859798
21470,9.344707863724931
21471,6.11656405276879
21472,13.94968779675861
21473,11.064212619165724
21474,10.936894600976878
21475,9.692293733171542
21476,10.76964133267708
21477,9.86611148570813
21478,9.784392387397437
21479,6.775000095081084
21480,8.755447464218786
21481,8.8065168133877
21482,11.51931002179788
21483,11.598180901514468
21484,14.969622415592838
21485,10.187207272036432
21486,10.517084428497435
21487,11.749959009103979
21488,6.185472569676645
21489,10.136073510067215
21490,8.93297261370935
21491,11.34054289404258
21492,7.692975640521496
21493,11.308919214650292
21494,9.738520926151239
21495,9.229091847229954
21496,11.72505452335511
21497,6.398151602941095
21498,7.075775215322457
21499,7.038760925029455
21500,9.88795909655676
21501,9.096936972440652
21502,10.178436771987936
21503,13.377392091989789
21504,8.105897567723947
21505,10.86957427022171
21506,6.493337214764813
21507,10.400735502926134
21508,10.091312572369572
21509,9.221067613439738
21510,10.753686357621216
21511,9.686491968585582
21512,9.205529271515019
21513,10.365521411556193
21514,4.74398997424808
21515,13.205899990588915
21516,10.10305135399425
21517,3.7530366929265284
21518,7.785995039082723
21519,7.932289811323922
21520,18.67999118973887
21521,14.758503990756944
21522,14.051778075446837
21523,9.019626546274429
21524,8.23033481106591
21525,13.248393044522352
21526,8.401588275854873
21527,11.869868043695675
21528,14.58587183121038
21529,9.211013942129732
21530,7.089322588877991
21531,9.004006565879536
21532,7.131926959570542
21533,6.645720054592918
21534,6.224076775811506
21535,7.0001048495075775
21536,12.91197281611774
21537,11.235038828037393
21538,7.46274430184064
21539,11.945404527788709
21540,10.905530257905168
21541,11.191978517635457
21542,7.661728764930525
21543,13.149654390474298
21544,8.165955488187397
21545,9.093036467953677
21546,9.774738234132602
21547,9.95449301272584
21548,6.963727428529226
21549,9.586746313290126
21550,7.494570156440312
21551,9.679213360038904
21552,7.563075607420563
21553,7.955295298236447
21554,9.96564316101907
21555,9.188676748206198
21556,9.435839985450862
21557,9.682137504595152
21558,8.125113598522304
21559,9.870746261220786
21560,9.392164806899052
21561,12.50418995722248
21562,5.0519995469061705
21563,11.885751129469664
21564,8.307116856069543
21565,5.361023571265905
21566,7.5666645448950485
21567,7.214065586114955
21568,9.695875938357528
21569,10.010148964123827
21570,9.70589203105946
21571,6.017327083033468
21572,4.91790488902724
21573,8.966628698769956
21574,13.769000600579599
21575,11.287349255787793
21576,9.986069862570465
21577,10.014066624036282
21578,8.936431783813925
21579,7.017905104053475
21580,10.31185300483275
21581,11.460117804065264
21582,9.83410284257541
21583,9.423162683866654
21584,9.849813552584301
21585,10.91758165343009
21586,9.693805616828895
21587,9.732953575583018
21588,10.360898702136014
21589,10.361433598306043
21590,11.44031259833319
21591,4.647505616003837
21592,9.371970259007698
21593,10.382230070700395
21594,7.831332742914696
21595,6.0405144578669825
21596,13.069994042938855
21597,6.8457092657386385
21598,11.421965595716298
21599,9.614864105663536
21600,12.512842228705473
21601,8.307283483042163
21602,9.678773118934695
21603,10.721861304697656
21604,9.137927948781975
21605,11.955629827033556
21606,10.050932712727286
21607,10.633009476340877
21608,9.730321080626384
21609,9.716619812320605
21610,12.114360644322147
21611,11.268489092708055
21612,10.293684431342344
21613,7.386811799408031
21614,10.007486702979934
21615,12.305998838185996
21616,10.069347847586643
21617,11.326648244654725
21618,9.446316699623171
21619,8.340738281966535
21620,6.43952120688705
21621,15.982579004445753
21622,9.89081669053941
21623,12.978682433344558
21624,5.317014136238222
21625,13.585120539360572
21626,8.67609704656304
21627,8.908219875249078
21628,8.439023059648296
21629,10.308019297426997
21630,14.198499042433328
21631,9.965964073830841
21632,10.759697697779597
21633,4.857826023966656
21634,8.607952797516914
21635,5.04380188786511
21636,10.585386487210787
21637,8.97955070889755
21638,9.942068051993378
21639,10.203324421886396
21640,11.674625104169724
21641,9.67666291257922
21642,10.907048187089984
21643,11.293469427642187
21644,9.051452303393022
21645,7.048475139695378
21646,8.096420416613373
21647,9.739948395310435
21648,6.98776501707137
21649,10.202111268840174
21650,11.035025083037272
21651,9.278159563549705
21652,8.151438041392387
21653,6.769578202565898
21654,9.508484749018203
21655,6.987139135746988
21656,10.61363043289801
21657,12.007024595625627
21658,8.968791328128559
21659,7.740941698011843
21660,8.904941805141618
21661,10.2316331686071
21662,9.737885707166201
21663,6.131477700943933
21664,13.516104962146851
21665,10.709230718187138
21666,8.090681032021385
21667,6.136488548337113
21668,11.384469898846232
21669,11.616711700252639
21670,10.438413911964627
21671,7.857112490889811
21672,11.857769151576925
21673,11.021603010404927
21674,10.329515633955605
21675,8.216805689070684
21676,8.213825473463292
21677,9.552828897412802
21678,5.367898497857589
21679,13.144520705779184
21680,10.878125218385787
21681,6.025013031310685
21682,4.819624154284585
21683,8.306725936354733
21684,11.879666424695271
21685,8.678450124217756
21686,11.641174758480812
21687,11.071046933808686
21688,11.013947779715345
21689,15.33613900273549
21690,11.815608317245854
21691,9.306144265155538
21692,6.46509470965625
21693,7.080804863411359
21694,8.200079555074156
21695,10.315188793744612
21696,9.347577883565645
21697,10.950332688185124
21698,11.864642060172706
21699,13.502325653684538
21700,10.645993703981498
21701,7.035582990881565
21702,11.943024494773367
21703,10.470576020425149
21704,13.14110712377224
21705,6.165836833795827
21706,13.376907990444453
21707,9.290850360259757
21708,9.793719764941995
21709,12.095472147967673
21710,8.764307610438138
21711,10.342897420216524
21712,6.0194182211423515
21713,14.468924348686837
21714,9.535979514192036
21715,4.986778391823007
21716,7.558674700224086
21717,11.156334801425144
21718,13.047400013299889
21719,8.403624165579698
21720,9.956813589028751
21721,9.821139840586962
21722,7.032849748282404
21723,10.310239792149606
21724,17.376877551127087
21725,11.792928600477747
21726,12.31396176768501
21727,9.975548521893135
21728,6.938646681730248
21729,7.456690876427209
21730,18.043554675933695
21731,10.198071542969682
21732,18.73486071072298
21733,6.058062697427257
21734,9.792743803805523
21735,11.17557537990378
21736,9.628286780923288
21737,9.604142200480137
21738,10.321255636376268
21739,7.807982571036774
21740,6.563555703076933
21741,9.468674774198377
21742,6.869090487534051
21743,9.198534759946412
21744,11.084719551960209
21745,7.916331209165998
21746,8.543051495736814
21747,9.910127085083015
21748,5.704188377780589
21749,9.509237233072827
21750,10.018763799836028
21751,15.094217227575083
21752,10.214458026532526
21753,11.395284968607434
21754,11.434191363559687
21755,15.106925940188413
21756,8.801152549603396
21757,10.582243057456079
21758,10.38200887455745
21759,12.736363678593314
21760,18.51247413732706
21761,9.545787202083519
21762,8.801956203478264
21763,9.708474617811405
21764,15.212816229532578
21765,11.258997985683989
21766,6.90826162798313
21767,6.984688593006881
21768,10.618463522616326
21769,8.133310778050818
21770,9.508421331432661
21771,9.087745051105976
21772,9.601347058855634
21773,10.245924383215463
21774,10.365615641657238
21775,12.540859327576873
21776,11.035210031629695
21777,7.5966509443423735
21778,9.420737156707357
21779,6.078866575210825
21780,3.8338991460951433
21781,6.457487612108366
21782,8.079642573974022
21783,10.627963324420522
21784,10.756672174474424
21785,8.916970992125844
21786,11.070567064883733
21787,6.003795677809407
21788,6.242992968341193
21789,9.212074449882927
21790,10.801053882007176
21791,13.380510533981585
21792,7.96288552472574
21793,7.218841755842796
21794,10.141835823480022
21795,10.654437459912511
21796,8.880945864751585
21797,9.943385949345979
21798,10.346149802340879
21799,10.596417878261104
21800,10.248947905806222
21801,10.057615223348256
21802,7.073486260835711
21803,10.867221877966003
21804,13.351025084189457
21805,11.395842625246251
21806,7.082395578427637
21807,4.953233722723127
21808,8.640788908646522
21809,10.361302675149023
21810,10.14712338253977
21811,13.678795348818268
21812,10.67092216304861
21813,10.453767449544012
21814,10.328855429696084
21815,10.096397155751015
21816,4.992598544712691
21817,11.173902584594906
21818,6.954122700988067
21819,10.278141587258405
21820,9.293342539190824
21821,9.926517427508813
21822,5.4471964477281105
21823,9.967578245263747
21824,10.93805134566692
21825,10.878422442530663
21826,9.629457627029844
21827,6.058622950298814
21828,10.469387723708872
21829,9.969479089319673
21830,9.544307263327626
21831,6.978379868561427
21832,9.892423858987703
21833,10.711351671842055
21834,16.737263626087277
21835,9.94693965282677
21836,8.299573015796499
21837,10.235809735492795
21838,9.579398009476623
21839,11.699639715246583
21840,11.515811231998692
21841,6.326089773978164
21842,10.273313614037649
21843,7.034717187405204
21844,8.170468968759076
21845,6.141636769593133
21846,9.692076442540419
21847,11.383978227459508
21848,6.160416653852822
21849,12.305015338963978
21850,11.573123179652375
21851,6.937877816776787
21852,10.607551824689839
21853,9.830768661375268
21854,10.478744262064177
21855,8.079354886346243
21856,11.183370372908724
21857,6.999425305781575
21858,9.683880122296141
21859,9.734227030925165
21860,6.006183383368801
21861,11.315158081773012
21862,9.680933713399268
21863,8.674369115356662
21864,9.732076514416217
21865,8.960394654999446
21866,9.745057062916498
21867,8.776639280736443
21868,10.845025648726937
21869,11.826964415711437
21870,10.44478713614426
21871,8.038105590648446
21872,9.147679427779831
21873,7.524016225030319
21874,13.351257295481393
21875,10.16696057866628
21876,7.1320465386357155
21877,10.946475956308678
21878,10.816741704731614
21879,9.656091782190334
21880,11.862819832950727
21881,15.065332656506246
21882,7.222562773572502
21883,12.160809715041838
21884,9.962915345865447
21885,9.714313147092017
21886,7.154002290347025
21887,11.00560325101195
21888,12.060155150952358
21889,16.05081339959345
21890,8.12967538975215
21891,11.9112035612679
21892,10.939888403742522
21893,4.048679872293654
21894,12.211087389300317
21895,8.737051055971783
21896,8.04156497817396
21897,8.8987300139541
21898,10.661763287815353
21899,10.427225671726008
21900,10.014824014377627
21901,8.37249272714808
21902,7.158928275929456
21903,13.531307260118142
21904,9.951651581733334
21905,6.996570154515803
21906,11.930979326339047
21907,9.393574522156479
21908,11.170903536949558
21909,11.282816920299014
21910,11.217931612860394
21911,8.716683011775713
21912,10.057011390800934
21913,7.82653050590402
21914,5.277119895393663
21915,9.31630312155281
21916,12.658692387824741
21917,9.620338599328207
21918,4.380586641037325
21919,6.957431016550557
21920,10.56034298864564
21921,11.04704106972471
21922,11.338490624192463
21923,5.680338414692215
21924,5.986563714330874
21925,12.320610189624194
21926,5.307706722216344
21927,6.1913253051767745
21928,9.743266300122976
21929,11.116915016313715
21930,10.507166351417258
21931,8.650277577859159
21932,3.8618083280547357
21933,13.670647958465025
21934,12.236910711601855
21935,10.036605434422963
21936,18.079775382629197
21937,9.449868952005742
21938,10.160742597916908
21939,9.979622987326108
21940,10.577627924116022
21941,9.3825376099669
21942,7.44690024219459
21943,8.887224715263784
21944,9.054987406108188
21945,9.500941986054894
21946,12.774494743727374
21947,12.33700624793856
21948,9.794036563268392
21949,7.302528414559422
21950,6.868270694899277
21951,7.595140738816248
21952,11.697016175651372
21953,8.335124172484864
21954,9.818288127327657
21955,12.69620410547101
21956,9.814277405827477
21957,4.874959571810239
21958,11.280339475953657
21959,9.207534844382467
21960,8.537619172291405
21961,8.996586373435342
21962,15.472872516172268
21963,7.719085391960595
21964,5.077640795431077
21965,8.842602375832946
21966,12.651193047265089
21967,8.078509903897576
21968,9.89502677569404
21969,14.264849816065462
21970,4.856053709895045
21971,9.959699332864584
21972,7.085450272016972
21973,13.92593119342928
21974,8.961684974204339
21975,10.23793383040728
21976,10.570782921253551
21977,10.766890730917423
21978,8.432563690000833
21979,11.489331986879941
21980,8.279280817741805
21981,8.831255508282482
21982,8.767199256424842
21983,10.818975855799426
21984,10.90835625426298
21985,7.135381280255958
21986,6.1114983800550275
21987,6.134629061139135
21988,13.202451607282342
21989,7.523134416402179
21990,5.840128084666316
21991,10.008124434878946
21992,9.418551467764342
21993,16.420579469683478
21994,8.639146772956265
21995,11.928204748300647
21996,9.222637955232786
21997,10.976615000344985
21998,9.683666069009329
21999,8.057607871537776
22000,6.168141769606828
22001,10.19513389830701
22002,9.930539346532385
22003,9.312736261504394
22004,7.604434012992679
22005,10.016568220311429
22006,10.972502391271897
22007,10.055863847316719
22008,13.07383127598316
22009,9.776545501150185
22010,16.89536283837407
22011,7.518023573815777
22012,9.972462025807813
22013,9.419510639075817
22014,10.318773103022993
22015,6.504969756197861
22016,9.776812738686349
22017,6.000113949992276
22018,5.40342291646588
22019,11.236397514243942
22020,5.040982331399962
22021,8.923393881520088
22022,13.713861708639227
22023,8.90604160035228
22024,10.389176832847843
22025,11.541234513028176
22026,10.48376690571456
22027,10.354443463500665
22028,8.596201953379433
22029,10.33098610579296
22030,5.079068749557612
22031,7.885595095138934
22032,9.504063192072563
22033,9.367709207617244
22034,8.589867564591271
22035,11.778389710173187
22036,8.74087301781308
22037,8.852641538387225
22038,13.485418988361962
22039,7.0895551718322025
22040,8.746845119041419
22041,10.123968441359919
22042,9.11544920990036
22043,10.159840729530824
22044,3.9229710724512996
22045,10.967368877430383
22046,11.24211413632589
22047,14.946175279814256
22048,10.767351073978226
22049,4.129112220885817
22050,10.556300218763038
22051,10.175613067947095
22052,9.836252650804111
22053,9.47672900278344
22054,20.489375892219226
22055,14.26872159571617
22056,7.021921533083798
22057,10.247658111212395
22058,10.051056056362762
22059,12.250969808246778
22060,12.018432313177582
22061,10.254051133681932
22062,12.469069031081359
22063,10.21955399073063
22064,8.471539516431378
22065,7.793221215935773
22066,10.515926192194842
22067,11.478451787149586
22068,9.338667358873064
22069,9.124725119658777
22070,6.478083229685669
22071,4.137221711063949
22072,10.297909327200665
22073,11.080367306281897
22074,10.60873534511021
22075,8.985284872950409
22076,11.209881176898467
22077,9.350713883195356
22078,6.800915146487282
22079,8.17301731526901
22080,4.183047259811986
22081,11.117950005186604
22082,11.166658785816946
22083,6.054146392606917
22084,10.278625039766311
22085,9.018312934148929
22086,6.603133426675622
22087,12.58599880432627
22088,8.079424802830017
22089,13.718340975028049
22090,11.267487477808647
22091,10.540010048459324
22092,10.101199846497185
22093,3.8273075852509115
22094,10.099973670095267
22095,6.929482618937455
22096,5.384221169180891
22097,11.083325553227784
22098,8.351094989613355
22099,7.3988538112477364
22100,9.794340145245595
22101,12.22825395579557
22102,5.3417651062828995
22103,10.115692693394559
22104,6.398478865277244
22105,9.504900715121488
22106,9.704175798961227
22107,14.256535382233468
22108,6.769670528602775
22109,9.049365173890148
22110,7.605521837605927
22111,9.769204236448658
22112,7.830784592349786
22113,8.449111236212266
22114,10.147523755648269
22115,6.9419048992267065
22116,5.63297665564391
22117,10.474917162561825
22118,7.829189819879307
22119,13.209371620523546
22120,10.695743716774427
22121,8.231559699726827
22122,8.539845614699576
22123,10.935916281505882
22124,9.741923270372252
22125,9.68766175833883
22126,10.383494706878826
22127,12.943254126230734
22128,8.543491767959978
22129,6.4616088387745805
22130,7.997830653501544
22131,5.3546375503184915
22132,6.239540058309674
22133,5.006589859483247
22134,9.90317861324036
22135,7.956818590116827
22136,7.907615034038578
22137,6.990713694529845
22138,7.543083878464462
22139,10.18618822184979
22140,7.469469220100853
22141,10.619508207570375
22142,10.761073361622557
22143,3.630174613643229
22144,10.498928316645689
22145,9.399475468501272
22146,12.205677242864976
22147,7.735054535017761
22148,6.082949465864253
22149,15.16457189071878
22150,10.543635333511661
22151,8.904292039067634
22152,9.786354985627055
22153,5.088279057355369
22154,8.663200996645292
22155,12.927914715967637
22156,10.84901131965279
22157,14.871668826857832
22158,9.81338826663791
22159,15.758098884590902
22160,7.769779046388419
22161,13.286555627313946
22162,13.745509436591394
22163,8.145779238696413
22164,13.914124649053411
22165,9.287112647821246
22166,16.726933278793965
22167,9.544322382523958
22168,7.163912095880966
22169,7.4025626954897525
22170,14.082681916356949
22171,6.982811721585469
22172,9.881817068397044
22173,12.613147913658068
22174,9.989991920248155
22175,11.210602454223194
22176,7.446158822930747
22177,9.774651610822831
22178,9.439690670568664
22179,14.912154332705462
22180,7.549787729320843
22181,11.967697860407528
22182,9.147797235902074
22183,9.062094932006517
22184,11.063382425688856
22185,8.82653402725166
22186,5.460070324189741
22187,9.25453913272326
22188,10.190713862370869
22189,6.180323265994717
22190,8.433148964032222
22191,8.531633372335046
22192,7.112817305195789
22193,11.351819696777035
22194,6.04890198441027
22195,7.518015251652694
22196,10.05049302207014
22197,5.668646803731879
22198,15.026799053840401
22199,10.407690267607968
22200,8.587551206893012
22201,11.053400116623541
22202,11.569195995904694
22203,9.522956750489174
22204,12.098355728875163
22205,9.418828709846983
22206,4.563112785458
22207,13.622771938021227
22208,7.118988202561944
22209,10.993399695637471
22210,8.972072951580865
22211,8.930973481561283
22212,8.27817887202762
22213,9.176915185286477
22214,9.79974949427288
22215,15.561909751881704
22216,8.315167978729482
22217,11.401887819592057
22218,4.655316850307594
22219,8.085806466266204
22220,11.2269486757847
22221,11.58446256912437
22222,6.074878197835262
22223,10.833526247143624
22224,11.249016683553496
22225,9.808647928161005
22226,11.49268965395324
22227,6.861332969254827
22228,9.891853284599142
22229,11.891141426876047
22230,14.22913273246496
22231,14.113411207072714
22232,5.448328413538933
22233,6.975062200261703
22234,9.772259682749642
22235,8.836654413932436
22236,7.9941584892254305
22237,9.137666514026101
22238,10.24504278982069
22239,6.987836783803315
22240,9.111498053727214
22241,12.207726964569263
22242,9.368246745984273
22243,7.215967521239673
22244,7.176834837279655
22245,10.574415755181048
22246,10.979379791304773
22247,8.14244305956942
22248,10.915314528290285
22249,14.025590872267097
22250,9.245912115017132
22251,9.228170496059773
22252,11.39027085024252
22253,6.740639469429499
22254,12.400033585818655
22255,12.759050918881314
22256,7.449953413709278
22257,10.234148131079012
22258,11.597478855637814
22259,14.23572859911355
22260,9.602691589251396
22261,12.21294672397691
22262,11.447162436364716
22263,11.115629706380195
22264,9.744893914880866
22265,9.985721801856108
22266,9.775826159568531
22267,8.801989424354211
22268,5.03939197729637
22269,10.492927116541464
22270,11.935013030692497
22271,5.061678473323817
22272,8.899578017472319
22273,14.057090795186102
22274,8.146673593692446
22275,10.960619474641517
22276,14.075374462863214
22277,8.527851334294136
22278,8.099616521333221
22279,9.524374470361293
22280,7.037091300448147
22281,7.824576567431044
22282,11.220988888399516
22283,15.178040788062043
22284,11.001999577477562
22285,11.471602998779938
22286,10.988796672377845
22287,9.578340404378084
22288,8.38422536559796
22289,11.197961151265837
22290,8.630939217205938
22291,16.303815130749435
22292,11.028565822657042
22293,9.070509712979826
22294,8.914327529406348
22295,11.143453083768325
22296,10.530797941976887
22297,8.940386899573348
22298,18.860831657545745
22299,10.562836934013644
22300,9.457237874870845
22301,10.03797958404335
22302,8.067117523544383
22303,9.956140739779649
22304,9.06734017319854
22305,15.503145262436018
22306,10.498457615523792
22307,9.099108579725597
22308,9.905846556452406
22309,6.055010769996488
22310,14.76994164637749
22311,6.361524844345447
22312,13.795421300305657
22313,9.65460762368847
22314,6.94855707290397
22315,8.425808496884388
22316,6.026378136691945
22317,8.473173096894866
22318,6.953847828920778
22319,9.102877370023279
22320,14.95383384008009
22321,9.844536183560237
22322,11.268570399956273
22323,7.475878053636967
22324,7.466217161124741
22325,8.32154345637421
22326,14.026071766956171
22327,13.721860404244353
22328,5.160619885566109
22329,14.61587791925758
22330,8.571959172355001
22331,9.966243768067686
22332,12.50155836914905
22333,8.821507468087297
22334,11.104655383334352
22335,8.84446042272246
22336,6.15414725853333
22337,8.81915633958105
22338,11.718254405523997
22339,10.260901221443438
22340,8.478469608993084
22341,11.696395332921103
22342,12.460054089091322
22343,8.10489863892542
22344,5.646096265747184
22345,10.2511256349403
22346,8.704463376596859
22347,6.217083548588098
22348,10.548454602289297
22349,9.580990162098443
22350,10.337014454022961
22351,10.071888318424485
22352,8.312983552325656
22353,7.062503457800355
22354,11.357230399261303
22355,11.649360273180022
22356,10.25560703646377
22357,10.57039824417096
22358,9.75616202310075
22359,9.163455392849926
22360,7.559127216676946
22361,9.125584612756835
22362,11.304785524997845
22363,9.005018048721151
22364,11.460663104015026
22365,7.535154469792596
22366,7.459775975480062
22367,10.219144506081838
22368,8.21986480382783
22369,6.045742016869853
22370,8.31801741746054
22371,9.040201381005037
22372,9.596336412329988
22373,10.103327132128014
22374,10.442977644617292
22375,9.854978409964403
22376,6.1959400878210396
22377,6.975697148660172
22378,5.140274294412386
22379,10.482129605853208
22380,7.594652225146544
22381,10.114808680506794
22382,6.335403935266454
22383,6.993353058354838
22384,7.913704032142118
22385,11.109306652210178
22386,18.288383000006345
22387,10.524740535248355
22388,6.447637984823898
22389,9.8360655706986
22390,10.975625492051307
22391,8.661026997153373
22392,12.092984210375413
22393,14.314583658706383
22394,12.90066061018618
22395,13.250401774246134
22396,13.750631769124013
22397,10.944266460673651
22398,9.736482647418326
22399,11.550989698540716
22400,10.63194557122801
22401,10.34280408573518
22402,7.891080376528487
22403,6.0199988745097315
22404,4.9075367061767485
22405,7.631021074307751
22406,12.541551158645621
22407,9.260645656636694
22408,6.329477264855256
22409,10.190541790747698
22410,9.727418573000064
22411,10.23043449497638
22412,4.765185872351979
22413,10.896011381524564
22414,6.612327883200257
22415,6.200870563297368
22416,9.8256287453925
22417,10.636090928868665
22418,9.19273656990703
22419,10.435726227795964
22420,9.818839962349573
22421,11.491708506344043
22422,12.939142629884284
22423,4.052466179664088
22424,4.980847510003216
22425,9.824979453654494
22426,8.614978758399888
22427,17.52603104232216
22428,7.153885845679551
22429,11.485925507040054
22430,7.0218519794906245
22431,7.991941683183969
22432,17.574014062679048
22433,10.601045397529596
22434,8.410715440304717
22435,10.028393577569716
22436,13.270322541802017
22437,13.46825402417314
22438,12.807191242948818
22439,7.999612681030307
22440,5.995759101740946
22441,8.217886158443436
22442,11.491155005145652
22443,15.094656820153425
22444,10.033148517311126
22445,10.599741115889252
22446,7.557891460221513
22447,6.341638106464103
22448,10.45272915400281
22449,11.30215676501432
22450,9.586382785376639
22451,4.062588622024007
22452,12.703107033813414
22453,9.972485008256237
22454,9.929492161724667
22455,9.231967690275205
22456,7.931107749134069
22457,14.577518925388105
22458,8.934431059809887
22459,8.866525844153443
22460,6.0638284507731575
22461,10.54594239903111
22462,8.201858218202691
22463,9.81339758474753
22464,11.431242860773493
22465,15.431290981878924
22466,8.319622606046217
22467,4.86390759914025
22468,9.151692762321735
22469,8.295395443979286
22470,8.424104843884518
22471,9.612598546603476
22472,6.2925066553829225
22473,7.653512668276164
22474,11.03265565486962
22475,3.977805044267591
22476,12.191400828720887
22477,8.378278360050441
22478,8.826202326606303
22479,7.192057274340282
22480,12.175108684723732
22481,4.400795662822675
22482,9.716275731089162
22483,9.5169058810416
22484,9.369450498580509
22485,14.547892607650304
22486,10.7081603885054
22487,9.471820481912527
22488,10.44710163629797
22489,8.11136917021947
22490,4.3842241230240715
22491,12.634249002879649
22492,7.927674928897049
22493,9.531671815029094
22494,12.212736689537367
22495,9.5566871562659
22496,9.338194460464573
22497,5.841269265569615
22498,5.28995406360335
22499,9.999782441113704
22500,7.002151661336922
22501,11.541399686057972
22502,12.805935866992781
22503,11.685851340294509
22504,12.220435577406091
22505,10.496916656161064
22506,6.210557634035834
22507,11.05023030367625
22508,11.881975892743718
22509,12.320801534149005
22510,8.18269949369896
22511,10.126790868482711
22512,8.57482037891418
22513,9.027484330832316
22514,16.079151278477006
22515,7.338156189655754
22516,14.199344283440885
22517,9.531841801622136
22518,7.98381290405403
22519,13.583979523900322
22520,10.318751514255217
22521,9.947479416138583
22522,8.866104891689165
22523,10.116934403869529
22524,5.223605733454797
22525,9.19265530715808
22526,7.065155429545793
22527,9.692418927275714
22528,9.606150556264456
22529,10.80885909236728
22530,10.322334833459971
22531,10.395101038175808
22532,11.498440500968696
22533,14.043338636360204
22534,6.99321877815911
22535,8.356260959556849
22536,8.305353956813963
22537,11.088684210003146
22538,10.140967364590455
22539,7.0547669216337905
22540,10.26483186724175
22541,6.238223702748285
22542,10.28052749013099
22543,9.687105278575801
22544,8.713304316280485
22545,5.636723292314846
22546,9.852990150660457
22547,10.243878162598676
22548,11.148162019250071
22549,12.176178841923223
22550,6.010405358627879
22551,5.33787312356019
22552,7.126668135378934
22553,7.986860288151795
22554,10.197965011187412
22555,15.624667783570178
22556,9.120487315868292
22557,7.2462411442555315
22558,9.749125129640834
22559,9.08477930950122
22560,11.118341639559942
22561,11.652096914968002
22562,15.496645026966286
22563,8.046662592526726
22564,8.647578173492537
22565,12.220487357194138
22566,10.411078607649506
22567,6.097928376063464
22568,10.884307130696273
22569,17.955016180459243
22570,9.308161282453728
22571,4.103830345905026
22572,9.351283322622033
22573,7.388881859597533
22574,9.794196537004138
22575,6.166646177352721
22576,9.230588982975814
22577,10.085845173338509
22578,8.715298118549466
22579,10.899731821040035
22580,9.722757454403819
22581,11.987224588805855
22582,7.054131336219713
22583,10.472455925459212
22584,11.115528378638185
22585,9.466032797015481
22586,5.542015912178694
22587,9.773373281562716
22588,8.916662884042527
22589,10.666023650247563
22590,10.528609699885319
22591,6.230093439321173
22592,9.767348812229677
22593,11.745091423201734
22594,10.37911971086063
22595,11.333164790619563
22596,8.322503962878507
22597,10.402932937039637
22598,9.712173382718756
22599,9.420552405301102
22600,8.998851994440656
22601,8.210948171189477
22602,6.0158320992799394
22603,9.13612236170474
22604,7.163833117777822
22605,13.365035985595723
22606,9.174170545082337
22607,13.702130227349212
22608,11.029129206659405
22609,6.125210753742852
22610,5.502808879710364
22611,9.913379942985104
22612,12.081429992755984
22613,17.421847123894167
22614,9.909566369457425
22615,7.976090546797343
22616,4.459763899533398
22617,9.22590168588832
22618,11.200552181524456
22619,6.661543237907744
22620,11.29974217898141
22621,15.52701583442536
22622,10.197111105483462
22623,12.851462060445732
22624,9.322334806091696
22625,10.46180568334032
22626,10.509879180856764
22627,17.387959442613237
22628,7.819079830466267
22629,9.06133327649483
22630,15.361022057062069
22631,10.996066680268076
22632,9.315033579871809
22633,10.698688446280581
22634,10.509453598491872
22635,12.320681005929602
22636,9.772463543126223
22637,10.882956948369026
22638,13.97910999553666
22639,5.325156184118879
22640,9.929662700151535
22641,9.374488539466348
22642,9.78953803866806
22643,7.550230602985389
22644,6.990753538053397
22645,9.115566508702
22646,8.464764049196408
22647,9.548654782931406
22648,6.8960095916028985
22649,6.975472531141153
22650,9.318703423527449
22651,10.760390259383438
22652,9.853909627910866
22653,6.7629263731436335
22654,9.212614241516208
22655,10.419815920158573
22656,7.692112559362941
22657,7.477520921260504
22658,9.507657613571446
22659,10.26749277600368
22660,10.899642420521815
22661,8.140925550387141
22662,6.996639865946545
22663,14.363869453030436
22664,10.069577661106758
22665,8.402590753137302
22666,11.380305178850833
22667,10.499652460943313
22668,18.26385656126007
22669,8.424894907714812
22670,10.76223700693916
22671,7.031974004733283
22672,5.369660293950709
22673,10.70475037475472
22674,10.375809836737046
22675,7.0436855012821855
22676,10.67559122560196
22677,8.632235549928083
22678,10.49400674033297
22679,10.027996809047764
22680,10.085529363313059
22681,4.598388839748593
22682,7.278003479233034
22683,7.948672996016142
22684,10.552366432973377
22685,9.133317597947308
22686,10.075282614356542
22687,9.88489913701632
22688,8.371386026234232
22689,9.413997477834524
22690,9.988642152987415
22691,8.73452764884712
22692,10.579779524287387
22693,6.077738477946328
22694,5.136239516204083
22695,10.307776535766964
22696,6.1891143799580055
22697,7.590816569354567
22698,9.795355372313992
22699,7.3929372820916575
22700,8.792351015749773
22701,11.002729719459175
22702,6.8637641320879155
22703,10.620572006311948
22704,12.688091868103383
22705,17.436909802908964
22706,10.648538608835738
22707,7.504839339650026
22708,9.011571677670602
22709,10.295863628620932
22710,8.1351105015019
22711,9.34980336490108
22712,6.202218102134799
22713,7.062791630764758
22714,10.176381472774638
22715,10.278160243486006
22716,8.347072333673763
22717,11.314871778454583
22718,10.115993773903533
22719,6.373114096200363
22720,13.16293065067006
22721,11.04477613149475
22722,8.229796078596411
22723,7.167111862770865
22724,9.771230343167344
22725,7.893695748450835
22726,9.154223641168398
22727,11.203555743479406
22728,7.978416224165432
22729,10.09708256600633
22730,9.18733925421429
22731,6.76095959244129
22732,9.598749069779108
22733,8.691871641495647
22734,13.141607271200225
22735,9.713449813489651
22736,16.55037345513889
22737,9.875666635430779
22738,15.766587772854542
22739,8.786347782505425
22740,10.473844969525539
22741,9.228671023968804
22742,5.3465023090108
22743,6.413953325318257
22744,10.141951456603694
22745,10.9300956103123
22746,9.188276063222984
22747,7.818388669393124
22748,10.805173080166524
22749,7.961215044039932
22750,4.822959527528639
22751,14.336951471800035
22752,11.4308460385161
22753,11.077903133455163
22754,11.374002981322674
22755,9.816634547872152
22756,9.413349809679247
22757,11.28364130541484
22758,8.155706801411762
22759,8.919822171369997
22760,8.731926828555078
22761,5.977645781323945
22762,7.565191230280004
22763,12.488600779687198
22764,7.086271440191562
22765,6.1214076445734005
22766,9.52642245431461
22767,6.91415318987947
22768,11.900128167203974
22769,10.872312146389051
22770,8.803760504649441
22771,7.790539653224129
22772,10.450418718542881
22773,14.30706451586538
22774,9.535528320879576
22775,6.060814884657704
22776,10.156267152635627
22777,8.794502298192892
22778,10.238088291475124
22779,10.128985438774128
22780,9.60244917906899
22781,6.004866000725947
22782,9.286501640521124
22783,7.593265858764788
22784,10.065405052812148
22785,15.02786960492183
22786,9.477632982978319
22787,10.033033091392364
22788,10.456512794558137
22789,11.544119001902057
22790,4.041919590446038
22791,15.63166619501359
22792,10.81195773525607
22793,3.963479839174685
22794,9.64505342339356
22795,10.696966446443021
22796,6.409459729708835
22797,8.800952656035683
22798,11.911766235861164
22799,14.03276141645407
22800,11.028356338455506
22801,10.205411619906132
22802,6.005664899339165
22803,10.467485506282182
22804,8.788215227923082
22805,7.712394658054967
22806,10.717612625459418
22807,10.622554574253291
22808,10.165745963691785
22809,10.200056629794709
22810,5.886046733114397
22811,10.71633731305238
22812,9.876538221674409
22813,8.329614137627857
22814,10.036569535208619
22815,10.132879300531421
22816,9.871286204537732
22817,10.195743307833935
22818,14.132556910675541
22819,3.9874793612654997
22820,9.218632521874433
22821,10.762841401498696
22822,11.498757229431305
22823,10.05700710187221
22824,11.87154438569709
22825,9.775553650067504
22826,9.66802634202742
22827,11.293881644627971
22828,10.176708444372142
22829,10.048219910900439
22830,9.185256399880567
22831,9.618015995409277
22832,8.795477475777032
22833,8.889720490556137
22834,5.148006703186272
22835,8.883722267906359
22836,8.415694530666904
22837,13.923695481134681
22838,8.791712338842618
22839,7.101827239071949
22840,9.907893941434152
22841,9.612381130136848
22842,11.12091190982908
22843,9.423658549443127
22844,9.021437220288215
22845,9.492452177831051
22846,8.859576450546044
22847,11.20599629406423
22848,6.105567076624938
22849,6.267679185447978
22850,9.986314294928638
22851,9.192280735611668
22852,10.802144866557148
22853,6.134045554834794
22854,10.527780915964144
22855,10.503376988026211
22856,7.924576590248165
22857,5.195918172413233
22858,8.554110551352684
22859,12.216888914352715
22860,8.948177618639715
22861,7.595109784309446
22862,10.998781315502212
22863,10.164137172885626
22864,8.760538440259323
22865,9.733999547764029
22866,9.46303871739759
22867,11.619906803100609
22868,10.053191318920785
22869,5.131331168400653
22870,8.940711104664453
22871,11.116715480162938
22872,9.784717243055628
22873,9.421342253670868
22874,8.90529540950322
22875,9.173448884631933
22876,8.854247223550912
22877,9.487487595178777
22878,11.128147735966689
22879,9.8817288350564
22880,9.753692874929932
22881,6.410495109693735
22882,9.902341964304343
22883,12.255705450798065
22884,11.308259074208117
22885,16.270112408846508
22886,9.783861408982956
22887,7.265213438690777
22888,10.305469263074531
22889,11.672609483139182
22890,8.995276246908798
22891,10.022776991555746
22892,10.064135595450594
22893,12.72955338343079
22894,10.053846795578343
22895,7.874591784585492
22896,10.104637315287718
22897,7.997513974326885
22898,8.689718409144403
22899,4.12332874747405
22900,9.280079297041175
22901,9.07314763223204
22902,7.950654415242136
22903,9.15037487360758
22904,7.589297835844222
22905,10.440042398936873
22906,9.162678982140415
22907,8.072921432953235
22908,8.379245764770985
22909,9.233329974458412
22910,8.39252081188649
22911,9.735089834082862
22912,11.050148107534959
22913,12.699880385357854
22914,9.579429716006091
22915,9.043808028649128
22916,6.171901499787786
22917,8.726953732091632
22918,13.923251900139116
22919,10.557751537671557
22920,11.290874101040433
22921,10.430011670910229
22922,10.196960934454122
22923,9.99910387719353
22924,7.233909860439876
22925,8.845773172324837
22926,5.279793441280674
22927,10.641971130589049
22928,8.245045177677763
22929,9.163767520646381
22930,16.794796604945127
22931,11.430268680969089
22932,9.594070229813836
22933,9.938341103285774
22934,9.099559979195243
22935,8.164570728334708
22936,10.56052857712712
22937,9.463325806191765
22938,7.08557667229116
22939,12.553680057844938
22940,11.334097944764386
22941,10.189049375641268
22942,12.989477449334226
22943,10.122600352187135
22944,12.440425509317752
22945,10.830976267363159
22946,10.2384787144565
22947,4.099350137401289
22948,13.530029109902914
22949,11.3300872112411
22950,8.521211596813425
22951,12.695984824598291
22952,10.419016181087558
22953,11.166360059255037
22954,6.0498156657277455
22955,6.912556514119522
22956,7.14984001434427
22957,8.939383564198597
22958,10.13935766730631
22959,7.061118358285546
22960,9.75037328890409
22961,6.936811458848186
22962,11.176650629688051
22963,6.247317904888277
22964,10.515434123713195
22965,8.392287370843825
22966,7.116728681686533
22967,7.853053422665183
22968,10.02944065279656
22969,12.715474936563222
22970,10.221691357451075
22971,6.367416416538721
22972,11.16121282809303
22973,4.987213813489477
22974,7.835055949358431
22975,6.999677515398553
22976,6.027398230333528
22977,10.34155414342756
22978,10.05406892147998
22979,9.274685714998913
22980,9.486483537949345
22981,9.850674602222966
22982,8.210451686125792
22983,11.25503881488484
22984,11.220475925215197
22985,8.37533088971357
22986,8.162530443759463
22987,6.363204835469899
22988,8.103169426478372
22989,8.930012257773441
22990,15.18766586068772
22991,11.394126162878882
22992,14.06207743740459
22993,10.553547173070626
22994,11.8536720753088
22995,14.816131324926546
22996,9.133494142314769
22997,7.791277567467256
22998,7.838822746724169
22999,6.106979147975433
23000,13.026735493788818
23001,9.770386163839218
23002,8.095243529005947
23003,14.255764638315982
23004,6.061740188838132
23005,9.175697954501702
23006,8.610397885384339
23007,9.62273654537105
23008,9.79475740660956
23009,6.346515694881937
23010,10.360698829256474
23011,6.032093809774183
23012,11.303954852534183
23013,10.63269380418239
23014,9.4612769814483
23015,9.995010621496618
23016,8.139002532753619
23017,8.532712452191832
23018,10.319140071981336
23019,8.861579108457313
23020,9.562962417260804
23021,6.941607394576086
23022,7.246309031571405
23023,9.734766761901914
23024,8.626190998788369
23025,7.131144815922849
23026,11.461841948175586
23027,5.1070452799282995
23028,8.017645357486156
23029,12.40424979189812
23030,11.380967655086785
23031,9.81823387182424
23032,10.674595202993395
23033,8.494786689374825
23034,10.3364793091547
23035,9.033272661849029
23036,12.352400365825684
23037,10.024801194080762
23038,8.264908917503842
23039,12.69986304632227
23040,6.137420485826578
23041,11.244403537531248
23042,13.88344226777798
23043,6.331870047438727
23044,11.939317106369856
23045,9.938360783000817
23046,12.672483026627237
23047,8.012310154066146
23048,8.49096408882301
23049,8.448437485663696
23050,7.3917356548526705
23051,10.739260283452165
23052,10.835747207071908
23053,10.115865887476325
23054,14.988906405068606
23055,10.120496157292989
23056,7.401332567118182
23057,7.090559295274775
23058,11.826316104194602
23059,11.98004446065411
23060,7.93125164773635
23061,10.629596871556902
23062,8.383775122256345
23063,8.604012799085183
23064,11.097394586630456
23065,9.782494126913287
23066,12.349149584896695
23067,9.907666934983103
23068,10.311331476303502
23069,9.83062619344268
23070,6.088105969176694
23071,7.734590108729586
23072,10.341266221271347
23073,11.593865659676272
23074,9.925276189939485
23075,4.294436437891436
23076,8.491136217134907
23077,8.995704065883537
23078,9.008320624652665
23079,9.044356810565034
23080,7.280358727359075
23081,10.895812195328366
23082,10.879651322945598
23083,10.279347381229242
23084,11.115141716721492
23085,9.944220699333739
23086,9.282827506358569
23087,10.1833773785786
23088,8.32424621339245
23089,10.112227728260548
23090,10.172191474981224
23091,9.384033950030924
23092,8.92304933687215
23093,13.270103655570749
23094,8.960758847095969
23095,8.517824349118253
23096,12.235222077640477
23097,8.369056173266145
23098,8.000237537920041
23099,6.071210589483458
23100,9.797573742489586
23101,9.336651198219705
23102,10.62124954021347
23103,7.211223435080222
23104,4.71725640303507
23105,5.593512520061726
23106,9.008758947242516
23107,7.028268513200243
23108,3.88926671346877
23109,10.676599699971623
23110,8.903855004625235
23111,7.614308571321477
23112,11.34443150103692
23113,10.493467729206692
23114,11.158720647380463
23115,10.80214999563814
23116,10.781795720192159
23117,9.734184810544203
23118,7.48615372487996
23119,14.59821116044008
23120,6.4553002854637525
23121,9.48806150681689
23122,10.685670273261785
23123,6.261890085851199
23124,8.579186213929573
23125,10.920959635595912
23126,9.733621380244731
23127,6.927846540261132
23128,12.952152381681612
23129,10.94560338033251
23130,13.606151354710226
23131,10.395268233482433
23132,15.06750031580712
23133,9.78810602478968
23134,11.27459868116455
23135,14.471326732140895
23136,12.116009953082136
23137,7.996090872115692
23138,10.883494878263381
23139,10.659586329308569
23140,7.4473749519296835
23141,9.343683005046541
23142,10.277363484460366
23143,7.049678247460296
23144,9.928610644341308
23145,10.790905448043691
23146,10.515595810382914
23147,10.278955202078533
23148,7.834011439981618
23149,10.70064280220046
23150,10.329059954663192
23151,11.335591649016097
23152,10.678874597137188
23153,8.364911796309869
23154,10.575253239403871
23155,9.070941606637774
23156,7.948101573905287
23157,15.405147305827153
23158,7.668432480913934
23159,9.779114167219149
23160,6.161662048524761
23161,7.932566013996248
23162,7.025609924667227
23163,13.775217135911431
23164,9.281060874133026
23165,6.973667388207871
23166,11.54116686092113
23167,7.516710290758483
23168,8.784848640486711
23169,8.790639872628374
23170,7.025818935767063
23171,3.988926666045906
23172,6.346667260577484
23173,7.0162316671413825
23174,16.281079273064517
23175,9.14776121958885
23176,9.376201194663828
23177,11.00887591612989
23178,10.18500976677976
23179,9.916623991086505
23180,8.060651353065875
23181,10.337241137876376
23182,11.151057558299803
23183,10.561728069477917
23184,5.540191258900957
23185,16.003466959446605
23186,10.595783345242758
23187,11.530298244179916
23188,10.47768893983321
23189,7.046803801265059
23190,7.2153757356986565
23191,6.557999678662508
23192,9.447425702965367
23193,14.919917999470949
23194,10.519627049271554
23195,7.744747273417264
23196,11.7387373554195
23197,7.01654761248348
23198,10.731620024624604
23199,10.456145012711538
23200,7.895449999335655
23201,11.294037687747396
23202,6.511532130200072
23203,15.231543598626253
23204,8.154306673726325
23205,10.470747368095285
23206,11.552559154576995
23207,9.52941244388982
23208,12.731253338177149
23209,13.95058548136997
23210,9.397910303670823
23211,7.5979901102439715
23212,10.241144338517952
23213,6.711578304324968
23214,7.11604348546485
23215,9.912644664006951
23216,9.223280612611912
23217,8.150773914022006
23218,7.590035455387487
23219,11.722631702708703
23220,9.833118369507936
23221,9.311693723806112
23222,12.543428433913418
23223,10.391487147824204
23224,12.041445212625892
23225,9.257286566094885
23226,10.29059724911788
23227,8.178263651682634
23228,11.66030995064328
23229,10.885873752051827
23230,6.50827253624668
23231,15.671674430494916
23232,10.54210270473703
23233,8.781359146286423
23234,11.951752318645667
23235,9.544506624875204
23236,7.022522281882315
23237,6.392131100032437
23238,10.355909686879475
23239,7.045097289238469
23240,7.355684223359548
23241,7.7716371514199585
23242,6.032653063753715
23243,7.345151531357521
23244,13.03991452961709
23245,13.667607506592702
23246,10.831096274164592
23247,10.339621929985247
23248,9.826980880700681
23249,10.937202517518337
23250,9.295063934938595
23251,7.911363270370918
23252,8.98507454137749
23253,9.806296225005521
23254,10.44654177425426
23255,5.720881446866041
23256,8.906807920028244
23257,6.882288487127428
23258,5.401262648970174
23259,10.370882723030432
23260,10.893979865085072
23261,10.378369711840426
23262,8.903897596359386
23263,7.786689900254539
23264,10.954992476983495
23265,6.9463832287149305
23266,10.00433684880869
23267,7.240633072048112
23268,6.952750021746404
23269,8.634780152490377
23270,7.414521692826365
23271,11.142619604286455
23272,10.120801733527756
23273,11.293575322926024
23274,6.864416471814378
23275,12.373771438486013
23276,7.674881378436538
23277,8.842207631183452
23278,5.690318762160515
23279,11.10625907838843
23280,8.043784981519837
23281,9.654449653181345
23282,9.525046437591591
23283,8.403887823082695
23284,6.2207873636119215
23285,10.957986499058183
23286,10.1119287449106
23287,8.952639757928546
23288,9.037962777577969
23289,6.193509866618587
23290,10.169522410026971
23291,10.941308244445214
23292,13.488283925499317
23293,5.325666684241124
23294,6.99194891757074
23295,11.015682121064042
23296,9.111498813747158
23297,5.718113736285091
23298,11.466321493127886
23299,7.564961662080583
23300,9.725327199696153
23301,9.938244486437933
23302,10.111973748496915
23303,10.235755315877384
23304,13.246814110945309
23305,10.572760869692068
23306,12.539145825308438
23307,7.4600337226754085
23308,10.964539439535171
23309,12.366898706499683
23310,7.705966964379833
23311,10.476473171793376
23312,9.821346320622938
23313,7.513560646793075
23314,10.876718309445627
23315,11.53272585175704
23316,10.679773680929944
23317,5.9912412342722074
23318,11.3258206802426
23319,10.964392844304054
23320,9.168817586937218
23321,9.284982838946101
23322,14.557624905095931
23323,9.142540331523113
23324,9.111306328690064
23325,7.216634732625984
23326,8.37541208928581
23327,8.30701351276133
23328,8.913389326289721
23329,10.125536913247437
23330,7.029160418884566
23331,8.170472048418063
23332,13.837370518132508
23333,9.516062652890122
23334,9.379511898938455
23335,5.080335382037029
23336,9.872543236435387
23337,9.921337897600992
23338,12.50379478476465
23339,8.840044417323083
23340,8.906730295363296
23341,10.348105590383923
23342,7.469649355583696
23343,9.256866174423246
23344,13.939293780601437
23345,9.348201937578194
23346,9.378300422788296
23347,14.57659929684199
23348,11.000248416155507
23349,4.129557020401835
23350,6.087312744069578
23351,7.141083219809726
23352,11.884762628664676
23353,8.081340944336644
23354,8.985789181024524
23355,7.914464794335397
23356,7.520291822710073
23357,7.678770797593259
23358,9.276895111464768
23359,10.535309413404457
23360,11.12189860656164
23361,9.391902822019153
23362,6.9426894229888125
23363,8.505820550361205
23364,6.906304302003673
23365,19.119552298817226
23366,5.008577449459076
23367,6.966810590905862
23368,9.446064933851504
23369,8.885712501859095
23370,8.968042351423671
23371,13.155293659512449
23372,9.0618600421632
23373,6.885018939423489
23374,10.256533660861608
23375,8.4335111205409
23376,11.65009262402405
23377,6.200692990318939
23378,6.533543228721042
23379,10.589032819920414
23380,11.33032923318344
23381,10.427686882198392
23382,14.901987284058979
23383,11.90385254766643
23384,7.817784530026562
23385,12.791312415527418
23386,12.346426224239298
23387,10.24074443949056
23388,9.620479892198878
23389,16.006213705321912
23390,10.124464499327592
23391,4.326192897481214
23392,5.288599497536491
23393,8.436292790831535
23394,6.7523784660889135
23395,12.946319007473882
23396,10.45480732624275
23397,5.976660918049734
23398,10.222903103437288
23399,13.857647964694744
23400,10.25769986725893
23401,7.6428696691195706
23402,9.77985904954016
23403,13.218855211433084
23404,10.637320753394352
23405,8.74451859600003
23406,8.022762887839129
23407,11.028726171303292
23408,11.444571288305452
23409,6.024753947265339
23410,7.064412047647725
23411,7.484822638607527
23412,8.255533516341846
23413,8.896647556093546
23414,6.82244563565984
23415,6.046122380206997
23416,13.467513263816768
23417,6.933987074222847
23418,10.907205886876104
23419,10.037078465589133
23420,7.129539721325135
23421,6.968704536242224
23422,6.5111951966415615
23423,9.576525371373446
23424,9.392105442801348
23425,11.170053014286111
23426,7.402951148237073
23427,10.426205757320226
23428,11.580983673758224
23429,6.615113429940002
23430,11.897873918695538
23431,11.713156421332377
23432,9.442235345789243
23433,9.876447389808481
23434,10.200812569481375
23435,8.453402550031036
23436,9.827840085067304
23437,9.92831434306581
23438,8.365120338003898
23439,10.305965003571176
23440,7.864525308587416
23441,13.34497037404972
23442,10.721928535585807
23443,11.685821234369039
23444,13.979005134946942
23445,9.93212966319322
23446,7.010578387805663
23447,11.080380599402313
23448,9.139913492386276
23449,10.699345469599173
23450,10.323651796061876
23451,7.216669627548763
23452,11.515939040441157
23453,8.91262161645064
23454,10.359049322387806
23455,8.807409300461028
23456,8.69035062033497
23457,9.622376385153553
23458,10.27683858149012
23459,10.953983930974609
23460,9.235252510545884
23461,9.562110820915654
23462,9.639999501508344
23463,10.48643402732702
23464,9.287527978151736
23465,9.808344936992327
23466,8.431413032922386
23467,10.15191972493157
23468,8.751371901663422
23469,10.736754219126691
23470,10.019688056649084
23471,5.968063566578229
23472,9.45016403600805
23473,8.382036545204373
23474,8.810879735498292
23475,14.614138030425298
23476,6.19306510403484
23477,11.551689866238458
23478,10.10697448207761
23479,8.642663032149645
23480,9.950306505496586
23481,9.227999023769904
23482,7.624256215566676
23483,8.846642152603934
23484,8.868201777669139
23485,14.3069798946696
23486,10.10083856408503
23487,9.754791573144097
23488,9.929348801890898
23489,7.7478191041329225
23490,9.448602975407848
23491,8.710074792169447
23492,5.463796960769696
23493,9.317455126334508
23494,10.411556279752773
23495,7.378305061347316
23496,9.798368977019994
23497,6.354093948160829
23498,12.12254976993546
23499,5.836199923123264
23500,7.54067435340804
23501,9.79561076576657
23502,13.495987616606264
23503,10.805196105252666
23504,14.33626192165865
23505,9.992764257124682
23506,12.125282077777932
23507,9.51824657649411
23508,6.327824645517785
23509,7.052804041707013
23510,11.38949604032198
23511,7.323819651288576
23512,7.130524650356936
23513,14.959324061056833
23514,9.351482544747624
23515,10.848703235395051
23516,9.832060132543129
23517,11.320363958993399
23518,10.065604563051547
23519,8.625878953345067
23520,9.488399675797623
23521,7.5135079963963705
23522,13.839382535997256
23523,12.153392656659111
23524,6.120085979636305
23525,11.203487984923399
23526,7.064573916870305
23527,4.076490118688697
23528,11.164523024482197
23529,8.84320684040593
23530,10.892375469156523
23531,7.063141438254373
23532,10.186417378819272
23533,10.01227178426883
23534,6.926556257717128
23535,7.7922899424888845
23536,10.787942053969617
23537,10.456034119174806
23538,12.284568876531466
23539,9.873474030976574
23540,12.852168199977088
23541,9.168463216693135
23542,6.435920210691188
23543,9.687011933196237
23544,11.408034781856529
23545,10.413974285359183
23546,12.55216071312029
23547,10.909442864948453
23548,10.862315142519689
23549,6.061456110054096
23550,9.077774389943198
23551,11.181001342038465
23552,10.09454592852315
23553,5.004491506042343
23554,11.488644702590655
23555,9.746101659963355
23556,16.735735191648814
23557,13.311946350721795
23558,10.490772619593674
23559,9.633270686667112
23560,9.160721015205176
23561,10.36752162948761
23562,10.438238669163677
23563,7.802101207169702
23564,6.855942155568762
23565,13.095510449015148
23566,10.75083565502293
23567,17.468638544264262
23568,11.054644406452809
23569,5.969466382046793
23570,9.245460482825923
23571,7.343107155064514
23572,8.792842443549556
23573,7.9519719273321146
23574,9.937374323483478
23575,18.115092871522982
23576,9.990306122388374
23577,9.87113319657553
23578,11.623293641538423
23579,17.57023016928646
23580,11.119134168887829
23581,9.846737728675013
23582,16.3953316521202
23583,8.182040417129208
23584,6.857243773744507
23585,12.189576939064342
23586,7.76449361493181
23587,11.206457288696875
23588,6.401970266055743
23589,6.194373421317055
23590,8.79816689700522
23591,7.504633650070976
23592,6.28727802503752
23593,8.6486897108864
23594,11.07970858201598
23595,7.856308057773403
23596,8.154579599924762
23597,9.39334184762588
23598,8.433951037707557
23599,4.564119522868399
23600,10.566152291851832
23601,9.058194392086808
23602,9.878014518762992
23603,7.831071811314686
23604,9.369532930205438
23605,8.836924481150934
23606,13.73245651903189
23607,9.7368817913269
23608,9.743846547678071
23609,8.096275838813014
23610,10.919580886454689
23611,10.934827369693558
23612,10.52452856558446
23613,10.549237477077298
23614,9.104581059211027
23615,11.11193427665957
23616,9.337508326740451
23617,9.143694392327989
23618,9.122486461447846
23619,11.104702682783062
23620,8.29360628407969
23621,6.065737747212417
23622,6.775934322123352
23623,11.116916656600935
23624,11.652224072668275
23625,11.360994985944721
23626,7.495808147078316
23627,9.395147581464721
23628,10.220710575222931
23629,6.144025814659682
23630,10.48195468677141
23631,5.233311267775893
23632,9.751106784515143
23633,8.18394382673764
23634,8.253890364060855
23635,11.79477892637786
23636,9.609116544533082
23637,8.721257167087295
23638,9.661590944426413
23639,7.877237478618169
23640,9.912933678181044
23641,6.094325890233
23642,11.422862105524276
23643,9.209018464299735
23644,4.9539563781513065
23645,6.997632289281943
23646,6.896531324628275
23647,6.19959927077467
23648,6.782470891165546
23649,7.406769332093838
23650,11.264063568832633
23651,5.97887308254573
23652,10.911084319598306
23653,6.360791894305279
23654,11.244784850859546
23655,9.141461450179143
23656,10.88933633798824
23657,7.475298257056023
23658,9.97090230723533
23659,9.445168153122673
23660,9.088005949182142
23661,8.625434505951953
23662,11.785391663683896
23663,6.695840022993054
23664,8.275242561914448
23665,6.429919697815314
23666,8.651124748685636
23667,12.145010550834527
23668,18.702838767717804
23669,8.93393452221786
23670,8.260562809737879
23671,10.111281529840436
23672,10.456833805631828
23673,10.382818966614751
23674,9.211695419331878
23675,13.717088438328421
23676,10.471148660968199
23677,5.060658238949312
23678,10.178197643566001
23679,14.251557630529513
23680,9.059992511588552
23681,8.870062803704073
23682,10.400804576606516
23683,11.636788548274842
23684,10.925143240832595
23685,16.89917909985205
23686,6.039799194123817
23687,11.907994489503476
23688,9.939441387574284
23689,12.134283828332016
23690,14.55754717712481
23691,9.51367559554284
23692,10.408141120886611
23693,4.711941154654387
23694,6.384024308321896
23695,9.11748312367677
23696,10.179646114945168
23697,14.811320124266548
23698,6.251945073497678
23699,6.1069741665684845
23700,9.06226510195453
23701,10.263887322069092
23702,12.044131876070312
23703,8.888913611307697
23704,6.545033153776139
23705,7.788027006137986
23706,7.383230308250194
23707,10.286516723929655
23708,8.205665696302399
23709,10.40020270940877
23710,11.481074901781733
23711,6.994687029336032
23712,12.219695800340643
23713,4.902789612457434
23714,8.767096532655392
23715,8.251524522969108
23716,10.834051673345181
23717,12.2720941420366
23718,6.470463250388631
23719,8.112774397942445
23720,10.686654177961103
23721,7.6147481377020405
23722,9.634289674544869
23723,8.289405081743192
23724,9.724455764804482
23725,10.236504996528259
23726,6.484462914024876
23727,4.680130936866028
23728,5.891364402764814
23729,14.806540974113172
23730,5.37382102248112
23731,10.316723113826862
23732,8.843781084408214
23733,8.16859254032815
23734,8.18143310990915
23735,7.111236700717493
23736,13.479394645273313
23737,9.17776950097587
23738,11.823696447308484
23739,10.047947315812989
23740,9.11780037350563
23741,12.46151787365093
23742,6.991469405296355
23743,15.045542959867909
23744,13.45172655036339
23745,6.956716577681056
23746,8.713137813908759
23747,11.722545877788376
23748,9.798320260291467
23749,9.197325329341128
23750,7.610809303168802
23751,6.618419357976982
23752,9.063861408679559
23753,7.005354599614165
23754,8.441170954543253
23755,11.026992654136642
23756,9.407486325163424
23757,4.1133475178535654
23758,10.330918021272986
23759,10.455888202564768
23760,9.462811103926109
23761,9.92926946933606
23762,10.498253584674217
23763,9.801980483044098
23764,9.264157851949982
23765,6.39988153464904
23766,8.520015469755466
23767,7.93152909270639
23768,9.356871880367727
23769,9.662416537130074
23770,9.703049542409218
23771,9.444449980389788
23772,8.432404960947661
23773,15.112164669948891
23774,8.417558394444608
23775,6.060822083746301
23776,11.669813904205641
23777,10.092025148424767
23778,10.88855046018959
23779,4.682731150317143
23780,16.110538012257962
23781,6.948782260934567
23782,8.924582258475
23783,11.936219951926724
23784,12.649204549318853
23785,12.434403187154356
23786,4.530257328506053
23787,10.114072503928485
23788,9.68482962567379
23789,7.292773619831152
23790,8.98596437633896
23791,6.080280542894139
23792,11.868434343258334
23793,13.328020452160558
23794,9.928491828977489
23795,10.882363948378547
23796,14.55629532247675
23797,9.193801911028302
23798,12.167393815283944
23799,8.097564245589009
23800,10.65686457885915
23801,10.76825728124402
23802,7.819913893873643
23803,6.287936100134529
23804,11.590475858414083
23805,10.521751712716924
23806,7.7658462925005525
23807,8.21971217499715
23808,16.080233494220824
23809,12.340912013648671
23810,11.062690377861774
23811,9.922391466715114
23812,10.250277605961832
23813,16.415576415466433
23814,6.233833828411263
23815,8.506533942550067
23816,5.9832670447403045
23817,7.161199327859285
23818,8.185927010708905
23819,12.72579697748238
23820,10.123842257759344
23821,8.28844301424325
23822,7.002132289636712
23823,10.362534784737342
23824,9.361093183018195
23825,7.793605114729828
23826,4.058944572992424
23827,8.965687586499277
23828,8.903073727900113
23829,11.122162650988228
23830,6.864838282459929
23831,11.272704046917708
23832,9.117453666879719
23833,10.669032977184564
23834,9.35782942593159
23835,5.387594211677799
23836,14.053525065822429
23837,8.45472409428539
23838,10.165023307147703
23839,9.737225384190527
23840,8.793652860552072
23841,10.48034018383194
23842,8.013558857601076
23843,9.411977331034866
23844,14.382462070992048
23845,18.08936893054631
23846,9.055054086203436
23847,9.312772474759127
23848,9.008128054305505
23849,8.892411091712841
23850,10.376662097725315
23851,7.560658382977353
23852,4.949605857913496
23853,9.368462411887847
23854,9.978560583574655
23855,6.100022847927143
23856,3.630174613643229
23857,11.576326812564485
23858,6.239183901128683
23859,15.326552252495384
23860,9.481357269881574
23861,10.247334405780641
23862,12.848313798809263
23863,8.424001955281886
23864,10.789643730165901
23865,9.33010456461775
23866,11.014527062660678
23867,9.521608738529135
23868,5.905599757173677
23869,12.670956608997875
23870,11.535549688414191
23871,6.292312603536967
23872,9.33442568026603
23873,5.125736624359773
23874,7.045982097380801
23875,10.263465976812316
23876,9.142330508794332
23877,10.665693093398504
23878,7.925758872536586
23879,9.48992201595329
23880,7.5447082738221365
23881,9.425886454110707
23882,8.724827925128146
23883,10.798616080075192
23884,9.56672714151127
23885,6.993872451204542
23886,8.38812326817909
23887,15.318078906539524
23888,8.44599302458118
23889,8.090707732521754
23890,5.808994415457891
23891,8.563703544466298
23892,6.998962661489807
23893,4.106351736360096
23894,12.531710069329165
23895,9.353721329508058
23896,9.415735816978186
23897,10.467927867687973
23898,8.428278115839213
23899,11.044374948284254
23900,8.571215700701224
23901,6.029942137837397
23902,11.970741609992563
23903,9.486808343471795
23904,6.806394688044572
23905,5.4754992883619416
23906,14.078372651836474
23907,8.91466221053994
23908,10.083811446754957
23909,10.79128132218255
23910,6.380073100055286
23911,6.117327519744813
23912,7.481878717735077
23913,13.663671215206133
23914,11.311778466319366
23915,9.267691549555972
23916,8.200418019871526
23917,9.872686936641685
23918,6.820357078680422
23919,7.557521695837265
23920,6.963452314838726
23921,10.207060983359593
23922,10.063014494096244
23923,11.769649435740206
23924,5.181278314889729
23925,10.077695873811884
23926,11.24051540770039
23927,10.147197849806421
23928,12.648879356467637
23929,7.89435273452413
23930,11.189332366720842
23931,6.9458069289475475
23932,10.56884682748888
23933,6.2183903495196375
23934,10.088739307195896
23935,9.484504775637909
23936,12.966286309873222
23937,6.010788226694686
23938,9.701157260127188
23939,9.706238245656579
23940,8.185085648591336
23941,9.915601060575325
23942,6.875738655622198
23943,13.20201958004698
23944,5.801773896778033
23945,10.287016729986856
23946,11.80196517478182
23947,12.246972156980174
23948,6.832805527542059
23949,10.917881315180312
23950,7.802955573519443
23951,9.416951295563496
23952,8.823838870044757
23953,10.227429463923126
23954,5.321317344323961
23955,6.91498720951273
23956,7.185671235939395
23957,13.881830234316462
23958,6.053883625678292
23959,7.4410708944402675
23960,6.9533524750857225
23961,7.0734105749327645
23962,6.45501082883294
23963,10.277107009171909
23964,9.928045641759425
23965,9.151290316674473
23966,11.089225957068205
23967,6.846179447237994
23968,11.267799764787231
23969,9.92776477898497
23970,12.708811299868213
23971,9.240058585735353
23972,15.033223052873193
23973,10.37029553283279
23974,15.183446606978462
23975,7.315597658699012
23976,9.03817012951773
23977,9.553221171812057
23978,8.863309817861934
23979,13.572510465357741
23980,9.509757307817255
23981,5.611387705247828
23982,10.546038593490794
23983,9.353885810247174
23984,10.684507462627325
23985,10.205024241780356
23986,9.717143830645195
23987,10.93190373143165
23988,7.671522219058993
23989,8.077514059576277
23990,5.067517556628375
23991,10.348880549736968
23992,9.470359456647701
23993,10.026042244679724
23994,9.547336923959318
23995,8.759400223180428
23996,7.917926863314788
23997,8.493689354404896
23998,10.201610451583422
23999,10.726951050539519
24000,10.190794345938986
24001,6.945952138003556
24002,10.320462086284927
24003,13.338721435975932
24004,11.186064227006666
24005,11.184131377297962
24006,6.96129695358509
24007,9.014974827225542
24008,9.240014230441231
24009,9.022373606702692
24010,10.33102657008511
24011,6.969550747985359
24012,10.352609610188367
24013,11.654106301259393
24014,8.291533998583269
24015,6.9995179727039565
24016,7.091373306367574
24017,9.955067338066517
24018,8.810048444347993
24019,7.827678416588111
24020,9.651640045133846
24021,11.302783754851335
24022,11.44509138166932
24023,8.862277173375453
24024,10.41350875728423
24025,11.187935303557818
24026,10.32705689290596
24027,10.437480519651121
24028,9.341408496290008
24029,8.67839243382186
24030,9.74315231799881
24031,12.002761951205681
24032,5.176518152939973
24033,7.039115757876559
24034,8.144358925259041
24035,11.475059970507878
24036,10.298666134450023
24037,12.533718699777106
24038,14.711926930850133
24039,10.413784332956169
24040,12.149370771503415
24041,11.577998878979827
24042,7.262108716862923
24043,9.766451110768891
24044,9.860258095064541
24045,14.134005986646233
24046,9.19801031759489
24047,4.940771699252652
24048,6.9992181071317505
24049,10.703827998583925
24050,11.22915643751033
24051,14.482691889536982
24052,12.79040365958482
24053,9.882399645150802
24054,5.597966572992759
24055,11.78827290706801
24056,12.271690418829772
24057,11.19358180608875
24058,14.960274276671626
24059,7.031980543967535
24060,12.783883470995983
24061,6.054872408444858
24062,8.46536594844524
24063,11.711749700512897
24064,4.627885409898791
24065,13.43502678600381
24066,9.811581426384056
24067,8.649469377745115
24068,16.457168414838502
24069,11.23824386233058
24070,7.968604670339239
24071,7.173861085391373
24072,9.481187148908536
24073,9.918362128725805
24074,9.337784632855199
24075,9.263530338216432
24076,9.008096417851476
24077,12.896969056223135
24078,11.186247534412995
24079,9.758847374669447
24080,7.860856680996866
24081,9.969612606862524
24082,12.732532641975244
24083,10.903664784412125
24084,7.859483587468777
24085,8.87848998738853
24086,7.178767863764253
24087,9.08691067284192
24088,8.137071459390793
24089,9.218322235603583
24090,12.520301094838619
24091,12.493499942044826
24092,10.172522003985836
24093,6.924899155494478
24094,10.847275327165605
24095,10.162006330035373
24096,11.518000192770904
24097,8.557857729701414
24098,12.604920816745434
24099,8.886890712454205
24100,9.383739796870756
24101,10.325416782110699
24102,9.98934332736858
24103,9.701435892865954
24104,9.167598648229948
24105,9.718189706774892
24106,13.040512319999658
24107,10.54521955733546
24108,10.168214833531987
24109,12.623780717918246
24110,12.500056628057674
24111,7.792130771963491
24112,7.1585195813987115
24113,4.077858935343162
24114,11.748517670159869
24115,8.976199633645608
24116,10.373863139500546
24117,9.199519282188417
24118,10.48060982020536
24119,9.9980054093674
24120,9.157871861543935
24121,8.803306167986882
24122,8.862207201792835
24123,7.531146173453465
24124,9.354498267068678
24125,4.811910530367773
24126,12.211818802420428
24127,7.774641467653812
24128,7.920270934627598
24129,9.588061626139172
24130,10.145896985936727
24131,9.396665974186552
24132,8.463191576771523
24133,14.127654505797725
24134,9.024232833783929
24135,11.304723659862498
24136,8.066107330725202
24137,11.3633191995094
24138,3.99657189989052
24139,8.494739594697153
24140,6.114849687233837
24141,11.238825374144678
24142,9.17348641145869
24143,10.558334085067928
24144,9.14160199488353
24145,10.945508068637974
24146,15.43672963791575
24147,12.605599002066018
24148,10.191145349845154
24149,7.019394227207411
24150,11.942695492301592
24151,7.981912142133934
24152,10.053428094048924
24153,7.9611397811850715
24154,10.61475673334744
24155,9.772029674609938
24156,15.657866598226818
24157,10.82619874492622
24158,9.17861896064237
24159,9.872668119895026
24160,8.061095504432272
24161,7.085502121800375
24162,8.24777283237887
24163,8.922648562588543
24164,9.551859603659894
24165,11.512519965084639
24166,10.30919236530016
24167,16.432661838551503
24168,12.086393300953494
24169,7.543477509348541
24170,10.763113315337367
24171,7.030987695691481
24172,14.042612056245911
24173,8.913676196196752
24174,10.611828691470231
24175,16.25549672730049
24176,10.923230411519238
24177,7.747453573056465
24178,6.838687633483685
24179,7.279935659231036
24180,10.04324180633689
24181,9.463409359228534
24182,12.92332436828966
24183,9.412456789036408
24184,7.876334984151024
24185,8.318206780244777
24186,15.215104287328739
24187,4.029366675233608
24188,11.226530728376655
24189,16.441098170510642
24190,9.184327920628425
24191,8.000449397981464
24192,8.992720926289598
24193,7.376065932847916
24194,6.43662273416094
24195,11.986804834717647
24196,10.135335900001234
24197,10.199474459071581
24198,8.016936747417043
24199,11.479573160353983
24200,11.863255160430679
24201,10.167677294482788
24202,6.439185216265976
24203,10.144115339275105
24204,10.021477775421284
24205,15.245003467013223
24206,7.3107842036133155
24207,11.95945220541037
24208,10.61125941001576
24209,11.97680101358437
24210,10.412080828093703
24211,14.849146518725142
24212,8.81134306034071
24213,7.021121530293679
24214,4.935238469871559
24215,9.285330095835706
24216,11.02846007398129
24217,10.340779098841784
24218,8.449069557744586
24219,15.191005534192042
24220,9.431420176375081
24221,10.011490807432892
24222,7.489417062440094
24223,10.643542621820165
24224,6.94099880180319
24225,10.30089697476056
24226,6.045121342483146
24227,14.013492112267315
24228,13.444082515847935
24229,10.561383446808174
24230,11.23045217253142
24231,13.111607132163313
24232,6.219017321254476
24233,10.279473265928921
24234,12.695992973253134
24235,14.247078532014802
24236,8.75005445340496
24237,6.274517218363064
24238,7.874629547210325
24239,9.899791038029392
24240,10.218582590752192
24241,10.2269307700995
24242,14.560554120092098
24243,8.042848315101503
24244,11.259556816643467
24245,11.151015534159267
24246,7.522807151562785
24247,9.225975060185338
24248,12.500145268735281
24249,10.573856693938138
24250,10.008932507818429
24251,13.72229519488896
24252,8.687018151678327
24253,8.798503276239382
24254,6.45235150314352
24255,8.730085335671065
24256,10.747146882525797
24257,15.028427065670055
24258,12.315714793939144
24259,13.13528387403665
24260,6.10067247359029
24261,9.82056486920013
24262,11.874187088301296
24263,9.384177139948939
24264,7.9250106861717615
24265,11.581465162782804
24266,7.307005300736366
24267,6.058475665304245
24268,14.922501902278883
24269,9.797153995648282
24270,8.734174015029936
24271,9.749414078338809
24272,8.866654389577466
24273,9.481402531431216
24274,10.372676656586108
24275,8.611461614803888
24276,5.481518103544165
24277,12.664210578782821
24278,8.541885186632923
24279,9.831482334751101
24280,10.06975028953536
24281,8.066662098809115
24282,10.739349270720226
24283,9.212360420755052
24284,7.955206573331051
24285,11.558303605969833
24286,9.439872533131968
24287,7.973827943231306
24288,7.9676573598662
24289,9.868691602976167
24290,6.437836063186909
24291,11.265894602216314
24292,10.55675132923917
24293,11.544206169575189
24294,10.355347853735918
24295,11.279308734708776
24296,10.239555310477222
24297,8.47615972036697
24298,4.516307080367291
24299,7.134141779416829
24300,6.9105747173191885
24301,8.986895830378456
24302,9.677486496615586
24303,6.350304108071594
24304,13.869186011407026
24305,9.287529803364354
24306,7.587772307421506
24307,8.112247611811744
24308,12.756146561311317
24309,10.995740371240403
24310,8.686113530597165
24311,18.27882407728888
24312,9.44156844867381
24313,9.99086008112302
24314,9.646486926844762
24315,10.639295065364903
24316,11.357073954515396
24317,7.746676698342824
24318,9.138785502275427
24319,7.1847777367937
24320,10.356849758279878
24321,7.037325017321971
24322,10.679854802854209
24323,8.755449959821043
24324,10.907773124660288
24325,4.179631506838887
24326,9.679344772557515
24327,9.476151110599634
24328,3.9568057923502944
24329,10.140109098457003
24330,11.068647611022657
24331,10.938070601647595
24332,9.965874658644378
24333,4.08564377850956
24334,9.7158596501197
24335,9.216737479006046
24336,8.674843091951841
24337,13.096395550010588
24338,6.350005774154951
24339,12.866876040619635
24340,11.781195151466363
24341,10.027311565501742
24342,15.770830966128324
24343,9.942394284778079
24344,14.424599106322637
24345,6.3981370411417435
24346,6.049086051615462
24347,11.205482450613564
24348,10.848956798255998
24349,8.850258941766949
24350,10.163290511501584
24351,9.122460452761803
24352,13.168071199729741
24353,8.037420038977935
24354,9.001266013318354
24355,10.284111653369099
24356,14.551217052253872
24357,9.79146846857926
24358,8.047907990774917
24359,11.271374574927366
24360,9.15065531353023
24361,6.176883025663597
24362,8.030988511560114
24363,9.808301751363938
24364,10.84615505046434
24365,11.942896012570944
24366,12.290474240173634
24367,11.503778859293313
24368,8.728346679358802
24369,9.579683592101908
24370,12.422463261054887
24371,10.024101503488463
24372,4.523579281512012
24373,7.823136078632518
24374,4.667018894604768
24375,9.442703949418556
24376,7.792671226389668
24377,11.288967008843175
24378,9.153817767657278
24379,10.827718522508622
24380,9.921177662467983
24381,9.968139856366548
24382,9.60194503375031
24383,12.34568325260269
24384,5.6727206107448
24385,12.02953722452737
24386,10.04098935608489
24387,7.975406797477034
24388,10.031644631382532
24389,11.330725640183045
24390,5.7762371946024995
24391,4.301724477123379
24392,11.722557769228903
24393,9.591394875276642
24394,14.356402474014699
24395,7.209578938048216
24396,8.777421828522433
24397,4.991378798430481
24398,9.941383516777213
24399,8.569761348169088
24400,8.81096719226031
24401,7.801707755828486
24402,9.78733190989223
24403,6.447625600399798
24404,8.991402910740133
24405,7.0145545751983835
24406,7.028072221577363
24407,10.288702881242036
24408,8.301115926034306
24409,12.933128256889212
24410,10.161651453719713
24411,8.797380665875783
24412,10.49644080406925
24413,9.770339196054673
24414,4.973117883411756
24415,5.2643704143211005
24416,5.097266483296188
24417,9.818115727324766
24418,6.434065839494371
24419,9.95402388036914
24420,9.947160372656901
24421,15.341518149756359
24422,9.060593356271326
24423,10.34006073710232
24424,11.93236258785114
24425,11.420313656448862
24426,9.784094519626015
24427,15.282987691862179
24428,10.989051255865919
24429,9.244813907532425
24430,13.270230735403942
24431,10.59865701884049
24432,10.981804893677035
24433,7.889955304462373
24434,16.388070592903894
24435,12.491864042598413
24436,9.425377016928271
24437,12.857681339606469
24438,10.90338541802567
24439,8.368140360691655
24440,8.9872794593203
24441,6.443420179091123
24442,7.732554190850505
24443,6.632970911119987
24444,9.728961992125729
24445,10.327393956111536
24446,11.137803863639897
24447,11.270351160537402
24448,12.768443782656588
24449,11.160057431720878
24450,11.019952896226393
24451,6.949796466854294
24452,11.60482084403774
24453,6.9955856096631575
24454,9.065652699197885
24455,9.146366880346726
24456,10.213341535503455
24457,9.316107205887123
24458,9.06016617227932
24459,9.134665114333316
24460,13.719109371225251
24461,9.16899281385549
24462,12.04250590229591
24463,9.404200248475043
24464,9.868990692669389
24465,8.280919526757188
24466,8.926975667795253
24467,10.294287503707716
24468,8.283891306742374
24469,7.17418701979611
24470,6.798312816349856
24471,9.776588934855033
24472,5.627905207998742
24473,11.27884658241038
24474,11.802890618416852
24475,5.206080961023753
24476,6.045358714448794
24477,12.212466893789498
24478,10.277390818734844
24479,4.875183617386584
24480,10.990962549884014
24481,10.994130950007847
24482,6.477356266637857
24483,8.190961644321435
24484,8.364328664629863
24485,8.659979103455136
24486,12.055476260830025
24487,9.463082634273825
24488,8.095764571710186
24489,5.001175213882168
24490,18.46590729254688
24491,11.560695405894638
24492,9.91769577646953
24493,7.550014223915454
24494,4.689133163057428
24495,9.834717807549548
24496,11.437557341812848
24497,7.442793122850706
24498,11.128985074479923
24499,16.46451404628938
24500,11.404042112260539
24501,15.657831799594494
24502,14.550725566093991
24503,6.33715070613391
24504,7.761881570060316
24505,9.644331175382826
24506,10.304420785047135
24507,11.79257927033675
24508,9.886180668942949
24509,5.321748221049113
24510,4.017398949126472
24511,9.19939189033832
24512,8.983230779597667
24513,8.459174331202739
24514,10.155079913622103
24515,5.674407139754827
24516,6.377306869305588
24517,8.382854161755535
24518,11.64484792525786
24519,10.272021528752875
24520,7.011633238851247
24521,10.787507313112597
24522,7.021429612966413
24523,10.918046277496124
24524,10.088069413591354
24525,10.115248073810907
24526,9.402196068584846
24527,5.127724314468093
24528,7.1663756522918
24529,10.292416459194179
24530,11.44220005350607
24531,9.423890743472311
24532,6.250365998890011
24533,9.55479851118358
24534,6.976675387628897
24535,11.59992225197487
24536,10.167466058354993
24537,8.65699571302288
24538,10.43485367995983
24539,10.080937026725746
24540,9.402144402079134
24541,5.101371232170507
24542,10.056259356524683
24543,8.368390364044336
24544,9.805077694475662
24545,11.232059737405814
24546,11.550838686562692
24547,7.97465750836376
24548,8.181961074662885
24549,7.9857861556196355
24550,7.978700964043627
24551,8.087720891405416
24552,8.44841045426429
24553,10.701048793151031
24554,8.560110635125083
24555,6.928489725637716
24556,7.45155506941598
24557,9.441352039202272
24558,6.446938618622989
24559,11.144945649052763
24560,9.847556099873993
24561,6.016341894375098
24562,9.878965937900862
24563,8.29713342665796
24564,6.049921021142638
24565,15.131524616517114
24566,10.518084018808294
24567,7.1163179672885
24568,10.217307323219869
24569,7.670546117341347
24570,4.746956447013052
24571,6.466633664743885
24572,9.71007599747675
24573,4.7430269741144295
24574,8.029801176755901
24575,10.787529375820696
24576,6.48200754777495
24577,10.762976776764955
24578,8.00637691214265
24579,11.312477840723247
24580,8.873692942171434
24581,11.110862667986051
24582,9.009546522105442
24583,15.201026185372541
24584,10.05185713853446
24585,8.24610920129462
24586,10.149750173768423
24587,9.138481833298606
24588,9.127645893863114
24589,9.105486073066961
24590,10.223224181768302
24591,6.0165539932627485
24592,4.6275489119529025
24593,9.059800640721939
24594,10.525441220248647
24595,6.07178090723725
24596,10.777180295388973
24597,10.3993015918365
24598,10.07838996755893
24599,10.057198427915706
24600,11.782202384551445
24601,8.181898399437044
24602,4.2005757315442676
24603,7.076300551783921
24604,6.9294487585296665
24605,8.975288804687292
24606,8.25509256879884
24607,9.067779713108678
24608,9.849381383197416
24609,14.4939691008435
24610,10.275385271391048
24611,6.176291707331051
24612,12.632575624934976
24613,13.389058655180516
24614,10.817841551738544
24615,7.9047191121888485
24616,9.972439114456979
24617,7.510238701048619
24618,13.77495738877098
24619,6.953950878086147
24620,10.383271759712885
24621,9.195155839669033
24622,9.077338406144298
24623,7.133065987516504
24624,10.729588997373654
24625,8.755939375246115
24626,9.46413449133209
24627,9.1686011839578
24628,8.44665064902789
24629,5.3312470104494105
24630,9.01419587657885
24631,9.710822521021814
24632,11.12267810668752
24633,10.563879699550185
24634,4.067835282113093
24635,10.194277218007166
24636,9.328474074727406
24637,10.191630451913008
24638,13.270227840154185
24639,15.730120281966297
24640,8.690258432220952
24641,9.171583063511767
24642,10.382254539801325
24643,11.103071131995979
24644,5.807742937914446
24645,9.174557615726359
24646,12.247927598070321
24647,9.226307151287802
24648,10.49430854711819
24649,7.349275480010381
24650,7.662020199845602
24651,7.958770397704811
24652,8.661664938502902
24653,9.671950673769254
24654,11.117678097016288
24655,11.362231065059744
24656,7.103453472977856
24657,11.76262950840412
24658,11.375622488256425
24659,7.273121495114025
24660,5.00179149181228
24661,7.08528343870616
24662,10.439922382908483
24663,14.648838806247138
24664,9.66899530770209
24665,7.298266162737003
24666,7.0322348262146
24667,5.5471227846468185
24668,15.86228635108706
24669,11.635927150445223
24670,9.81872008596437
24671,9.50428201240393
24672,8.994005999308973
24673,9.627197972806927
24674,11.18240950520415
24675,6.109950433188527
24676,11.368927315455682
24677,10.888939682337446
24678,9.590222458103899
24679,10.502264741847362
24680,7.039910003761691
24681,10.247099978888162
24682,13.448932967841685
24683,9.827204301347514
24684,9.122965059642139
24685,9.492939109135506
24686,10.261576150704105
24687,7.448327322434897
24688,10.831131654671008
24689,10.685499466352379
24690,9.249767843536304
24691,8.004436819187072
24692,6.888213938618011
24693,9.944944964640495
24694,9.501553550134222
24695,8.01320107922997
24696,10.384248836726302
24697,7.586124906476926
24698,7.886614414012482
24699,12.966293354258845
24700,10.833755384273323
24701,10.29983957727902
24702,11.44082311154744
24703,6.594491199877257
24704,11.646578222633366
24705,9.006393958069188
24706,11.310280433082657
24707,5.023656263587654
24708,6.98896769856625
24709,10.942775932180547
24710,7.990953284004951
24711,10.45870997580936
24712,5.44492238609916
24713,9.737565734027404
24714,11.165067758872045
24715,7.199668894458826
24716,9.672400761986653
24717,10.107719053386063
24718,14.91152076888079
24719,9.79342081972571
24720,10.820503011679792
24721,9.469236372258754
24722,9.556212906108701
24723,8.968353167825805
24724,11.858077589766703
24725,6.899701902732483
24726,17.57632241991738
24727,6.888012474715396
24728,9.973959880621221
24729,10.377440062781702
24730,9.579002421314284
24731,11.395754935571098
24732,8.551134412278888
24733,14.834328715712777
24734,11.20234048958581
24735,7.903513092360781
24736,6.428919875039149
24737,5.188290301051245
24738,7.846358679301886
24739,10.747554011429912
24740,6.937570732083349
24741,11.948373475621276
24742,10.222568904496177
24743,10.95459206333377
24744,10.48225496361418
24745,13.230186151611171
24746,5.444723479882344
24747,8.66437737315501
24748,10.747775772993153
24749,8.074784414463998
24750,9.522665678534747
24751,11.291020656212321
24752,8.725329970481178
24753,9.299336764185103
24754,10.73424116084296
24755,9.575616360689475
24756,11.369140209900058
24757,4.804103185873416
24758,12.466823470828713
24759,9.926505599778306
24760,7.538195339230221
24761,11.880069566175251
24762,12.708277313445642
24763,13.930318994145214
24764,11.569537503969627
24765,5.0238767732756315
24766,12.123107307862544
24767,5.453515818314408
24768,10.119007924272402
24769,9.604702891105738
24770,5.176740045263728
24771,9.416284207367486
24772,10.374956768045593
24773,10.997140301849116
24774,13.142725044512462
24775,16.11333824434944
24776,10.357831809979105
24777,9.249752718277637
24778,9.681094447631635
24779,7.787619278518359
24780,10.830058618189199
24781,11.902577920430947
24782,11.016631958111205
24783,4.368361079808726
24784,10.015988657371626
24785,10.966010734437678
24786,9.942567244921083
24787,10.422434884574573
24788,7.2088501082856125
24789,11.852565764909093
24790,10.838171711362396
24791,10.048039253079661
24792,13.777523729851874
24793,11.161529932122965
24794,6.035449752261463
24795,10.234149851697262
24796,11.484115943526636
24797,7.975865900949
24798,8.258814471318471
24799,12.219467100692167
24800,5.182773101471438
24801,14.647981134044652
24802,12.114778410968036
24803,10.95615469252059
24804,10.024509400852168
24805,16.963110530757703
24806,9.949785702469397
24807,6.955168371076771
24808,10.484369567552053
24809,9.612017920055598
24810,8.76966735385157
24811,10.181689042842155
24812,8.169584428868808
24813,4.976563030303472
24814,9.86510038352186
24815,12.402278826451008
24816,7.861667753784362
24817,6.4294031108540945
24818,8.573925245335872
24819,9.828467567800299
24820,11.894994190929022
24821,10.14113907201549
24822,8.191563500412748
24823,10.338652253586448
24824,6.512962774545245
24825,9.944323860717649
24826,9.173537455174536
24827,5.511770856229837
24828,8.942446661320524
24829,11.066734468221846
24830,7.758214979685982
24831,11.104879367207268
24832,14.155179029922603
24833,8.415218698167601
24834,10.781133363883384
24835,12.573889338150435
24836,12.651690728412769
24837,8.224172777801988
24838,6.068778046970822
24839,8.088295637037854
24840,8.87889932050023
24841,7.741808021280662
24842,10.291599722006515
24843,8.723194589535959
24844,9.085674208447431
24845,6.520920959749011
24846,10.991673318791632
24847,9.087708289223533
24848,7.895078930146278
24849,9.116927615193221
24850,8.707276679353175
24851,5.476361991889095
24852,9.741436895900112
24853,10.738533241182065
24854,10.23886758022838
24855,10.938588304031994
24856,5.2842718873068355
24857,13.480163506901281
24858,11.030228267021378
24859,9.203958079879579
24860,6.426466298553005
24861,6.382095427749457
24862,11.292447423467998
24863,11.57239231423868
24864,10.350558998576453
24865,7.382006869987112
24866,9.8975761296636
24867,8.780215212228818
24868,8.374967132119258
24869,7.064650653817837
24870,9.250216922314925
24871,4.0471401869095205
24872,10.346128229316395
24873,11.349194432279393
24874,9.798304985911301
24875,10.190140059584717
24876,9.774515183786304
24877,12.195886046920876
24878,10.00273380398173
24879,10.093460108313387
24880,9.592967015609991
24881,10.687708866468697
24882,9.473857509839059
24883,9.467225827253959
24884,7.857509816099427
24885,11.734570391846471
24886,6.051962648623273
24887,7.91914107048055
24888,12.549481836639165
24889,9.294799426025193
24890,11.990311363185494
24891,8.494131180643636
24892,8.890338759630305
24893,12.349314838428864
24894,7.9119086673682295
24895,4.790893970457941
24896,7.002393841230772
24897,5.885990980122163
24898,10.620654090392376
24899,7.619009929824276
24900,5.340036545345095
24901,12.68998530344635
24902,8.19032184744784
24903,10.273136299727813
24904,9.2095521149464
24905,10.221507967434363
24906,11.85408735768939
24907,14.032132617813412
24908,10.745108872487855
24909,10.415719742636428
24910,10.74063905070132
24911,9.909467050877415
24912,13.104172060834166
24913,6.215421443717883
24914,10.163325224541035
24915,9.446783240544136
24916,10.933977838185339
24917,10.191213370932054
24918,10.669352074376771
24919,8.01288255418096
24920,8.518123015969882
24921,10.03935703991773
24922,9.006619273496538
24923,8.038585601851736
24924,7.195881868632708
24925,10.193108572800499
24926,11.950034116009288
24927,14.885015839359639
24928,7.959329939392487
24929,6.298742011162017
24930,9.500000665432289
24931,10.774426545217414
24932,7.550031987209212
24933,9.699361595023065
24934,10.923595028566547
24935,6.881668237965864
24936,11.512227734882122
24937,16.76453220471963
24938,9.00126117882035
24939,5.061057768123723
24940,8.879052407050287
24941,10.482652355246918
24942,7.954972950610626
24943,12.864399029134752
24944,8.271723883270127
24945,5.447616535088685
24946,8.669502206530094
24947,9.974624386762041
24948,10.664980347727774
24949,6.129528445607119
24950,9.12311802998647
24951,9.436811061433339
24952,8.481711215799915
24953,7.0481557694901
24954,10.685400950042668
24955,6.999844475982946
24956,6.493212582064844
24957,11.24033730975195
24958,8.54403435740465
24959,8.137020095548118
24960,16.83078887367887
24961,10.4906145611858
24962,11.719474294464687
24963,6.143507269977593
24964,10.65884488559114
24965,10.60500992039194
24966,11.635592440914044
24967,9.595615562836004
24968,9.388116600773362
24969,11.015459038097577
24970,9.427714874302964
24971,12.413211707633932
24972,8.84908459896993
24973,4.495782854421607
24974,10.857138081052083
24975,18.956429119753075
24976,10.27467424785735
24977,4.3671649938330175
24978,10.187154414523851
24979,7.936939152455621
24980,12.415129329654821
24981,4.764705028747779
24982,13.397241985926064
24983,11.321274351888768
24984,8.832350626841825
24985,8.135344117644754
24986,10.859615173606201
24987,11.150264807177226
24988,4.941208303875248
24989,10.42417911849904
24990,10.226598500708638
24991,7.360020988790831
24992,9.054507711589284
24993,10.9724174706611
24994,9.808590728844907
24995,10.581751929182818
24996,9.719378897388903
24997,9.288480223742898
24998,11.030749114222818
24999,7.506780542793283
