id,Age
15000,14.603706896232026
15001,12.624461953015429
15002,9.5365954858366
15003,11.417417440266616
15004,9.479366375307428
15005,10.102018911925299
15006,10.46200016798761
15007,8.143695948946705
15008,10.901339671887
15009,11.517932620886565
15010,9.839770941274317
15011,11.383677415484678
15012,13.057199350934559
15013,16.15884378716234
15014,11.528693456704206
15015,8.377043805749013
15016,4.336553300907604
15017,9.806445366428107
15018,9.177881987628375
15019,10.828101394367751
15020,7.434192719945418
15021,11.746501100895163
15022,8.79535852498073
15023,3.996867171281939
15024,9.119248560058834
15025,11.37760756422778
15026,6.789697163180284
15027,10.913023996974358
15028,7.789076372273065
15029,11.426982365547635
15030,7.256312106403337
15031,9.589882595588607
15032,13.138156758567686
15033,9.951827440225474
15034,8.9115608814469
15035,9.241767434782835
15036,9.815781450509945
15037,11.49933109592739
15038,10.326299228560025
15039,14.397958484867594
15040,16.427698735143316
15041,6.937898532805906
15042,7.95593707405652
15043,7.152279836053337
15044,9.068901938881503
15045,14.11112417960921
15046,9.249416278159211
15047,10.763320072740713
15048,13.101247807260537
15049,9.436346157401431
15050,9.483460954854259
15051,4.321400166187616
15052,11.354600376292922
15053,11.37996338470136
15054,11.48759816791715
15055,11.090858719090628
15056,6.437716836689281
15057,19.311117427997075
15058,12.63263099740045
15059,13.686180665078599
15060,11.163525602717238
15061,8.275649486046573
15062,9.857100000383666
15063,6.763383088686906
15064,8.810120604953266
15065,7.951188020711019
15066,6.339215597649467
15067,11.770165128070307
15068,9.908395709139604
15069,6.922098690664301
15070,10.90776588335771
15071,9.25799561155267
15072,9.546281216258098
15073,6.762398719594504
15074,5.193432196368744
15075,5.820349562465804
15076,9.618314552061026
15077,9.712803070235376
15078,10.820953607149137
15079,10.477556788021325
15080,8.531761512140763
15081,11.379232986826139
15082,9.18864407277251
15083,10.088171046071803
15084,7.833062172931731
15085,11.059550347147333
15086,16.583524012995234
15087,7.734804065887628
15088,4.278286420169549
15089,10.386072954987755
15090,7.086185023479881
15091,6.986911019112585
15092,9.390820792942524
15093,10.457646093668517
15094,11.527607583812815
15095,11.197370311966289
15096,12.374070747993107
15097,8.981332064670294
15098,4.994586925483076
15099,14.847913938547148
15100,17.544551453490843
15101,5.20306572796065
15102,9.80260385797769
15103,11.594376942904873
15104,8.919824989421304
15105,10.252417348129761
15106,9.80581961907366
15107,9.638238782012735
15108,9.001330124692632
15109,10.235757893711337
15110,10.318463487508176
15111,15.797875617413805
15112,6.222431863794434
15113,12.855823869417783
15114,8.77407109464778
15115,6.867662742004754
15116,8.092589913960154
15117,9.46316980505498
15118,9.477908824493607
15119,6.112372010401076
15120,13.141168965475945
15121,9.1398027051708
15122,9.332449330043907
15123,9.195235452838162
15124,8.925348629702167
15125,9.636327765576194
15126,6.828111676942608
15127,10.738146745049008
15128,12.917407090756605
15129,10.250188810765938
15130,7.45496353443775
15131,8.528127984964847
15132,12.780879541247664
15133,5.702988587065602
15134,8.888540839107268
15135,10.683154562476293
15136,8.991639724357668
15137,9.74572266504111
15138,10.040648019367463
15139,11.066140819698619
15140,9.349107464635532
15141,8.607844219387866
15142,11.763956651154095
15143,7.756468583716799
15144,9.898825100393111
15145,8.631649121445236
15146,11.508991197184896
15147,6.176358355901228
15148,8.08144497406935
15149,10.591262489031463
15150,11.001660326245446
15151,10.68447432010899
15152,9.262459993946502
15153,9.6152535467299
15154,6.884575240882251
15155,9.782497991561925
15156,9.612257140405271
15157,8.034853779967264
15158,13.085104368565752
15159,12.23388770484551
15160,10.391493705639709
15161,10.117012114275475
15162,10.274375526014364
15163,10.82819355667285
15164,10.398257453682064
15165,9.660327729254744
15166,8.338810563370128
15167,7.139738203761553
15168,7.315156665778437
15169,11.888460101887423
15170,4.939527703985068
15171,8.009928150702663
15172,6.047648096466615
15173,8.144852851778674
15174,9.507032789116804
15175,8.665887338352483
15176,10.834051200758738
15177,10.182462666685478
15178,6.276336590765203
15179,10.872507208388042
15180,14.104241166611395
15181,7.115689708200964
15182,14.402580035836316
15183,7.344853664186987
15184,8.353855838716928
15185,9.945360515519836
15186,11.719048789488
15187,11.143966818481067
15188,11.839994030883823
15189,8.554585062946638
15190,7.472282011083635
15191,11.47389924220304
15192,5.204350946867779
15193,12.03790804301266
15194,9.793099473029931
15195,8.439339498776809
15196,10.20915254221239
15197,10.146546760310343
15198,7.740908207251073
15199,8.042366342383595
15200,13.096316421006849
15201,12.229151563217695
15202,10.338838370869352
15203,10.624884174967594
15204,8.755443430928153
15205,13.072222498773812
15206,7.1014547893071
15207,11.77828605678562
15208,5.244679624665655
15209,13.915258614897306
15210,13.742828384972267
15211,9.847594420656268
15212,10.010324974569498
15213,8.777658552232943
15214,8.228034441781888
15215,4.635493374152137
15216,10.45424503919499
15217,8.823215335228767
15218,9.039299256962499
15219,11.801360304176406
15220,12.351126286810276
15221,5.269851579375435
15222,9.626645277564878
15223,8.04568945107228
15224,11.123345041352257
15225,9.958066402184215
15226,13.307954786102247
15227,9.516327722979248
15228,9.157708861780886
15229,8.449134192061065
15230,6.355829028359658
15231,13.746863565835675
15232,8.529220705636595
15233,9.080214835986494
15234,5.561581138822448
15235,12.498452100103892
15236,11.516928234869429
15237,10.977979719361965
15238,10.902731959935478
15239,8.545706629795548
15240,12.816405109754145
15241,10.75696029172297
15242,11.520473089973358
15243,11.717047532183106
15244,6.382653458648801
15245,10.216293011377681
15246,11.023091608779565
15247,7.4941199489598045
15248,11.207556880766237
15249,10.293224827930349
15250,8.058687197683206
15251,7.543462728253408
15252,12.490573288781897
15253,7.175049307749631
15254,10.452005163667094
15255,8.525596389223704
15256,10.563838742453767
15257,9.094840135245672
15258,10.191153675602127
15259,7.83811898381297
15260,10.540680277844283
15261,8.934325261431873
15262,7.890461679354821
15263,7.903164865282134
15264,8.152060050985979
15265,9.143452771468596
15266,9.772390223311312
15267,8.80082677637549
15268,6.918765011308652
15269,10.053130801094868
15270,4.125209452874218
15271,10.98624444910669
15272,13.440575828648818
15273,9.609296238092146
15274,11.145102532819735
15275,15.189609797668304
15276,6.484749457194045
15277,11.088093719124078
15278,11.25530805175665
15279,10.143143622768315
15280,6.355735794054798
15281,11.731486410933003
15282,11.497670562249217
15283,9.655536043042593
15284,11.186312135725
15285,10.606577070325962
15286,8.141297560164217
15287,7.213469679399278
15288,10.619996818604392
15289,8.263946592799458
15290,11.476920832782675
15291,10.114220570833975
15292,7.319669817791154
15293,7.827498993942918
15294,6.082347868572564
15295,8.843591823271758
15296,11.51291766074752
15297,9.258071841272587
15298,16.027840898352807
15299,4.288529382704256
15300,5.948135517271777
15301,6.7326730309775655
15302,14.380267021395117
15303,11.219729316592817
15304,11.395750170713933
15305,8.483665600261682
15306,9.779473010371037
15307,5.779860794578844
15308,6.84446161244678
15309,9.846933199770396
15310,11.416359409854119
15311,9.221208811642414
15312,10.814594093462908
15313,6.7182294226759725
15314,11.072224771787985
15315,10.216960938411514
15316,10.50200496977909
15317,10.873872299839691
15318,10.740564218109824
15319,9.802276334864173
15320,11.078668332109046
15321,11.601336309475547
15322,5.184091450344178
15323,12.389300900339741
15324,10.607067787117035
15325,4.96207724325537
15326,7.065757386701501
15327,4.445538676588627
15328,12.998361941986943
15329,6.970479853820532
15330,6.404877297823237
15331,10.622737621471737
15332,8.063118600334962
15333,12.699589358598654
15334,11.472606535376512
15335,10.90266247293707
15336,14.847051475869382
15337,10.256791538864155
15338,10.190482755245615
15339,10.605249446918808
15340,13.789902035976905
15341,9.781366865649455
15342,8.995121780292777
15343,7.135109363129111
15344,4.723764544419143
15345,11.802004341025135
15346,12.134122821189358
15347,12.933736754034111
15348,10.823978497143672
15349,12.021023366115426
15350,9.388853832790675
15351,9.21251692857734
15352,13.918135978354869
15353,7.7815705404269915
15354,10.303582567366396
15355,9.595188203164708
15356,13.382367653456813
15357,11.119632797483277
15358,10.62859812618461
15359,12.847961119074098
15360,10.921701881863399
15361,4.487817115701479
15362,8.192822785546294
15363,11.214042156627588
15364,8.013280550184547
15365,6.796086698638616
15366,13.348020454039736
15367,9.728146084934746
15368,7.012973094419471
15369,15.497896944577935
15370,8.037108412641826
15371,7.92560035000404
15372,8.313307042502194
15373,4.979318109870585
15374,10.027987705735429
15375,8.160438571976748
15376,9.433722749853656
15377,13.755071372350203
15378,7.733551854552566
15379,9.607819090493903
15380,9.631587225805266
15381,10.363959593042539
15382,8.510172421516144
15383,10.340000301818877
15384,7.9848107099708585
15385,8.91412353275006
15386,8.078224978092866
15387,8.131744179703912
15388,7.559910525153805
15389,16.05450719628546
15390,8.331327037028666
15391,9.451823716613447
15392,11.029032432862884
15393,9.1771853306896
15394,18.55690939260021
15395,5.571879963720853
15396,11.028748544515082
15397,7.920465845463442
15398,11.211320665645976
15399,15.097168691028095
15400,11.63624565648916
15401,9.144403096646437
15402,6.126238365438228
15403,14.66902539246211
15404,8.963693754201937
15405,6.638935803871039
15406,8.679707965191184
15407,9.18528852751918
15408,10.168974899313469
15409,8.057762878028928
15410,11.926419850436192
15411,10.955109737004204
15412,13.53561073212978
15413,9.493330982612019
15414,11.935275318063784
15415,9.38895331050281
15416,10.125105483921672
15417,11.082370699102144
15418,10.930589919090336
15419,10.479311180108892
15420,11.25509683340151
15421,14.953858206645378
15422,8.706776748194685
15423,8.793407333844467
15424,5.049711325965047
15425,8.979303524841916
15426,8.821966702749748
15427,10.057908799842648
15428,10.298293725573025
15429,7.621859005543211
15430,13.15913575423779
15431,7.445940731790156
15432,9.538570258545269
15433,10.680001316994982
15434,9.067389280028028
15435,8.048606968597557
15436,7.233186315766979
15437,10.425722024851837
15438,9.219627738210427
15439,9.341523423194353
15440,11.000564838956901
15441,8.615886704247956
15442,7.629494278617919
15443,10.83751683020199
15444,9.503790720523419
15445,8.80855956661389
15446,10.625998475093388
15447,6.493361857095463
15448,10.795698443574
15449,5.253345765955615
15450,8.968393977493056
15451,6.134459137930793
15452,10.029487819898211
15453,7.088528101270791
15454,7.833445914996186
15455,8.861759130209053
15456,11.862766908067023
15457,12.9915558530635
15458,10.867200858338327
15459,10.727603958025359
15460,5.784124370403947
15461,9.4968346704828
15462,13.307263236917056
15463,15.443304039171618
15464,9.945769100269544
15465,9.718389219499693
15466,7.010135289299988
15467,7.375588852329315
15468,14.174190075399714
15469,10.49151011211807
15470,7.349012357748865
15471,11.528486029658398
15472,8.298476900959193
15473,7.915418209749113
15474,6.620750590837476
15475,11.561656157233237
15476,15.688803265426486
15477,9.14219408191244
15478,10.73216968990982
15479,8.932207928258894
15480,10.111445030517835
15481,11.434264757488096
15482,7.365419964583925
15483,13.204820642727913
15484,9.012342702235307
15485,9.834161148856753
15486,7.803664468291615
15487,11.056064650610917
15488,8.35788984974828
15489,9.797416385488827
15490,12.478569006732378
15491,8.818753018186719
15492,11.39874945494291
15493,11.479948611355782
15494,5.8627902553479085
15495,8.979395818068364
15496,10.948111521642106
15497,10.585517142111073
15498,10.091083207358036
15499,10.131672852165039
15500,10.610395201076882
15501,10.591891399525512
15502,6.2211361597280055
15503,7.843232318305663
15504,5.132413574831736
15505,6.756402211214482
15506,12.248331410662185
15507,14.422144215978287
15508,13.065840482908936
15509,9.393771447284436
15510,11.48728317651915
15511,8.931509513801394
15512,9.397670906303476
15513,6.939236248155364
15514,15.340254580634026
15515,7.39979203731119
15516,18.688862272912296
15517,9.913084393968917
15518,6.980640674394409
15519,8.865350056162148
15520,10.26058517511925
15521,9.776760601361245
15522,13.321073782784438
15523,7.525403468414242
15524,10.074210664314428
15525,10.090716823444929
15526,11.705026195723878
15527,8.498812009773664
15528,18.963504329959626
15529,10.007910035750989
15530,5.145223062762557
15531,10.993371081372336
15532,9.340764865364303
15533,9.819363062499814
15534,9.240392687233506
15535,4.859122442273499
15536,10.699155625592606
15537,13.308751977597916
15538,9.581139793929367
15539,13.057846456778558
15540,9.694059929513532
15541,10.809252499065972
15542,9.122723585874498
15543,9.96474893750879
15544,9.093470858246716
15545,10.738833366611146
15546,9.783421190560995
15547,12.578064599085184
15548,8.801787349462911
15549,9.067567526955898
15550,14.499281862988088
15551,11.826540419138832
15552,12.150170647927034
15553,10.070540392172248
15554,7.93715748457339
15555,7.034142384567902
15556,4.334945095565774
15557,7.6251728803336
15558,9.95870909782586
15559,7.676378536435935
15560,14.158905144028285
15561,10.107172287394238
15562,12.016832508354218
15563,11.941870607261462
15564,11.147479657835351
15565,6.592385298584468
15566,10.679296782457296
15567,11.489038432918594
15568,16.028436329781243
15569,8.792323940944271
15570,9.004931835374602
15571,10.385899961283169
15572,8.602504195073218
15573,7.152123584767512
15574,9.283512839586667
15575,10.797570512257646
15576,10.750369897523749
15577,16.3652862371911
15578,11.016864819978
15579,15.729274779166925
15580,5.428263322950394
15581,11.58214873010502
15582,11.846181006055659
15583,7.9363649413668576
15584,12.322730606154447
15585,8.963519900149638
15586,12.724076506706915
15587,9.938537031991428
15588,15.593985340682565
15589,12.847284230464645
15590,11.867506416699639
15591,6.9137537037274
15592,9.384795652781271
15593,8.840872716112388
15594,9.931146880746557
15595,6.105880352856145
15596,7.630270047617926
15597,14.540397280342036
15598,9.570620152272065
15599,8.997686139489662
15600,3.7057678781032264
15601,8.905249231499301
15602,9.347478567876513
15603,7.0854007811808035
15604,9.375584069471612
15605,10.360559043744868
15606,5.959283606782575
15607,11.950420186885893
15608,9.981095179842379
15609,6.80013460035271
15610,6.364519876885344
15611,7.743403305001367
15612,13.355851287578307
15613,12.073459515207533
15614,8.990948353535613
15615,8.350105126186723
15616,6.588198578888216
15617,11.06490101167182
15618,14.77303668029641
15619,8.187302663707419
15620,9.034756944744085
15621,6.6751573780336795
15622,6.599479139959698
15623,8.364957593294625
15624,7.725671536498984
15625,12.612608841447779
15626,10.634423987883173
15627,16.621682066541783
15628,17.22262638310521
15629,10.533517194875566
15630,9.199246971450002
15631,9.115579727089063
15632,8.517730888352768
15633,6.138468211491862
15634,10.183877264108133
15635,16.018026553998723
15636,11.903126639004324
15637,7.542525193944905
15638,8.353396633656098
15639,9.900508821580878
15640,11.494160403877208
15641,8.19737594642228
15642,9.485774343740811
15643,6.775269199307537
15644,8.440773868373787
15645,9.934092999070781
15646,8.110441192971756
15647,10.45309750786646
15648,11.89957938264126
15649,11.1575266258968
15650,11.583968281379104
15651,14.759054739486317
15652,8.02943668743505
15653,8.949717403484097
15654,6.797643353289076
15655,9.999792941949242
15656,9.13217289542963
15657,9.249013173728544
15658,11.042584473354125
15659,10.398009111808292
15660,11.167952166590778
15661,10.135727238920008
15662,8.057418215401277
15663,11.475969093693399
15664,14.252408490405156
15665,14.597003337683553
15666,10.480062411128463
15667,9.185378130545372
15668,9.388059555629724
15669,12.060051966916555
15670,10.77437068405937
15671,11.580626995681332
15672,8.119250553870897
15673,9.944484353861114
15674,10.026655428918088
15675,9.271242223838634
15676,12.834063316298861
15677,8.324550759254004
15678,11.579635194469999
15679,8.823885711528732
15680,10.31137891919481
15681,8.076340000697456
15682,8.925979567452952
15683,13.968675164804072
15684,6.991051065736322
15685,8.554885968912847
15686,12.342818580129089
15687,6.558287992218404
15688,7.931818855090799
15689,8.25231100994271
15690,13.012663118024856
15691,11.655566061955156
15692,15.16669872553598
15693,7.415478080920321
15694,9.92636060132716
15695,6.984676470394502
15696,10.364796456007102
15697,12.717582566697644
15698,10.620504983759766
15699,9.292676741091023
15700,9.464748852933916
15701,9.417770988625191
15702,7.40443207858536
15703,12.293845858040287
15704,9.880125920795424
15705,7.113554291667873
15706,8.949318563789422
15707,11.0513640734633
15708,10.688932922860953
15709,11.842849923271187
15710,13.938298011968907
15711,9.449221580780145
15712,10.11292481227225
15713,9.871131717327088
15714,7.9934299624967196
15715,6.924091266206845
15716,6.483682900121448
15717,8.268532078141357
15718,10.84236551519912
15719,7.798495633778369
15720,10.379854583505445
15721,11.778246897565142
15722,5.9129779410421515
15723,10.563691427444589
15724,9.08499969557101
15725,6.873437084601651
15726,12.229618217536643
15727,10.360968909692925
15728,6.160924747029808
15729,11.888365394041827
15730,8.967486102218386
15731,9.11234887323928
15732,10.19444443565467
15733,10.06818202657273
15734,8.847493571899784
15735,6.063081291617083
15736,10.690382429956456
15737,6.880034054767915
15738,8.679862594130523
15739,10.199571681353127
15740,8.615885604631975
15741,9.678774543113814
15742,10.122571000650186
15743,8.860136197929553
15744,10.353142576880497
15745,15.201105060100724
15746,5.30781368959968
15747,7.401096583908583
15748,9.88591101205821
15749,9.489459963922606
15750,8.884666507140052
15751,7.717403029649777
15752,9.113851842741871
15753,7.355330286899678
15754,11.996273490879707
15755,10.420615734582832
15756,10.198841158053389
15757,12.179257381013066
15758,9.234289277979826
15759,10.485571377207496
15760,8.645768084976739
15761,8.723587411645976
15762,13.583107895239149
15763,18.920399796574983
15764,9.283702934287916
15765,8.248025074680617
15766,12.77876198028298
15767,9.895093980378801
15768,8.443044868177758
15769,9.77672956033383
15770,8.622457626043188
15771,9.586310160299037
15772,10.842075800961622
15773,9.143712282720182
15774,8.000952389398748
15775,10.924405285546712
15776,14.526894740356301
15777,7.286733397209682
15778,8.452956616036632
15779,11.069840626325817
15780,6.9344568545564815
15781,11.736725893753377
15782,10.29279376656804
15783,5.026984733316952
15784,10.685802205338414
15785,7.925457130265931
15786,7.5659698245814795
15787,10.266819777091825
15788,11.794849462762551
15789,9.652031108121518
15790,7.254954703152297
15791,9.096157330305724
15792,9.70962536094098
15793,5.164673689608076
15794,11.5558862682196
15795,10.452066075868087
15796,7.239744933001479
15797,10.93315498823178
15798,9.70325281664477
15799,7.0875457996529345
15800,13.482349832274238
15801,13.428369079884451
15802,8.586478303720561
15803,4.715897024392104
15804,7.20817924935762
15805,13.187136936117
15806,9.182139827899263
15807,10.119090332225703
15808,14.20957790719234
15809,10.87456081827833
15810,11.903860568716427
15811,11.539222364427843
15812,11.12902209111691
15813,8.677544115098598
15814,6.5542976202099
15815,7.340682527602404
15816,11.754363697843242
15817,10.023324295053357
15818,10.280321916586356
15819,10.541352762902006
15820,16.881874300919247
15821,9.267586036385593
15822,9.880408091989958
15823,9.348932644232875
15824,10.341685098954649
15825,9.303856993676062
15826,7.636360558646299
15827,7.643495986348851
15828,10.793671982345234
15829,10.054499747454068
15830,9.47459099255
15831,10.230662276114662
15832,12.495938729074235
15833,16.50182774886178
15834,14.75717882942661
15835,9.685789242155717
15836,13.417138473503062
15837,7.406785032871371
15838,9.716955231772161
15839,8.92017681521396
15840,7.718851774279477
15841,14.759417158859637
15842,7.785034023521677
15843,11.133664188847987
15844,7.381713399183678
15845,14.238289326386603
15846,9.618612599348584
15847,9.820788084262611
15848,9.51498251476052
15849,10.465897330479986
15850,4.572339424123628
15851,10.536790209433804
15852,8.795896233526857
15853,8.923355467234414
15854,8.701878996988723
15855,15.161487975547335
15856,9.936466809298368
15857,9.249727574912475
15858,10.949374113315265
15859,11.621777444209263
15860,10.648377923793845
15861,9.91425873910672
15862,8.266836951023468
15863,8.537912706220563
15864,12.306325433490812
15865,12.810817327252524
15866,6.240326758754647
15867,10.746727644849253
15868,9.321267946417718
15869,7.3815010654786
15870,12.29109108300365
15871,17.145740464426016
15872,8.79930193832581
15873,9.589345247282049
15874,10.816229089411953
15875,8.469541418857226
15876,9.194947213392561
15877,9.960441493019983
15878,9.359780635143268
15879,10.36014925268848
15880,11.010792373093855
15881,10.713003514201612
15882,7.237790736723372
15883,7.329827409650038
15884,6.807807116136413
15885,11.667692877586413
15886,8.864253021517563
15887,7.676091409707016
15888,9.094826935530792
15889,10.359524427740746
15890,11.191752737695055
15891,13.267202255298184
15892,10.97883521544661
15893,7.373041196753418
15894,10.4028143835863
15895,11.367000374051742
15896,9.844346554700447
15897,12.044845080117694
15898,11.075561919404203
15899,10.227708187365666
15900,6.278570857200961
15901,12.222556193236331
15902,11.35185192719582
15903,8.649547533005672
15904,8.811480279252153
15905,10.760547954346785
15906,12.661832443422579
15907,7.887183726103951
15908,8.904673930161021
15909,9.675567669518152
15910,12.06606070446834
15911,9.243109809005336
15912,10.28152511986178
15913,6.126140214811867
15914,9.26902381366529
15915,10.347056908200123
15916,14.69269396566618
15917,10.045493109921118
15918,11.46764738690198
15919,10.09626506418998
15920,11.103823356325503
15921,8.505229710556932
15922,6.7690305906729185
15923,11.838821782739844
15924,8.99955310350987
15925,9.88527888620625
15926,11.277279312247575
15927,13.30989547619137
15928,6.418957693593302
15929,10.468538012386572
15930,5.924347917098664
15931,7.939082343788977
15932,9.376634988987307
15933,4.904314313499913
15934,11.565760359421377
15935,14.319335051673221
15936,9.354702090042952
15937,10.469080382536736
15938,10.393784940035557
15939,4.565096403808702
15940,6.921045352383366
15941,11.362676754134647
15942,11.040824207517081
15943,9.364633554138363
15944,9.89454560812469
15945,9.842443639673895
15946,9.209689381813277
15947,8.23689658278088
15948,8.264706296511969
15949,9.085097091875404
15950,14.316163090885244
15951,10.508801386412706
15952,6.238981591934309
15953,10.243011103752815
15954,11.99077813407608
15955,9.46756691740431
15956,6.123315269222041
15957,11.31028658759997
15958,14.635695465873301
15959,6.207597864071261
15960,9.170125455015507
15961,11.89090451772665
15962,16.128014810664645
15963,9.294463243220385
15964,9.809456303288247
15965,8.098173568972213
15966,9.268092793260218
15967,7.44350876331535
15968,10.043993773329223
15969,10.427076499118403
15970,10.996842265771805
15971,10.188101344140751
15972,7.97945467361701
15973,10.812156089501027
15974,6.657868663022828
15975,11.012742231907595
15976,9.491897806429996
15977,11.593410314743494
15978,11.01137049454835
15979,7.397907955336892
15980,9.995748819499115
15981,8.190676087599602
15982,11.46762054312645
15983,11.777312828657124
15984,9.86731717777319
15985,11.112335554487906
15986,8.007909845582336
15987,9.518963030331031
15988,10.19891603171373
15989,11.496625942784116
15990,9.956491821561894
15991,8.545607822543438
15992,12.628324716142798
15993,8.155819595227133
15994,11.073179862878792
15995,8.345497790471372
15996,9.216314053423803
15997,12.800419826866642
15998,10.930839732617184
15999,11.14806140906353
16000,11.996323011083447
16001,15.453411588665311
16002,9.454865922092106
16003,15.20968042317435
16004,10.714479523562963
16005,12.875779100768133
16006,10.20300448770396
16007,9.82522703749741
16008,9.482788140662748
16009,5.08377608928855
16010,13.977396261069941
16011,12.386605599514803
16012,6.082553801915294
16013,12.499827645968907
16014,7.142833096158021
16015,13.78718143707481
16016,13.132705880999778
16017,5.980103988468747
16018,10.830061167297842
16019,7.864161022302847
16020,10.728043477526784
16021,11.334911267025099
16022,15.524079524267506
16023,12.161203672332611
16024,9.69754029630826
16025,10.975366780926715
16026,14.671976324585573
16027,4.055331004488911
16028,5.260828405010432
16029,9.08860584700387
16030,17.176180332553425
16031,8.856321203608337
16032,12.745738983677319
16033,10.269836944102895
16034,12.93567945390583
16035,11.951197713314867
16036,9.979714260696454
16037,10.832616972763047
16038,5.317843673828349
16039,8.8800314376784
16040,11.462785247837157
16041,7.233812971313161
16042,7.334806720099213
16043,10.03556203366144
16044,9.935037211021935
16045,11.076610525190617
16046,14.79912667122781
16047,9.399708912825044
16048,9.53310925935503
16049,10.20155177053463
16050,10.780890546570092
16051,7.219641690875983
16052,12.91355220031658
16053,14.617202970536109
16054,8.625042466426441
16055,15.649368699968043
16056,10.653998989768523
16057,9.952157322951045
16058,17.747791588174433
16059,9.57949096288581
16060,14.138841781415584
16061,6.648762189379704
16062,4.416916466669781
16063,17.661030825293736
16064,10.492459152012746
16065,10.552933688223451
16066,8.128970834552119
16067,9.255658917105151
16068,13.956280884133308
16069,10.69645231727716
16070,9.82068162091312
16071,10.475827775925383
16072,7.9162153889286095
16073,11.987098656072478
16074,13.025247883835572
16075,11.416033289485682
16076,10.566228481889931
16077,7.996759874572996
16078,11.415681565168352
16079,9.695579474061066
16080,9.665464184607316
16081,10.052076601206206
16082,10.18179846064762
16083,4.509708482304465
16084,9.006637011283159
16085,8.437827352155065
16086,6.95290178831157
16087,7.741594910440297
16088,8.293640520978164
16089,7.512221735140753
16090,14.938838187803757
16091,10.808612969615595
16092,11.496204846138035
16093,12.853924292597377
16094,13.88993499709892
16095,6.541808464398741
16096,8.051191189970492
16097,5.7967191502551065
16098,9.583535099719745
16099,9.130805457949844
16100,9.795509997792957
16101,13.770563955141926
16102,9.51721218709
16103,6.38423376245631
16104,7.995025584145906
16105,7.971494701084758
16106,9.751104800797046
16107,8.993780324063696
16108,11.410084804907603
16109,9.72024047307118
16110,8.430791581130936
16111,8.074842696000974
16112,8.071888295735143
16113,10.618862094556592
16114,11.214576853036974
16115,4.4937650723113896
16116,10.403352223662862
16117,9.984904900574447
16118,13.442937496771817
16119,12.513806100014712
16120,8.740994235317656
16121,9.056932677690606
16122,9.735251528552352
16123,7.065853646478278
16124,11.145034573340896
16125,5.521897667855922
16126,11.177849100418193
16127,8.590632582779671
16128,11.313319345077465
16129,10.013985623172392
16130,10.51975435986334
16131,12.490196815297473
16132,9.664698565707162
16133,9.12858175131155
16134,11.107985206915242
16135,7.41636414791619
16136,9.44989472523784
16137,11.775795125378874
16138,7.171977817226238
16139,9.01907045295865
16140,11.74954335868443
16141,14.55504605485952
16142,14.236408850562519
16143,10.413032479749747
16144,10.877596185438234
16145,8.734217278995555
16146,10.978694996438675
16147,9.177915746066782
16148,5.026933455066398
16149,10.023042193538192
16150,8.58704922309542
16151,9.25717927619123
16152,10.674023682547714
16153,7.036314902673929
16154,8.875174594195173
16155,9.76116480317238
16156,11.878794344240898
16157,15.898171333961532
16158,7.750541791204897
16159,6.444954123449087
16160,16.52629394745578
16161,8.23500615964976
16162,14.721581828243067
16163,8.614490350736457
16164,11.694237566034612
16165,9.652078160545775
16166,7.838695044648034
16167,9.72283807218741
16168,8.562103584827456
16169,10.29262400166644
16170,13.965244839924953
16171,5.968088534774322
16172,15.788030829897842
16173,13.02694500882981
16174,6.955188392580897
16175,12.63247319058209
16176,4.550723031349731
16177,10.197906563462814
16178,7.412640412201602
16179,5.3034308025374415
16180,9.07817666141321
16181,10.129301996307213
16182,10.347250061591554
16183,11.323562066694485
16184,9.363057423890142
16185,6.6870572084919555
16186,9.451881657208911
16187,9.28566658857998
16188,10.285871717073535
16189,14.604495332236574
16190,4.517016437900352
16191,10.570766109817267
16192,10.244801827255834
16193,10.033306901262597
16194,8.124869357652331
16195,7.4715768718591224
16196,12.934393487288634
16197,8.683961273267869
16198,9.717721577396887
16199,9.31896709711058
16200,10.943604627073183
16201,13.122181788969478
16202,9.78048672512628
16203,11.14436400646063
16204,5.248481628299818
16205,10.419815279603728
16206,9.518159411893258
16207,13.11056455535782
16208,10.241955242414564
16209,9.410360458801946
16210,7.916786999643407
16211,4.118258248781615
16212,6.923954671897015
16213,15.597707435590038
16214,4.690928697153346
16215,9.351341636628822
16216,8.412463921739484
16217,13.717193628946749
16218,9.258778758493879
16219,10.708370301537014
16220,7.743929537037332
16221,8.185803783293856
16222,10.35605061471218
16223,6.79812602880393
16224,11.387713304836394
16225,10.748789653396964
16226,6.3349383362381335
16227,10.85736893458729
16228,7.937036154143057
16229,5.010441419603587
16230,10.287775034108378
16231,11.262436479231205
16232,7.282427571842179
16233,8.82255170000597
16234,6.9799476637992335
16235,7.270267766462389
16236,7.8440571772099155
16237,12.989148056996871
16238,6.736100108283228
16239,10.639622999279263
16240,6.598765886137999
16241,7.571168455183896
16242,8.89565285568538
16243,9.676583588883117
16244,8.25786293266745
16245,5.41278862920082
16246,12.81881411881459
16247,6.992272280282412
16248,12.580446793203278
16249,11.139803269568919
16250,8.979711650678482
16251,9.797289763187303
16252,8.747585374470335
16253,9.97453570515129
16254,10.060729090445264
16255,9.008579156921009
16256,12.462309054228443
16257,7.934087700175228
16258,11.994403497707248
16259,12.2663346960354
16260,11.043277170847105
16261,18.731547909914973
16262,9.958787140426107
16263,13.870572702176018
16264,13.978642085382743
16265,12.00196088000407
16266,11.560075781048424
16267,9.420070538957642
16268,9.32977565551611
16269,12.532344673740507
16270,8.683606671828171
16271,13.659659018668938
16272,8.380846408043405
16273,10.514085069119453
16274,6.994584314870114
16275,8.876756824225717
16276,7.5182707458757445
16277,7.249014331381588
16278,10.120014167576636
16279,13.670407837248934
16280,11.277021093876938
16281,8.253081862973472
16282,8.878631963690104
16283,7.066273825166128
16284,8.72209187850028
16285,11.38552621204418
16286,8.309393222554856
16287,6.550518154715309
16288,9.436723891006586
16289,9.219663153028765
16290,10.300656259380268
16291,9.219829371115592
16292,6.258055377114131
16293,4.551108156620721
16294,9.989645986425828
16295,7.351858636260554
16296,13.095512456981805
16297,13.23336611564369
16298,10.592225266340252
16299,10.364738719698014
16300,8.027065787785194
16301,7.557569186934723
16302,11.778392302743114
16303,6.188736155448398
16304,10.828766234955685
16305,11.448312274626938
16306,4.016989077646887
16307,13.908640359959236
16308,10.297285654698841
16309,6.294624891483888
16310,7.362019521828776
16311,9.099967564607574
16312,5.642610959915439
16313,11.9849789341502
16314,7.685934560135088
16315,9.853346892781547
16316,10.885620338714498
16317,9.689383978924107
16318,6.747975195163445
16319,9.2711489004207
16320,9.542012019758822
16321,13.593296694646057
16322,10.446486602198997
16323,10.00397998014
16324,9.673023342839441
16325,6.121039541040503
16326,11.561141836387026
16327,11.34662281504429
16328,7.073149793379065
16329,6.674582432567952
16330,7.180134589278202
16331,8.709028669575988
16332,11.533934378100334
16333,11.395343365103285
16334,11.988610530915679
16335,12.025678899936793
16336,10.931076785754458
16337,6.1409563839536645
16338,9.084169889505917
16339,11.24146012436868
16340,10.29582570736872
16341,7.568871711176131
16342,15.669519820897104
16343,10.634282870855744
16344,10.724599292966838
16345,10.844429731247185
16346,10.08440813738201
16347,10.441961631365647
16348,11.499610857156568
16349,14.333647059982773
16350,12.46398407925892
16351,9.049099283794328
16352,11.642877003386701
16353,8.274327919630345
16354,10.970129116065936
16355,6.825710299561136
16356,9.244814909541008
16357,10.629694916384596
16358,11.177749716695596
16359,9.265952490061169
16360,10.74666611217589
16361,6.409609987090023
16362,9.044341155346569
16363,15.199046528901821
16364,9.251676742420011
16365,10.111913412966844
16366,8.340837604300493
16367,10.159144107887524
16368,7.9171062833588355
16369,13.791298138717135
16370,14.677690414393957
16371,7.354895711311363
16372,11.4029660763081
16373,8.838861221107555
16374,13.7362020671539
16375,9.297773143841678
16376,6.37230012716124
16377,10.05399921931004
16378,6.838030237851386
16379,12.99727187966579
16380,12.119947222482683
16381,9.056491581979047
16382,12.425222982761621
16383,9.112530150182536
16384,8.011813632834164
16385,9.988546568182597
16386,11.83293661740451
16387,9.230805505551197
16388,8.453842292173865
16389,8.129498639054262
16390,8.901935207052412
16391,10.659357686223556
16392,11.734145768626107
16393,9.548194017428454
16394,9.305408075512254
16395,9.856864323354024
16396,13.13604991748177
16397,8.224461254189574
16398,10.070870708471329
16399,6.591569469421103
16400,12.319272463252643
16401,14.405211215290212
16402,9.69418447628816
16403,11.976371060771504
16404,13.299292890398164
16405,7.554364517991468
16406,14.899469310625802
16407,11.842178725851614
16408,11.201316745529361
16409,10.386143840467446
16410,11.6339416037192
16411,8.312128268960317
16412,8.928636871756423
16413,9.705785952910471
16414,16.000531170224967
16415,12.296674482496607
16416,12.088746278531113
16417,10.37876392164978
16418,8.911941676740561
16419,7.522755836576147
16420,6.451377246979945
16421,7.910578956078229
16422,8.845382739654454
16423,10.041379287386828
16424,17.05617151337121
16425,7.333293538544984
16426,10.815697174516522
16427,13.222074338927984
16428,11.220484941143495
16429,5.0674867016826886
16430,7.80533259150436
16431,10.700631964678301
16432,7.630460376997705
16433,7.135914939261823
16434,5.083430329837081
16435,7.51766375564227
16436,7.7574910491622155
16437,5.224895510172284
16438,9.031752973575895
16439,9.036846497099802
16440,11.344029958175138
16441,9.290344898800308
16442,8.519896839643357
16443,11.97014795598084
16444,11.008158108181323
16445,11.305873006711222
16446,10.11411851131401
16447,5.048014959018169
16448,7.683800699773737
16449,10.541898080309478
16450,4.95776780864265
16451,8.323744866136071
16452,9.65229390286926
16453,9.539513418868662
16454,12.738914853592295
16455,13.574692543062058
16456,15.301516337033105
16457,7.790930664482967
16458,9.245990967699063
16459,9.250334060271326
16460,14.430474361203292
16461,12.05137302134171
16462,10.900878758845929
16463,5.099380267825997
16464,7.7959907991526425
16465,4.776851695969575
16466,10.3853696344125
16467,9.94068039039168
16468,11.509162649246784
16469,10.987335270803875
16470,8.260839472406976
16471,9.865483359716853
16472,13.550713230160135
16473,7.054168896601498
16474,10.428230212339946
16475,9.813112322447285
16476,9.653681079345834
16477,6.556135399907857
16478,10.098446840843222
16479,6.594573842220699
16480,12.68779669737089
16481,7.319543782530964
16482,10.464186197324024
16483,8.951284327755403
16484,9.828253186148107
16485,11.504587519646071
16486,11.546529544922139
16487,11.02373415536547
16488,8.195867162935587
16489,10.651955449081306
16490,9.339240184152214
16491,9.537896117448664
16492,8.82109779419827
16493,10.60352206372496
16494,10.250123581301912
16495,9.464353104025612
16496,9.913747019459798
16497,8.535380726261037
16498,8.992819852207449
16499,10.286474350551346
16500,9.669004283087775
16501,12.202566135623877
16502,10.37893654695688
16503,11.771964174781845
16504,16.27608800611671
16505,8.21763427353218
16506,6.574023858113204
16507,8.684347449864273
16508,13.137795138297367
16509,5.175269220413194
16510,10.823949846265588
16511,10.132082774071392
16512,8.873219341293716
16513,12.534471777851353
16514,14.517657225825058
16515,4.890579606539536
16516,11.670388610520842
16517,10.581079824734951
16518,8.82672016987734
16519,7.706173270258516
16520,11.257202277738608
16521,7.093094539668966
16522,11.948423922624718
16523,11.374463572390466
16524,11.135157272764875
16525,5.146453819185359
16526,7.400334743818558
16527,10.863447704488921
16528,14.732471924999784
16529,10.172537292676106
16530,7.496539756593372
16531,12.09194264826424
16532,12.403711629330758
16533,12.098988217039993
16534,10.478211421042063
16535,9.558011460206103
16536,8.433692298928548
16537,3.9934021461892106
16538,7.851226728182688
16539,6.646572753419283
16540,5.664565327423251
16541,9.626290254590682
16542,6.236352660938927
16543,8.34148195905837
16544,7.433940645215779
16545,7.053844079843621
16546,7.616492696054587
16547,9.724422571804757
16548,14.892480417707596
16549,8.047414826465557
16550,8.643229765468615
16551,11.49143434256832
16552,9.974564354428042
16553,6.215194784332932
16554,5.546155832808778
16555,11.849096362658276
16556,9.156767805808542
16557,9.934297579978033
16558,13.89649800810366
16559,4.182344842217237
16560,9.201357338557651
16561,10.007589750079644
16562,7.783255917007426
16563,11.910750480853785
16564,9.065326832131978
16565,14.064406869941358
16566,11.50271998974788
16567,7.092689326111341
16568,9.593933812325531
16569,10.664078098009591
16570,7.245301735230798
16571,6.991978190127204
16572,6.9590693847133345
16573,8.58013289913883
16574,8.907257196594427
16575,10.004004338017982
16576,12.576663118834745
16577,9.007999917527146
16578,10.250141580240468
16579,9.36291726489336
16580,11.533490602292456
16581,15.97255568742687
16582,9.415799954574407
16583,8.907228647136117
16584,13.116756179079424
16585,10.637609144151092
16586,9.965940565125102
16587,6.880974759110099
16588,9.82177070846992
16589,9.163844087274756
16590,6.0326759890117545
16591,13.57413649220974
16592,11.029399679926549
16593,8.279333425165285
16594,9.039484099077553
16595,14.054706462671843
16596,9.49907694941587
16597,11.267459188520487
16598,18.607372808791567
16599,9.372976096422045
16600,6.8964652086546465
16601,7.469348043885881
16602,10.6193405887423
16603,8.284728542649354
16604,8.027862098928175
16605,8.34264662617856
16606,8.968262412448993
16607,6.099046781778224
16608,15.11232454672037
16609,11.06955113903702
16610,10.789600176787125
16611,11.587051008683236
16612,10.957416239307767
16613,6.714247151632605
16614,8.840865462652319
16615,9.307119105028605
16616,13.67188616022606
16617,9.618998989232237
16618,15.71347023954873
16619,9.45454074614393
16620,10.270568582318948
16621,9.790104636293929
16622,9.333342556823622
16623,14.327641147212457
16624,12.112885491209788
16625,12.997559086422513
16626,13.986106723562505
16627,12.150070684836036
16628,11.300059651578534
16629,11.080886499179144
16630,10.895458635524339
16631,7.409958696285479
16632,11.419776456435812
16633,8.775016878474203
16634,10.88214622917484
16635,7.8365504333378535
16636,14.918355171380256
16637,15.578765968102054
16638,8.890421344311743
16639,13.231461199112541
16640,17.160093880902764
16641,10.333868974161295
16642,10.943332665380186
16643,11.542375409004558
16644,9.623981791470404
16645,9.537471876215154
16646,9.200292599730496
16647,11.198438768003028
16648,8.006265329122838
16649,7.3551390222808894
16650,10.017330183782073
16651,12.586770850217789
16652,11.229418097479709
16653,10.39064679223329
16654,7.469132429679739
16655,11.828894216041592
16656,12.663633376475808
16657,5.0536347999240885
16658,15.732136770818197
16659,9.20223011368479
16660,6.599980197752213
16661,6.620614365168019
16662,8.788550491495759
16663,11.920109474892765
16664,10.656027746416283
16665,10.61374800017526
16666,12.059777082666308
16667,9.705824664164794
16668,9.489800723290026
16669,8.612285022996245
16670,6.921468525881525
16671,9.643780972773458
16672,8.202765969897568
16673,7.623915075324797
16674,14.40716584538217
16675,9.126127466193159
16676,12.371180142757392
16677,10.499406087254995
16678,8.780636310994307
16679,6.70990102746355
16680,12.192051506276822
16681,8.490758764705902
16682,8.04902480784161
16683,9.064166774289776
16684,13.699645067088905
16685,11.718851416004744
16686,9.487278863347703
16687,15.086293683585515
16688,9.692408853893232
16689,11.176618678144314
16690,8.104841278433984
16691,6.37821062356187
16692,9.665860346846952
16693,7.371293003804682
16694,9.221571929528443
16695,15.063631699771483
16696,7.953229763241595
16697,4.99860924292463
16698,16.380651471306443
16699,10.927050464123699
16700,7.816032600963149
16701,4.48745172995917
16702,7.110619624565958
16703,6.124343276665236
16704,9.08114539568376
16705,9.319666330241777
16706,4.437081796219885
16707,8.89544523972211
16708,7.765255037595169
16709,8.892136720160769
16710,10.669687551300806
16711,10.255787652861992
16712,13.34584754135661
16713,10.433457299805594
16714,10.294103641360936
16715,5.838423173005227
16716,10.602511574372713
16717,11.679630119632916
16718,10.679547732777806
16719,15.229058072691295
16720,11.729463262981474
16721,10.162526289897773
16722,16.051672112860473
16723,13.600879312375495
16724,14.47973117288199
16725,10.728924033004784
16726,10.164961762768765
16727,14.117385177685073
16728,14.755783143546786
16729,10.785314449678408
16730,7.25941397006038
16731,11.83538864842903
16732,14.474471774042538
16733,8.898623321043209
16734,9.076446749213774
16735,10.051895804633986
16736,10.363192056098704
16737,9.007257407514778
16738,11.39269362155392
16739,9.95629906903655
16740,12.054406705750077
16741,11.479185365765412
16742,8.56142684500385
16743,10.693367676146432
16744,6.830419586170665
16745,9.236543450297864
16746,10.057023818209572
16747,7.397000833114164
16748,9.292040651297945
16749,10.244294872043971
16750,8.404000927515456
16751,11.663316275262396
16752,8.489371467328063
16753,5.319788822898831
16754,9.369824010432113
16755,10.734098699131463
16756,6.5223874931794175
16757,9.615224211653928
16758,9.557100594711061
16759,10.473563930103387
16760,6.816307455937842
16761,10.306411360411019
16762,11.621997977299502
16763,8.830318359696754
16764,4.798508636706598
16765,11.887887469615604
16766,6.619817851675597
16767,9.628962413315195
16768,7.065052439129914
16769,12.440536497633918
16770,15.941810805483415
16771,8.636023584425594
16772,6.714087981981688
16773,11.933561694492216
16774,7.965750188126561
16775,11.042580011523043
16776,9.541269219513028
16777,4.609917240556917
16778,11.376045925997218
16779,8.547305116324983
16780,7.24700790531052
16781,7.153625200466722
16782,9.276947670607875
16783,9.522081342155744
16784,13.738037880322718
16785,11.988274960522775
16786,4.935047048417815
16787,8.468752596082098
16788,9.386418720424182
16789,6.304061832420938
16790,8.954471803410696
16791,11.72621235395611
16792,11.666517077930914
16793,9.757715889573426
16794,10.567434782383323
16795,8.224587657221848
16796,11.238945346561477
16797,9.858928666975164
16798,14.117494267391647
16799,10.299562419793428
16800,10.453210749542178
16801,13.568567774909381
16802,7.440036958975467
16803,9.082054986556953
16804,8.612944549764816
16805,6.544544643364798
16806,10.793350207409928
16807,10.686147752039684
16808,10.721097485322513
16809,7.675361044328867
16810,9.372631301544875
16811,10.202923405988765
16812,14.509753993873911
16813,11.398711620458139
16814,9.846943018840644
16815,9.633520520178479
16816,11.824687149121884
16817,13.02505824414419
16818,9.660143268738944
16819,11.969340070820163
16820,8.060749662460577
16821,10.656530034790046
16822,7.302161230763588
16823,7.257306616480681
16824,7.9161270925204015
16825,10.925756530814706
16826,8.129782455521669
16827,8.133458461883134
16828,8.921693654146301
16829,4.447974842080217
16830,10.177121049387054
16831,10.891035866344485
16832,12.573107553047391
16833,7.671760943960869
16834,9.605233099548581
16835,9.73374016697497
16836,8.845306594580002
16837,8.94478862416984
16838,9.286627188947769
16839,9.18279777507745
16840,12.434957262530297
16841,13.354476579678382
16842,9.234620467031569
16843,11.745156258823775
16844,6.420714003265813
16845,6.4938606260058
16846,7.882417151048331
16847,6.34835541989297
16848,13.229253928942526
16849,11.333968127680079
16850,12.954332412187597
16851,12.072095726560603
16852,12.762693482740831
16853,8.807611694723017
16854,6.476925644359288
16855,12.559885399554414
16856,10.017377942019285
16857,15.511630959933974
16858,13.474928030560909
16859,7.340032703261416
16860,8.997519042886589
16861,4.948401569442765
16862,9.687989655970584
16863,4.288345967102289
16864,8.32108305519535
16865,10.70080164232206
16866,4.4303171960012815
16867,9.286281947566287
16868,8.849647722939073
16869,9.775733367107113
16870,14.191161134046716
16871,5.0927182123654
16872,4.668081095187719
16873,7.907556543304894
16874,6.918575679672179
16875,9.983196598340493
16876,9.168732251757094
16877,9.086906139586956
16878,9.551387880978755
16879,10.684403858150024
16880,8.429570915430642
16881,4.796188711661157
16882,7.623073797558767
16883,4.281811127136924
16884,10.771157024786982
16885,6.617500494172145
16886,13.501947714265093
16887,15.762450216303328
16888,8.135489333110836
16889,16.053075942702456
16890,8.073538656283446
16891,9.58947201835951
16892,11.056220960472574
16893,17.83275772234196
16894,10.12380556512524
16895,9.916801948875298
16896,11.413771792043361
16897,10.89691689129458
16898,9.019126327409365
16899,9.66112980288432
16900,11.721440877987618
16901,9.650962748398912
16902,8.443293126959935
16903,4.895400082649133
16904,12.444638873342326
16905,7.352236988280261
16906,11.626870397159445
16907,12.502550082139011
16908,7.663565720326736
16909,6.5441874099337305
16910,6.898560136502074
16911,6.379545183005573
16912,12.881612193279263
16913,10.79619989127273
16914,9.011127407059368
16915,7.520602197679796
16916,16.90546088046754
16917,15.306097267194826
16918,7.9899145851782425
16919,9.366172847155594
16920,6.310707771623278
16921,11.558441958747505
16922,7.237054154345315
16923,8.824665817913349
16924,10.52746438034811
16925,11.24677071964187
16926,10.981936411810166
16927,13.64870152939602
16928,7.561778870702689
16929,7.100922215617002
16930,11.552603010299986
16931,5.790933332890303
16932,9.358636965652003
16933,9.325709463546936
16934,7.93031873033713
16935,15.379070094999516
16936,9.67065537177443
16937,10.05446096923458
16938,8.794167212547896
16939,6.374474955056561
16940,10.189481557865763
16941,8.102876830856335
16942,8.653233945932584
16943,12.9295999821916
16944,11.994379630988126
16945,9.771570381950307
16946,4.555276491274933
16947,11.579199853262256
16948,8.194543572214338
16949,7.118903825357409
16950,14.848400163490476
16951,10.098239467149883
16952,6.971490458862975
16953,12.529936534813169
16954,8.06918154891733
16955,14.047017208970882
16956,10.536178426970677
16957,12.791643275626338
16958,13.366279472478038
16959,9.116740281869673
16960,8.350882420707357
16961,10.886336788601868
16962,12.150975446894385
16963,21.214097394956468
16964,8.98388685649475
16965,12.170067766740711
16966,6.489523567555537
16967,9.878942828037884
16968,13.248622533608392
16969,11.361419524386212
16970,12.14081892991434
16971,15.827998434346153
16972,12.368545037183328
16973,9.926854222386574
16974,11.018873436625523
16975,8.799858730846463
16976,11.336765124126702
16977,11.816495166578836
16978,10.32550872663776
16979,10.32350238011683
16980,7.922913672706445
16981,11.496030622066943
16982,9.880246431528798
16983,13.689748985036577
16984,9.222876908089578
16985,6.9297783956059185
16986,6.971252478256306
16987,10.27725109848129
16988,8.147859352849768
16989,9.021629669997765
16990,10.998641032074419
16991,8.742023390848168
16992,9.269816853597161
16993,11.342224754996238
16994,11.405345627467737
16995,9.595017193763304
16996,10.31212267954109
16997,10.426382406294033
16998,10.047080486593357
16999,13.218097582028452
17000,10.084605968150331
17001,13.62853340758706
17002,10.163852998999996
17003,15.881046237079758
17004,13.342190552372914
17005,12.37880169470323
17006,10.301394930623601
17007,4.890284197152809
17008,11.275957928761702
17009,6.285058166969988
17010,15.162321832887983
17011,7.615744660109896
17012,8.969788419628843
17013,6.798678739267045
17014,8.343109046771131
17015,7.5304312488394505
17016,9.011801113057754
17017,11.683833514421124
17018,9.108278927799123
17019,9.375292015570915
17020,5.386037929809586
17021,7.38346321211468
17022,14.08431942915674
17023,5.587497321437087
17024,10.771853826937026
17025,9.44310375065491
17026,9.00075513251356
17027,10.2532459907534
17028,10.77341091650384
17029,7.953143374627587
17030,13.544208207497919
17031,5.486425974614937
17032,8.592266541673597
17033,10.269171642960059
17034,11.52030513668142
17035,13.205168775242782
17036,7.693036965580782
17037,9.920634965413202
17038,11.479053963976252
17039,6.283766305672691
17040,9.884779922382046
17041,9.422265321147513
17042,9.898203944925294
17043,11.058576588314045
17044,10.940334834316305
17045,10.465591153069493
17046,9.177277745237717
17047,10.334542844953349
17048,7.312589111552555
17049,11.498034527313639
17050,10.969920605791708
17051,9.826529082692586
17052,6.902146290135848
17053,14.17071062780639
17054,9.40750608084894
17055,10.806849071625622
17056,8.723368067366419
17057,11.453427208111016
17058,10.856740286545154
17059,11.751679530713206
17060,9.825173398907737
17061,4.6957307223020175
17062,13.093201773505289
17063,16.650718759497114
17064,8.736828666224946
17065,8.920325889758276
17066,9.678734481587718
17067,8.777343314681284
17068,4.488806219919006
17069,10.528680609435508
17070,8.787480385286857
17071,7.848133096664459
17072,9.58093987420282
17073,10.113266920933464
17074,11.98214102810508
17075,10.481873159556947
17076,11.316885646045801
17077,14.782305288291738
17078,7.797909827329101
17079,9.75145424534874
17080,9.222114316947751
17081,13.313929396674029
17082,7.837995851362951
17083,11.0494313874058
17084,12.176978908938988
17085,8.020324653329265
17086,7.990540781752811
17087,8.457787002996632
17088,7.150782935623478
17089,9.370284787208602
17090,9.406704297834697
17091,13.524824011508734
17092,12.943199808551375
17093,9.291669250675508
17094,11.004228589000213
17095,7.865886499402328
17096,8.208035878185187
17097,8.511899752569132
17098,4.914463493377933
17099,11.366704753824445
17100,10.543670822681428
17101,9.573759820288698
17102,5.960868397657634
17103,8.171977502204417
17104,5.251604204953888
17105,9.852281529228835
17106,15.252350547577791
17107,10.667154390805845
17108,10.892673293335012
17109,10.842172302795566
17110,8.326589520977175
17111,11.622357149982793
17112,10.954186858987907
17113,6.29694240022773
17114,7.105400370591923
17115,12.614725961380891
17116,10.936087983221883
17117,12.461255359594091
17118,7.8972649729192685
17119,8.023589028165793
17120,18.474617000867227
17121,9.284054630417426
17122,10.774335473411599
17123,6.967513700666073
17124,9.000640392264028
17125,9.485075519690318
17126,11.579425275673328
17127,10.017887427501622
17128,9.433018565217008
17129,7.877931126641632
17130,8.257549392729054
17131,8.146601043430955
17132,9.374185530115028
17133,12.261821100956052
17134,8.47863006378136
17135,7.427419458359951
17136,10.921058140748837
17137,11.941924450359055
17138,11.458279665113881
17139,12.667044709081313
17140,9.786957443742729
17141,14.489636386103925
17142,10.394600959350415
17143,7.597982176804261
17144,6.993785027005957
17145,7.409839256683185
17146,13.122931876997091
17147,13.247356523227426
17148,10.593497645164364
17149,12.669037019894493
17150,5.2730550916355705
17151,6.4100129967185735
17152,8.312564120241248
17153,8.054717174717293
17154,15.513087444643087
17155,8.39414177038907
17156,5.360515380302583
17157,7.5656769376206565
17158,10.933545532590779
17159,9.872045401659797
17160,11.569667479372502
17161,5.248156683663811
17162,5.755312957010924
17163,9.903703507400976
17164,9.73140068633877
17165,14.69853112677619
17166,8.092342800303852
17167,8.739340621718071
17168,8.129499889952518
17169,13.416644319020781
17170,7.174366219230467
17171,9.289624483272217
17172,10.427165760756456
17173,8.13019167712663
17174,4.440326933420796
17175,6.442966957091381
17176,9.369770616074945
17177,7.745429254779303
17178,5.264389228659495
17179,10.03869919108004
17180,12.23149207593543
17181,6.159525258553636
17182,7.82941032688824
17183,7.9953763921550065
17184,13.191530583436386
17185,13.672009289921924
17186,9.328437510168564
17187,6.270903684693581
17188,5.309209681846459
17189,9.155665775618823
17190,11.20247830302074
17191,7.773478071849654
17192,8.550048253142496
17193,8.730661597721365
17194,7.588271265808438
17195,11.191121659056071
17196,11.183436685103109
17197,6.197124287118375
17198,10.320842772159159
17199,9.557784393787683
17200,9.913644568775759
17201,7.389598463429914
17202,9.577750383680009
17203,7.575537751747306
17204,8.35918502978196
17205,9.242685030317748
17206,7.526435596356944
17207,9.271307784622804
17208,7.999902048222896
17209,9.44511189328152
17210,9.920130066582654
17211,10.044242924572616
17212,10.881500936038004
17213,9.919439355179184
17214,10.7334200050221
17215,10.018377244430125
17216,9.16596507748887
17217,10.198731210108638
17218,7.281084009874881
17219,8.253419701026695
17220,12.381146963954183
17221,10.599217636809563
17222,9.189199497043326
17223,10.470850434690847
17224,8.131602234716276
17225,9.75140824497797
17226,6.540178086933047
17227,9.25373412165324
17228,13.749655834374677
17229,9.89976700510142
17230,12.015416496599897
17231,17.261157025289915
17232,9.562263166398736
17233,10.93202430804078
17234,6.560188819500746
17235,10.883438717692417
17236,12.079799228416913
17237,9.608740690632589
17238,8.634820904497833
17239,9.929302592748972
17240,7.275217725367913
17241,10.104022550401451
17242,10.56671498589648
17243,9.616468613628411
17244,7.1883360182657725
17245,8.934484208371561
17246,9.90039934008543
17247,8.40201693139286
17248,10.062548218717803
17249,8.020754424562286
17250,7.028603015362073
17251,11.573855298753028
17252,8.779910622604474
17253,6.95550121951616
17254,13.011165477991197
17255,18.57040902770919
17256,7.380608286725061
17257,11.946469680336245
17258,8.961756898407765
17259,7.89071524107208
17260,13.161505254391004
17261,10.453249558498426
17262,10.648601447284904
17263,11.08430354935404
17264,9.626888103810705
17265,10.137897343538034
17266,13.278638437498568
17267,7.025334514988446
17268,12.878755124250075
17269,6.963323250479595
17270,10.521816589554833
17271,10.849260841598104
17272,10.214605933977891
17273,6.62998188974799
17274,5.153036055518296
17275,9.543187843940988
17276,10.283981194573856
17277,10.242011664784584
17278,8.876451944488847
17279,8.851728917653354
17280,11.432243285632433
17281,10.889602673596098
17282,11.010557602390353
17283,8.903104378825816
17284,10.660802888257987
17285,6.711909031257199
17286,11.738678183446511
17287,11.640466182310139
17288,6.886972482744442
17289,6.392213452362194
17290,8.265057314855381
17291,10.50771805457305
17292,13.476983498232093
17293,13.7020220429178
17294,9.57485941750681
17295,10.145035719973922
17296,10.209234842528247
17297,11.174417416737901
17298,8.533868282093408
17299,8.819986016614607
17300,11.643624635181459
17301,10.323639292760232
17302,11.940459024991878
17303,9.446656484008619
17304,11.425145142237188
17305,8.164719508619584
17306,7.171541865971247
17307,9.571386406289998
17308,8.910354302822125
17309,8.851680860782086
17310,7.252250509422183
17311,10.368552774014749
17312,9.800353570250468
17313,9.965908962612831
17314,8.722159885779869
17315,6.496105461814308
17316,9.504579329012982
17317,7.581730968943427
17318,9.567876838703736
17319,8.937865861305369
17320,10.387757419552388
17321,11.829694636887725
17322,9.282027664696406
17323,11.738379688756305
17324,10.138273085759552
17325,4.490548836978574
17326,6.9297454739216136
17327,11.725713026232462
17328,13.051248170115349
17329,8.132855629079337
17330,9.937207797041234
17331,7.296981357166744
17332,6.740500290367514
17333,11.948004597254016
17334,8.951269830180369
17335,11.384363529657369
17336,13.755739633591258
17337,8.5234584093925
17338,17.686186803840165
17339,10.47480561931402
17340,15.187053194591513
17341,10.275569618030802
17342,14.996079550210691
17343,9.658323780353854
17344,10.502490660271205
17345,10.980407397170469
17346,20.091351522196263
17347,9.94423556668008
17348,10.998620634405668
17349,13.098298959221161
17350,9.915718652555258
17351,5.940361410614101
17352,13.871294572433202
17353,9.051653092746584
17354,5.693695648070777
17355,10.469901758328144
17356,9.707313556443564
17357,12.070127915718896
17358,9.465629619404364
17359,10.02629274995034
17360,8.927268366073278
17361,14.478050238068299
17362,9.511040051589346
17363,13.120864140217254
17364,10.957083664318073
17365,10.810644276007372
17366,9.045277051216313
17367,9.013820969509187
17368,6.555233207164265
17369,12.31260557087257
17370,13.718143765353856
17371,7.905516286274714
17372,16.077506693427807
17373,8.97691273328824
17374,7.350076730484313
17375,4.182344842217237
17376,8.012192550308093
17377,6.633186463060321
17378,15.774616504664829
17379,11.938416790270534
17380,8.693489782432803
17381,9.145280102631173
17382,14.538129533512251
17383,11.840666650462198
17384,4.659737727498788
17385,8.243662530216602
17386,6.4949638424071665
17387,8.651273369654625
17388,9.472957068811757
17389,8.651462099865359
17390,13.724875264729572
17391,10.241694608758355
17392,7.575052993816499
17393,8.83060184693194
17394,8.336163348153429
17395,10.736092949946915
17396,5.833005188629513
17397,12.09906904399352
17398,11.782045343665864
17399,11.262549388152284
17400,7.6291528726388815
17401,12.507601175466645
17402,12.082489701312955
17403,13.656235158117813
17404,7.88342251269748
17405,8.07438199758088
17406,9.428981811193614
17407,14.718308619950065
17408,8.185233726357508
17409,10.23314406910522
17410,6.034210871971153
17411,8.250364152037747
17412,11.38062595720835
17413,7.796877347540902
17414,9.885673352745533
17415,9.645112512517766
17416,4.969338182433591
17417,8.52133971654825
17418,10.98604736256957
17419,9.026578540917551
17420,8.85826743733361
17421,8.17110003494673
17422,7.899061097948316
17423,14.940923114504942
17424,8.346750634196471
17425,4.915083570082052
17426,8.712544520641513
17427,9.090414740573578
17428,6.502362384193786
17429,10.671018321542768
17430,8.378824850534302
17431,10.448344595904183
17432,9.213577031937772
17433,9.340739185900894
17434,10.164656608864776
17435,8.251153151182177
17436,10.48877688308419
17437,13.112468767289592
17438,6.455076246988083
17439,9.19612846490719
17440,12.315959230535164
17441,10.566747605658676
17442,9.836481465640745
17443,10.129872934352534
17444,10.383308460850797
17445,19.05194079564697
17446,9.136503232893805
17447,4.605209384375928
17448,12.039144880341382
17449,6.894287592335807
17450,10.271767895743698
17451,12.126412944905855
17452,7.30781447663575
17453,11.656688677859151
17454,4.814322814357407
17455,13.53191415668457
17456,8.105443622585254
17457,9.033543821429566
17458,7.525294360052872
17459,9.076363639845964
17460,10.381445852696144
17461,10.171483920097046
17462,9.603018509443393
17463,11.306431362721643
17464,6.666547018548558
17465,21.952501328215995
17466,10.812204173525847
17467,7.088989275236265
17468,8.983688437583528
17469,10.269193285256922
17470,10.37864366361429
17471,7.711613902681831
17472,10.357239515542174
17473,9.219337653371483
17474,11.636188937040009
17475,11.48672889089733
17476,11.48652356240497
17477,11.344614511532926
17478,8.186285834242486
17479,10.705249827406552
17480,9.592847121150815
17481,13.492654614731304
17482,11.557127133726993
17483,18.048851327254795
17484,8.937265071534467
17485,4.479867966976312
17486,11.271676688936406
17487,9.269627444556228
17488,6.27784570259349
17489,12.882500178523355
17490,10.075961947470839
17491,9.927494571284452
17492,9.95403936520336
17493,10.613864148876589
17494,9.286658342750094
17495,7.2268799306404805
17496,8.153432404307315
17497,10.013286097287507
17498,6.6736317729215635
17499,11.327321911753279
17500,9.89203292668779
17501,8.079497450782936
17502,10.535109830796793
17503,8.865459492341616
17504,14.439008699429117
17505,11.29794541706543
17506,6.783418578760299
17507,14.137819738826689
17508,8.99290273708692
17509,6.564142039730457
17510,11.193190019437807
17511,12.970792249804875
17512,11.896772141785924
17513,7.991296914745523
17514,9.164504309067642
17515,8.467590733476168
17516,8.425193939891418
17517,14.535043131806274
17518,11.09165641044848
17519,7.08605316218892
17520,10.185293820832541
17521,11.05343967371367
17522,7.745030733772003
17523,8.578092233669599
17524,7.7922636086560715
17525,7.355945804923378
17526,10.461542031617919
17527,7.404016663558582
17528,7.442852650126258
17529,9.608435695171549
17530,15.08037796911161
17531,11.20853165340205
17532,15.556660095016895
17533,8.952676919127045
17534,8.550353542892982
17535,13.00467113107924
17536,12.019011291128576
17537,7.59483435583136
17538,4.308821545199951
17539,10.807551405282391
17540,5.350787765174063
17541,11.828104627342618
17542,8.385852503570037
17543,10.361981845060754
17544,9.74388946914375
17545,11.338504732338183
17546,10.142085197842002
17547,11.545696562335008
17548,8.890364529579893
17549,7.796655250677496
17550,7.9440440148264875
17551,5.948179580093153
17552,8.200239962580806
17553,8.16057077648549
17554,9.818668448968737
17555,12.726811569743917
17556,8.075377828874938
17557,7.251143950477202
17558,13.087768887498529
17559,10.639665566445755
17560,14.229586892413677
17561,10.774493599461186
17562,9.72885308987558
17563,12.804433184934224
17564,9.346001158495126
17565,9.563197893826317
17566,8.662018209068233
17567,8.120677165733005
17568,9.324871161921758
17569,6.39686533241554
17570,13.95535181783038
17571,8.293832470537199
17572,8.221290867912533
17573,12.543152780809914
17574,12.155186804459849
17575,6.251651355805825
17576,10.474178788202229
17577,10.159460116389932
17578,8.041746921142083
17579,14.85887432310648
17580,7.785023647040915
17581,9.080754433293697
17582,11.049458237353736
17583,7.117176494059336
17584,11.694733928977094
17585,12.03051385268118
17586,8.380855051494914
17587,11.157566425149291
17588,10.880910354087149
17589,9.823579095142481
17590,12.807071155718987
17591,13.42138898606882
17592,9.614267179425898
17593,7.119984868293262
17594,10.494121816895378
17595,10.04730207231741
17596,14.919577593480366
17597,9.573167938020763
17598,6.859613135201762
17599,12.43997903662492
17600,15.389399086662568
17601,9.302710276480656
17602,9.032321830577601
17603,9.835668327551888
17604,8.154828987580965
17605,6.359264603276163
17606,11.174646647893665
17607,10.14849259882781
17608,10.084698132392683
17609,3.9388637417512866
17610,10.254094968977231
17611,9.1420692243944
17612,10.039948524149008
17613,11.601370716800849
17614,6.814286878854478
17615,12.136734196338217
17616,13.58360711488877
17617,19.45878234853891
17618,8.761261606115188
17619,8.84338039308911
17620,9.720583116460517
17621,6.33202770676516
17622,10.618291646922321
17623,10.926668904166705
17624,11.266149950029703
17625,10.482587716709016
17626,11.205740968452607
17627,13.329142121906848
17628,12.07426648326815
17629,6.9662134595911835
17630,8.721025585658646
17631,7.640869412808051
17632,9.852266947556199
17633,9.845859270771179
17634,4.039118915777679
17635,10.718690744788582
17636,8.791368869033864
17637,9.35550724674297
17638,17.492869045824932
17639,9.998664244176545
17640,9.367766754204858
17641,11.834247543790237
17642,16.224075180029345
17643,12.293882238338075
17644,10.179908854779544
17645,6.216984046724954
17646,4.477162394513891
17647,8.835585831466839
17648,10.601787433759704
17649,11.467592301572509
17650,7.000081780077405
17651,11.145286294983878
17652,11.305587066926869
17653,10.860485847929988
17654,5.444533863179902
17655,15.873283636346336
17656,10.690224972934894
17657,11.785904403643768
17658,14.403876186704636
17659,8.039746330691957
17660,9.268159563322197
17661,10.7431570133169
17662,10.638426210071346
17663,11.23780662212952
17664,9.401067858243369
17665,4.5972505991785875
17666,10.619827918707964
17667,8.937873377275384
17668,17.722131532688916
17669,12.609597339214147
17670,10.561204891885154
17671,8.62653024297772
17672,11.396323047868677
17673,9.757370330770366
17674,10.79448134020018
17675,8.782106481327899
17676,10.106499285430719
17677,13.678329773534049
17678,9.407439173845733
17679,11.228041811135789
17680,14.674034803994829
17681,10.824730957422613
17682,10.534793813802159
17683,7.884573912689327
17684,7.791150799232076
17685,11.58058701478656
17686,10.109806143517666
17687,11.47639184842958
17688,9.212027280809462
17689,8.303439389985813
17690,10.547156061695185
17691,7.929308328874974
17692,11.81401516193861
17693,8.260595885304076
17694,9.487232505951468
17695,10.863630085102002
17696,13.75305660656322
17697,9.264295118904835
17698,12.038598657678552
17699,10.141370868609291
17700,9.371855680113473
17701,13.291010949915067
17702,9.795809837180084
17703,12.13066215698872
17704,7.423531504616044
17705,15.00016375217399
17706,11.90245189255999
17707,7.178703995108519
17708,12.63657270081896
17709,9.761063514425048
17710,12.72630415048627
17711,7.152195610337106
17712,16.02554944116539
17713,6.88065948738134
17714,10.885116415026248
17715,4.640952234564102
17716,9.458535719354998
17717,9.90973836750572
17718,12.834768964755558
17719,9.117807588846441
17720,10.066533308703226
17721,10.689135150341738
17722,5.952612426914234
17723,12.209209658581642
17724,13.313677768364023
17725,9.607625549616591
17726,10.730077651979265
17727,4.510336977975787
17728,10.71183176383795
17729,14.181580924539336
17730,8.246436926410905
17731,16.917249461841678
17732,12.041697436516808
17733,11.465978039608022
17734,15.22028896025491
17735,6.57854982735164
17736,10.88661710302217
17737,11.279521394409004
17738,11.439115033622743
17739,8.871068862508483
17740,5.946284049042092
17741,11.671549759229935
17742,8.795740147124759
17743,17.78692884418612
17744,8.477431427318706
17745,10.22036619462803
17746,8.474948508585758
17747,9.794164881786672
17748,7.344048043570419
17749,6.63101288903186
17750,7.340285243042212
17751,11.019468563776813
17752,11.490063395884933
17753,15.3363742372085
17754,9.904415367185193
17755,13.28056833249925
17756,9.984754538904982
17757,14.191045518905575
17758,11.776102475431586
17759,7.26361435501193
17760,10.02571364999932
17761,9.761413109569034
17762,9.083559815125692
17763,9.787299727994931
17764,8.865578797895266
17765,6.472817489704282
17766,4.396193326676159
17767,11.66068402007156
17768,10.374335676159916
17769,10.245647305891953
17770,11.564195956475857
17771,6.30791627159136
17772,8.842130114623053
17773,9.165093805031134
17774,10.872247464905918
17775,11.845474203222471
17776,10.329790405272213
17777,9.379612639237157
17778,11.529200833909169
17779,8.980385445794468
17780,14.242343307891687
17781,10.178880559580637
17782,6.838906939561054
17783,9.274726899873098
17784,12.373817533223304
17785,9.621544247808576
17786,15.68241517848627
17787,8.677222625413027
17788,17.036944635578706
17789,8.869866361277028
17790,14.465771909627998
17791,6.4766928458429796
17792,5.835341658856735
17793,12.888540713836537
17794,8.445164279870408
17795,7.938207680274734
17796,9.300867929095508
17797,11.709832075600248
17798,10.500239395613656
17799,9.613850912289404
17800,11.561454127597507
17801,11.647815809967662
17802,8.742906632030298
17803,10.525874416096036
17804,8.84782532803306
17805,8.507859439903196
17806,10.140899355898975
17807,13.34789825270562
17808,9.26145321079185
17809,10.057675726724058
17810,5.568656959291336
17811,11.363063437169988
17812,7.2287912018986225
17813,8.013572394543855
17814,8.205172892096998
17815,10.738871420226916
17816,9.907526338332628
17817,6.194391333139679
17818,6.901614957601234
17819,8.970257023372836
17820,10.245985377526615
17821,5.121301621369391
17822,8.222127196527182
17823,13.542051270594179
17824,9.753414425006582
17825,8.731108080836425
17826,17.603215141971365
17827,8.565499412607112
17828,10.570660813519142
17829,6.850208663181505
17830,8.708627158830177
17831,6.694575121523928
17832,7.9099678127438775
17833,5.873932771130257
17834,9.856527473458023
17835,10.912989216119618
17836,14.76411473649333
17837,8.922627735029952
17838,4.366036585441894
17839,8.289401119421793
17840,9.282410778245222
17841,8.06843201067419
17842,7.968571073745071
17843,10.332809880172722
17844,9.305798994608223
17845,9.006664221154052
17846,10.501817388851368
17847,13.266113023031567
17848,14.645339668915618
17849,10.582345436592572
17850,11.398857338295919
17851,5.78214902316884
17852,10.941458477838692
17853,11.556520435843602
17854,4.05444841108734
17855,9.201371577141257
17856,7.618071502837125
17857,5.0845541583812
17858,12.981616759784718
17859,13.851079656749945
17860,9.061953796760863
17861,13.690722196534788
17862,9.475037239200967
17863,10.190756447907063
17864,4.774057091701998
17865,11.467490405942602
17866,9.573106905853285
17867,7.120675582310605
17868,6.686541227258911
17869,9.29109282037588
17870,9.506833778651885
17871,11.201729866952437
17872,10.45288790175075
17873,8.602692432529999
17874,10.299997017289224
17875,11.891920776786169
17876,11.361086856706812
17877,10.400321248679964
17878,10.313093661770832
17879,9.90820885860483
17880,8.233068318920756
17881,8.837096561510416
17882,8.258310293590856
17883,11.338438207246542
17884,11.052696425305912
17885,16.86582992046685
17886,11.233570233079934
17887,11.455928362589617
17888,13.6959002279295
17889,11.861332321534167
17890,11.63315471488985
17891,7.350714660155765
17892,9.08874497217705
17893,9.018543586427795
17894,10.155179935602133
17895,11.857378816114618
17896,14.233852978853825
17897,12.366019815516673
17898,9.990581719245235
17899,10.48219934769144
17900,15.600294282480178
17901,9.379593030618961
17902,10.31047609463496
17903,11.336937291649287
17904,8.040779609129794
17905,10.726602234907268
17906,12.813106910180606
17907,6.59169057715705
17908,10.756744565106592
17909,6.543702554707803
17910,10.48688535785027
17911,5.078064858384892
17912,10.60431965154723
17913,9.155957356967155
17914,7.980897492836389
17915,12.30941470797723
17916,11.496554005530129
17917,15.80497229827023
17918,9.582091290425856
17919,8.324911243493759
17920,10.83675421261948
17921,12.623958516380288
17922,4.4566885742985045
17923,12.895607146729219
17924,11.67309493290714
17925,17.61750118677752
17926,8.440048326284375
17927,10.803758082981235
17928,9.193286736974844
17929,9.257280770079666
17930,8.507431532700563
17931,10.479711000499384
17932,11.205241808083862
17933,12.8556160023325
17934,10.312109542285567
17935,4.771354877794974
17936,17.691260238633138
17937,7.942258769656281
17938,10.309119490406617
17939,7.507596026963168
17940,15.976440432791787
17941,8.730233118306284
17942,10.744237286544935
17943,9.80436764918299
17944,9.943822503217003
17945,9.6688550341951
17946,13.380589997791798
17947,21.6624922972792
17948,11.287907428052744
17949,6.783402088527575
17950,9.262574396975438
17951,9.122549808226967
17952,16.886506344281663
17953,10.8269350648908
17954,8.644409584050896
17955,11.138629946093094
17956,8.222508299777882
17957,7.07181727861665
17958,10.181608558901102
17959,14.062315827265845
17960,10.235010066540344
17961,6.814727332658695
17962,9.056749323260487
17963,10.608056257544048
17964,10.696885954229055
17965,13.360601291024146
17966,9.2128536030868
17967,9.448252826543929
17968,10.367902674469832
17969,8.677177623680437
17970,14.033011997234526
17971,6.959176556997291
17972,9.647253462906969
17973,9.540152845082947
17974,9.737149529395479
17975,14.841925028256053
17976,6.262556308962407
17977,8.25248729697995
17978,10.977498386272003
17979,15.706110767397504
17980,12.122269802339625
17981,11.688530004097636
17982,10.688268756072796
17983,8.097813496701344
17984,8.742402850130746
17985,9.64478565063401
17986,12.437071207867463
17987,9.62894636448172
17988,9.812936402210687
17989,9.927365483423031
17990,6.406396693868414
17991,9.455818667470446
17992,4.440205517331537
17993,13.547270620434617
17994,13.814194693869986
17995,11.207920560660822
17996,11.02510967996638
17997,10.86682543199359
17998,8.294199928862138
17999,8.405211898935033
18000,7.57042610625528
18001,6.388308020777662
18002,8.683207173303982
18003,9.084373773330547
18004,7.057469306443425
18005,6.219847711960593
18006,11.884119039138
18007,7.313788393654541
18008,15.832498133940863
18009,9.09274918001805
18010,10.48503454128164
18011,8.547075806886042
18012,12.310471152283574
18013,6.357956501860764
18014,13.430411085171547
18015,10.043718465540957
18016,9.712883473034658
18017,9.624922819332122
18018,8.94268608060768
18019,9.77428771813792
18020,7.863565161270762
18021,7.908084083190333
18022,8.70601944625316
18023,6.757897332445127
18024,6.843826323154431
18025,8.417790821763283
18026,7.467463724687427
18027,10.356770951346114
18028,9.119615748332377
18029,10.525974542535538
18030,9.913940656519863
18031,13.115814620097929
18032,8.821773155512913
18033,10.045662992470366
18034,8.717812035654113
18035,4.214107837393737
18036,11.06479087584142
18037,11.112092312925617
18038,9.55967848208492
18039,11.229636228338546
18040,6.346345478568706
18041,9.599209869223623
18042,9.399829232309116
18043,11.852778875703894
18044,12.464743707952087
18045,12.58564869305932
18046,10.514169704880247
18047,11.301974346933868
18048,13.257744307294088
18049,8.970188076613749
18050,6.463176298348751
18051,17.09477488807366
18052,10.588354279536532
18053,10.840608270299862
18054,7.084424604561866
18055,9.624106783093072
18056,10.141064089623507
18057,12.723895617502887
18058,16.334518388338086
18059,11.341862364241164
18060,9.246665523615597
18061,12.109344447868937
18062,12.981709878380151
18063,10.139248654146412
18064,10.334544875654705
18065,6.388848603890272
18066,15.651031955603493
18067,10.640573661690686
18068,12.809412394504541
18069,15.45944314362982
18070,9.345786550817262
18071,4.113786516694096
18072,9.88882316382308
18073,12.101217343389514
18074,12.672183028954805
18075,11.57861932346373
18076,12.329913879539351
18077,6.967117652841493
18078,10.934108613196987
18079,7.89093872107202
18080,9.291841699354237
18081,9.611292292043737
18082,9.847317101469132
18083,8.780346086234369
18084,12.230498035482412
18085,8.481903216054079
18086,11.419643379006146
18087,5.05603741388648
18088,8.677463258043087
18089,14.380873463746283
18090,8.020206356035196
18091,9.535448256854112
18092,8.156360731598339
18093,4.257859065946974
18094,8.194968140467639
18095,12.56440139294775
18096,10.419513816513106
18097,9.290807496519424
18098,7.166503399574674
18099,4.200940285076532
18100,8.88643486577785
18101,12.484999955146732
18102,6.661488524118228
18103,6.2343055342559275
18104,13.137886254274324
18105,11.263559556682473
18106,10.948914111980331
18107,7.693348703659282
18108,7.690544039215041
18109,7.943247706111318
18110,9.523952803277512
18111,7.556335747346774
18112,11.437238354318655
18113,9.123527020007092
18114,14.011840434163776
18115,8.36208900557661
18116,13.252371464174146
18117,9.995719640011226
18118,7.876912685465934
18119,11.195377848192162
18120,12.379622922281486
18121,7.8168375186411865
18122,8.845915588222399
18123,7.421040601313182
18124,5.481390202374782
18125,10.724712444922277
18126,5.1415333139235315
18127,11.369186035272527
18128,11.096018836018645
18129,9.592724260268033
18130,8.85321563243013
18131,12.284407608939645
18132,9.184102886526553
18133,7.463515683155868
18134,11.03934520417376
18135,8.48840214006514
18136,16.576460451044653
18137,11.10605241610537
18138,8.924971765351906
18139,10.040541857262335
18140,11.75001498591633
18141,10.147215018268527
18142,7.231321816778447
18143,5.898334218094854
18144,9.213812133188533
18145,9.927159118213611
18146,7.441306477000714
18147,7.570154153187308
18148,14.797512929126011
18149,9.729760465463993
18150,10.513049368998308
18151,10.56565576586294
18152,7.896067996534546
18153,13.618073307462973
18154,8.06133229367953
18155,10.032939812720223
18156,8.06110200226654
18157,11.97096049950552
18158,8.011566178616597
18159,11.557302583959036
18160,15.851120729026874
18161,10.11779578456027
18162,15.212648691556257
18163,12.293610633753783
18164,11.778324994505304
18165,11.266736576291317
18166,6.8954804344549245
18167,11.4963618124742
18168,9.45958407079251
18169,7.6842203035426015
18170,10.104548264434206
18171,11.60857785598703
18172,11.658528199287936
18173,17.33699295737427
18174,14.02905850303225
18175,9.64630555988624
18176,8.38003487321045
18177,7.385780894404691
18178,12.566605216442587
18179,12.625901681691294
18180,11.602972586386295
18181,6.823151145741093
18182,10.286795141238969
18183,5.214735043236042
18184,15.566550716353564
18185,10.985914614260029
18186,9.091562270790378
18187,8.113266672191894
18188,6.439873165076021
18189,6.556103162514415
18190,13.27761279794741
18191,9.532092991418518
18192,11.769305795299669
18193,3.693332509379176
18194,12.929810178280954
18195,10.211392428165595
18196,7.218483826977378
18197,7.9449902464182
18198,8.569549914896964
18199,8.233482131671193
18200,9.984163907170885
18201,11.79458891016164
18202,9.473565710074814
18203,11.963330151020328
18204,8.80660520647015
18205,8.351729128862242
18206,10.198991914311632
18207,5.355892064184548
18208,11.32358508314098
18209,13.98115869197287
18210,10.584160846712509
18211,10.914154754383139
18212,13.77754960964476
18213,10.554167923991224
18214,4.845102345371678
18215,11.450487571814545
18216,9.658576396351757
18217,8.747180430877783
18218,7.411081394068022
18219,11.073522803265533
18220,10.91767397589033
18221,9.488362708149946
18222,9.821169743678283
18223,8.188524968971553
18224,11.342496302092245
18225,13.295728923328138
18226,9.885322741485448
18227,5.475054912813952
18228,10.970817653313775
18229,10.199802367967
18230,7.50832548728941
18231,12.960791649570126
18232,8.084417416542154
18233,9.964079519714891
18234,3.98322080742662
18235,8.770275483856336
18236,12.324474601498776
18237,9.062224639091996
18238,11.361328029981586
18239,10.02503913318975
18240,10.547889513641362
18241,7.829811761549313
18242,9.11284618962897
18243,8.242208714032532
18244,6.491875586300363
18245,12.433687947891789
18246,9.344503246945948
18247,15.70571848246805
18248,6.477617058602485
18249,8.965570152781197
18250,5.4457173507730126
18251,10.656617509998966
18252,8.813572032665503
18253,9.730761174051331
18254,8.089173650995042
18255,10.830977937723317
18256,8.126475310256938
18257,9.705920627756285
18258,4.875714007524346
18259,8.4885152899858
18260,11.546476346438963
18261,11.493720789224223
18262,8.094504877958308
18263,12.029179534627525
18264,9.140078277337052
18265,11.655345733983104
18266,8.442956418564918
18267,10.21824798949959
18268,6.17326857420033
18269,8.818242643193543
18270,11.093191055615677
18271,8.527326579994597
18272,5.217083263321983
18273,10.467132277648735
18274,9.74295874838939
18275,9.257319333708118
18276,6.304531702396511
18277,6.555326059855112
18278,10.421165386372907
18279,7.76455889632436
18280,12.296944430108558
18281,8.775978181739896
18282,14.933996213222684
18283,9.057211133526103
18284,11.066776304243614
18285,9.176744218696628
18286,9.87595088107524
18287,11.380329584028106
18288,12.444547294929626
18289,15.09223104864846
18290,12.495542965248601
18291,8.43498045873154
18292,10.204692656748572
18293,9.056494608003673
18294,6.042574392325589
18295,8.70315964147787
18296,6.6994868966539105
18297,12.307252960158237
18298,9.094502819905475
18299,7.936160912567104
18300,10.39990290172061
18301,10.351570579318713
18302,11.3959815068472
18303,9.848705386218285
18304,7.197259797995928
18305,8.548315720977284
18306,9.855953130402598
18307,10.524369204959035
18308,10.483568168268736
18309,9.514621725653225
18310,7.294556623308603
18311,6.316528395278255
18312,11.273740891745033
18313,11.041335795082386
18314,8.572389302255733
18315,11.61574216629068
18316,13.685984787299123
18317,8.989770114983815
18318,9.488110165723734
18319,7.134697327563911
18320,10.270989518320482
18321,9.415808032028504
18322,11.099210551380306
18323,10.470309494682088
18324,9.90493137837466
18325,10.488417319388445
18326,8.811819566625307
18327,5.158707476079215
18328,11.397718090343519
18329,8.957153508499912
18330,8.576805308796983
18331,7.837916679258357
18332,10.918247225611799
18333,7.722761262805669
18334,8.101590947395287
18335,7.785085109435703
18336,11.45072468391
18337,6.045414123418063
18338,11.712567779942365
18339,3.9443055844502375
18340,7.413754788546795
18341,12.972720076215436
18342,10.592000403084347
18343,9.31399358251235
18344,8.346833134895785
18345,7.837767967910779
18346,8.553445581930395
18347,13.684995498313718
18348,9.40261471747653
18349,12.187970897226514
18350,12.153573248254201
18351,9.03489667602189
18352,20.60977495961091
18353,10.567504203685129
18354,10.586410504307462
18355,11.02243532092014
18356,11.279309965524504
18357,10.04225639754391
18358,5.295217061210765
18359,9.243245317248128
18360,9.216643817653058
18361,10.107732106575536
18362,10.428682792053753
18363,11.381062344184675
18364,16.648370483492997
18365,8.275775298547153
18366,11.565032163684922
18367,9.086956593070152
18368,4.208478602761037
18369,10.229741625999337
18370,8.83439055002086
18371,11.08308778166932
18372,11.203150385370742
18373,8.523904040147864
18374,10.774551217770117
18375,9.189253019550266
18376,9.237291382337826
18377,10.328858044888383
18378,10.363889231142394
18379,7.887956098518191
18380,12.319967205529604
18381,12.216386509796624
18382,12.2267257312152
18383,11.232310249496388
18384,8.642369263263037
18385,12.517027752142997
18386,8.185280078884201
18387,8.476467173336484
18388,11.574381796742921
18389,5.2643019905994795
18390,6.420998744335925
18391,9.089184315430696
18392,8.42388249702851
18393,9.986265652896856
18394,7.020688439733824
18395,10.066184976953968
18396,18.04381648355484
18397,11.526837142482561
18398,10.929296983070879
18399,11.20434821478049
18400,13.477445823968282
18401,9.573218989652338
18402,7.312387186518217
18403,10.879832980171416
18404,8.749132149531386
18405,10.698947689122072
18406,9.211472102985633
18407,12.07473549162684
18408,10.250286365987032
18409,7.741815733307455
18410,8.432190622605711
18411,10.363598913350334
18412,8.884324669707748
18413,8.269118540750961
18414,11.451550243813628
18415,9.686409864644896
18416,11.131371881206634
18417,12.949835704218849
18418,11.912332053720473
18419,10.434141800582063
18420,8.292501052200521
18421,11.727615142128057
18422,12.612012659057628
18423,12.887708736848884
18424,6.913458037325662
18425,9.984116694700925
18426,10.491044186942926
18427,6.66052891671312
18428,7.9653914951950355
18429,6.985177707175531
18430,16.294028954794587
18431,10.522460451781217
18432,9.238385505007647
18433,8.73733162572071
18434,10.709977866890606
18435,7.782351330603607
18436,13.44001742039511
18437,16.337944539418494
18438,10.17356327330683
18439,9.270186384857912
18440,5.94404003671847
18441,10.753513216585771
18442,6.902324063132765
18443,8.88290880860643
18444,11.132648229604904
18445,7.693461062557805
18446,11.489751625174843
18447,7.752227053701418
18448,11.14287721929704
18449,11.602796296351446
18450,10.520568995839914
18451,10.558739239593463
18452,7.071114426918035
18453,9.229833542852607
18454,6.124953123681358
18455,9.074039568025942
18456,10.425518426442183
18457,10.51814852239339
18458,10.252581303228984
18459,9.586520221580063
18460,9.917991632598135
18461,10.856805896670457
18462,6.895879107194331
18463,8.936837099168434
18464,11.328161123903833
18465,9.248279098921309
18466,8.565312633914308
18467,5.517371132240776
18468,15.684587472994085
18469,4.839942397596842
18470,9.859334039386647
18471,4.828576846497942
18472,9.339860762120649
18473,10.256880255908007
18474,12.502062221723344
18475,4.227810477496426
18476,11.240120347059031
18477,7.037743656553244
18478,10.571536977046092
18479,8.375887691635482
18480,10.005599277956316
18481,14.621553408949161
18482,11.647863734589865
18483,9.261598332938707
18484,11.122935873511857
18485,11.057497786780607
18486,10.681753617699622
18487,10.620721577442751
18488,10.46118313297492
18489,8.9805645643711
18490,9.20368456332354
18491,10.904016751129825
18492,10.08285627667879
18493,10.770974032300217
18494,9.029299666685818
18495,13.151812227291286
18496,10.418434888520895
18497,4.476500639290882
18498,10.839100554569436
18499,11.09327856493926
18500,7.481411660113032
18501,10.124161275152511
18502,6.973149367700673
18503,9.789053067892045
18504,6.392105243337548
18505,11.186009271172441
18506,6.388442084638697
18507,10.081611820597981
18508,7.5289329924140285
18509,7.342113801560094
18510,15.097050105292709
18511,12.78703369762012
18512,10.338632718489892
18513,10.100095989061613
18514,11.229349653988734
18515,11.779362355320188
18516,6.385257027660933
18517,8.756412881534043
18518,4.446523348367669
18519,4.87983862543643
18520,6.717284371664367
18521,8.113517383400241
18522,10.08871585216622
18523,10.75570031134219
18524,14.55894720723494
18525,8.79863833988671
18526,9.006753284966658
18527,10.02734176440475
18528,12.415473275752298
18529,9.137627590116587
18530,10.755215090047148
18531,10.935843288639845
18532,11.88423375257137
18533,9.973416385015886
18534,7.229365582860332
18535,9.740294465209091
18536,9.405834245877223
18537,10.259620089164525
18538,9.592696340050072
18539,9.941049516382453
18540,10.04357997154766
18541,8.131849258895253
18542,8.03604043262445
18543,7.179465726378549
18544,10.07162404495124
18545,7.484854824269185
18546,9.061177612967368
18547,8.907799140102421
18548,10.831733256101645
18549,6.607750549321564
18550,9.857104090031008
18551,10.83168418098602
18552,13.716565368802554
18553,11.156150625409525
18554,12.57667025435149
18555,15.615796204973627
18556,10.200779114806759
18557,7.3259801786752945
18558,9.155441649456465
18559,8.739072286567712
18560,5.611764891932751
18561,6.193459656203939
18562,7.219212601358888
18563,14.63191975463381
18564,10.851567223019623
18565,12.229343688496659
18566,9.420051015394517
18567,9.992852653815268
18568,9.789951162955111
18569,11.738445297739533
18570,6.460531007600948
18571,4.927156489161874
18572,9.299230699356746
18573,8.62858248116306
18574,11.667036727353725
18575,8.372448327058262
18576,8.171057818920437
18577,13.068521403431443
18578,14.504019091769916
18579,10.188911108065593
18580,9.989772509581027
18581,9.921329127747766
18582,11.006951373044338
18583,6.005851141063561
18584,11.11590332523774
18585,9.569923647184355
18586,10.259260687462252
18587,12.110609039217856
18588,7.504765537019731
18589,10.127495921374473
18590,11.918289054636277
18591,8.11831674044178
18592,10.94918194220475
18593,10.040143923286076
18594,4.501908828943295
18595,12.898558651347535
18596,4.84171563900766
18597,9.629523839644763
18598,10.105697712628748
18599,6.897154416035071
18600,9.886927336535843
18601,9.479846149603967
18602,14.716484814922868
18603,12.731782080192295
18604,12.466881041690364
18605,11.96128951648654
18606,9.61006410617931
18607,6.424376075954525
18608,10.556968481419457
18609,7.430134615889145
18610,12.480651822999572
18611,16.26780499613621
18612,9.83346718922835
18613,6.336182730965307
18614,10.96880457938659
18615,9.396255270216164
18616,7.5982698647667775
18617,8.916893045825175
18618,7.195608107284441
18619,10.282444116377384
18620,11.53261890834244
18621,5.247022235154889
18622,13.285211910777429
18623,10.649014253749865
18624,15.670812788729975
18625,11.407046864909777
18626,7.216882100228725
18627,9.18456672926316
18628,5.28490024655352
18629,8.220827106145176
18630,10.676207630780969
18631,10.398362946197285
18632,5.127314098057953
18633,13.139480873833495
18634,10.635911674409684
18635,10.284188740304508
18636,10.757972937165597
18637,12.47621671896259
18638,11.848556762990382
18639,7.983941435677814
18640,11.405051100086078
18641,11.234157832160639
18642,9.870828114092497
18643,8.94867669262386
18644,11.143070795114694
18645,8.21721227192324
18646,11.513090220829975
18647,7.279372294035736
18648,13.845631981417029
18649,8.019290727344117
18650,15.051137589163226
18651,9.745853809495493
18652,10.076318327845314
18653,10.206781909331314
18654,11.667260936350957
18655,15.367522121228113
18656,7.86790327884246
18657,15.065000250276544
18658,9.021327337185866
18659,8.34393470378413
18660,8.01482862347587
18661,10.622412443614058
18662,10.197427546353673
18663,13.242645054981697
18664,11.59542234458169
18665,8.543456199415147
18666,5.89204301866364
18667,12.31707217362904
18668,8.479324948484185
18669,9.56389662083814
18670,6.363884749123073
18671,9.03969310964732
18672,11.243155479071747
18673,10.964425496013048
18674,12.68376867980811
18675,10.16283178136476
18676,14.793941910021136
18677,9.040251726880207
18678,7.134557368314082
18679,11.997142121264204
18680,10.092276999769199
18681,10.849431264749795
18682,9.566647196466715
18683,9.505494088360742
18684,11.242565088498752
18685,5.099396497274401
18686,6.471563082442023
18687,12.443894389519937
18688,13.487982119579026
18689,4.583487406698381
18690,10.98193208542115
18691,10.464409012565314
18692,7.559164601667971
18693,10.958296545643538
18694,4.261591795083283
18695,9.093754209785924
18696,10.308484729790193
18697,10.189530236185263
18698,9.920576494370508
18699,8.176314224205843
18700,6.95300692342623
18701,7.404431310045176
18702,5.760435940786784
18703,9.100552698575441
18704,9.308370383267704
18705,15.234959589130423
18706,5.591383622292796
18707,9.38462307785031
18708,11.10718621093681
18709,9.307029569985339
18710,9.781837379266351
18711,7.06730664019943
18712,12.957183098024718
18713,8.007178064745789
18714,11.132326389474883
18715,10.423465983518648
18716,7.289568319646241
18717,7.997088443666801
18718,10.176495943611146
18719,6.337506175817457
18720,9.338531364421629
18721,5.604788362889742
18722,7.405541781780612
18723,6.5884625437747335
18724,7.13335358081308
18725,8.501161569169538
18726,6.205618653359231
18727,7.965999679266607
18728,13.7977000266176
18729,8.906351896836867
18730,10.9310697370524
18731,6.618610211282893
18732,10.963706665949372
18733,10.383957447995275
18734,9.211169087591717
18735,8.892716403061371
18736,10.151576171274018
18737,11.663049989872276
18738,7.90813029316529
18739,11.331048793170078
18740,7.173387773563169
18741,10.123712916620446
18742,12.45093868326741
18743,6.538663770207716
18744,10.391732081879146
18745,10.903561964623858
18746,11.857193958842359
18747,8.329910257369557
18748,11.42384387472764
18749,8.23700748188219
18750,11.323393291069449
18751,9.503892302128333
18752,4.1503258033218104
18753,10.05392997961189
18754,9.628487042237873
18755,7.121400357320618
18756,7.51186999206505
18757,7.917555114624232
18758,9.890280948508735
18759,10.07259282566647
18760,10.301424084035789
18761,4.964965456963407
18762,9.688504487955301
18763,11.669932584923128
18764,14.345020377980386
18765,10.319236921534234
18766,12.39293845843462
18767,11.47215652961
18768,8.758456305936937
18769,11.00252781993548
18770,11.386585402095395
18771,10.369077051108535
18772,6.5519757603210795
18773,14.586792489874831
18774,12.824526303018184
18775,6.372912515291513
18776,9.581758749426552
18777,7.743664373833678
18778,11.171541455486855
18779,7.416350668749465
18780,5.159510654738538
18781,11.479350864630566
18782,14.834504451606241
18783,12.144445650110608
18784,9.482581093837712
18785,10.447230726181665
18786,14.340435310762922
18787,12.333938967162261
18788,10.944099603650832
18789,5.120907686978806
18790,16.158442433306497
18791,10.58767648433573
18792,11.261411614755758
18793,5.251748265631464
18794,10.576860634205795
18795,12.29447997804074
18796,7.725604154771814
18797,8.594122738070444
18798,9.567605804314773
18799,7.708309671005665
18800,7.799337971795451
18801,12.639042440490677
18802,5.319000867944428
18803,9.795476422487294
18804,7.926486536080256
18805,10.626876357363347
18806,14.044773358711485
18807,8.453793154293088
18808,12.12038174178511
18809,7.624967271895478
18810,5.303864615675728
18811,11.073343024363796
18812,11.910138416840685
18813,10.455379059573373
18814,5.258347170801879
18815,9.276427544434409
18816,4.4130212831581
18817,11.869166918715461
18818,10.103032699272545
18819,7.45512570343365
18820,8.890598239181642
18821,10.13516403226933
18822,6.156647507863747
18823,4.278286420169549
18824,11.866052633756967
18825,10.996831531404089
18826,10.006260487513918
18827,4.756353372521449
18828,8.462523975864668
18829,8.235160241832169
18830,11.564479144315525
18831,11.198044761399643
18832,7.559066463288914
18833,7.519265895979897
18834,11.620880391973355
18835,4.945240986396283
18836,8.658149796323062
18837,9.487030446483425
18838,10.470476191511684
18839,11.613372743032032
18840,13.48392875667707
18841,6.781765608457016
18842,7.61014730206907
18843,4.170181798157426
18844,7.937341881109844
18845,10.252424975388298
18846,7.873906575111001
18847,7.895181917297117
18848,13.54062359076852
18849,7.056479918557836
18850,9.090145742134393
18851,13.793863581114383
18852,10.520721802963106
18853,7.116526519244843
18854,11.263883250555129
18855,12.184585122705371
18856,8.671443299999302
18857,8.881863216061982
18858,9.397685117577945
18859,9.968725448605152
18860,9.436786824030559
18861,11.229257944960471
18862,6.291747351832573
18863,9.272610412867476
18864,6.023156575130622
18865,10.648017622324494
18866,5.579788425587108
18867,10.625675812123156
18868,8.384128786562124
18869,5.823779798437745
18870,7.476073152261323
18871,9.531253639474558
18872,6.038633319065577
18873,13.873627214786659
18874,10.493992426372644
18875,9.14667994293872
18876,11.209330611231437
18877,12.590409898255878
18878,8.879292927675557
18879,8.848419388809708
18880,8.155911002546661
18881,11.07478289026273
18882,15.500127402796387
18883,10.709079688766032
18884,9.727562349404014
18885,11.091857101983582
18886,13.233352795896188
18887,16.54226736766147
18888,10.81475277546513
18889,8.370666684621286
18890,9.359597538446277
18891,12.511443186855065
18892,13.286170196223935
18893,11.849113582341094
18894,5.806929787482999
18895,9.449670977596885
18896,10.887867510998278
18897,9.391381306885418
18898,9.692873465375726
18899,10.511685896802055
18900,9.639270681853226
18901,10.909681716821458
18902,12.315245901716422
18903,7.608452253441806
18904,11.13833957272909
18905,11.720414957141907
18906,10.959501480330907
18907,9.72120420613549
18908,9.753364867081158
18909,9.76514398402407
18910,6.698903903943371
18911,8.874204392952338
18912,9.954167355878674
18913,10.918738418748582
18914,10.069711055580353
18915,10.912690701029394
18916,16.979501547838176
18917,10.478653923962375
18918,11.39173495483281
18919,11.549410452717309
18920,6.539032375946936
18921,9.935148894495804
18922,3.846119236604131
18923,9.047057630940422
18924,15.78088971259782
18925,13.00243808770111
18926,6.984903593075616
18927,6.3975108241940095
18928,7.379631677844525
18929,9.821518284368624
18930,8.626996761493647
18931,7.195667950684008
18932,13.518439133722808
18933,10.151681169921597
18934,12.321026369893024
18935,6.165690678506934
18936,5.496394643754584
18937,11.392531461743284
18938,9.636114177081419
18939,4.31645776870216
18940,9.169535443511812
18941,9.978188696242096
18942,9.859969718093772
18943,10.523352947294388
18944,13.313466557118655
18945,7.975152424939564
18946,11.40852320980099
18947,9.384324920022793
18948,7.648419810671058
18949,10.543433699468485
18950,11.718487788626991
18951,11.985818282354472
18952,9.198146493703302
18953,10.304627058396886
18954,8.72983227366525
18955,9.38205747495089
18956,10.92085663964959
18957,9.23959274778996
18958,11.907550163800433
18959,7.638264018531283
18960,12.035401604256679
18961,10.707704070741555
18962,10.601324785824513
18963,12.35886857948554
18964,8.513064934237475
18965,6.840231549600327
18966,10.893062304501159
18967,10.774681238152757
18968,8.732392108412512
18969,11.682460577169342
18970,12.485677646065414
18971,11.40417168101958
18972,11.982690414254503
18973,7.310082509748098
18974,8.789449502317094
18975,12.536437743132323
18976,9.7635592176537
18977,8.069472024825213
18978,10.848635418193133
18979,11.228046826303364
18980,9.37502586228819
18981,10.062805671823071
18982,16.905997813967204
18983,8.534864130195617
18984,10.570269478412657
18985,15.805436437473121
18986,10.434701588654661
18987,15.844870558602512
18988,10.877042594815782
18989,10.548654407576901
18990,11.139128550631936
18991,4.644107111333617
18992,9.555513695468534
18993,14.348373978462046
18994,9.48202453785527
18995,6.784873550813298
18996,7.226075112929314
18997,6.859517320347097
18998,11.75197854554619
18999,15.582516445866542
19000,9.568432241366471
19001,10.542666748491325
19002,14.946917818341198
19003,8.101146756330339
19004,9.416260283035513
19005,10.803145828053859
19006,8.029204538659316
19007,10.306156561257971
19008,12.027799747965533
19009,9.786974909636468
19010,6.866311204176721
19011,6.973542509161026
19012,13.38176634643063
19013,9.296743240029697
19014,9.194611844205667
19015,11.092809611906814
19016,8.843317186076684
19017,10.402957862336184
19018,11.113786974926255
19019,10.62531238906074
19020,5.536943693118982
19021,11.179902670282234
19022,9.856644587015921
19023,10.475952946903876
19024,16.128585789076897
19025,6.060182134374401
19026,11.114197514761692
19027,11.356976774364602
19028,11.303813394449351
19029,9.601138472266696
19030,10.775019744452376
19031,7.905427147134667
19032,7.32539596158737
19033,10.918001644627072
19034,10.163374383664207
19035,7.977118099852043
19036,9.343346832742302
19037,8.275615950208564
19038,7.566237294459313
19039,10.522691130391845
19040,6.567617841509868
19041,10.53431519064154
19042,10.863424811756916
19043,8.683497852178924
19044,10.630503404213353
19045,7.077524200717484
19046,17.61532606150004
19047,16.546003543534184
19048,13.445026652847817
19049,10.603573780625071
19050,9.02340635610221
19051,10.881463233783256
19052,9.2508192774668
19053,8.958144610359117
19054,7.190724216539762
19055,19.901933358561642
19056,18.412144796419337
19057,11.583821543741955
19058,7.194592270532026
19059,6.503196561020866
19060,7.718648770163984
19061,10.89886163137208
19062,15.725927904111515
19063,9.502360761593508
19064,10.92109350643063
19065,9.912403846040712
19066,8.740862262215837
19067,9.416356696312379
19068,12.416790865576045
19069,7.013286461179329
19070,8.820169420764614
19071,11.513344066349552
19072,9.412976364927621
19073,12.799323945643868
19074,12.995932725391924
19075,12.271416801186499
19076,6.178030858189811
19077,10.95543098122745
19078,9.37844213989975
19079,7.395562426187985
19080,12.256816872860432
19081,6.473420026309888
19082,8.780576220836899
19083,10.6525538848299
19084,11.476364027765586
19085,10.639208434074739
19086,5.08446518996346
19087,10.562789225439753
19088,11.537205042481103
19089,9.040349000320694
19090,7.905283859019693
19091,10.2119413963347
19092,7.778050127826953
19093,11.336345134052127
19094,6.944291513532486
19095,7.718164553075695
19096,7.551814692000918
19097,9.287275022152448
19098,8.013413903411449
19099,13.718031779516753
19100,9.690139248642197
19101,10.155492495411243
19102,12.762189828318729
19103,10.77582908330925
19104,9.361210389899705
19105,16.34966770161388
19106,10.488959142911261
19107,8.691087305952776
19108,10.39623478080703
19109,8.460176803521684
19110,9.428149230563658
19111,8.646546586357937
19112,8.857110893334204
19113,6.055790066023047
19114,6.87332983663315
19115,8.672530155407102
19116,12.238969497018351
19117,15.489876448878345
19118,10.385915478335413
19119,15.701984197457556
19120,4.388954432260945
19121,15.43334590050151
19122,5.737311904285362
19123,9.032116186704474
19124,9.506523885124057
19125,6.342054314669227
19126,8.0055878353741
19127,11.47862729398101
19128,12.580013822107153
19129,8.594279965193001
19130,12.841222754666743
19131,9.367882439741809
19132,7.246330712655791
19133,12.268782354866484
19134,11.604897789340122
19135,10.406247989440127
19136,13.36330764052817
19137,8.09087866398871
19138,4.428263738571511
19139,6.427343439946261
19140,7.002227675293605
19141,11.022760304012595
19142,5.199653933024912
19143,11.693841833185997
19144,6.052291197894557
19145,9.131203430696722
19146,8.757089163566949
19147,11.441282716020552
19148,9.682067339275838
19149,10.191083176673338
19150,9.525648646331927
19151,10.893573775601453
19152,10.885594123969108
19153,9.389471938971278
19154,14.199900877021934
19155,15.478536383805249
19156,12.476287298696466
19157,11.32091444166416
19158,6.127033519024762
19159,9.861646742559017
19160,15.750216033469531
19161,7.7320096243872145
19162,8.816981906485825
19163,7.1512478682244245
19164,8.981046422680967
19165,11.743475940794642
19166,4.449124044728242
19167,8.969241329357146
19168,8.577986325798255
19169,9.795330153259401
19170,10.559536806595423
19171,9.84150331937525
19172,9.592123783994332
19173,7.812048376666254
19174,10.207784613427474
19175,11.90597850047341
19176,6.142843923498786
19177,9.267743311960091
19178,11.530057250094469
19179,6.518608641022738
19180,5.327031107276891
19181,10.11148805098691
19182,7.530518830832147
19183,14.7314662186779
19184,13.935620011277774
19185,6.475671698460691
19186,9.326592643178927
19187,8.455495729692528
19188,12.150962882003958
19189,11.547203990277314
19190,7.737153120520553
19191,8.4836156699412
19192,5.299656725841552
19193,9.610507281970397
19194,10.638680271153149
19195,8.2128144078017
19196,5.41279085986652
19197,7.140960254102186
19198,9.950785093098915
19199,7.266514147064502
19200,15.907495136297321
19201,8.872867563175653
19202,8.861757599425868
19203,13.105744866423343
19204,10.862628183835657
19205,10.240174926112951
19206,9.045953457420577
19207,8.564513194384707
19208,13.89231253065507
19209,7.736793549376898
19210,8.69359359881752
19211,5.890330245918748
19212,9.842688650950834
19213,10.071557099834358
19214,8.9209280233103
19215,8.19005063211423
19216,7.585318229010342
19217,9.351860667858917
19218,6.9090747784774535
19219,10.296651765505148
19220,11.581567866431666
19221,7.990533578997995
19222,14.860730045062624
19223,10.695019682116781
19224,7.454033409080939
19225,14.627873928729858
19226,7.15576051963622
19227,11.135945239181712
19228,7.954037656077131
19229,9.523865422788262
19230,8.453453321019765
19231,6.554105257379511
19232,6.934558788021731
19233,11.385190671022906
19234,10.840052072905728
19235,8.847948896076428
19236,14.126637303347435
19237,12.022250121804383
19238,7.245772004867783
19239,8.287132846694004
19240,7.813398891133474
19241,8.093004552408567
19242,9.656266696828775
19243,9.032013149406197
19244,10.758060023331925
19245,9.579059787123105
19246,9.306477747663664
19247,7.212805362942917
19248,7.231055805895926
19249,12.550352427405723
19250,10.22718794542639
19251,8.96454017166907
19252,15.732297448485568
19253,11.029186432430658
19254,12.268922759013966
19255,8.468185901345576
19256,10.035882567082245
19257,9.356756376322954
19258,11.270143474943389
19259,9.77514322070179
19260,12.437839300548095
19261,10.871545778710916
19262,9.638651558835274
19263,9.375032770211028
19264,12.26321824850497
19265,10.795330172922487
19266,6.7973837139131295
19267,9.643657616253282
19268,8.661726658100678
19269,8.978479346020574
19270,9.489091046867237
19271,7.057588883195889
19272,11.712155552667884
19273,13.539305134253555
19274,9.99703016258315
19275,9.471695284577477
19276,9.56908214526848
19277,9.29522584845882
19278,10.413020772464712
19279,10.602199059155714
19280,11.32045273733615
19281,7.044312117376849
19282,6.600590183061864
19283,9.648891477329782
19284,11.785250826310174
19285,16.504087272830347
19286,9.291816825375527
19287,10.811648340104673
19288,9.028725568877144
19289,15.24409131647976
19290,8.483822955984255
19291,9.035829274932283
19292,10.47007606927818
19293,9.289497115164915
19294,11.150251282790908
19295,8.077169907022684
19296,9.509758453132742
19297,11.235895793286513
19298,6.580560800017127
19299,10.807629119525002
19300,4.286412400033451
19301,8.302107552974016
19302,7.342477336326951
19303,7.1374465658371635
19304,15.883738315481136
19305,8.742283887884426
19306,10.702119385168954
19307,7.163371238517669
19308,6.453004488685469
19309,10.487470809291974
19310,9.166996890841919
19311,17.12715142942139
19312,12.759100637720387
19313,12.80300884187659
19314,8.486855787306386
19315,9.17194962118634
19316,12.517365401326254
19317,9.970389709080052
19318,10.53408180340876
19319,10.074378729118429
19320,7.360991496026244
19321,13.485248430262514
19322,10.202785398331974
19323,9.393751488528105
19324,10.887206396958188
19325,9.523546226068417
19326,6.958689060471855
19327,8.538466831490307
19328,12.72081141609744
19329,14.107888700258975
19330,5.0956741411046815
19331,10.2965949654329
19332,11.326510800847942
19333,9.452404946858444
19334,16.21255927089093
19335,8.892785200351717
19336,13.679923559695466
19337,8.156505004151676
19338,8.55345755923205
19339,11.293700840778982
19340,12.751097281189375
19341,6.589515418634967
19342,10.534991996033149
19343,7.034012781395589
19344,9.665634376700865
19345,12.85292836654061
19346,11.069577657519527
19347,6.204807822839541
19348,10.094007671167136
19349,11.506819298339007
19350,10.647577694006227
19351,11.969895133976273
19352,9.255573504580841
19353,10.830754103597267
19354,4.985958542445738
19355,10.313346488919008
19356,10.79660961618541
19357,4.609686458657283
19358,13.13646019427186
19359,6.901805206688177
19360,8.87808659626788
19361,9.309194273521781
19362,9.407776982527512
19363,9.648610702947607
19364,12.52851698268133
19365,5.171034775450631
19366,10.536140267360011
19367,9.93339255387841
19368,10.161622033067875
19369,12.35030925472154
19370,8.683872282247387
19371,12.215976053319899
19372,10.471064543136396
19373,11.748172694024209
19374,4.971541132980471
19375,4.866315731036024
19376,9.33031182339833
19377,10.605232030191006
19378,11.038737442911504
19379,5.164048727245375
19380,8.71408409518684
19381,8.85211514331863
19382,7.908048047736655
19383,8.257733885305667
19384,8.060886938080342
19385,7.109481810989464
19386,6.332387716270494
19387,13.078411062686829
19388,8.328491322854891
19389,12.142438557050012
19390,11.672908677857217
19391,11.568604068850354
19392,9.049279828583908
19393,12.314485706678697
19394,14.812403823466777
19395,11.480243245275295
19396,8.871887591173225
19397,12.81432902644957
19398,10.773638767572258
19399,12.334419563709133
19400,12.402465560749413
19401,12.385703623891576
19402,10.561153210076991
19403,11.866304584768006
19404,6.352579482720784
19405,16.030897391193367
19406,10.034901425777702
19407,7.657154240935466
19408,6.910175532271175
19409,8.604152366431535
19410,8.830966722373129
19411,10.125824335093988
19412,8.843629673893501
19413,7.113679618902177
19414,8.822365614691607
19415,12.182231393370397
19416,7.299392246605059
19417,9.389275907878838
19418,11.862389132408836
19419,8.183804001632712
19420,9.61819152762008
19421,6.105945817883573
19422,10.568795458086699
19423,15.969874841793391
19424,7.993791542393542
19425,8.961591904991662
19426,9.803286471273251
19427,6.6503750629947405
19428,12.813488432141513
19429,6.463040335534675
19430,11.728238249622956
19431,10.975678759851057
19432,12.547552268465505
19433,11.686837952965
19434,9.020233093402274
19435,7.156908689704549
19436,10.949566472454613
19437,10.73559567283382
19438,7.288881348611829
19439,9.33509905267309
19440,9.836158465144456
19441,9.662373233125688
19442,6.730224079938389
19443,9.703039845072556
19444,13.592072727431448
19445,15.792826881729876
19446,14.255566069334694
19447,8.184361828494318
19448,7.997550503504458
19449,9.66836280882604
19450,10.976180364301078
19451,6.330502404546982
19452,12.881488180551859
19453,10.535984910996671
19454,11.002110864656245
19455,7.788160579095657
19456,9.890885122255929
19457,11.233067115002456
19458,11.062199132785995
19459,11.137093905393732
19460,9.256659431838484
19461,9.670439832783519
19462,10.21246689897962
19463,10.428932299187199
19464,7.217704518853868
19465,6.915295392175196
19466,9.040382262265197
19467,10.682827253595988
19468,15.507546874787103
19469,5.476688195101795
19470,9.694355082132622
19471,10.678384720254408
19472,11.10979242584727
19473,15.46317765126728
19474,11.469252708347378
19475,11.379851597666727
19476,10.093725024255752
19477,9.871162792592854
19478,7.114572864070975
19479,9.730179042890766
19480,9.491006218046959
19481,9.896873122972233
19482,15.496306888591961
19483,11.48919669779011
19484,11.521959332191749
19485,9.608008669933216
19486,14.192201971664314
19487,7.36675279491296
19488,8.82192812311978
19489,4.061849649917541
19490,10.982646214145975
19491,12.513099728125404
19492,10.822450809881856
19493,5.451909202605745
19494,11.021993435004848
19495,7.867713414839437
19496,11.391701691600892
19497,11.101824792605834
19498,7.56195913448664
19499,9.479604315209487
19500,12.421039704028065
19501,12.163138212379987
19502,14.430767697981775
19503,10.247966076311025
19504,10.441043826786652
19505,14.903570167796262
19506,10.042121085315136
19507,9.57820245495332
19508,19.16019032898039
19509,11.241356855504579
19510,12.224448471130303
19511,9.957520872435332
19512,9.964730473009222
19513,11.27968749138505
19514,9.81729121477952
19515,9.325875016346073
19516,9.05136650475025
19517,10.224675762355652
19518,7.716546469123831
19519,11.912896834117964
19520,12.127804479931147
19521,9.687422136868475
19522,11.226467279943265
19523,10.826672856646677
19524,10.223052242650986
19525,12.262062535700235
19526,13.598059456892397
19527,10.720081763378237
19528,11.845898797928843
19529,12.160496179056029
19530,9.034400927176002
19531,7.33547291225382
19532,11.29202773463396
19533,9.98551820765416
19534,8.443370764713915
19535,12.634374459988196
19536,8.282928462434644
19537,10.593640512844336
19538,13.534136016683327
19539,11.648666112386408
19540,12.550981667264926
19541,7.687595914466794
19542,10.697472037369295
19543,11.778134243554149
19544,9.317034737222162
19545,10.171497412085087
19546,13.501449279171451
19547,11.313403279402669
19548,12.70863522884648
19549,11.543174164228805
19550,10.726804159764088
19551,10.52108043158213
19552,12.042379357406773
19553,8.483262548883834
19554,10.761571686863531
19555,9.75810742895013
19556,8.086909884681965
19557,13.03964707195444
19558,9.20276384206087
19559,10.359886377421766
19560,10.96820849146388
19561,8.408614619787468
19562,8.273740434648923
19563,7.62435308335011
19564,9.684266119935879
19565,9.430957436108063
19566,7.020341557895858
19567,13.654244757459745
19568,8.185545279571288
19569,10.142496557141891
19570,10.630858988288951
19571,10.087201861377162
19572,7.349207129564421
19573,10.026018448839524
19574,10.908783558460383
19575,8.80711486425961
19576,9.026044294900132
19577,14.808390548010275
19578,7.03639201549715
19579,4.386060945496476
19580,10.74788687758208
19581,10.51901773309319
19582,10.410710393948763
19583,9.718024242779585
19584,8.871432360187017
19585,12.448426222070538
19586,11.477857594597756
19587,3.9929466979087618
19588,8.146135259226076
19589,9.065179557197585
19590,10.793626342105838
19591,6.636906606688953
19592,12.468329663298391
19593,11.255608538177693
19594,10.638664103544182
19595,11.31853589284423
19596,9.546577103550696
19597,11.106040680009464
19598,6.691524115342328
19599,8.782771994586765
19600,7.528100679028338
19601,11.009796477316613
19602,21.559234262726036
19603,10.465058167331229
19604,11.216390003483852
19605,12.79013681733468
19606,4.56240711864742
19607,8.235329268410535
19608,10.266516307428827
19609,8.829802449305012
19610,6.22490372336765
19611,15.176918896210749
19612,6.901621587955548
19613,10.468103431703376
19614,5.9477526440180455
19615,13.708922950285041
19616,6.3663759352394305
19617,8.704181649423479
19618,5.982526571285618
19619,10.052650052211064
19620,7.852553245379072
19621,11.067250986582618
19622,12.25911502023682
19623,7.103675754846691
19624,4.890708202936639
19625,15.356656806423736
19626,13.65928661175454
19627,11.54122855323355
19628,12.417659673467753
19629,10.920815856179587
19630,9.123171448726797
19631,14.850855048723886
19632,10.711176284387479
19633,8.394586859833344
19634,16.078493251419733
19635,10.917081062489771
19636,10.936258353778316
19637,8.862566794758592
19638,7.651010955294982
19639,7.110114976649086
19640,7.3798735693122595
19641,12.233758896251482
19642,14.77335135654134
19643,3.619847660563461
19644,11.61243649082837
19645,6.834652450255067
19646,10.664503590239464
19647,9.504279839771709
19648,11.867131905976986
19649,10.397434677233301
19650,4.762663787138039
19651,7.507279033255008
19652,6.904815934866673
19653,7.736244992656083
19654,9.195861262648942
19655,15.733973513915227
19656,10.016062646469317
19657,15.389540444081861
19658,11.65535559026646
19659,10.069993490848379
19660,9.39647409820625
19661,7.995000678544022
19662,10.4477990866406
19663,9.952104422716967
19664,9.840782217122142
19665,6.943674830195329
19666,10.341765558935125
19667,11.626954018774798
19668,9.486989263731143
19669,9.137991321281802
19670,8.891327692640218
19671,8.281163799785181
19672,9.841130402537225
19673,11.33440792018171
19674,12.044258867274396
19675,11.08699360721773
19676,11.308357475798903
19677,5.2730550916355705
19678,11.001578977514779
19679,11.640250339831725
19680,11.746160399671354
19681,10.5663597269806
19682,9.501114262918778
19683,11.906566597348057
19684,9.035006959828213
19685,9.578116422154826
19686,9.673398636757195
19687,11.011431253706188
19688,11.891737172031398
19689,9.366609787513738
19690,8.348673031755967
19691,9.455947752033222
19692,10.604682198409874
19693,5.174929628762705
19694,8.837642282307415
19695,9.004228825378444
19696,8.805274770549866
19697,5.785614624890291
19698,5.240250063721412
19699,5.3262807907830245
19700,14.672104364961646
19701,8.626318941787734
19702,11.032229584434702
19703,9.327160114694836
19704,11.242818707391919
19705,10.138944163648114
19706,9.264785343958648
19707,7.182406146071445
19708,6.113960296596618
19709,10.141875759020422
19710,7.248308880812743
19711,10.761491890775902
19712,5.755103186934455
19713,6.058918434125166
19714,10.494832605049686
19715,11.73145133100948
19716,10.814787224084357
19717,10.323741568596137
19718,9.879562534283759
19719,11.002388522412247
19720,10.602754897187607
19721,8.731178011175881
19722,11.32957121658769
19723,7.450214642594471
19724,9.174738834306732
19725,10.7421318565578
19726,7.9318184638065965
19727,9.965783206976559
19728,6.697501724618391
19729,7.568199423167533
19730,12.398892746564016
19731,11.311310626172945
19732,13.089423847927932
19733,7.900302368923857
19734,4.562172484478895
19735,10.30896339783599
19736,4.32913884068254
19737,7.2762129169291345
19738,16.549609600078327
19739,10.011553113811658
19740,12.059711444089995
19741,7.002925163638307
19742,4.887567232576305
19743,9.889430856252284
19744,11.31569226932577
19745,6.386382380998274
19746,16.912513159352034
19747,4.531971727101213
19748,12.48094988362529
19749,13.164788488585836
19750,16.359751918526896
19751,9.967639021877572
19752,11.577479793980899
19753,9.869833388523787
19754,5.082097861542281
19755,11.735141038256241
19756,10.016723158365041
19757,7.246143991409992
19758,11.87869173569798
19759,7.900134999514586
19760,7.7298499065101
19761,7.470398579488132
19762,8.320552061612862
19763,10.692724016451079
19764,13.480006561101973
19765,10.518251138656113
19766,9.688788957665656
19767,8.270889961398897
19768,11.705856099811143
19769,11.338164247044231
19770,7.537881312927244
19771,11.909943900071358
19772,10.342326941006176
19773,4.974020638823524
19774,9.058164890684925
19775,9.185331640758731
19776,10.717153438926648
19777,11.281109928440388
19778,6.737389191135368
19779,10.865146332245926
19780,9.265269908455267
19781,12.108733958269175
19782,10.37600406532659
19783,10.17678226793444
19784,10.275773326497301
19785,9.872276152064643
19786,9.441820296002366
19787,8.630240849927358
19788,6.517862999493005
19789,9.395008709050943
19790,6.823176552197594
19791,4.954775678665446
19792,12.171504774524914
19793,7.912363624142268
19794,9.765735103894201
19795,12.08037890583554
19796,11.932810983907409
19797,13.220269391656895
19798,9.026954329371902
19799,8.323690571913687
19800,9.075076933605862
19801,7.954060561430451
19802,11.780332613866015
19803,9.99003112408331
19804,7.187683797999782
19805,12.331822741567612
19806,12.973546031666872
19807,7.313815821387331
19808,4.442641339780485
19809,11.982160684601233
19810,13.40199816216223
19811,9.132277519008364
19812,7.191455064141186
19813,10.798560541910067
19814,9.972677484379165
19815,9.533469862310868
19816,10.782834042955406
19817,7.567320490032518
19818,8.538214316794017
19819,7.7113811331491995
19820,5.107668248235422
19821,7.495861743531996
19822,8.001107926087629
19823,11.126771330721146
19824,5.14809511236363
19825,12.305150901313347
19826,8.88294581985332
19827,9.938647828571396
19828,9.709333563270027
19829,11.724738088698905
19830,7.112319507447783
19831,9.682748686481704
19832,10.410894029553456
19833,14.828964200479474
19834,6.4869110012146045
19835,9.95150941070991
19836,9.737161590109721
19837,9.97160028983612
19838,5.925217243258372
19839,11.164910365620019
19840,10.452711921635718
19841,8.14711838031423
19842,8.385186480057367
19843,8.980550264780213
19844,15.130773572064385
19845,9.252025092512243
19846,9.360879555750579
19847,8.889065572205345
19848,7.393147356764407
19849,9.026149693485557
19850,8.729491724886598
19851,10.591744535962443
19852,9.586990468287292
19853,7.592250893230734
19854,10.247427991361512
19855,9.758172782222504
19856,8.711748834600943
19857,7.8652716083357515
19858,10.291046316757303
19859,11.965463343216888
19860,9.119664372583054
19861,9.727629255396153
19862,11.013378422228431
19863,9.044719673432894
19864,8.265171420150775
19865,10.918126243416246
19866,9.55428002468134
19867,10.405633057377036
19868,10.837078532655193
19869,6.207655220446292
19870,13.853168753231687
19871,8.216131390100733
19872,10.251213641781327
19873,10.22481033035597
19874,11.87557491843287
19875,13.156058405380248
19876,8.813665214703056
19877,6.663369518290101
19878,7.8878157690837885
19879,11.368825411639142
19880,10.945155063136244
19881,11.008339425911807
19882,6.7713360762777715
19883,8.713317821882443
19884,9.548062851920973
19885,7.0737275097058525
19886,10.311367799331812
19887,10.684290494837574
19888,12.744371242299682
19889,11.330262378682583
19890,13.10048714762867
19891,10.104285146230714
19892,13.542500448605537
19893,8.089346396776765
19894,11.11614111100265
19895,11.02158671770483
19896,9.690309910264359
19897,6.7398582629148525
19898,11.029869775166194
19899,10.338571328553176
19900,11.74360878449697
19901,9.317619874089823
19902,4.9802377103701625
19903,7.786447344763552
19904,8.48594010490874
19905,10.265165798427235
19906,10.177994500329156
19907,6.873331808678115
19908,9.983280957270397
19909,11.319902720435628
19910,8.607530843799148
19911,8.317894186864494
19912,7.974142425668605
19913,9.214547811621847
19914,10.609527093175924
19915,8.845661359435534
19916,9.21483916115651
19917,7.243185116804615
19918,7.175426359669477
19919,9.284135620573338
19920,6.637503971980708
19921,10.070697703149579
19922,10.594960690933078
19923,9.415980031547061
19924,11.573800637444915
19925,6.532762694218983
19926,8.73927489008447
19927,13.292496777377304
19928,7.239274869869161
19929,6.311479960813896
19930,8.376950264872793
19931,9.300511758929002
19932,9.005896563841084
19933,6.670392783094304
19934,10.304305620908869
19935,9.729587907506472
19936,10.167454537826375
19937,10.53707830655334
19938,15.543934225702582
19939,7.316520755737712
19940,10.047704073415554
19941,11.898231323835113
19942,9.313467974254277
19943,10.781148634424895
19944,13.348068552758605
19945,7.547178890330438
19946,12.81694664946151
19947,9.583372531153344
19948,11.788840243074043
19949,6.8041866087830725
19950,9.666026612159325
19951,9.222283791922576
19952,17.534576941002946
19953,10.900912437808545
19954,12.430681530503511
19955,7.8863714147385275
19956,9.722602256810822
19957,6.233619577867401
19958,4.7200579815700925
19959,8.742021408598522
19960,7.703546664739399
19961,6.647630317048495
19962,7.517078842305904
19963,12.665832182364454
19964,10.593974017591348
19965,9.973135977976924
19966,13.490948906123283
19967,8.420758184919043
19968,11.446687648267657
19969,8.44893605183362
19970,8.42207388179639
19971,9.824519809371562
19972,11.994932369691657
19973,8.903572144121881
19974,9.225313541714502
19975,11.100326019377857
19976,7.046423678799451
19977,11.021256403460573
19978,9.28407025815659
19979,8.546586715723306
19980,11.687297305344321
19981,9.054957690497023
19982,8.335491162611499
19983,11.76572813476481
19984,13.069609375800967
19985,13.76326854088621
19986,7.02453558557715
19987,11.293246140609195
19988,12.6193365278836
19989,9.28944483662547
19990,9.052068633493038
19991,5.9237934348411905
19992,6.980849766050625
19993,11.451394230007043
19994,11.750909808452382
19995,8.440761975486677
19996,9.896584016585283
19997,7.340243667378262
19998,6.533508884372166
19999,9.279535189104548
20000,10.477138601757725
20001,8.339328564340764
20002,9.838991580797325
20003,5.338185171324325
20004,10.446346492621133
20005,7.590029960241388
20006,10.768792023979989
20007,11.316075188617623
20008,11.956413763371952
20009,13.452473838064943
20010,12.354399161963137
20011,13.645514647741924
20012,13.895677076437078
20013,10.812525690336479
20014,9.593053635049529
20015,9.98371861487049
20016,13.366159953037542
20017,8.65959699080979
20018,9.667824946545718
20019,13.080919523636428
20020,9.28177783193076
20021,9.795605324000775
20022,9.802848514416459
20023,9.817257051741631
20024,16.47523175778103
20025,5.400956771772298
20026,13.839415346576711
20027,9.826136699113167
20028,9.098111536081857
20029,5.008633820310944
20030,14.938984159827115
20031,13.422456275834103
20032,8.984717053556817
20033,9.31404513921512
20034,9.238765045885428
20035,8.383577040298665
20036,7.140986636147153
20037,15.364148812361009
20038,12.889668969007094
20039,6.631566763813348
20040,9.522447829295146
20041,14.062937603913046
20042,7.600034210349872
20043,13.747807899501662
20044,4.3242499040451206
20045,10.955181515691871
20046,12.50174894455121
20047,12.781913211845414
20048,11.477471949031756
20049,10.864110841302093
20050,9.563769198788165
20051,9.353276296543415
20052,9.735763202276031
20053,10.637026739520207
20054,5.906861509394419
20055,9.643140448557423
20056,10.899078469572286
20057,7.847703041714176
20058,9.245262364133474
20059,6.738563953303384
20060,9.746609663276221
20061,9.292877807039405
20062,9.647165615218965
20063,9.57397867946223
20064,6.002387842553026
20065,9.341837070826529
20066,9.792728807648734
20067,9.4782431991928
20068,5.544684940707762
20069,14.498895581656383
20070,9.37108797563835
20071,10.189938865756474
20072,10.002502088901203
20073,13.13853975627429
20074,15.282015487392425
20075,7.028533481325292
20076,8.503938886549982
20077,8.680386962474921
20078,11.170630498260698
20079,7.373106724116573
20080,8.872404401448248
20081,9.069301417848015
20082,9.979025863314575
20083,7.641453846095235
20084,9.593910503825345
20085,6.92625529340995
20086,10.760276699152929
20087,9.022455483018037
20088,7.497310093135589
20089,13.417695378335388
20090,11.430090939612896
20091,8.885544263571639
20092,7.762000317329725
20093,10.568914991136115
20094,13.779061820774158
20095,10.650951703722093
20096,10.68414051320678
20097,11.76756662893632
20098,15.124977837287705
20099,7.413582278246826
20100,6.328339129848788
20101,7.785158027100154
20102,9.897916377413186
20103,13.221815792654906
20104,8.61294772021986
20105,9.211747059786813
20106,9.660516075440672
20107,8.158268698762235
20108,8.278011065009796
20109,9.80196289631501
20110,9.736437756238697
20111,7.182217070819492
20112,12.928811092778343
20113,7.333405397464134
20114,12.186003492838505
20115,10.053865042889647
20116,5.894090258461809
20117,11.899308873615631
20118,15.59638212133147
20119,6.236392796478835
20120,4.797741773691671
20121,11.532729614671348
20122,10.077564427586825
20123,8.663693348940086
20124,8.37029174356761
20125,14.42991005830339
20126,7.998613577705218
20127,7.10440540071696
20128,7.938829811942318
20129,6.584830488974263
20130,10.940206271244925
20131,10.315412215491406
20132,11.522476531013549
20133,4.978632093575421
20134,10.055915392775141
20135,13.318930059410182
20136,8.125191027623902
20137,8.091863363678891
20138,12.538026985237565
20139,7.135115782828606
20140,6.914296549223732
20141,7.228029359150865
20142,8.029049223418935
20143,12.783271813400692
20144,8.266754765266958
20145,10.097777862430467
20146,11.077724172214602
20147,7.215366718065567
20148,10.976182136626946
20149,7.4166778384309735
20150,11.321860132751903
20151,5.621469654370836
20152,8.661783982903758
20153,9.592376226407126
20154,7.4976937329940805
20155,9.580068608159479
20156,9.736006813661032
20157,10.78679220337231
20158,9.424981652360323
20159,11.49916228000576
20160,9.823016611345484
20161,11.75397657373635
20162,8.386133141456922
20163,10.462014756166363
20164,8.893692390060313
20165,8.079320439694419
20166,7.24963288311136
20167,11.310197960112818
20168,11.099832023378694
20169,15.373534279184517
20170,11.234339485543403
20171,13.818076512583215
20172,10.166317834846211
20173,12.11654206244723
20174,11.14584232044889
20175,9.774680861887418
20176,14.578068781019201
20177,7.468144624087912
20178,10.826973050836777
20179,11.294280154744367
20180,4.982581892821141
20181,12.302208441981065
20182,6.557070521678902
20183,8.910648702773207
20184,10.689346936486562
20185,8.49986888580118
20186,10.584888655829213
20187,12.328930038643199
20188,14.454416210038998
20189,4.54374152502021
20190,11.37834084622882
20191,10.252515653468315
20192,8.140967810498314
20193,11.314603336405622
20194,9.053761242585267
20195,11.194255734313195
20196,10.687932037641302
20197,6.664584087579617
20198,8.76471524576862
20199,13.21438968473915
20200,10.68722517902572
20201,8.994832072485906
20202,4.0673337910628815
20203,12.422304019252394
20204,10.195280897080673
20205,11.168083310640615
20206,11.939346979531056
20207,12.053963062127119
20208,12.549109866173724
20209,8.33078884094194
20210,13.797882631326999
20211,7.887703424561543
20212,10.199631992213435
20213,7.389626170473712
20214,10.552939014822611
20215,10.57162276762288
20216,9.831391388205441
20217,11.67891898555728
20218,10.66823419387235
20219,12.047276580852879
20220,4.751506819503308
20221,15.648566435698093
20222,10.39783414698862
20223,10.093984120464144
20224,8.137316733342406
20225,9.641034525458545
20226,11.638888341032668
20227,11.702855239598597
20228,7.2502090977474065
20229,9.719373438171708
20230,11.263444798604564
20231,7.717107569701729
20232,6.951734674177944
20233,12.377745266993688
20234,8.76119940898393
20235,14.394870522049196
20236,8.131213648769638
20237,11.703090713065471
20238,11.382857475973843
20239,8.814160211233482
20240,13.448444872795111
20241,10.865207486478795
20242,10.104040849267259
20243,7.115533504647809
20244,8.837717150157678
20245,12.223802804395593
20246,6.349492653381587
20247,8.93093215021156
20248,5.98616383977659
20249,7.270492854300066
20250,10.048045497565884
20251,11.538661551428499
20252,8.049851263662418
20253,7.673119053474657
20254,7.991076650049417
20255,12.162100808955604
20256,10.180387401937914
20257,9.25439228358886
20258,9.303964371521113
20259,12.61716329711413
20260,12.541782568458741
20261,9.209516725455888
20262,12.003113074888489
20263,11.084764539704462
20264,10.788562033786818
20265,6.9557925341080615
20266,9.825533436913723
20267,11.691295129953257
20268,9.462937106898483
20269,10.348932783097059
20270,8.436208555317263
20271,8.674911407193687
20272,9.257326841338097
20273,9.290454374218124
20274,9.417750975067966
20275,8.542223995687499
20276,10.947324789639941
20277,12.015654680604666
20278,11.576688320328188
20279,10.048955323061126
20280,7.311393114779273
20281,4.422061698848857
20282,7.991664460224355
20283,13.78370429009853
20284,6.680263014352958
20285,9.918638238645844
20286,10.167230491100128
20287,11.117893725985434
20288,11.164499557104367
20289,8.821242912890254
20290,9.221938583714884
20291,5.133222943468561
20292,15.213831110573718
20293,7.24284666464041
20294,6.9126919256181285
20295,6.366341616731088
20296,11.86751081663196
20297,10.30586067339169
20298,6.895415989007322
20299,10.257426184042416
20300,6.3413717897743584
20301,8.240822304869875
20302,8.1783473839961
20303,13.328211214336475
20304,7.209863137345312
20305,3.607063593969701
20306,8.836809861489922
20307,10.38345554104275
20308,13.13591864312159
20309,8.760346462953308
20310,9.532201378400764
20311,9.345163811371732
20312,8.156232220967373
20313,9.597055893356202
20314,4.733545216618764
20315,10.82134187933392
20316,9.562873213915521
20317,8.610760180832436
20318,10.69122887587338
20319,8.504204909553643
20320,9.250785143015205
20321,8.228222685895227
20322,8.490802566122515
20323,8.045698863007985
20324,11.195243405288004
20325,13.601453574426744
20326,8.53102635860603
20327,8.113818637437694
20328,6.9178150653325865
20329,10.858186854469078
20330,9.497105262922153
20331,12.378104988486383
20332,5.08748370545917
20333,11.35623765407043
20334,10.78047816598048
20335,14.809021899295484
20336,6.891081609679956
20337,5.17698440405495
20338,10.467710898688164
20339,9.625204111172497
20340,8.409138193538281
20341,8.844339232322403
20342,11.32863441584343
20343,11.480022539594465
20344,4.308821545199951
20345,15.961983787408101
20346,13.205416937031806
20347,10.626238330718056
20348,10.32990889138075
20349,10.322818965396827
20350,16.34932352367016
20351,10.694435555722722
20352,11.531153656534876
20353,10.740367821212088
20354,9.35834693424821
20355,7.406734114684836
20356,4.683790353377915
20357,10.390978169621544
20358,11.697551087021505
20359,9.264185622468583
20360,11.042859974404596
20361,8.865796895761893
20362,9.427408546712227
20363,6.880413633797197
20364,9.590148013172993
20365,6.495185289457817
20366,15.405951288331494
20367,8.150038819493748
20368,10.141371056371067
20369,9.166603017927612
20370,7.9259430321754785
20371,8.82014993873581
20372,13.999609294124642
20373,13.376126682822667
20374,6.736419781215513
20375,9.70489178337084
20376,10.25650759907843
20377,9.327995537867992
20378,15.438392729189259
20379,12.980737642126057
20380,7.118524455411448
20381,10.322555667219882
20382,10.017350810389344
20383,8.158403530858706
20384,9.190565787137091
20385,8.340020961056439
20386,6.597880796308873
20387,12.522932256130098
20388,8.66654678057274
20389,6.540212093520186
20390,14.726458115687837
20391,10.977449763643786
20392,9.519919349289054
20393,10.889865914070752
20394,10.576835059306509
20395,9.821997834753809
20396,9.84881028519482
20397,10.998916351061839
20398,7.7610373230639
20399,10.60691088711411
20400,10.720711817821563
20401,8.096679658598404
20402,10.81226247062248
20403,7.892178454453332
20404,12.686861017943457
20405,11.662331230442303
20406,8.575529951455337
20407,9.883555447417796
20408,12.062149804839049
20409,10.726895150360253
20410,9.037023143776537
20411,10.315000294049984
20412,8.792650139891569
20413,9.196277740460992
20414,9.338762037911417
20415,11.329531420768607
20416,11.082972399680438
20417,9.587815457682387
20418,15.564154952984241
20419,11.04979556123414
20420,5.045115206050917
20421,8.19009391846465
20422,10.30987429124323
20423,7.699662383863991
20424,11.028773249277108
20425,6.619767165700648
20426,8.960224193185233
20427,14.693191010234589
20428,7.803852076723655
20429,8.786669978833496
20430,10.35569562379456
20431,10.528127830905825
20432,12.769942639262059
20433,9.586020481478126
20434,6.292542188963273
20435,8.615578540005828
20436,12.953549913004771
20437,10.781565519370778
20438,7.819808107605304
20439,11.094253203985597
20440,11.487423505011233
20441,11.002433510702037
20442,11.056200756193167
20443,10.907288243953857
20444,9.777572772543177
20445,5.6222514113295485
20446,9.063985892485329
20447,9.689626076873074
20448,6.760655182003804
20449,8.159382662362994
20450,12.116509152205513
20451,10.987672982715448
20452,15.238311539164513
20453,10.807972970521796
20454,12.315833333881216
20455,10.593181113952923
20456,9.352456897622748
20457,6.966887273263719
20458,11.171099097231169
20459,10.120555749882193
20460,9.48882116114577
20461,7.902263373925013
20462,5.78806636983807
20463,15.45480877092935
20464,9.953493746268819
20465,9.606594034489138
20466,9.323941259707622
20467,7.902193145079487
20468,10.789141084043099
20469,8.110221415550933
20470,12.953757273603612
20471,9.546703120967626
20472,5.02608162055983
20473,10.096752429697496
20474,11.596804253904374
20475,8.141009853864446
20476,6.573455971880781
20477,9.477530146346394
20478,7.616769324336268
20479,10.776305933763915
20480,8.042981200801048
20481,10.524525120615381
20482,15.933720919978166
20483,10.66621903767735
20484,11.505990495713805
20485,11.431700099574837
20486,9.396455263245217
20487,10.580815684090204
20488,12.278717765522384
20489,13.821018449305091
20490,9.554281784856677
20491,10.53557815751663
20492,9.595970871650337
20493,10.954616021711349
20494,9.576655169054025
20495,7.273784326141427
20496,12.55723797496775
20497,10.784194733445892
20498,10.320860336212714
20499,9.808694899867804
20500,7.258652281623242
20501,9.016710928501432
20502,9.844807397972872
20503,10.699502993826133
20504,8.623048210592943
20505,13.562436352997356
20506,16.45069459335022
20507,8.014736581536969
20508,10.282221163195706
20509,6.357141876792463
20510,12.31086355712144
20511,8.820194012997234
20512,10.04698771209429
20513,5.20668582518477
20514,8.65536321060789
20515,7.77961753382922
20516,8.035192876051285
20517,10.798215964207056
20518,15.740103633139352
20519,13.578816042449931
20520,10.60108449290702
20521,12.689515793957757
20522,13.204984871953386
20523,10.150205719530698
20524,9.943378949022813
20525,9.776684543195994
20526,6.010617215962042
20527,13.084707547079276
20528,9.215379883226841
20529,9.8412056076726
20530,9.061916656405526
20531,6.717893440094923
20532,12.03371849344305
20533,9.503444867491204
20534,6.459114887246854
20535,9.209712098116237
20536,10.114104749793185
20537,9.675658353764307
20538,11.79134003733138
20539,9.438337904090604
20540,11.244254974098773
20541,10.681606474559052
20542,8.228420753999139
20543,6.247646257780589
20544,10.012819167124794
20545,14.923056757300904
20546,5.850847174821774
20547,4.758243923855556
20548,11.974858405384193
20549,7.196949616220765
20550,9.63174641997548
20551,8.046071123260923
20552,11.643901190678623
20553,9.385031789995228
20554,4.481719770455053
20555,9.958076368737746
20556,10.722411501719172
20557,9.508599710224646
20558,8.020781193209181
20559,10.900743964031475
20560,10.978725388914004
20561,9.189724284785017
20562,12.310176412904774
20563,11.224977164433861
20564,10.539024984003738
20565,14.963060151276125
20566,10.942712970927433
20567,10.616883546547514
20568,9.550164036373575
20569,7.871635610663645
20570,8.345979796112273
20571,11.523940514382337
20572,11.630699419490092
20573,12.023317907060456
20574,9.523211935902204
20575,9.070211262486584
20576,9.461783106607653
20577,12.894185305520374
20578,11.66730936887013
20579,6.359319965593633
20580,9.061762174378426
20581,10.571857092032268
20582,10.400202972929183
20583,9.012089506118471
20584,15.006626618021297
20585,9.013670635661228
20586,15.722087416988606
20587,10.847027418288468
20588,8.005697134589441
20589,7.89972418805972
20590,8.60082484705777
20591,7.909002022574619
20592,9.097543202814844
20593,11.676628202103585
20594,10.359240496329951
20595,7.010651168903488
20596,7.487143772437277
20597,11.166186016089524
20598,13.964400714654957
20599,11.391124336793869
20600,8.481601875944888
20601,11.462946018819192
20602,9.779994093236835
20603,14.778799173671407
20604,6.781206814251213
20605,9.415178971693553
20606,8.801465974542872
20607,8.709585858392009
20608,4.586317070773891
20609,11.11216038128737
20610,10.972463195571233
20611,4.141859116028721
20612,7.372178596732741
20613,8.678521746106213
20614,11.129719660923309
20615,9.77789560885743
20616,8.068308470037334
20617,16.632403007562136
20618,11.686758772250373
20619,11.724168966313204
20620,7.752446002061799
20621,9.677547683644066
20622,5.148458737059263
20623,13.053605148470353
20624,5.247318490204036
20625,11.369209677335144
20626,4.323366688510903
20627,12.604072931710716
20628,10.340400267659536
20629,10.75973386255784
20630,11.494732478861941
20631,9.674731371527496
20632,12.173998309711047
20633,8.502180960102477
20634,9.822898336697701
20635,10.594444767012027
20636,12.299949856080808
20637,10.500376713035491
20638,10.477931100091968
20639,10.73259746014106
20640,8.631025754038589
20641,11.946151764865277
20642,4.226919374711193
20643,7.905068180538263
20644,8.219941748853827
20645,12.075911728068371
20646,9.57857940483435
20647,10.908387453116495
20648,8.799270531909835
20649,10.119763347242182
20650,10.053246978023598
20651,14.495953481156157
20652,9.359832090135345
20653,8.767817265979348
20654,10.292019671088063
20655,10.302360738951846
20656,8.49694402424118
20657,10.660514199580163
20658,9.51482313576105
20659,9.38555549058379
20660,6.714011599320717
20661,11.42772829232284
20662,14.74854870225148
20663,10.160505681560746
20664,17.119239913308533
20665,9.186301241338507
20666,10.732642956837195
20667,9.290958804311614
20668,8.59297291414278
20669,10.240055289946739
20670,9.088853991513444
20671,6.76703101486222
20672,10.301336640871744
20673,12.259283154636503
20674,9.540738381896935
20675,7.958025978063956
20676,10.395540843659655
20677,10.870120176741484
20678,10.143478898753857
20679,13.47646270326518
20680,9.52477364947367
20681,10.708190416605948
20682,7.593929389935006
20683,7.973070933219283
20684,11.250678876513035
20685,4.4573845552147695
20686,9.639219034330212
20687,8.204822169827443
20688,6.9626929027610736
20689,11.669783183334033
20690,9.551274789720065
20691,9.303316493591772
20692,9.777619470316907
20693,10.528801434055538
20694,9.220058110844196
20695,8.259596421173079
20696,10.816286767094367
20697,6.773365551640321
20698,8.32721002559939
20699,16.71125809102345
20700,10.999082942105725
20701,11.750722059717512
20702,9.517938747474336
20703,7.381518330696428
20704,12.611922981312185
20705,11.211770349466335
20706,11.921457998785577
20707,8.231011610869885
20708,17.529793813107904
20709,15.324875968632938
20710,10.57298366058919
20711,9.461587566748948
20712,11.35002387685482
20713,5.1803395683619335
20714,10.262724540096452
20715,14.183166155435211
20716,10.476089146683812
20717,8.751443338844087
20718,7.689048198688258
20719,11.117513487874447
20720,16.318624061674996
20721,10.36374979692272
20722,10.01388297543936
20723,8.198433253479442
20724,6.591112961008373
20725,16.973904993679444
20726,9.859366911789973
20727,7.962030272816055
20728,10.807216815983828
20729,8.834171606170731
20730,9.099900765738505
20731,6.965983849417295
20732,6.198485254721961
20733,10.36575395330255
20734,12.990748396816182
20735,9.51474175719073
20736,14.580943797333308
20737,9.68779222483769
20738,8.785181196297794
20739,10.804540317751432
20740,10.205417514908323
20741,10.195394300812156
20742,12.957001693399924
20743,10.261819447273378
20744,8.973735511389897
20745,5.407261748891666
20746,7.180321353013166
20747,10.844681529696766
20748,15.556194096707944
20749,8.860611082760975
20750,9.678816742127873
20751,10.424725081952365
20752,6.349282264152457
20753,8.313819002272501
20754,10.212139822683374
20755,12.03126779421012
20756,11.039555071609394
20757,9.14619661502621
20758,10.259225315850612
20759,6.737139082151353
20760,5.352217545234985
20761,10.110338660705903
20762,9.103600898287924
20763,7.981909174310772
20764,11.396162916448063
20765,10.223657992967977
20766,9.368548570721305
20767,7.069558761276599
20768,8.477157305106026
20769,7.975424569750414
20770,10.515252323268749
20771,11.44969602966454
20772,11.699025153686778
20773,10.838631639240024
20774,18.439448169932064
20775,10.114636014759625
20776,8.302534453702986
20777,13.58508700800255
20778,10.493316519344756
20779,8.218087671130387
20780,7.184118375748415
20781,10.832038998552495
20782,14.46959014930005
20783,8.754406964326028
20784,6.449147035393155
20785,13.866614900180963
20786,9.17411000046981
20787,11.810084457102763
20788,17.911153517387913
20789,10.391768991241168
20790,9.444155928555222
20791,7.829036258012455
20792,12.407772521730656
20793,10.580954608787662
20794,6.821696157633557
20795,8.426139861785558
20796,4.945185028072603
20797,9.223640210073938
20798,9.391932265181785
20799,6.570960519761425
20800,9.287491404754787
20801,10.294566167127899
20802,5.08758458994289
20803,9.067984674789512
20804,6.755421036153143
20805,9.938630606236083
20806,9.26605945997644
20807,9.719909239610402
20808,11.704985444646653
20809,10.810911959188006
20810,10.821940723867495
20811,7.82163566339009
20812,7.539797532552512
20813,9.285356218413774
20814,10.658541131905386
20815,7.823358559257881
20816,9.97888885401289
20817,10.042922654223672
20818,7.256174408509624
20819,4.885547992092493
20820,8.590964946321785
20821,11.753912238800456
20822,7.902310787053517
20823,8.767396201690335
20824,11.799476656473315
20825,13.292939492288236
20826,10.518692453605693
20827,9.106477512024687
20828,6.580167164683946
20829,9.54621913414153
20830,8.513424000837436
20831,6.44897597829565
20832,8.69878049084594
20833,8.459028964562131
20834,9.633898850939413
20835,8.10954498083508
20836,15.969278345500774
20837,7.821537847498097
20838,7.133081472251528
20839,11.030636430160433
20840,10.33886004602568
20841,10.975187717541283
20842,9.391379100613886
20843,8.969110072752748
20844,10.651011192909255
20845,13.728848637900041
20846,12.05913205294459
20847,10.251943721495973
20848,10.58489286751588
20849,5.373028198840704
20850,9.20530590302581
20851,10.213159044504884
20852,9.458327233987873
20853,10.123785522480171
20854,12.30839159975208
20855,11.761421353262918
20856,12.340793202332572
20857,11.870398160434588
20858,8.216528376701472
20859,9.674439415639606
20860,9.155107700827378
20861,13.965931618673894
20862,10.84150352339183
20863,9.482621931208499
20864,4.783076333553255
20865,9.966853253944695
20866,11.353279453415405
20867,10.15824769930603
20868,9.404329126319764
20869,10.784702805555087
20870,9.200349061988046
20871,12.213113882017776
20872,8.831984060824798
20873,6.626400569046572
20874,5.379485330226176
20875,12.514741415316557
20876,11.03384684547213
20877,11.911458826926264
20878,10.289196281355933
20879,9.94377592624692
20880,10.977768425268563
20881,10.030621040233177
20882,12.02183643788906
20883,8.592709321406439
20884,11.65568670022981
20885,12.316772959831132
20886,11.293980770858663
20887,9.631920134742254
20888,9.773427584144306
20889,8.767845012401253
20890,8.016727048540677
20891,5.282184154894039
20892,8.235201678360525
20893,9.883039262509469
20894,11.000072991619279
20895,7.503217237143774
20896,10.66104532644171
20897,13.239417364874868
20898,6.755824168831399
20899,12.577072887262307
20900,9.82181198451907
20901,8.055826274069892
20902,15.28053283508288
20903,9.303156619510803
20904,15.090509026433384
20905,9.055456216845759
20906,11.210511665132465
20907,10.842203105580104
20908,16.064134826873822
20909,9.375718529686926
20910,7.7742878997687646
20911,10.627465887776177
20912,6.251480442994015
20913,9.648153289339131
20914,8.067309289930567
20915,9.463117300592934
20916,9.50003178172621
20917,7.868990957109865
20918,9.522499100549032
20919,10.169743476824026
20920,9.05069171885222
20921,4.587088652520094
20922,8.85716447575161
20923,11.277960509115701
20924,10.391574981758497
20925,8.918461839587657
20926,8.283741625354168
20927,9.427790169818
20928,11.76555720189847
20929,8.403889944187714
20930,9.163126623515797
20931,8.375697401266917
20932,7.2225983563139
20933,9.603153329357662
20934,13.030997972546047
20935,15.409607626080824
20936,11.728153426472828
20937,6.008931868181346
20938,11.115516574493322
20939,5.550952779410675
20940,10.769371506749724
20941,11.118378059202659
20942,9.294279144897795
20943,7.821142797687017
20944,10.31439243076106
20945,7.1860350991120745
20946,11.80488082561079
20947,10.82820912547287
20948,13.57085250179444
20949,9.370464713780901
20950,8.177861662939044
20951,11.791170657536737
20952,8.120729611922451
20953,6.441255541244043
20954,12.936821216401725
20955,11.202448778165648
20956,10.994119296982316
20957,11.720896070467724
20958,8.477947414194311
20959,12.330675923099005
20960,10.329814901573608
20961,8.89609889132681
20962,11.255014024505957
20963,14.945305164743452
20964,10.147629339925421
20965,11.017462183573585
20966,9.47713534773769
20967,10.018105113445968
20968,10.438909989415773
20969,9.188512430163438
20970,8.550957175158349
20971,4.577999304939023
20972,10.668322183983847
20973,9.943343450629214
20974,10.439008598516878
20975,9.366929727079386
20976,9.845915473789018
20977,12.927273658346628
20978,8.847692615164508
20979,14.1000010625015
20980,12.78171872445828
20981,10.889542960797707
20982,10.10276149312451
20983,11.536481739262182
20984,7.0846660841320706
20985,9.051825704138027
20986,7.38148733393343
20987,11.705895499830591
20988,8.98676366233151
20989,14.04729400972446
20990,15.621239735689642
20991,3.7282562145254534
20992,10.367168668158413
20993,12.459158491587717
20994,9.429378224003024
20995,10.47152297495227
20996,10.866946914435804
20997,10.32760335408687
20998,10.662537481550995
20999,9.306531804849564
21000,7.018580935656479
21001,10.966767757666345
21002,10.340454220302016
21003,6.574139424183614
21004,8.663999950612766
21005,7.237210607419744
21006,11.156035931584364
21007,5.005322120548337
21008,8.505889540478936
21009,11.812711165979906
21010,3.9682176217563256
21011,6.049219163972644
21012,11.885303307687572
21013,8.288725752482593
21014,10.620136885107698
21015,8.714460395242813
21016,11.492883857229048
21017,6.602494156335176
21018,6.6395943925866305
21019,11.478271120958716
21020,11.922081738474036
21021,10.432859400197108
21022,8.21220407882712
21023,8.142635580597993
21024,9.781591659046939
21025,4.776693593440268
21026,12.927464978101778
21027,10.321809206105085
21028,10.585425532287182
21029,5.409550518891919
21030,8.233738395052216
21031,12.24230115134375
21032,12.408237803045267
21033,8.187787718225254
21034,10.000915993705961
21035,11.654208463202291
21036,8.076409369987053
21037,9.709318741857894
21038,9.806819846132166
21039,9.833819306181743
21040,11.119136415057511
21041,14.71394693091636
21042,8.625820828738068
21043,10.764770981403254
21044,6.437641719734046
21045,7.616877402329095
21046,9.628234364732737
21047,8.83427008236635
21048,10.286605757441135
21049,11.371748127094424
21050,8.673653680899161
21051,8.965044443813039
21052,10.99659035242205
21053,11.211386149425595
21054,8.490585004938083
21055,10.654226355304255
21056,12.789959997420805
21057,16.131002276418833
21058,15.854784652811647
21059,12.317553280004159
21060,11.163239736499966
21061,8.121885997784611
21062,11.15913731246721
21063,11.163996440700323
21064,9.73590668300238
21065,9.769181958259706
21066,10.58997948258196
21067,11.541950873322422
21068,12.752575122811894
21069,10.03474346242136
21070,8.356688837716362
21071,10.338300920297796
21072,12.734504276562573
21073,9.810341469462879
21074,6.869413571763737
21075,4.802799025174893
21076,8.063633703533885
21077,16.39318477263659
21078,10.203431833181677
21079,4.54461705282743
21080,12.924484212237807
21081,10.420268071970003
21082,9.1431845258194
21083,9.555143749859512
21084,13.415699794751228
21085,9.712100159033497
21086,10.025935823474065
21087,9.556190288025984
21088,10.935193498821207
21089,9.835867764663801
21090,7.809689698729535
21091,11.152688777226784
21092,10.768694888442035
21093,10.556546310952672
21094,7.878558872864393
21095,14.128233501149364
21096,8.173095666667447
21097,6.057736163371951
21098,9.936608472332985
21099,11.432132648743778
21100,7.979713547596554
21101,8.979496395612518
21102,10.192437060216356
21103,5.909438945550862
21104,11.082809679296998
21105,10.546636606001716
21106,10.320346983829209
21107,7.392929246476781
21108,17.548814204190073
21109,12.679451934848236
21110,10.18054680772095
21111,11.47223138502012
21112,9.055415739085252
21113,15.209573334638783
21114,9.788359732178385
21115,10.654880201322946
21116,10.885306513433086
21117,6.314284725254092
21118,11.09160774066504
21119,9.39826177492782
21120,17.13969477223523
21121,8.874508070605899
21122,9.951531693916834
21123,9.262831506663828
21124,8.935236925283665
21125,11.347389979530632
21126,6.802899494161988
21127,7.86129904365489
21128,11.317749036138071
21129,9.330796511456455
21130,14.025730371875639
21131,11.789832344546678
21132,9.256122425302658
21133,7.062539589132704
21134,11.325351943285435
21135,6.949206689984952
21136,10.408853900372074
21137,8.51280008083651
21138,8.720212237910545
21139,11.299766735520445
21140,13.810534778091075
21141,6.468956986357719
21142,11.604896191347864
21143,8.737064712869918
21144,11.149113907402059
21145,9.571910970911375
21146,9.48562864275679
21147,10.127051631955934
21148,9.023024343098724
21149,7.800511921792243
21150,11.318436359601314
21151,9.016549868002205
21152,7.633438057142719
21153,10.402052702868367
21154,9.815919222034974
21155,9.302447753010718
21156,8.054593700407503
21157,10.619128171846178
21158,8.980647798212225
21159,8.707743290144663
21160,11.582104161877078
21161,12.351332892654238
21162,11.731302277015246
21163,12.11993319620451
21164,10.29921479665836
21165,17.646816177579236
21166,8.106674624331072
21167,8.834879851379545
21168,7.80117641103476
21169,4.365877785188319
21170,11.569546404271208
21171,7.0665448275991825
21172,11.601602369271362
21173,6.4205522846846055
21174,13.48171925061671
21175,8.37393199235164
21176,8.722692901756947
21177,10.69934628627435
21178,16.421873126519074
21179,7.408387430183472
21180,11.101998060655598
21181,9.329461328105534
21182,11.209072267277893
21183,12.230829262449186
21184,10.327957700541555
21185,8.858628884313545
21186,6.883161898437583
21187,8.039948625278113
21188,9.976498309014335
21189,9.184323270144132
21190,14.43971507595694
21191,10.647035949340246
21192,9.10196177055845
21193,11.130199560945472
21194,6.950782443516623
21195,13.617985905570073
21196,10.998490170649074
21197,10.612245366131194
21198,10.780400187397314
21199,16.64492387446459
21200,9.974587585941874
21201,8.70503793007129
21202,9.886351650276028
21203,10.93174684940536
21204,14.07005971559984
21205,14.387401323356082
21206,8.917563058816512
21207,9.079090778494404
21208,10.363416155528013
21209,10.238086080583384
21210,10.072358004729638
21211,10.328980818987452
21212,11.031688699175184
21213,10.381400614209984
21214,7.0318764552270405
21215,9.95079176997803
21216,12.85602532254046
21217,7.8883844928337306
21218,6.847015598248364
21219,13.623956684055697
21220,7.2767495396059525
21221,12.740466201995336
21222,13.426317548792348
21223,11.21372733965453
21224,10.834652732856581
21225,8.427271645481449
21226,8.468296697384206
21227,11.243605042407735
21228,11.390517654926299
21229,6.305297472395651
21230,10.38780893407181
21231,8.17753102952891
21232,8.39570438960321
21233,8.254432522686507
21234,9.054889662495011
21235,11.061916718317514
21236,17.97200223722434
21237,11.376229937281858
21238,12.406621371778837
21239,9.167280969839581
21240,9.007483825472676
21241,8.55434392085125
21242,9.191673496727823
21243,8.787267167641705
21244,13.749804715490495
21245,9.723319077364138
21246,14.294983678031212
21247,9.519500637764544
21248,5.4119360890042145
21249,6.624499870759221
21250,11.441311730552558
21251,7.968008908823934
21252,8.799024624636573
21253,12.050520953794969
21254,11.555989843660045
21255,9.947046824375201
21256,10.769577382495001
21257,10.6184112827394
21258,13.521944603577191
21259,3.91037392085326
21260,11.857023895238584
21261,9.894723353581629
21262,9.709332070264056
21263,11.284736249176591
21264,11.500553925925194
21265,6.3726239845038775
21266,5.301113805302544
21267,10.213165733473943
21268,5.179245282454526
21269,6.459347135747328
21270,12.047908033516915
21271,6.416958883339062
21272,9.101593059505824
21273,10.748504483818312
21274,7.896092009422112
21275,12.571383958018705
21276,7.277318186018977
21277,5.874080497930803
21278,7.747671034783952
21279,4.894681457497168
21280,8.630238076125563
21281,8.74075980359536
21282,8.75929756878747
21283,8.292511313979123
21284,9.853424535931657
21285,8.274196269926133
21286,7.162508795047943
21287,7.059629571077377
21288,4.560891715341212
21289,9.257961680356013
21290,8.758319882977334
21291,9.163114896145965
21292,11.626224283334098
21293,8.896774288761902
21294,7.951383323004265
21295,9.740778837482647
21296,11.00248062007909
21297,8.077481465988228
21298,8.548368240886381
21299,8.317736741365716
21300,14.991139074727759
21301,9.194872552326531
21302,12.236232389233377
21303,8.790490412074881
21304,8.621900954483834
21305,9.306047855898026
21306,11.679137869856694
21307,11.772910781584532
21308,7.503418443004868
21309,8.056484343249691
21310,6.305185319134285
21311,8.60107270970402
21312,7.969724388248298
21313,7.9368078090950505
21314,8.266866053489963
21315,7.868822223331218
21316,9.18714711210201
21317,10.371638470558887
21318,10.142006538930708
21319,9.60619334316522
21320,9.09767299396107
21321,10.938590028591129
21322,13.186585782847171
21323,10.163044514534375
21324,14.925770185738177
21325,10.770605329770323
21326,9.02026978954463
21327,11.277302841669911
21328,4.149640787261784
21329,7.02027537473278
21330,7.0183097405111505
21331,4.993361719394365
21332,9.988267210370616
21333,10.131121681772738
21334,9.846923523331405
21335,10.93849075563133
21336,11.121272857130833
21337,12.77901998048907
21338,9.078312960294
21339,9.856823038114635
21340,14.249823675647278
21341,12.259002385769573
21342,12.706536010079372
21343,7.9519024658174935
21344,7.285176045783583
21345,8.418236467134786
21346,6.241263013431748
21347,14.410480335083609
21348,8.205121863685864
21349,11.51419753446508
21350,7.194084294062122
21351,13.789947825910772
21352,7.403651366702217
21353,9.597407455056485
21354,5.110521384577213
21355,9.662573873099493
21356,9.381230627026572
21357,10.407202122569252
21358,9.817106613675248
21359,10.126999031621162
21360,10.875895692668635
21361,11.349481714849883
21362,6.971725747522602
21363,10.134267109997973
21364,6.65776466321551
21365,10.218448963677291
21366,10.712937082355118
21367,9.236831608897003
21368,9.38770990531244
21369,11.568945550871005
21370,7.530776685629287
21371,10.107381821255139
21372,6.339002362300443
21373,11.6109517667256
21374,10.548567391491318
21375,10.345309922684415
21376,10.393249083527047
21377,11.393641032774134
21378,10.61748357020437
21379,9.521406826400247
21380,4.205272054132997
21381,7.1170873257502425
21382,8.523564429916865
21383,11.086486498160085
21384,9.294120603205666
21385,11.985114770825854
21386,10.619476755534059
21387,9.690389080509199
21388,12.182548731746778
21389,9.912729746929248
21390,8.777109509154839
21391,8.779011681216913
21392,9.25698316012035
21393,9.958702771203706
21394,10.416055680719628
21395,11.167921588845285
21396,8.651298541530128
21397,4.924423661686491
21398,11.438313056096503
21399,7.473599154626416
21400,9.750425762613638
21401,12.22188538054045
21402,10.259106791596597
21403,9.23681354121557
21404,17.581845141969975
21405,8.277007060723228
21406,4.7042108809494705
21407,11.816588070508754
21408,9.70132281023161
21409,8.301841203497782
21410,11.414515565666667
21411,10.645015162191982
21412,8.785698873037212
21413,11.514522197147482
21414,8.777074049703584
21415,7.321869367021003
21416,9.203194301281084
21417,7.71130503258563
21418,9.653876414144188
21419,11.579371709126839
21420,10.776164887145768
21421,9.181971639658652
21422,7.450625969159075
21423,9.533970951048488
21424,7.968741017768425
21425,9.07572164299882
21426,9.865935753118647
21427,9.755288219880535
21428,8.505912247916646
21429,10.109164333453661
21430,10.768513820412927
21431,11.654179717251116
21432,10.277864430036548
21433,5.042452683958552
21434,9.58392551683275
21435,9.68531734691057
21436,8.117661361540149
21437,8.871218181005547
21438,8.698039227138748
21439,8.969199730570967
21440,12.389597228808123
21441,11.244929199567737
21442,10.413349678975894
21443,11.08642723672731
21444,11.601738173777521
21445,8.514059906765347
21446,7.17469738683124
21447,4.121143880601481
21448,11.195224280932756
21449,14.041815011214362
21450,11.605621428088025
21451,11.675245563539587
21452,8.807148375441855
21453,10.646316841178013
21454,11.387710743963124
21455,10.823439409746715
21456,10.848394736262847
21457,8.578972774362022
21458,9.081012206023518
21459,8.156794217747375
21460,4.196285201441987
21461,9.74826770244397
21462,10.207378555684368
21463,10.324065398100172
21464,11.121523292573624
21465,11.171479495971129
21466,8.47424793341417
21467,3.986501371026355
21468,11.630858325758538
21469,14.458323686418787
21470,9.911870513655641
21471,6.073328581123862
21472,15.754730105844267
21473,11.408438656717369
21474,10.797018448152954
21475,9.327668541511336
21476,10.715617412248651
21477,9.6343655349508
21478,9.871989057617169
21479,6.6010463373538055
21480,9.164550424531635
21481,8.746283169128944
21482,12.236614097733739
21483,13.696827380368308
21484,16.02638789736314
21485,10.286740694158171
21486,11.382467024504976
21487,13.34280934829529
21488,6.252587153604604
21489,9.170850117205104
21490,8.910545734225769
21491,12.053167545808176
21492,8.072030560675529
21493,12.110338003770758
21494,9.765593768882741
21495,9.239564087377918
21496,12.125248493676779
21497,6.685195060123155
21498,7.630313231729319
21499,7.130547125567027
21500,10.2793249677195
21501,9.32509415027905
21502,10.791138943558442
21503,11.551660787464321
21504,8.100213623026475
21505,10.892208979753224
21506,6.487104978570139
21507,11.113160861778848
21508,9.826507949238698
21509,8.706172888056724
21510,10.752819226129334
21511,9.795781347810424
21512,9.881550803049942
21513,10.455043792929688
21514,4.682022527831665
21515,13.739194897571103
21516,9.893533131253783
21517,3.996867171281939
21518,7.094744773102164
21519,7.868475960892262
21520,17.06703967184939
21521,16.771492774280553
21522,14.127132582653875
21523,9.314962180554268
21524,8.501185955813309
21525,13.237671842618198
21526,8.331952273044358
21527,12.394737416376662
21528,12.563778701280976
21529,8.743212653618016
21530,7.480447774446326
21531,8.973110802865124
21532,7.539159370991235
21533,6.590044362401395
21534,6.573914961081195
21535,7.414899476664555
21536,12.888461754779502
21537,11.412336046845127
21538,7.59617760263626
21539,10.232315598496013
21540,10.826995274091573
21541,11.485304739866114
21542,8.106729400858761
21543,14.572279671632623
21544,8.136187300122959
21545,10.142955662492081
21546,9.629544312049555
21547,9.897451249987645
21548,7.062241599096329
21549,9.279750454580247
21550,7.767476347552199
21551,10.10666406435882
21552,7.578439792183235
21553,7.952461984311766
21554,10.343544491181278
21555,9.338546558271505
21556,9.254295896272255
21557,9.3586737498412
21558,8.519472159754203
21559,10.24076898055548
21560,8.730241487637969
21561,11.593255671164785
21562,4.877304086449677
21563,14.751157497751795
21564,8.015521409341831
21565,5.579705122322894
21566,8.076914155115555
21567,6.842598403286988
21568,9.932767866458649
21569,9.81522458506993
21570,9.656792248267742
21571,6.254852159278514
21572,4.7604367526812466
21573,9.024165426519128
21574,13.589274511279474
21575,10.965770827047624
21576,10.50204551660609
21577,9.999584671717486
21578,9.39244183869515
21579,7.427072374479362
21580,9.896583270725621
21581,10.9461989456572
21582,9.267976370621371
21583,8.994499090153761
21584,10.856074687079051
21585,11.473722130364923
21586,10.047036903169381
21587,9.8165592739417
21588,11.586156170964522
21589,10.267010567626073
21590,12.446363461511865
21591,4.265887292423321
21592,9.025792110503323
21593,9.811793121453693
21594,7.89891024076686
21595,6.275782694158257
21596,13.101632835027088
21597,7.136973719339049
21598,12.178177633925504
21599,10.803804275539331
21600,12.30248246418158
21601,8.602065163836699
21602,9.783852910442828
21603,10.369232181375255
21604,9.599997477003207
21605,11.569725838155954
21606,8.927669209521707
21607,11.57459845938395
21608,9.920411916926811
21609,9.980891924121572
21610,12.586008537734887
21611,11.346676071184962
21612,11.091947744693977
21613,7.524687084611944
21614,9.815012578521005
21615,11.953553374128285
21616,10.396571435441677
21617,10.881299418398015
21618,10.351989047680675
21619,8.475122321101995
21620,6.9169739553807155
21621,15.456693697158187
21622,10.01059543848558
21623,12.125043461310813
21624,5.397878170262687
21625,13.08453419964779
21626,8.841154554639822
21627,9.061384670005024
21628,8.389055997038708
21629,10.509918625724756
21630,12.277424641649223
21631,9.776505353386879
21632,10.620479606796453
21633,4.727565552140996
21634,8.529631038969411
21635,5.194855336191496
21636,11.963136629260521
21637,9.298510910400298
21638,9.794568454634955
21639,11.008003546677468
21640,11.520259904036529
21641,10.388801370921186
21642,11.264190721734192
21643,11.566411062341698
21644,8.949556858199713
21645,7.307751154538603
21646,8.292708910840659
21647,9.695019404220165
21648,7.268922977165918
21649,9.693215001883503
21650,10.205407644217319
21651,10.241487866507741
21652,8.345162234197003
21653,6.754296910265438
21654,9.761267339895804
21655,7.0738466013609935
21656,9.704768952706564
21657,13.76146386492966
21658,9.684201480094101
21659,7.489076148176654
21660,8.597126714225556
21661,10.193700212213187
21662,9.579228522600092
21663,5.874666674916542
21664,14.524511053248169
21665,10.346544369501402
21666,8.671201287650256
21667,6.698433437798726
21668,11.232598625790105
21669,11.331298561324756
21670,10.752021049190477
21671,8.040624025873218
21672,11.705720766067495
21673,12.706237968605869
21674,9.955016155825534
21675,8.414433231035536
21676,8.697585793945606
21677,9.238898643267452
21678,5.490977407709882
21679,13.035040192831758
21680,11.02583772563496
21681,6.248161308245207
21682,4.268245074859596
21683,8.080380222645026
21684,13.077372235604605
21685,9.155541018458912
21686,11.296671599311106
21687,10.93121832265447
21688,13.972660228495068
21689,14.050208198431847
21690,12.07513146354225
21691,9.046200026712299
21692,6.299641974406891
21693,7.499811345379175
21694,8.7169654378815
21695,10.703905481318655
21696,9.312627089322381
21697,11.343776654539505
21698,13.689920077855485
21699,12.947789772881878
21700,11.04864935094442
21701,7.123004301959417
21702,12.331559819818562
21703,10.412198556689525
21704,14.23263576746006
21705,6.734576522354379
21706,12.81836487602908
21707,9.685107849373232
21708,10.099062803094743
21709,13.477365811053613
21710,9.423153557698981
21711,11.473178146892275
21712,6.399125429626534
21713,13.596518761079789
21714,9.46295634581412
21715,4.904132346065135
21716,7.7723262991381254
21717,11.726405774649082
21718,14.138422700750155
21719,8.33099472382066
21720,9.68263584438968
21721,10.24455759482591
21722,7.43709957433543
21723,10.420355803975841
21724,15.509004205951667
21725,11.787638551168103
21726,12.79232904653771
21727,10.15975310711661
21728,6.873742773774813
21729,7.811325976775986
21730,18.21292900870212
21731,10.544728452362147
21732,16.802780431209307
21733,6.442296789981108
21734,10.159884768803732
21735,10.085685351113876
21736,9.834160741431784
21737,9.442196139461252
21738,10.893589163550722
21739,8.178529068991775
21740,6.682566044195019
21741,9.531101027163212
21742,6.695192582242857
21743,8.991164885743252
21744,11.257936555351034
21745,7.963667704287437
21746,8.214411566752403
21747,10.05131316738345
21748,5.271447239599575
21749,9.24088522265454
21750,10.567144836965598
21751,15.762227998619043
21752,9.520688650332067
21753,11.810561003109223
21754,11.324809785231682
21755,16.152721117618192
21756,8.974458883265704
21757,11.173794740152431
21758,11.16784555805128
21759,12.866520975466038
21760,17.362308004572448
21761,9.503091306812234
21762,9.032295907617762
21763,9.773931560646925
21764,14.267337252916612
21765,11.732748021986918
21766,6.990859440042687
21767,7.300773834634034
21768,11.296913825256384
21769,8.292885564173755
21770,8.732461242046629
21771,9.480148019675285
21772,10.438135151554318
21773,10.454177224919526
21774,10.935103190531285
21775,12.67152150608202
21776,11.488537375050692
21777,7.787083299449387
21778,9.666462987017447
21779,5.644191964508806
21780,3.9303323874713625
21781,6.917438733844189
21782,8.19562303494955
21783,10.135608223916812
21784,10.632260651932093
21785,8.518422627759207
21786,11.14837957508833
21787,6.1556518997572205
21788,6.505285243883524
21789,9.455281672984363
21790,10.2285966424107
21791,13.386920402143847
21792,8.520918292770851
21793,7.216052525363409
21794,10.896933464918199
21795,10.525656580410914
21796,8.818904471729264
21797,10.012812703471365
21798,10.112510088917212
21799,11.549018346257546
21800,10.582761425256207
21801,10.768301980349076
21802,7.281176786215114
21803,11.200851023498437
21804,13.39531691182933
21805,10.424049439064822
21806,7.231769714752202
21807,4.802316974829436
21808,8.580914908449966
21809,10.209619674453938
21810,10.330906744549203
21811,14.358688258702793
21812,11.567047615838245
21813,11.38405669367304
21814,10.942666239103486
21815,10.032718831989829
21816,4.942109532522516
21817,11.707290362264494
21818,6.890780576118349
21819,10.846572984734713
21820,9.348073462405821
21821,9.927363682426574
21822,4.9718987193141695
21823,9.980043708702755
21824,11.520412907653348
21825,11.537456342170376
21826,9.122671036576277
21827,6.137254164225726
21828,11.319654400109965
21829,9.600354700149847
21830,9.573260649348565
21831,7.253048274171269
21832,9.814306538276638
21833,11.007813945837903
21834,17.275839161744862
21835,10.339913375962011
21836,7.947672813122143
21837,10.007209930200297
21838,9.48942791324642
21839,11.599855905224095
21840,11.659434632520286
21841,6.771365797286805
21842,9.568913586223799
21843,7.12679768013695
21844,7.930852336977594
21845,6.60758863981536
21846,10.100332151567939
21847,10.802147284469278
21848,6.402788188561962
21849,12.463140967610272
21850,11.820388805385644
21851,7.096555036339067
21852,11.692837339414492
21853,9.534994978253183
21854,10.722022158015207
21855,8.226257853461494
21856,11.681330558233508
21857,7.036632848269447
21858,9.891776463444419
21859,10.59612320103316
21860,5.950115453533112
21861,10.925536696117604
21862,9.923118847146887
21863,8.303823742264788
21864,9.147123210181432
21865,8.9415858370582
21866,10.244247441011828
21867,8.705870814284255
21868,12.168241674444575
21869,11.422640019721086
21870,11.274265269795873
21871,8.076266095542413
21872,9.495021455732294
21873,7.3064650346516355
21874,14.704141281576295
21875,10.843017046561442
21876,7.5192610399324495
21877,11.289937053634754
21878,11.18730408131631
21879,9.556586966996754
21880,11.639017181609516
21881,13.598376181501003
21882,7.319316975412242
21883,12.16438183698834
21884,10.825255335332127
21885,9.30663227350787
21886,7.312845038468272
21887,10.761813710773996
21888,12.054667499776922
21889,15.56463381057592
21890,8.461453797448357
21891,11.612156289442531
21892,10.871819523591036
21893,4.327504657020216
21894,11.59997129064169
21895,8.809904634085969
21896,8.32473296381545
21897,9.0397170170797
21898,10.584975218628797
21899,10.390707044478768
21900,9.759822542756877
21901,8.181683499469726
21902,7.488504059036547
21903,13.019960680468367
21904,9.029418875719438
21905,7.073952419578183
21906,11.887939728607577
21907,8.730209708312472
21908,10.818660439982485
21909,11.902290432852805
21910,12.047410479362892
21911,8.607411819334342
21912,9.993937275572838
21913,7.97732166047331
21914,5.0747165550561135
21915,10.105895836518965
21916,11.368211189173234
21917,9.183327633543161
21918,3.2695837778440877
21919,7.153790930728016
21920,10.496598225165675
21921,11.182981320201758
21922,11.011972144202844
21923,5.017638880972742
21924,6.029709327341495
21925,13.107618036756715
21926,4.979975787568605
21927,5.594422902600474
21928,9.831165550796607
21929,11.267359934088118
21930,10.828963181862552
21931,8.926154927359487
21932,3.8963407236437613
21933,14.200649953596685
21934,11.936831278550887
21935,9.981185581724578
21936,18.734122497593965
21937,10.137321156247967
21938,9.91954398195404
21939,9.74507659546592
21940,10.321878694676146
21941,9.403699747375152
21942,7.756217984976047
21943,8.956753892081581
21944,8.556541317719484
21945,9.675502177700826
21946,12.891664269348823
21947,12.70924042389173
21948,9.588602381148396
21949,7.721474188929126
21950,7.168569978957654
21951,7.7663987765031735
21952,10.984233065920883
21953,8.25503711406324
21954,9.331619065662105
21955,13.111990698863707
21956,9.950663977031462
21957,3.71680399247579
21958,12.6719094424217
21959,9.957194992962883
21960,8.243673809642184
21961,9.254035171971106
21962,16.897780749432364
21963,8.11479540135554
21964,4.642458965197232
21965,8.683878499099615
21966,13.141833734847408
21967,8.364955930269144
21968,9.874217769276866
21969,13.793996556880094
21970,4.9863724808932
21971,10.126594374551365
21972,7.658947179869415
21973,14.193448404213417
21974,8.954420497936024
21975,9.759535905506647
21976,10.353465080607942
21977,11.012391730548329
21978,8.830281769845573
21979,11.89048836146535
21980,8.128618423709595
21981,8.909047603299665
21982,9.030804163578544
21983,11.48068096987443
21984,11.429283629095785
21985,7.527890074943313
21986,6.330410799303671
21987,6.06510258735859
21988,13.49453213608642
21989,7.892972108337958
21990,7.101713673869037
21991,10.023219192537944
21992,8.969500990760032
21993,17.522879700375857
21994,8.788434512900656
21995,11.928759302461971
21996,9.068539749614375
21997,12.34882357105122
21998,9.068056981205215
21999,8.250490572303292
22000,6.0936855417118
22001,9.14752052321572
22002,10.252215732786421
22003,9.115847252765644
22004,7.615945590658088
22005,11.204183038475128
22006,12.124627452088006
22007,9.748045306756891
22008,14.107939913154436
22009,9.504891573072213
22010,17.706515731624712
22011,7.811430230179708
22012,9.134706238862742
22013,9.739202629073072
22014,10.750348901235164
22015,6.685944634510947
22016,8.052845050893579
22017,5.992934606159796
22018,5.756370214867975
22019,11.86320526522714
22020,5.150114596809893
22021,8.772495708973672
22022,14.531790167374938
22023,9.39756034377452
22024,10.161469371649607
22025,11.491199371108472
22026,11.70402876392882
22027,11.103039387241012
22028,8.800089726141294
22029,9.665935352671225
22030,5.2730550916355705
22031,8.195219404399525
22032,9.252644937385671
22033,9.056102032026251
22034,9.337364724189197
22035,10.99125210345673
22036,8.89018464996197
22037,9.07230648996299
22038,13.616303540316963
22039,7.235666433545282
22040,8.730453035448503
22041,11.712009765871803
22042,8.185403399290813
22043,10.639012048474797
22044,4.220783134834557
22045,10.578669433482883
22046,11.314400145728563
22047,16.254772310579717
22048,11.01476435662584
22049,4.216403246165156
22050,10.682695801975676
22051,10.758764849958709
22052,10.4064801254965
22053,9.316130377808195
22054,18.798126174220215
22055,13.554713435340307
22056,7.428703669328659
22057,10.70770335719897
22058,9.989043338484183
22059,12.737156185424407
22060,11.32173593981913
22061,10.680676847471066
22062,11.748668319616755
22063,10.0017807795104
22064,8.33544704370918
22065,8.085140693205267
22066,10.670056787193467
22067,11.429829121766339
22068,10.059632276424063
22069,8.812388436352794
22070,6.320109194749797
22071,3.9358763013626676
22072,9.995228847521359
22073,11.831781246867402
22074,12.008251456307168
22075,9.30459899351266
22076,11.53952253598148
22077,9.984931833795232
22078,6.773565577885774
22079,8.721490158879764
22080,4.3095828813065875
22081,11.382223442525605
22082,11.961859317577876
22083,6.162075890965691
22084,10.247246032468746
22085,8.684062687345602
22086,6.475766291884177
22087,11.785693372055347
22088,8.404923306292327
22089,14.686866618483966
22090,11.827263444608317
22091,10.895481140963849
22092,9.885227690207634
22093,3.88703030460218
22094,10.287680003054135
22095,7.097812741185326
22096,5.588957096400471
22097,11.878019066881354
22098,8.5856137184675
22099,7.743232852012672
22100,9.950813573598893
22101,12.195907176171644
22102,5.391691994495823
22103,10.825169622850193
22104,6.143174705110047
22105,9.62403174634868
22106,9.570486334780535
22107,14.115870035504368
22108,6.60065365424272
22109,9.384825103808625
22110,8.043747395113604
22111,11.133590218401203
22112,7.854453645493461
22113,8.375740574442286
22114,9.689196732457368
22115,7.064451516267851
22116,5.120729968826223
22117,11.670947645165612
22118,8.094661073345588
22119,11.847810923723557
22120,10.904456125917623
22121,8.686172122004905
22122,8.65990263602705
22123,12.20563396505262
22124,9.357416791556556
22125,9.990302210865819
22126,11.453808754085467
22127,13.128307500839814
22128,8.572392879805278
22129,6.406686981202725
22130,8.645743437160645
22131,5.186536070807824
22132,6.617115033579713
22133,3.9229981997505563
22134,10.01974284445418
22135,8.040052428935894
22136,8.119411296130567
22137,7.3685113080441464
22138,7.854472475089525
22139,10.382049590930809
22140,7.765378259148635
22141,10.92704927062808
22142,11.162041935767395
22143,3.978894456213027
22144,9.951016466244834
22145,9.832455762804926
22146,12.001588343951637
22147,8.203707576052691
22148,6.212012372657059
22149,12.923323123509583
22150,10.844496127671054
22151,9.514149214220334
22152,9.570794525766129
22153,5.041475571464953
22154,8.717158720717524
22155,12.409316897865157
22156,11.466868134545141
22157,14.467189975686512
22158,9.496854197195802
22159,14.367384114917195
22160,8.114733738602634
22161,13.391975052816303
22162,13.682966618694612
22163,7.884290050321525
22164,14.700508729560184
22165,10.014166084002742
22166,17.636978199308075
22167,9.888486776812965
22168,7.4674690992998265
22169,7.669811629181519
22170,15.254451958208449
22171,6.954657948350361
22172,10.182426915117544
22173,13.643736344693934
22174,9.320918537443719
22175,10.769478639701997
22176,7.732803115034935
22177,9.294973449702091
22178,9.735288569368027
22179,15.47667615178083
22180,7.466550997858684
22181,13.033692870991286
22182,9.955835319305333
22183,8.888370616707178
22184,11.174164569718023
22185,10.011064843552893
22186,5.097759947353311
22187,9.648511410048187
22188,10.726125521799283
22189,6.681166008566156
22190,8.562491544080181
22191,9.06104182455312
22192,7.667809864741594
22193,11.319017268591661
22194,6.2163293512587225
22195,7.895026135761032
22196,9.657656083521013
22197,5.153811932695278
22198,13.654309647747166
22199,9.70210945840683
22200,8.58976860163667
22201,12.291204444690674
22202,12.819547739562335
22203,10.006002168168528
22204,12.976965578016943
22205,9.430943805501167
22206,4.338277414263359
22207,12.903465576525786
22208,7.681578380504842
22209,11.239024750867376
22210,8.982627906562861
22211,9.192600783034463
22212,8.339263488398506
22213,10.055716686065542
22214,10.30895249990709
22215,16.137075759313603
22216,8.596447066820192
22217,11.142167614616671
22218,4.739851549177414
22219,8.260425324474705
22220,11.19691826157242
22221,13.372525831968325
22222,6.055876485913627
22223,11.598658207117916
22224,11.52923424115291
22225,9.67950862751048
22226,11.268518866035308
22227,7.247104420855155
22228,10.111329243434914
22229,11.815735915706927
22230,12.913348226509422
22231,13.608294773903824
22232,5.571879963720853
22233,6.918640271419182
22234,9.565428358486397
22235,8.978312524322808
22236,7.871803748155735
22237,9.078589843664203
22238,10.93600682103006
22239,7.000243784312149
22240,8.812318607329097
22241,15.637111377299021
22242,9.602271731832753
22243,7.294724439476077
22244,6.936110053760494
22245,11.55475365115755
22246,11.750569586773542
22247,8.204393719783912
22248,10.63073216515186
22249,14.76468546034894
22250,9.607191227042449
22251,9.250624396225026
22252,11.44644779653449
22253,6.6463385371271215
22254,12.24285917169297
22255,14.315593503828275
22256,7.726623133162127
22257,10.349570280646176
22258,12.709100124642301
22259,15.570537836374232
22260,9.902814531669975
22261,12.454164270815273
22262,11.883675462375924
22263,11.377302840420834
22264,10.225460270863588
22265,10.82570809125073
22266,9.491291512076156
22267,8.244410560190003
22268,5.041524384602319
22269,11.022433495461181
22270,13.7216929055201
22271,4.588418333102486
22272,8.839587207389991
22273,14.61587757551506
22274,8.201139415319458
22275,10.296247712455088
22276,17.980385564810824
22277,8.796616413380548
22278,8.281788552642372
22279,9.681592875255475
22280,6.712425731184556
22281,7.818716454127272
22282,12.367561010880248
22283,16.346203227203333
22284,12.376807165607556
22285,10.837398698754189
22286,10.642094779995478
22287,9.751871116427075
22288,8.377905911035064
22289,11.012701835169839
22290,8.435854850779242
22291,16.887563324534266
22292,11.28675228289947
22293,9.030492682617847
22294,9.22748778431466
22295,11.924675666671325
22296,10.536786733474221
22297,9.965990422530307
22298,18.83377731634864
22299,10.891224918547225
22300,10.847435141024638
22301,9.77970795635369
22302,8.226422223151578
22303,10.628373228542504
22304,8.995536684445403
22305,13.349861740892358
22306,10.98872094644352
22307,9.047115082971604
22308,9.903346181466635
22309,5.892997354754927
22310,15.068919623283987
22311,6.462979132809254
22312,12.491921103967528
22313,9.421563917213755
22314,7.4812142331038505
22315,8.254276136098529
22316,6.039297233390565
22317,8.680565218148603
22318,7.002039996670348
22319,9.073355916339885
22320,13.217951523001286
22321,9.344612497461847
22322,11.149937841774012
22323,7.460997416332413
22324,6.600730760738545
22325,7.995482258312947
22326,14.338045050986118
22327,14.60151325787518
22328,5.038720385120587
22329,13.240364454826029
22330,8.784530347688325
22331,10.308122538631572
22332,11.330948768988739
22333,8.56432185766614
22334,11.020108293133307
22335,9.01628371822808
22336,6.120723906963459
22337,8.573912778321038
22338,11.27575182032079
22339,10.8209998252879
22340,8.543840553299127
22341,12.542587147180544
22342,12.026318198252937
22343,8.556852609770974
22344,5.4609294516347635
22345,10.382837240412067
22346,8.780685212228775
22347,6.95154824543383
22348,10.973031727664562
22349,9.675088128049387
22350,9.725910243239111
22351,10.964485495774868
22352,8.930627863528155
22353,7.181764532478055
22354,12.80074881353104
22355,13.160325399691429
22356,10.487895134921704
22357,11.201626468664944
22358,9.318012389742735
22359,9.05581426202241
22360,7.864963884035714
22361,9.684739634160765
22362,10.37934815251822
22363,8.872668871950811
22364,10.88949597559147
22365,7.978512071426541
22366,8.111265018650439
22367,10.576812690268168
22368,8.837173515942949
22369,6.389612957212782
22370,8.210345670912941
22371,8.96474880216904
22372,10.490343296363742
22373,10.123314008304133
22374,10.94121639783893
22375,9.476241417573842
22376,6.444945278466899
22377,6.9897162594221385
22378,5.291975127775498
22379,10.050645194940204
22380,7.684538722616882
22381,10.742633918493263
22382,6.308567476313161
22383,7.051575629510975
22384,7.95695171628104
22385,12.50343518370754
22386,19.041188542471154
22387,9.515779174440016
22388,6.500976197161815
22389,9.8056376887367
22390,11.488014777206496
22391,8.440604069330885
22392,12.11953944784697
22393,14.345927118335746
22394,13.49621585004082
22395,15.067661573399192
22396,14.32434498751109
22397,12.613950377841972
22398,9.383253576154258
22399,11.655939497144875
22400,11.727767235564045
22401,10.733046008678386
22402,8.079884726880392
22403,6.151277578455561
22404,4.984928677733799
22405,7.825711055571205
22406,12.33699421023964
22407,10.13075708921947
22408,6.388635792100073
22409,10.219554865441877
22410,9.839068234678958
22411,9.951489590228249
22412,4.263443358638885
22413,10.191570643512987
22414,7.020037668660455
22415,6.185159579500465
22416,10.8454179891503
22417,11.122919559995593
22418,9.465948982638844
22419,11.073258303317587
22420,10.075522382749806
22421,11.548229879074682
22422,11.910911148275947
22423,4.298436635906002
22424,5.008894314301373
22425,10.144710719788844
22426,8.824186971137937
22427,18.24111043173449
22428,6.911675115863154
22429,10.459854759792425
22430,6.982027565938991
22431,8.14210029728383
22432,17.663887726138256
22433,10.613232433516131
22434,9.268694096051687
22435,11.094276762921407
22436,14.078515272648005
22437,14.818059025430399
22438,13.303445944949292
22439,7.8726944345164815
22440,6.32430178546632
22441,9.156019818559148
22442,12.512067803503012
22443,14.04109530316801
22444,9.449189500126096
22445,11.014945496034471
22446,7.945758780831024
22447,6.262817195732282
22448,11.322898708497654
22449,11.790437595028912
22450,9.713486248000873
22451,4.6505764785689525
22452,13.146656650347815
22453,9.99889576899912
22454,10.466278784308386
22455,9.71687496158442
22456,8.174339860529777
22457,14.54503876267654
22458,9.26194395808243
22459,8.94430961792492
22460,6.103786329728599
22461,10.018728308710548
22462,8.359958761973676
22463,10.279703124692906
22464,13.297298754081607
22465,16.011642926848616
22466,8.42857572960593
22467,4.782561043666448
22468,8.772998260868949
22469,8.711453120654408
22470,9.047002424658439
22471,10.024935817198136
22472,6.698796217527868
22473,7.684916982718306
22474,11.634269975831826
22475,4.577999304939023
22476,12.859552822242357
22477,8.973025126901403
22478,8.953746036565013
22479,7.443885161286373
22480,12.943968762745582
22481,4.753867968141575
22482,9.834214938856023
22483,10.015304990063724
22484,9.3265292762145
22485,14.13256831096761
22486,11.349072894765172
22487,10.073971008584849
22488,10.743382473876618
22489,7.856047785541076
22490,4.6148118600514785
22491,12.755547276755214
22492,7.96708497312917
22493,9.659863699516883
22494,12.883941519194323
22495,8.817831873286748
22496,9.69161271133106
22497,5.568430713628554
22498,5.101751860395547
22499,10.504532211732032
22500,7.003867416097848
22501,11.05340097198621
22502,12.711756132616063
22503,11.998839236934053
22504,13.39616891928692
22505,11.252667144968434
22506,6.570736308032526
22507,12.087158401038671
22508,13.643213065869087
22509,14.238723111209904
22510,8.090558535513228
22511,10.63262998677684
22512,9.050494779296665
22513,9.303926261778933
22514,17.186652379252877
22515,7.643200139118763
22516,13.580804567011786
22517,10.144981373432897
22518,8.097544259601387
22519,13.024550883189415
22520,10.78073825951829
22521,9.939047009273606
22522,8.55458727349085
22523,10.863026777554417
22524,5.599153657900804
22525,9.200503690630123
22526,7.197789285500209
22527,9.42359125526467
22528,9.208470034301707
22529,12.193998997652399
22530,9.417977193743443
22531,10.715097738377633
22532,11.41844431407417
22533,14.145231779089066
22534,7.693556430152611
22535,8.894995247684184
22536,8.90673994807514
22537,11.326822677635908
22538,10.403604458014348
22539,7.181133835445043
22540,9.61507971901154
22541,6.676295197543405
22542,9.945432860145178
22543,10.30924615538431
22544,9.061051545803085
22545,4.573290545319188
22546,9.970717307856132
22547,10.714797592092149
22548,11.323491516918574
22549,12.74133276180071
22550,6.0339700390767685
22551,5.170327264776457
22552,7.56983671423375
22553,8.67090335915959
22554,10.656022679732615
22555,16.074574968650662
22556,9.203606790215582
22557,7.424279665770264
22558,9.598094987154212
22559,9.392768309713558
22560,10.91632775058656
22561,12.793796593688137
22562,15.62531821780559
22563,8.498928202423395
22564,8.940306963994626
22565,11.697099172339751
22566,10.224806315483692
22567,5.813841941360006
22568,11.970067453560405
22569,18.137397113071316
22570,9.94694372498518
22571,4.397327797117227
22572,9.669633887755891
22573,7.854089018417747
22574,9.890922653603898
22575,6.153700510597301
22576,9.04202808053217
22577,10.132668594884638
22578,9.109841052036884
22579,12.10904188355122
22580,9.720649102079012
22581,13.060017247280676
22582,7.483097047580658
22583,9.75669549722865
22584,12.025081106108953
22585,9.312684912495788
22586,5.270352720968158
22587,9.454809468051108
22588,9.208778483026165
22589,10.949298459967352
22590,11.876546839622069
22591,6.7096187048182445
22592,9.167398214109024
22593,12.191841340374483
22594,10.37850112444853
22595,11.99007676804126
22596,8.484883332376906
22597,10.727147641096341
22598,9.709809488127517
22599,9.416885139366132
22600,8.707594503035525
22601,8.4055953261397
22602,5.6960421768440135
22603,8.991870846601339
22604,7.451242298328932
22605,13.638370110198514
22606,9.551222313438508
22607,14.742887343211038
22608,11.216152232529941
22609,6.689743464878246
22610,5.149390545820592
22611,9.844723655618795
22612,12.23310462472661
22613,16.97440352540547
22614,9.45991206527986
22615,8.147077645789638
22616,4.700709042502517
22617,9.97960880043791
22618,12.50871444444825
22619,6.4191212120639225
22620,11.23565643260772
22621,16.451945367400906
22622,12.00231627774205
22623,12.543641867721126
22624,9.94824187608951
22625,11.12802795459283
22626,11.406800045861816
22627,16.409654448480556
22628,7.912354494644369
22629,9.514342917985184
22630,15.06250128186809
22631,11.713742565964592
22632,10.190466613917518
22633,11.156730534202424
22634,10.84061525646051
22635,13.483091973700315
22636,9.462687495402422
22637,11.717904182948311
22638,13.519153643919633
22639,5.447259813027507
22640,9.827894466509775
22641,9.374476070259837
22642,9.822492540920019
22643,7.577321319488846
22644,7.32930114889866
22645,8.866293055708923
22646,7.511573730113092
22647,9.129175531609343
22648,6.930877740467162
22649,7.138909852128689
22650,9.401837473196474
22651,11.431205145748251
22652,9.87536292102926
22653,6.284499546965948
22654,9.082182297058985
22655,10.693449924924389
22656,7.825478789942519
22657,7.016209499960942
22658,8.841501689553748
22659,11.326833620775915
22660,10.679824249481722
22661,8.574455031462335
22662,6.834941836330401
22663,14.765806901724343
22664,10.810004462270605
22665,8.809065655339808
22666,11.762186069776005
22667,11.059539136741105
22668,17.461639922129255
22669,8.416216914186984
22670,11.272723629059037
22671,7.127360532571414
22672,5.051868843755468
22673,11.594655807869552
22674,10.512835223596927
22675,7.426669517838349
22676,10.717351712628794
22677,8.36300160023628
22678,10.124058823025214
22679,10.051584003703386
22680,9.949066391840654
22681,4.972916890008158
22682,7.5916205311495375
22683,7.991376027451292
22684,10.527702170239229
22685,9.23381805525545
22686,10.579412630952088
22687,10.139955411205113
22688,7.946437358970654
22689,9.738338191813831
22690,10.073619533647456
22691,8.216477776351182
22692,11.528336809296691
22693,6.79478776522234
22694,5.281781417424897
22695,10.661531088883578
22696,6.064080569052642
22697,7.8441556541047905
22698,9.60568270768392
22699,7.971576725588605
22700,9.119018950921486
22701,10.957193265147552
22702,7.067668715381657
22703,11.664638584958809
22704,13.246664059351724
22705,14.656602215664666
22706,11.156256446070936
22707,6.9032746627201185
22708,8.406138249631432
22709,9.796518465988397
22710,8.424819978185196
22711,9.448709949061712
22712,6.250970526526466
22713,6.862160697393502
22714,9.77871666504825
22715,10.96147853413742
22716,8.904251401220861
22717,13.202428372551978
22718,9.716289961322936
22719,6.693585261526197
22720,13.49155071411218
22721,11.067818278086875
22722,8.789648135892929
22723,7.359832302135816
22724,10.199649994678103
22725,8.314359626909466
22726,8.473794035547819
22727,11.350727739290232
22728,8.360399536194851
22729,10.562359973270292
22730,8.948830645342927
22731,7.0206606608614255
22732,10.106001571711488
22733,8.877856236139973
22734,14.091483454617077
22735,10.017795492803158
22736,16.67645340686922
22737,9.769514157177866
22738,15.670475877954793
22739,9.164020401833206
22740,11.703510084100039
22741,9.046917246810345
22742,5.712169796394435
22743,6.4706554931147275
22744,10.368545723470017
22745,11.969683236660991
22746,8.536669459305992
22747,8.058618609942313
22748,10.435192065490572
22749,8.206167851622947
22750,4.679031718749798
22751,14.432549274713043
22752,12.412959957471903
22753,11.372107955120422
22754,11.500918741014305
22755,9.927880212844078
22756,9.803055734791826
22757,10.747945821186413
22758,8.37097902934324
22759,8.841033544120286
22760,10.002289789760901
22761,6.338554781939392
22762,8.11742162304025
22763,12.604690963109082
22764,7.434211495190808
22765,6.603872286000707
22766,10.203045542199138
22767,7.365239312505272
22768,11.357093539857233
22769,11.884383272762884
22770,8.980578058190394
22771,8.142149459161962
22772,10.634581534912423
22773,14.488880267486952
22774,10.336219462859123
22775,6.432324440206102
22776,9.538543937456245
22777,6.920846297592574
22778,11.00311868182616
22779,10.304624463911523
22780,9.85444109411596
22781,5.8788354028290986
22782,9.211580536770615
22783,7.628106122826793
22784,10.399383375800056
22785,12.84974561717166
22786,9.322997735796065
22787,10.112955527906454
22788,10.83986638584071
22789,10.770448784074038
22790,4.25821585844238
22791,14.807969376519292
22792,12.451746286786598
22793,4.211446536509414
22794,9.238867922070819
22795,11.095161024905572
22796,6.217842450269821
22797,8.948228870699863
22798,11.011185467923493
22799,11.868625619881616
22800,11.1985995241367
22801,10.601799140686275
22802,5.937894555386915
22803,10.109318752099686
22804,9.457625408697798
22805,8.261374297746622
22806,11.314050485631105
22807,11.297630530533672
22808,10.93060994911679
22809,9.901865523746796
22810,5.740252191166294
22811,10.947258436909438
22812,10.712072122723505
22813,8.47374196029036
22814,10.272980733558752
22815,10.380345351466202
22816,9.91401430888151
22817,10.248801420598408
22818,14.749586536141887
22819,4.372130693798043
22820,8.887343673562802
22821,11.3605300691368
22822,11.954778992165362
22823,10.1753675394923
22824,12.143376299971433
22825,9.970392671265852
22826,9.549773734120675
22827,11.499399253359787
22828,10.809971926214596
22829,10.482165836739851
22830,9.366365585271033
22831,9.247477753804729
22832,9.045791361852427
22833,8.711254949236045
22834,3.7861749634925532
22835,9.129430653561013
22836,8.898929272334986
22837,11.897099576165804
22838,8.362736221928449
22839,7.268912048020194
22840,9.52762855869718
22841,8.932580341400934
22842,10.443153088746971
22843,9.001572352894573
22844,8.600357165973563
22845,10.847054635292691
22846,8.948332265588402
22847,11.448859703278005
22848,6.641066592851121
22849,6.295828259837249
22850,9.927662628481295
22851,9.333832546905116
22852,11.709138100738029
22853,6.815162988539193
22854,10.87943846573134
22855,11.59389379725156
22856,7.954965159790013
22857,5.142538221180784
22858,8.884638733932643
22859,13.024060430616855
22860,9.096575274180712
22861,7.905917087875433
22862,11.905724225309235
22863,10.155840449244616
22864,8.961803909689417
22865,10.34698765399402
22866,9.25529140628235
22867,11.868782641660495
22868,9.621477306734798
22869,5.7032012460273505
22870,9.031004982024855
22871,11.642759397021205
22872,10.994753337406225
22873,8.912913950600743
22874,9.0294393273832
22875,8.959983979204921
22876,7.2583620615102316
22877,9.948658898355975
22878,11.123856352513531
22879,9.472736578108037
22880,10.386848957227697
22881,6.27180822155755
22882,10.030240025506902
22883,11.615921779942356
22884,11.601140011332848
22885,16.68646478319613
22886,10.42724315499467
22887,7.491253591856685
22888,11.226582767989376
22889,11.556505412935415
22890,9.44997488301054
22891,11.189440556846469
22892,10.066807542441872
22893,12.592422355685052
22894,9.987965810894483
22895,8.1671351898238
22896,10.034467256370998
22897,8.207514693761187
22898,8.797007027766382
22899,4.587805804374531
22900,9.346081587197641
22901,10.085844217104539
22902,7.820149197720964
22903,9.067110215012683
22904,7.746889459038286
22905,10.630378025259239
22906,9.22809418964603
22907,8.346137089757995
22908,8.54197811453364
22909,9.147336884733935
22910,8.303972463568844
22911,10.054386606888395
22912,11.479581559329272
22913,12.634607752048359
22914,9.514773865201692
22915,9.916826272379604
22916,5.94233344801987
22917,9.656290844180193
22918,12.558526550836188
22919,10.508496161964791
22920,11.84149682675701
22921,9.986259547330427
22922,10.993887571980695
22923,9.762469115674051
22924,7.909540898623653
22925,9.386804624336774
22926,5.128548803470312
22927,11.216432663834576
22928,7.9341761898522725
22929,9.655699662023178
22930,17.319329472632237
22931,12.881884636040315
22932,9.808303794832518
22933,10.20128292785757
22934,9.535467768142654
22935,8.951733260760598
22936,10.206263222913819
22937,11.003240199027966
22938,7.067047551084432
22939,12.007191178241841
22940,11.328673380034958
22941,10.714634239488467
22942,14.0710031167153
22943,10.669126715831394
22944,11.407363569168842
22945,11.669702477836173
22946,11.002376553727442
22947,4.044041595779686
22948,13.450180901294669
22949,11.152963964724323
22950,8.599170896217888
22951,12.910833164489103
22952,10.444507211566163
22953,11.081478233988644
22954,6.887236826092094
22955,7.093427498763129
22956,7.298999525616202
22957,9.422052637257353
22958,11.043881296136703
22959,6.9996613611245335
22960,10.234776293047856
22961,6.849571066792308
22962,12.882269887337937
22963,6.228407411659255
22964,10.680349151402016
22965,8.65736210023829
22966,7.387946653386871
22967,8.390253414363755
22968,9.89020711940135
22969,12.218368052845866
22970,10.171230270498516
22971,6.299673749971788
22972,11.966472820939337
22973,4.667177970365315
22974,8.122779739386475
22975,6.709751452555046
22976,5.89525557958007
22977,10.327416267150003
22978,9.48540681147662
22979,9.798263023370891
22980,8.763750094932663
22981,11.204500593278887
22982,8.406717291446805
22983,11.608314774777392
22984,11.474210371993783
22985,8.938939574913903
22986,8.56145509489148
22987,6.665152819059426
22988,7.985352725541247
22989,9.114778505668182
22990,15.230427448613439
22991,11.348409552989805
22992,12.76562592297269
22993,11.161215037577072
22994,11.734598957644963
22995,15.208102491165004
22996,10.205394448228226
22997,7.787995497611622
22998,7.722703238654554
22999,6.543407450485447
23000,11.925354071498978
23001,9.780669927026402
23002,8.2536828223002
23003,14.416643809570914
23004,6.435479078719634
23005,9.268608379094887
23006,8.829430003939608
23007,9.57526223385374
23008,9.37814384160996
23009,6.221827931128198
23010,9.726086838613982
23011,5.968606357723748
23012,12.096744954416621
23013,11.61473545526726
23014,9.939293564799218
23015,9.740607698453589
23016,8.324596702895532
23017,9.194285489834858
23018,10.857984572249869
23019,9.7602299940182
23020,10.020275022282418
23021,6.893256254082894
23022,8.041827320694003
23023,9.803766056275812
23024,8.524587750349024
23025,7.72130368841937
23026,11.936909019080735
23027,4.888493245640907
23028,8.270470635042871
23029,13.170390099543518
23030,11.565892908826331
23031,10.208585104185504
23032,10.885154168961945
23033,8.704352463088567
23034,10.994668014668731
23035,9.560858475031221
23036,12.552326905402152
23037,9.8345765705223
23038,8.60697195470728
23039,11.985548802796583
23040,6.239673495000616
23041,11.7068173207003
23042,13.809702159501356
23043,6.40642391391661
23044,12.049137974413467
23045,9.422397315451752
23046,12.922735817121186
23047,8.273318681113452
23048,6.52288805876764
23049,8.185479019861262
23050,7.531453175979445
23051,12.030503097471746
23052,11.441272506394881
23053,10.307093986580817
23054,14.687399989569698
23055,10.664959300464828
23056,7.522192646346273
23057,6.850456711592391
23058,11.839553290572825
23059,11.626168618274678
23060,7.746850647434437
23061,11.402234097788611
23062,8.9962584750425
23063,9.260716833101204
23064,11.56160944403914
23065,9.587082419977037
23066,12.828132902080029
23067,9.864850470117286
23068,10.826613855118717
23069,10.103710934206235
23070,6.213830771350894
23071,7.912775572526457
23072,10.414187674619296
23073,12.521453475411665
23074,9.474002346197404
23075,4.569865049574601
23076,8.402454760063543
23077,9.550055889320223
23078,9.10981973330278
23079,9.043163014534931
23080,7.309106035164717
23081,10.93460992792495
23082,11.080996801003176
23083,10.355851487302862
23084,11.464879894656171
23085,10.32736783917775
23086,9.268550998733705
23087,10.903281910783411
23088,8.544324370074142
23089,9.841770214864571
23090,10.85136557191097
23091,9.100725277540947
23092,9.243527184530496
23093,14.977528799631028
23094,8.869940939313858
23095,8.362380840029358
23096,13.748654979653079
23097,8.497698406984457
23098,8.23762779568964
23099,6.687617052935854
23100,10.617329494476964
23101,9.693867485666857
23102,11.2658134564626
23103,7.5826553051549705
23104,4.357775356221735
23105,4.796037591741605
23106,9.178502878705887
23107,7.095405017949563
23108,4.236092842557279
23109,10.822386160050078
23110,8.62129050378738
23111,7.491499936431758
23112,11.871652934157165
23113,10.449978964622696
23114,10.501836281188236
23115,11.49077943766444
23116,10.765368187988665
23117,10.28936363598583
23118,7.943114014549778
23119,14.736437323876324
23120,6.24507085133738
23121,9.386589956844606
23122,11.558740981221314
23123,6.819103096376424
23124,8.389188211854016
23125,11.674972651245302
23126,10.183114011499251
23127,6.903980336286528
23128,13.672122339750889
23129,11.133738060359464
23130,13.044680437201553
23131,10.412776806293847
23132,16.038814173527438
23133,10.384606882313776
23134,11.582407866232675
23135,14.319137045702858
23136,13.564617860823633
23137,7.728657540961075
23138,11.473404199284884
23139,10.795671489380378
23140,7.731479797565253
23141,9.700940142858274
23142,10.166151094893879
23143,7.2515693552754525
23144,10.457090743043025
23145,11.047633144042992
23146,11.420897019045144
23147,11.244667703847092
23148,8.076340353772402
23149,11.328209595998988
23150,11.152417989568635
23151,12.087399916801989
23152,11.103753668855253
23153,8.802276795789357
23154,10.645073005138032
23155,9.045861646833416
23156,8.190628404351015
23157,16.91994868794123
23158,7.7931657668267595
23159,9.885527959707757
23160,6.435632382613995
23161,8.323044117040745
23162,6.874576472803911
23163,12.377232827497197
23164,9.511024646006556
23165,6.767019131837385
23166,10.591182490546537
23167,7.9531110773132605
23168,9.031304288914876
23169,9.340540563893152
23170,7.145779466194588
23171,4.282372192221231
23172,6.352969496987381
23173,6.911325025554828
23174,15.848326780141612
23175,8.964935437541415
23176,9.77392373791333
23177,11.386988218220871
23178,9.698629919240398
23179,9.510523999029425
23180,8.06775636153745
23181,11.013000095745017
23182,10.620434999181445
23183,10.868516121572007
23184,5.391007180583116
23185,17.734889550170955
23186,10.904728129559562
23187,12.15191589672851
23188,10.238801257164727
23189,6.790739998209155
23190,7.630399124608727
23191,6.895491205679652
23192,9.779308685898425
23193,13.693195247830488
23194,11.34530713334244
23195,8.348407309819397
23196,12.955867532150872
23197,7.193766143594736
23198,12.363414434249396
23199,10.915650398089186
23200,7.98823296184952
23201,11.219997653660608
23202,6.73870780750525
23203,17.448379738522785
23204,7.890417208342444
23205,10.483313273063077
23206,12.852852191669477
23207,9.72595212136031
23208,12.88791281985441
23209,13.59417434265151
23210,9.897831345443258
23211,7.484397328863265
23212,11.985911620264853
23213,6.4888608776741865
23214,6.969295989826294
23215,10.351558198205888
23216,8.363372576555152
23217,8.76170961175392
23218,7.867153986701158
23219,13.727805527930315
23220,10.203024209951424
23221,9.911889517551844
23222,11.59828179042998
23223,11.183176292215522
23224,11.808292528336164
23225,9.176248168102454
23226,9.031410501067262
23227,8.743213202605219
23228,12.95773494552603
23229,11.302058579946703
23230,6.245981126598407
23231,16.422894773302662
23232,10.865640032379028
23233,8.868980735621308
23234,12.199263262737635
23235,9.761087511240573
23236,6.800465020216459
23237,6.62187200658375
23238,10.278272880714452
23239,7.332154773852617
23240,7.5127368497830815
23241,7.7936512545313725
23242,6.527943743256478
23243,8.00604805392879
23244,13.06540921918585
23245,14.914724430177579
23246,10.84443229460591
23247,10.313461539008495
23248,10.561151172332792
23249,11.571645849187457
23250,8.815492907928755
23251,7.714818111848703
23252,9.1586320068175
23253,9.930819758080261
23254,11.060016007750606
23255,4.7128462696453886
23256,9.46035860691558
23257,6.9743944048052775
23258,5.291544419775935
23259,11.112302105182867
23260,11.608199670025416
23261,10.053714451064103
23262,10.044593822025062
23263,8.094637602069433
23264,10.943917659137897
23265,7.127870737252309
23266,11.172949055307756
23267,7.532507127143152
23268,6.979408191113858
23269,9.277080785402495
23270,7.647865973348016
23271,12.327735150716755
23272,10.136217930407414
23273,11.54384809218313
23274,6.7031300586027225
23275,12.757580499819415
23276,8.01027942988651
23277,9.49145789687178
23278,5.263566257856979
23279,11.161200364709275
23280,8.383895990034505
23281,10.1638332786503
23282,9.442020825000425
23283,8.728230436691081
23284,6.156990866000763
23285,10.575654979410542
23286,10.77746012876714
23287,9.372937004604221
23288,9.396774390785462
23289,6.620122231313934
23290,10.551932145043128
23291,10.574779049147779
23292,15.010697845487122
23293,5.287930898510724
23294,7.288552140527468
23295,12.465462236288278
23296,9.26099582657722
23297,5.245486673192941
23298,11.110131413277289
23299,7.745153942686168
23300,10.571511621292682
23301,9.618903777749878
23302,10.726332716073765
23303,10.686368159701749
23304,14.371784091521516
23305,10.353242003087207
23306,12.505929668937753
23307,7.797619246148076
23308,12.076205854647897
23309,11.760733071125989
23310,7.973624994904739
23311,11.01919070730007
23312,9.489801538506155
23313,8.058278406547187
23314,10.691895078260847
23315,11.351576142295828
23316,11.101579644853002
23317,5.821151093583003
23318,11.806177136079839
23319,11.759059665825365
23320,9.192669302662306
23321,9.503523682486952
23322,16.231335623167997
23323,9.541710327165116
23324,9.32333712877504
23325,7.45241226434201
23326,8.192637908970415
23327,8.634770065492535
23328,8.953052655980125
23329,9.693317696695676
23330,7.040371487941288
23331,8.435639491120853
23332,12.852296144457673
23333,9.456906065719126
23334,9.38899352629032
23335,5.2576545690512235
23336,9.40674346358066
23337,10.494596178880805
23338,12.814843888473344
23339,8.589500395716843
23340,8.546911540686041
23341,10.213849924941108
23342,7.647839750461992
23343,9.155066810097678
23344,13.579512530720676
23345,9.425005136607203
23346,9.57022235697883
23347,14.878046562719971
23348,11.402882410516186
23349,4.506001446890229
23350,6.480445585088893
23351,7.565052297002495
23352,14.617989273623067
23353,8.032188991629454
23354,8.896818939235775
23355,7.9998825954740385
23356,7.722630564292727
23357,7.415809915244743
23358,9.012025990924323
23359,10.823235934034763
23360,11.763776829591489
23361,9.147274310939395
23362,7.129854779925776
23363,8.814333946098516
23364,6.585926927170761
23365,17.1953942646613
23366,4.548244285200369
23367,6.819306784785941
23368,9.18160668773225
23369,8.863568075681357
23370,9.081169327326807
23371,14.797127273145021
23372,8.918118559385041
23373,6.543208334603175
23374,10.65036396806383
23375,8.400801969408707
23376,12.393635659633183
23377,6.3834096926045145
23378,6.657430453081936
23379,11.874290293680252
23380,10.842420279537116
23381,9.953505314816702
23382,15.933864298796024
23383,11.243966432510359
23384,8.155226449001951
23385,12.678403198288926
23386,11.960819724631927
23387,10.05574894906895
23388,9.453514745799428
23389,16.966202748492364
23390,9.186189136887599
23391,4.866045305436308
23392,5.221305441053292
23393,8.723845000756176
23394,6.536686978267808
23395,13.237801763941148
23396,11.235640909862587
23397,5.963730825671634
23398,10.655724799076069
23399,14.157041238457582
23400,10.782922136300321
23401,7.568881505199679
23402,9.25318573421881
23403,13.894791178781237
23404,11.731299769894857
23405,9.066478905607752
23406,7.9618281696776005
23407,12.720366100708658
23408,11.612396592740561
23409,6.000659497529339
23410,7.293357147992973
23411,7.873951554425769
23412,8.356665296064863
23413,8.966716155466425
23414,6.943463487286895
23415,6.768998155047748
23416,13.701502142952315
23417,7.2221247845836105
23418,11.557136018423222
23419,10.227147482368242
23420,7.162429860178778
23421,7.295385878214393
23422,6.813523419745351
23423,9.544616000981964
23424,9.877312429001195
23425,11.823642705014803
23426,6.779771717639381
23427,10.057312322591299
23428,11.572142251604078
23429,6.211825134816124
23430,11.738853909353463
23431,11.61215782490278
23432,9.137059118146704
23433,9.631793806006954
23434,11.260937996097274
23435,9.386889026689477
23436,9.805608006288802
23437,9.339517532052076
23438,8.367996541010463
23439,11.064090233888392
23440,8.005154544581238
23441,12.56877603319844
23442,10.42241507152293
23443,11.509776194262535
23444,14.612306039457057
23445,10.076430660627906
23446,7.299833299228635
23447,13.430271770743676
23448,9.145376480603964
23449,10.109447921767766
23450,10.522205062954042
23451,7.439180434513922
23452,11.40990439370734
23453,8.96608423785155
23454,10.97343426851413
23455,8.768531290230763
23456,8.45318319590283
23457,9.48594025829687
23458,11.116154914839807
23459,12.106449677860265
23460,9.403862115102793
23461,8.943978940385499
23462,9.749437089397864
23463,12.023197371001142
23464,9.556207975146753
23465,9.906130751623598
23466,9.02349944568474
23467,10.725258919519922
23468,8.683002644035502
23469,10.87820090011814
23470,10.48585040115398
23471,5.806733552296759
23472,9.352662436751885
23473,8.628341153624536
23474,9.772481536365051
23475,14.878014789578256
23476,6.145142795419964
23477,12.147010970362981
23478,10.516396042442166
23479,9.484839178074596
23480,9.78866605233714
23481,9.289334280391495
23482,7.728123150812589
23483,9.51547098527495
23484,9.110576483349995
23485,16.806083297946078
23486,9.909715324401175
23487,9.137659434183327
23488,10.312899922172505
23489,8.352514591792337
23490,9.392620859364438
23491,8.326448577470163
23492,5.18685139461553
23493,8.659329239919504
23494,10.578653277858196
23495,7.882341241302203
23496,9.928295846522392
23497,6.752054385710311
23498,11.940666261033444
23499,5.796776415298237
23500,7.922605369940944
23501,10.438270220896309
23502,13.660774515748177
23503,10.841136313210274
23504,14.57843406339294
23505,9.897687796105986
23506,13.650893905705802
23507,10.187566565875741
23508,6.661986025573769
23509,7.982077804623197
23510,11.66446837517732
23511,7.273340541662563
23512,7.632296463675882
23513,16.411329510178945
23514,9.70204486195553
23515,10.21637251829264
23516,10.336549321937836
23517,12.087192386026695
23518,10.757297503631303
23519,8.555701762937689
23520,9.406111792960054
23521,7.755168625049164
23522,13.239044757721366
23523,13.063699017369588
23524,6.049998729403907
23525,11.37880962754948
23526,7.3309237480403056
23527,4.198969764668385
23528,12.278048714035167
23529,8.754629411230127
23530,11.12028007652404
23531,7.068667301859155
23532,10.117118478184238
23533,10.52183892599954
23534,7.242998474702894
23535,8.198451406250769
23536,10.393351075408695
23537,11.31079820015761
23538,11.462627154832774
23539,10.32691369655197
23540,12.52311457350339
23541,9.798119271503753
23542,6.484663149905936
23543,9.821600918750732
23544,12.257894479117649
23545,10.942739769988348
23546,12.518720911499077
23547,10.085604177859219
23548,11.911262975076928
23549,7.275673477662955
23550,9.144319570570286
23551,12.578986719171747
23552,9.736631815499258
23553,4.873305663308033
23554,12.079041036813209
23555,9.63762500348787
23556,16.369385023422815
23557,14.546788498528327
23558,10.174301810631622
23559,9.122788731106722
23560,9.305051515302857
23561,10.781267325701755
23562,11.104511267354018
23563,7.815268534632201
23564,7.205213469286398
23565,12.211059958567477
23566,11.927635032879962
23567,16.28224391466503
23568,11.452835282204806
23569,5.957943862742443
23570,9.302391161298575
23571,7.825340803756459
23572,9.534002418234968
23573,7.460758590859154
23574,9.781436700043317
23575,17.19965559877393
23576,10.645668936586858
23577,10.574132234137824
23578,11.382792836883493
23579,17.58457549799706
23580,11.438865759819763
23581,9.618326265521288
23582,17.49952376122973
23583,8.58028383143171
23584,6.915923323865085
23585,11.964144748599452
23586,7.217989774336827
23587,11.990280743954395
23588,6.503777657786886
23589,6.79995935293292
23590,9.279855751518152
23591,7.995793734819436
23592,6.942393089205784
23593,8.624608647131405
23594,11.592299894916144
23595,8.011989038538019
23596,8.367316080220782
23597,9.759453322839144
23598,9.058849234374216
23599,4.690511370577364
23600,11.223590413948187
23601,9.388125042347376
23602,10.12980853685104
23603,7.872014588048172
23604,9.312432516911798
23605,9.45782773622452
23606,15.06966738342987
23607,9.666329749881111
23608,9.941135105878484
23609,8.467365572205019
23610,10.738855492227483
23611,12.27062637328262
23612,11.4775946112792
23613,10.675225256514096
23614,9.35083445679204
23615,11.58703047478083
23616,9.480297927034409
23617,9.455985252175397
23618,9.833316420530403
23619,11.021784036828095
23620,8.136035272113325
23621,6.342663847682029
23622,7.04786741614406
23623,12.040697491138982
23624,11.722574088117453
23625,11.366112712724092
23626,8.026117851136298
23627,10.399756822873584
23628,10.161020260928403
23629,6.107499728907131
23630,10.9454760267125
23631,5.487356477573239
23632,10.438332631560518
23633,8.006471933266328
23634,8.740542062782147
23635,11.832161775456754
23636,9.878701186054686
23637,8.895229659618614
23638,10.075431150866123
23639,7.906000129373586
23640,10.346518259909354
23641,6.1141373435825095
23642,11.064382943414971
23643,9.556167658319776
23644,4.454289400358125
23645,7.555514136268538
23646,7.000505479827162
23647,6.058865713293789
23648,6.550726674465453
23649,7.9662182884208015
23650,10.745521243545927
23651,5.90221341807852
23652,10.985371595945663
23653,6.38546416761236
23654,11.624329344567037
23655,9.487052350578875
23656,10.875059085775085
23657,7.641868470856711
23658,10.274552145274017
23659,9.756136640863138
23660,9.132101823948563
23661,9.327971833370128
23662,12.188802608115747
23663,6.762506771232609
23664,7.9654878822210655
23665,6.686304082281155
23666,8.40365526572217
23667,13.412107764107141
23668,20.33642608155851
23669,8.8115069434296
23670,8.281074582522272
23671,10.970570699021229
23672,10.355775290130648
23673,11.01331378603261
23674,9.054183325280821
23675,14.55419862466076
23676,10.056353820041679
23677,4.922935970026818
23678,10.939244696859344
23679,13.038045949656642
23680,9.929840765701183
23681,8.062187394474632
23682,10.051363923536618
23683,12.07720495686854
23684,11.615841237126489
23685,18.17668016401323
23686,5.97058697196421
23687,10.930071425117019
23688,10.216576173097794
23689,13.07403630367677
23690,15.098252189738947
23691,9.061507001220363
23692,10.617929576626585
23693,4.497568469069554
23694,6.652591925200122
23695,8.928356975109875
23696,10.493884889664244
23697,15.086839444389984
23698,6.693284130792208
23699,6.917055587387287
23700,8.750579218012392
23701,11.222599214241152
23702,12.964076744348809
23703,8.572523941765159
23704,6.416017422195272
23705,8.261635256198346
23706,7.886397417695199
23707,11.633280320341527
23708,9.06258605490299
23709,10.237957000133221
23710,11.393115401668899
23711,7.335119883678715
23712,13.030517319010478
23713,4.840584449463319
23714,8.93792876758625
23715,8.128109675133393
23716,12.098834118900832
23717,13.74646302205816
23718,6.528672918036808
23719,8.48759285130131
23720,11.602949934312198
23721,7.817499017721257
23722,9.286129868399085
23723,9.348106561934827
23724,10.871109495495
23725,10.579477881403886
23726,6.571227078782851
23727,4.620396353103625
23728,6.11523625332849
23729,13.397894001876152
23730,5.436346476373864
23731,10.792557347504896
23732,8.740989167650127
23733,8.365377346994684
23734,8.555095743700289
23735,5.028410018924627
23736,12.180482155771893
23737,9.674113756371588
23738,12.005423746319693
23739,9.868838530397898
23740,9.720780661198413
23741,12.367009888725299
23742,7.256568892039468
23743,14.354105788987354
23744,13.50168672296933
23745,7.205286336563871
23746,8.743907529865968
23747,13.321126213537406
23748,10.757332701375383
23749,10.073177728939795
23750,8.171906610837725
23751,6.795021819986047
23752,9.219429567932679
23753,6.997872562950688
23754,6.651876140851778
23755,12.452119252057779
23756,9.471011728305712
23757,4.497713764869487
23758,11.146413546933779
23759,11.580167484259619
23760,9.268865620914482
23761,10.43770950042465
23762,10.491689846232848
23763,9.715598476272795
23764,9.063482381521137
23765,6.408840801814412
23766,8.909330656816456
23767,7.918422146563197
23768,9.475476751361747
23769,9.33010457242946
23770,9.756148798796309
23771,9.531735136891076
23772,8.721848237223956
23773,14.751114546315168
23774,8.750084074080428
23775,6.2072669356125685
23776,11.219855489356174
23777,9.92882130415815
23778,11.985436885114728
23779,4.939628794225054
23780,15.930979890371674
23781,7.277065984337042
23782,8.98934141670701
23783,12.717883355873253
23784,11.787911413459238
23785,13.77438481630967
23786,4.09355454117586
23787,10.992842721054695
23788,9.438665061702444
23789,7.944028791170188
23790,9.314236267035614
23791,6.0401206900318245
23792,11.927474813452061
23793,14.005456323255842
23794,10.447681955147358
23795,11.565222850371057
23796,13.471454074578485
23797,9.041671599554958
23798,11.749334665697027
23799,7.975946901641237
23800,10.916074732696506
23801,10.89749409554327
23802,7.778210409908343
23803,6.955601201282331
23804,11.520776210774946
23805,10.201524250034772
23806,8.133214760275715
23807,8.293448626533298
23808,16.07822121846179
23809,12.15651081208924
23810,11.791706239024519
23811,10.087896227490727
23812,11.136509875083238
23813,16.209661930170864
23814,6.971574830533683
23815,8.30336196261319
23816,6.042479221700539
23817,7.562400905507648
23818,8.307083036300702
23819,12.524647432428566
23820,12.46921858170881
23821,8.331266352078618
23822,7.077977690563599
23823,10.742307046260834
23824,9.711063360027488
23825,7.931618886377898
23826,4.453910048657676
23827,8.45975207415251
23828,8.905909668881318
23829,11.336507630147398
23830,6.452036031756725
23831,11.556044135942717
23832,8.447139779777503
23833,12.022792951240687
23834,9.295459796514477
23835,4.844070855149977
23836,15.281024244455894
23837,8.90721679329398
23838,10.878383285976447
23839,9.852771336807757
23840,8.597111022410644
23841,10.842887953156605
23842,8.352205042406387
23843,9.631043852920627
23844,15.750191658203676
23845,18.33367247229901
23846,9.4135497427304
23847,9.322976862843847
23848,8.564355972345247
23849,9.831486198409301
23850,9.85199865246342
23851,7.566606560176272
23852,4.793307293294866
23853,9.836032376888772
23854,10.1402923592012
23855,6.6067041834555456
23856,3.978894456213027
23857,12.375868597618625
23858,6.349247133356426
23859,16.556988903800637
23860,9.682461403466306
23861,10.522104811469196
23862,12.436768639242926
23863,8.994349635366987
23864,11.32388427583175
23865,8.848690843191148
23866,11.366108378469054
23867,9.322813705314747
23868,5.944807151294968
23869,13.538218788539044
23870,11.957253627731912
23871,6.513981565749406
23872,9.501951488390949
23873,5.069337171898454
23874,7.3369623075665995
23875,10.253550542414766
23876,9.253188209797761
23877,10.668581064042325
23878,8.169539938291624
23879,10.034400582079748
23880,7.717358104062916
23881,10.070650629926378
23882,8.224412929646384
23883,11.680478200229258
23884,9.537508350849784
23885,6.958695987891149
23886,8.669193266466365
23887,14.620364119529437
23888,8.02934449499625
23889,8.368718376951948
23890,5.392294158576132
23891,8.476559703858532
23892,7.368610141505208
23893,4.430474062799998
23894,10.566648851325425
23895,9.802966838233884
23896,8.928769811092334
23897,11.116662978060136
23898,8.931324852309341
23899,11.469523729879235
23900,9.280612856477866
23901,5.473881175278085
23902,13.657185728240165
23903,9.483513608133537
23904,6.543450183236009
23905,5.221617691491554
23906,14.171381151619723
23907,8.576756424943163
23908,10.84291636284873
23909,10.624360494547092
23910,6.30455806080918
23911,6.590435967677265
23912,7.805020316052346
23913,15.383197844037067
23914,10.772815211456834
23915,9.347767854040367
23916,8.611842705961333
23917,9.649966654511482
23918,6.382935858958487
23919,7.794168824250502
23920,6.986922656360043
23921,10.021572263118452
23922,9.828681519859671
23923,11.854260657965392
23924,4.985236055985772
23925,9.807937611732076
23926,10.63433346602631
23927,10.206944986019076
23928,12.865149050926703
23929,7.874800395163799
23930,11.193742741923447
23931,6.692602073483844
23932,11.151539312693025
23933,6.338759937068605
23934,10.792273719763491
23935,10.13289804769224
23936,12.051175430112991
23937,6.048850603538813
23938,10.107261392219707
23939,9.918123588089216
23940,7.883224063540993
23941,9.959241449944713
23942,7.378067585033991
23943,13.567973257499848
23944,5.487917506319917
23945,11.343949185519282
23946,13.367329004734094
23947,13.002522440947216
23948,6.900158536770782
23949,10.749397102731475
23950,7.740578367123636
23951,9.115580202383342
23952,9.231697174672702
23953,10.60945306655269
23954,4.8072126195283476
23955,6.58222507531881
23956,7.160408336110962
23957,15.614399937195145
23958,6.257793820844681
23959,7.859395560576677
23960,7.11083673115326
23961,7.5713516086896
23962,6.687614928657656
23963,9.674912623815734
23964,11.065143138692871
23965,9.062137987659503
23966,10.98150338246282
23967,7.457218903832738
23968,10.669401926012371
23969,9.049760780838747
23970,12.119691875676128
23971,9.099409613302013
23972,14.278406306132087
23973,10.014210166438424
23974,15.314516557017281
23975,7.646086904121148
23976,8.3914156719396
23977,10.054397656410842
23978,9.140142167119805
23979,14.14138217872177
23980,9.687767032145036
23981,5.780898712093299
23982,11.064088091527132
23983,9.045597418277202
23984,11.043975995317322
23985,9.408732440683979
23986,9.621084774040384
23987,11.477835047650856
23988,7.887088905928447
23989,8.709482673197243
23990,5.174356701271513
23991,10.280606890413367
23992,9.683882239032915
23993,9.982272298999431
23994,9.769560020548331
23995,9.146180213436264
23996,7.8138660313627
23997,8.306991210956639
23998,11.225545805997132
23999,11.6147619570439
24000,10.653473703362534
24001,7.056860246319795
24002,11.33868880711003
24003,16.88252454621648
24004,11.799048806060506
24005,12.041724559940677
24006,7.594008801160667
24007,8.121241473248302
24008,8.519860249002559
24009,9.435487472811122
24010,10.50881837355309
24011,6.954056877346351
24012,11.182855359612512
24013,12.2522711326173
24014,8.780052125626524
24015,7.36428203075342
24016,7.488339508833532
24017,10.673960740899236
24018,9.198711263445913
24019,8.345935745315126
24020,9.377217639991832
24021,11.820710909466326
24022,11.496140903590781
24023,9.230782630911245
24024,11.150275473247119
24025,12.091248394408785
24026,10.07787805798256
24027,10.579488473301295
24028,9.327283450893098
24029,8.692578096124837
24030,10.322187242900041
24031,10.932668245925083
24032,5.113947142000833
24033,7.023215406481405
24034,8.362223976142664
24035,11.920184598959889
24036,10.036703276242239
24037,13.342076943811536
24038,15.325183981322517
24039,10.469959364988473
24040,13.236611425214132
24041,10.95270958062195
24042,7.654253285617575
24043,9.15705132478458
24044,9.835291921525913
24045,15.880309505497335
24046,9.951622015990445
24047,4.77394118602058
24048,6.854086060703242
24049,10.833359881029603
24050,11.56418991557018
24051,11.980285416111254
24052,12.851406351113054
24053,9.166195839306317
24054,5.242432219259688
24055,12.550455802884603
24056,13.22138691926501
24057,12.192747181037374
24058,15.72796255100188
24059,7.441011701165362
24060,12.719193395020914
24061,6.104121332669771
24062,8.368313434954533
24063,11.15465220051136
24064,4.217533023029093
24065,13.601760586388592
24066,9.622770222039795
24067,9.26040172741101
24068,16.386329517463054
24069,9.967101939390403
24070,7.996861528415179
24071,7.343184495335418
24072,9.214050200435658
24073,9.922390428603967
24074,9.285267304306922
24075,9.60671765849036
24076,8.895768482844053
24077,11.853689550543804
24078,12.32567080171349
24079,9.789152801233906
24080,7.88376401159098
24081,9.330096681889906
24082,13.511316720725631
24083,12.558806282955633
24084,8.062985099811394
24085,9.066244756597548
24086,7.093629885074101
24087,9.827915916089989
24088,8.467393251327747
24089,9.074459737079982
24090,12.729586250693046
24091,11.559358753061362
24092,9.672232952796293
24093,7.052535346399531
24094,11.078115051261173
24095,10.546763939828688
24096,12.173740955367133
24097,8.247648256412182
24098,13.593819622427931
24099,8.288485696206497
24100,9.229441128434614
24101,11.589954026135736
24102,10.114755989992698
24103,9.967872906821896
24104,9.28336086046337
24105,9.164142177535378
24106,12.135070615993321
24107,11.661886449771304
24108,11.001306634114242
24109,12.457888019218244
24110,11.81824809084929
24111,7.871097073315971
24112,7.16742974038751
24113,4.812987347840045
24114,11.51552051116549
24115,8.138787413583792
24116,10.715476961102743
24117,9.149875370272193
24118,10.342554984575987
24119,10.49864896221879
24120,8.990503739590954
24121,9.4272435229425
24122,7.756314879570528
24123,8.008638425102532
24124,9.73599135309927
24125,4.560236752557289
24126,11.573421765137379
24127,8.11066253788681
24128,7.886075739940642
24129,9.067706817261964
24130,10.222119952791177
24131,9.37796022658848
24132,8.981397538532631
24133,12.625887664996544
24134,8.408242217211521
24135,11.576123337689811
24136,8.732158395650083
24137,12.688198124314187
24138,4.367566346500707
24139,8.164362785339957
24140,6.17793226865305
24141,11.633270159332675
24142,9.587128332089286
24143,10.740660853507652
24144,8.617746324495904
24145,11.05154411899837
24146,17.667066487531486
24147,14.095619836909393
24148,10.05525557256343
24149,7.537744286758636
24150,12.547789168322034
24151,8.139715206650678
24152,10.701207587812378
24153,8.179624268460856
24154,11.537983138911308
24155,10.558787556500649
24156,15.854696683134929
24157,11.345357747472715
24158,9.611133841431068
24159,9.515692747607732
24160,8.14410483056367
24161,7.751811455379206
24162,8.012871991706337
24163,9.165509088683757
24164,9.909841837911761
24165,12.74275964321159
24166,10.766140735848415
24167,17.053772530969017
24168,12.232540250476204
24169,7.93659349352389
24170,10.527289334124676
24171,7.014427006777847
24172,14.340840230495449
24173,8.880663771561503
24174,10.966467714990875
24175,13.34750778896668
24176,10.432602291991424
24177,8.087622244855767
24178,6.613321448746508
24179,7.5225809295044455
24180,10.010645159208114
24181,9.763153178360625
24182,14.125952472496799
24183,10.05502064293484
24184,7.85268378820896
24185,8.355034021072605
24186,14.950133154698793
24187,4.412204246960112
24188,12.541813526030818
24189,16.013940390538586
24190,9.902923100843324
24191,7.945355766095366
24192,8.955677990800595
24193,7.798204669116164
24194,6.655005305148618
24195,12.967135967767627
24196,10.443673408030703
24197,10.25117024129179
24198,8.015271552079996
24199,12.530118651809332
24200,11.131008818531125
24201,10.04598482235393
24202,6.265532550107846
24203,11.020812271890252
24204,9.321736233282856
24205,19.132972022735604
24206,7.89663043649427
24207,13.207978333370745
24208,10.654474699401296
24209,13.332778528712431
24210,11.253963678156726
24211,15.254588410417732
24212,8.719746497259028
24213,7.336417968346621
24214,5.212856523501942
24215,9.249462146360822
24216,12.097583160639356
24217,10.071724814106723
24218,9.085996116355773
24219,15.156184345127215
24220,9.338565119065793
24221,9.534580064708877
24222,8.031063072867704
24223,10.628348268608034
24224,7.227397872007945
24225,11.188952877744505
24226,6.052250366814277
24227,14.631011717189345
24228,14.879878838259298
24229,11.503317962237587
24230,12.458843164598933
24231,12.28653495830082
24232,6.026714967117863
24233,10.207707330159161
24234,13.990427235713524
24235,13.565139250054067
24236,8.766053420877418
24237,6.356148065090039
24238,7.718668635331756
24239,10.514530847290477
24240,11.02559630719703
24241,11.170737823492631
24242,13.759018316269305
24243,8.882692777777995
24244,12.853867245760345
24245,12.631963447065766
24246,7.529152961717202
24247,9.140308467184518
24248,11.587994450880341
24249,11.142233376925347
24250,9.87123122879322
24251,13.291997383932031
24252,8.055483789925535
24253,9.085765582703006
24254,6.412241745142582
24255,9.024373549700329
24256,10.802152260102634
24257,15.421658610853328
24258,13.422944202396165
24259,14.829711127399953
24260,6.358626865589192
24261,10.4263689001119
24262,12.278760104509711
24263,9.341303795034593
24264,8.104972234200112
24265,13.799429489418024
24266,7.501436445078735
24267,6.241483474812436
24268,15.77258759041961
24269,9.626495524824582
24270,8.241432512062033
24271,9.303442822363355
24272,9.406640470342154
24273,8.82977833690098
24274,10.952066478627374
24275,8.810079803585332
24276,5.874194207962453
24277,14.650475084754941
24278,8.2960129840268
24279,9.957455765167683
24280,10.064615284526466
24281,8.075542009293764
24282,10.862159451206942
24283,9.366474708605217
24284,8.316107241663154
24285,12.224047291074012
24286,9.878777449995434
24287,8.321940025719766
24288,8.18240196375974
24289,9.792037542961637
24290,7.028620470303325
24291,11.579197120654754
24292,11.799283560895313
24293,10.947189227260235
24294,10.734491653815693
24295,11.923856474218821
24296,10.237186537058419
24297,9.195381108507164
24298,4.622773557905806
24299,7.383406686530019
24300,6.942885787074877
24301,8.782181922847078
24302,9.962222594685727
24303,6.2527381266630755
24304,13.808029315497855
24305,10.50820996895433
24306,7.870011952687475
24307,8.611728559653463
24308,13.925830786936421
24309,10.602350775095607
24310,9.360141719795019
24311,16.459002526764603
24312,9.02289239265668
24313,9.6314469468624
24314,9.363051791629251
24315,10.60055890251532
24316,12.173460444637387
24317,8.068228986034448
24318,9.265271528650969
24319,7.062560760583478
24320,10.984651403366017
24321,6.808137078027285
24322,11.412649737756091
24323,8.547987107685943
24324,11.948140787031
24325,4.3975474198763305
24326,9.750469153049503
24327,10.028723593924934
24328,4.142334652298816
24329,10.130661020262142
24330,12.005605757288087
24331,13.013487304844274
24332,9.959604215863571
24333,4.619967951347127
24334,10.557973125401157
24335,9.037798376042733
24336,8.531306756225215
24337,12.21553913774604
24338,6.599078761755936
24339,12.189808862927997
24340,11.908948150889252
24341,9.758791952952201
24342,14.951343122388764
24343,9.676464430505995
24344,14.125977517709455
24345,6.210418724886631
24346,5.977329838046491
24347,11.814735601686799
24348,12.098937136593486
24349,9.219002891831956
24350,11.760174369081781
24351,9.031221850019389
24352,13.00658459310679
24353,8.209332189194336
24354,9.947412363623377
24355,10.10673991493764
24356,14.736594070023493
24357,9.19596260139859
24358,8.51551149101417
24359,12.70180026475445
24360,9.672346255375528
24361,6.091612878216406
24362,8.084011188991083
24363,9.148797126684572
24364,11.859254561546068
24365,12.66846895924206
24366,11.825923280445398
24367,10.893325168149362
24368,9.36114346987328
24369,8.742438003754364
24370,13.073560691267504
24371,10.642361592344125
24372,3.55883481213968
24373,7.860710218988022
24374,4.624169828887746
24375,9.78177728028992
24376,8.003337783831736
24377,11.456047941346265
24378,10.059897363216429
24379,11.211417816456287
24380,10.503984925790636
24381,9.916118167961109
24382,9.325362905249035
24383,13.326752700897693
24384,5.59314265125564
24385,13.361707735674509
24386,10.836485422683502
24387,8.336128225684966
24388,10.160417678536616
24389,11.213557018598094
24390,5.079150647732423
24391,4.321450530515993
24392,12.214095446687542
24393,9.230028662533682
24394,14.16685130400014
24395,7.309366152024206
24396,8.631282896249365
24397,3.451000818372777
24398,10.624481496401254
24399,8.821831000592761
24400,9.660129661629297
24401,7.841941236656097
24402,9.721240476739968
24403,6.510556361132993
24404,9.466183340136743
24405,7.049362565135289
24406,7.162349618414682
24407,10.586516905387786
24408,8.093521381788259
24409,13.288121937875779
24410,10.422678943651434
24411,8.13807815127443
24412,11.678959712150295
24413,9.683708487036725
24414,4.9066419375274
24415,5.360618026159798
24416,5.105903440091203
24417,9.754813743315466
24418,6.238836598522443
24419,10.22637587476858
24420,10.675811821383222
24421,15.88635450821956
24422,7.134632488185632
24423,10.147701542220515
24424,11.973639723881295
24425,12.32873147219766
24426,9.51591306055419
24427,16.37121842486387
24428,10.943199096384465
24429,10.188925479350184
24430,13.396069970400529
24431,11.035117400009922
24432,11.946223314273745
24433,8.14996853208596
24434,16.368252585997258
24435,13.144840503880486
24436,9.848717602352549
24437,11.682261275224198
24438,10.986456395225025
24439,9.22959181165633
24440,8.636410898462632
24441,6.333491155199935
24442,7.921472958689424
24443,6.244001398591925
24444,9.553031612863942
24445,10.19048775577017
24446,11.515728344823401
24447,12.595429627072223
24448,13.702413502907685
24449,11.850826513680376
24450,11.203955824689746
24451,6.854767425164718
24452,11.520982026420192
24453,7.28113562186315
24454,8.646327970871026
24455,9.374371145587373
24456,11.827540164101666
24457,9.364675745216736
24458,9.347316936269468
24459,9.29579300384628
24460,13.940406331754584
24461,9.284198064423279
24462,11.976382473632695
24463,9.113113997708947
24464,9.773428024706917
24465,7.994778212107744
24466,9.40466105778891
24467,10.246687899540253
24468,8.734008662132728
24469,7.673460244662504
24470,6.9339309900522945
24471,9.442717286589028
24472,5.529841833363513
24473,11.275944809234467
24474,13.310794963873139
24475,5.318909614334651
24476,6.223340419046525
24477,12.466803560489959
24478,10.118677936412467
24479,4.803752392705555
24480,11.48253693358333
24481,12.234527824156757
24482,6.6829380517697725
24483,8.43421338761264
24484,8.668742909519459
24485,9.316523021831827
24486,13.233961005810409
24487,10.048215628044293
24488,9.065434420412428
24489,4.782328921594881
24490,17.132540941952026
24491,11.94569327450953
24492,9.891771660628946
24493,7.880418686847275
24494,4.700492938163451
24495,9.972664955847431
24496,11.069791310481527
24497,7.971033576643377
24498,11.178286237884958
24499,18.147539732436208
24500,11.13115468864116
24501,14.597814151413958
24502,14.27135891803658
24503,6.96244784138628
24504,7.576827494807688
24505,9.743704648929322
24506,11.144176983725327
24507,12.863306926029843
24508,10.81187044625566
24509,5.214992124920751
24510,4.607616447348791
24511,9.188786984352687
24512,9.340014979933377
24513,8.542704764565745
24514,10.504475003256317
24515,5.431699444121581
24516,6.4701548553565615
24517,8.600047585105566
24518,11.678502658838438
24519,10.180209542794119
24520,7.053817085687212
24521,10.146081534720446
24522,6.8239170824813895
24523,11.337794132575338
24524,10.350251556502334
24525,10.964201478125016
24526,9.778616303890365
24527,5.677120478035211
24528,7.526894775890025
24529,10.628238287766603
24530,13.22654879145716
24531,10.337295575764767
24532,6.777765102915105
24533,10.21579345359411
24534,7.114388686987493
24535,11.998442330255422
24536,10.468678953613164
24537,8.496731638612667
24538,11.001429841660311
24539,9.974364095634964
24540,9.81637494321502
24541,5.379491773852705
24542,10.8896363989381
24543,8.202901766043414
24544,9.548077041836075
24545,11.426212691640398
24546,11.594939191717897
24547,8.179553534072738
24548,8.371276659905833
24549,8.948381530455237
24550,7.815809850482635
24551,8.037825790390558
24552,8.197283989536453
24553,10.863340497972883
24554,9.033707543069404
24555,7.098190961250705
24556,7.693491563654739
24557,9.183080342525757
24558,6.4890326517220105
24559,11.4702767769187
24560,10.207285180140156
24561,6.105454500949056
24562,10.66518568278884
24563,8.160697245796833
24564,6.2625884138881425
24565,16.78655774455354
24566,10.712560961058493
24567,7.501581736793799
24568,10.425436226838585
24569,8.088261722180869
24570,4.1937429660397125
24571,6.586358459297673
24572,9.405813141790631
24573,4.65718163004597
24574,8.219158108530667
24575,11.97154398682078
24576,6.65670502858212
24577,11.40011641602927
24578,8.583154045587825
24579,11.22288958201308
24580,9.286497629779085
24581,12.627687498970724
24582,7.99841526471439
24583,13.73651037116297
24584,11.033528635002481
24585,8.125931823829612
24586,10.808045304117213
24587,8.79369406068049
24588,9.444808850965627
24589,8.36973621920251
24590,10.724826724158133
24591,5.612887209128021
24592,4.235680091108161
24593,8.491141340090502
24594,10.5324393372596
24595,6.406229604010961
24596,10.677488686730785
24597,10.25817813938373
24598,9.913588675231816
24599,10.646523447411155
24600,11.49011697612782
24601,8.657715438879723
24602,4.149640787261784
24603,7.044687426739832
24604,7.146394420717792
24605,8.88711139739628
24606,8.821458425660188
24607,8.87901625611812
24608,11.003235879480748
24609,16.825612396886534
24610,10.598196414369117
24611,6.680818537679426
24612,13.370342732461697
24613,14.706429090106827
24614,11.461590056432382
24615,8.005679520861401
24616,9.962080513414726
24617,7.643304674653612
24618,13.135806142843691
24619,7.337624985236349
24620,10.483140528633431
24621,9.581809283845256
24622,9.279934153431835
24623,7.424045836808623
24624,10.99998596718878
24625,8.85436560790717
24626,9.831171904196585
24627,9.32097973493455
24628,8.720240107597883
24629,5.447259813027507
24630,9.101521271757909
24631,9.849430230279928
24632,11.038669970222568
24633,11.914262690848947
24634,4.532602219080969
24635,10.167404308492902
24636,10.018512035741237
24637,10.302406968135731
24638,11.707750669845641
24639,16.695654204094037
24640,9.074194564096995
24641,8.746322685060205
24642,11.69097177433561
24643,10.62288426505004
24644,4.764912358459228
24645,8.808288350169784
24646,12.569261477168002
24647,9.362830034531818
24648,10.314547933855515
24649,8.1957859392641
24650,7.909712137010773
24651,7.996622967878105
24652,8.547233756387529
24653,10.0813743493546
24654,10.547125531138901
24655,11.552088377046058
24656,6.962361833364001
24657,12.59380905958305
24658,11.83181800772899
24659,7.541199479231722
24660,4.251801656357256
24661,7.416683417560172
24662,11.015359105609702
24663,15.09091240789037
24664,9.408320036257264
24665,7.47240219492887
24666,7.185222543720751
24667,5.387242302779353
24668,15.346102622461586
24669,11.97617212071346
24670,10.230668296342595
24671,9.992478943798785
24672,8.979452966979382
24673,9.796649197423609
24674,12.11360010374424
24675,6.022936408415563
24676,13.165134204396356
24677,11.375988645433205
24678,9.861507214315715
24679,11.180672734890912
24680,7.086183883847644
24681,9.99315669235676
24682,12.714668109577891
24683,10.434914684856189
24684,9.310835096739288
24685,9.625828384128706
24686,11.068625569350582
24687,7.460082975907571
24688,10.620133559797447
24689,10.448252993626236
24690,9.154687902078583
24691,8.306444477314962
24692,6.8413770140759835
24693,9.42828807924731
24694,9.429575058893562
24695,8.092612362822901
24696,9.54198304277082
24697,7.767322478563733
24698,7.701131328603216
24699,14.008644226753535
24700,11.718562011433495
24701,11.239452264125731
24702,12.294018198809589
24703,6.718693715937047
24704,11.6323543567887
24705,8.764329298641186
24706,11.906964705600144
24707,4.9509531046677795
24708,7.105109891923144
24709,12.484859481995393
24710,8.485179444949358
24711,10.948241846538268
24712,5.492341799492213
24713,9.656013978292698
24714,11.710576985494601
24715,7.481038143956495
24716,9.48038050962274
24717,10.165762026833884
24718,13.694541408264712
24719,9.65614164158578
24720,11.464442392249417
24721,9.686333951266203
24722,9.664764506312554
24723,9.379685938954662
24724,12.963256844312335
24725,7.508638062791874
24726,16.11840074586967
24727,6.935863145999013
24728,10.653974560917167
24729,12.116302287696717
24730,10.08674984076322
24731,12.22619806191387
24732,8.316091210857127
24733,14.311156394392672
24734,11.6083340778936
24735,8.031984840956346
24736,6.403051055758075
24737,5.012694429441087
24738,8.003970554513266
24739,11.560336865545803
24740,7.008996386167146
24741,12.81605414152926
24742,11.254397522056781
24743,10.990314725824483
24744,11.076921127155611
24745,14.521129586556295
24746,5.358224934753151
24747,8.681427846809566
24748,10.755038992465387
24749,8.189824979056894
24750,9.840288037017771
24751,11.320803786784134
24752,9.045524927582585
24753,9.416782121570362
24754,11.062697966818812
24755,10.109861979545737
24756,10.988692212102677
24757,4.378823761774699
24758,12.612013660707802
24759,10.34825334069553
24760,7.7386724149952375
24761,12.331134757410354
24762,13.852532521966722
24763,13.035940136024152
24764,11.538752021196636
24765,4.1686991496863195
24766,11.922661161698736
24767,6.075323958253495
24768,10.022786616973482
24769,10.478531117662248
24770,5.323782642180406
24771,9.318655789164316
24772,10.612738268408991
24773,11.842362346026952
24774,11.855372103487781
24775,17.540138614342894
24776,10.417079260273821
24777,8.880368915624286
24778,9.526377688289216
24779,8.167269681495249
24780,10.155263543166344
24781,11.005370445258691
24782,11.004742649026031
24783,4.653696818836184
24784,10.958865754310137
24785,11.715592886739644
24786,9.809221124711298
24787,12.29544952904551
24788,7.538755905393579
24789,12.47538508273071
24790,11.89730921459121
24791,10.304291716508839
24792,13.90840120333184
24793,11.978258137346979
24794,6.21629479153386
24795,11.896067560568046
24796,11.908686724050362
24797,8.400219472154046
24798,8.844916329702446
24799,11.940288639965715
24800,5.317663973423981
24801,16.91557512650677
24802,12.93042991851163
24803,11.344978278683476
24804,9.940287607432818
24805,17.297013013632046
24806,10.744643275423012
24807,6.9278549096410735
24808,11.712471168701835
24809,9.376777270467192
24810,8.839655271532777
24811,10.64218097587502
24812,7.8346067006476146
24813,4.5496108393493575
24814,10.08500527074303
24815,12.785604260151628
24816,8.097802910647522
24817,6.557132733994649
24818,8.251883737532175
24819,10.616365951859104
24820,14.874906699364942
24821,9.828643454097694
24822,8.516384342941342
24823,10.571027137015246
24824,6.704416240618047
24825,9.431387736762048
24826,9.695555259683546
24827,5.008580547409011
24828,8.906394202004137
24829,11.97523657430651
24830,7.844370174984164
24831,11.425305939956937
24832,15.604724341917679
24833,9.293867840551727
24834,10.864860701705139
24835,13.851189496517444
24836,12.593117888365931
24837,8.211075589117662
24838,6.160601083251548
24839,8.747420529277765
24840,8.89580411537059
24841,7.583097664773705
24842,10.26634501243011
24843,9.045952412349319
24844,8.820700234456657
24845,6.733678726601796
24846,12.071916681385346
24847,8.561222989850776
24848,8.104155282672346
24849,8.747854999735573
24850,8.96172356946253
24851,5.146272681134341
24852,9.542661180440259
24853,10.612976401293524
24854,12.605564483072046
24855,11.947229942754188
24856,4.926813642316974
24857,14.723463015633584
24858,12.111165303358938
24859,9.489646268291603
24860,6.243442973626024
24861,6.248212441873273
24862,11.415208386505666
24863,13.277033795058736
24864,9.990881954922905
24865,7.3338992783016845
24866,10.401237965604077
24867,8.626534263266455
24868,8.247583347297727
24869,7.0989876350609755
24870,9.396734360804212
24871,4.566379160932631
24872,10.162795345886455
24873,10.946172429776365
24874,10.193130890023301
24875,11.199621851983308
24876,9.569448629192598
24877,12.585275608941222
24878,10.149985498903476
24879,10.142941616067116
24880,9.108459065191848
24881,10.375986302666501
24882,9.743103626519773
24883,9.6822779209333
24884,7.997500341665054
24885,12.190245270914724
24886,6.559331662136125
24887,8.130900709597414
24888,13.117787490571274
24889,9.806828940142541
24890,13.126783077298896
24891,8.8191311457442
24892,9.789369344533181
24893,12.548986033783835
24894,8.091766816419192
24895,4.610981483981215
24896,7.361362333816848
24897,5.662210420586858
24898,11.123386877413944
24899,7.852085079806923
24900,5.311186320852366
24901,12.458597665953251
24902,8.364583067775941
24903,10.64104226823794
24904,9.462765615744287
24905,11.592704348985205
24906,11.909505846988065
24907,15.308355737620676
24908,12.215670839003096
24909,10.593376978227246
24910,11.25434004935679
24911,9.9079803802337
24912,12.115659412956397
24913,6.589766339299633
24914,9.74987450076145
24915,10.200857078477249
24916,11.974030338733382
24917,10.805769139621912
24918,10.71454857721382
24919,8.042103950931212
24920,8.533102658382365
24921,10.298263358792694
24922,8.78563324868893
24923,8.94882481874652
24924,7.441611078303124
24925,10.37481858075684
24926,11.481379625073352
24927,15.287332104341811
24928,8.008643010378185
24929,6.445849421825501
24930,9.392953405783418
24931,12.984552504591408
24932,7.657508806259694
24933,9.60176347236786
24934,11.120098820342658
24935,6.913840838315666
24936,11.262280127615451
24937,15.846617782753352
24938,8.90960195683789
24939,4.575793751831971
24940,8.536404056242258
24941,10.833812386967079
24942,7.952821339966289
24943,11.850359026809056
24944,8.655783290178475
24945,5.291236634328607
24946,9.012793572225679
24947,9.967048225036253
24948,9.975054719502534
24949,6.280865765596062
24950,9.053348447460221
24951,9.231447356136153
24952,8.21533446861124
24953,6.904624162702486
24954,10.922307054551066
24955,6.577415911901664
24956,6.604495711602554
24957,11.11141566539729
24958,8.33846111465134
24959,8.139072931682682
24960,17.152734047302307
24961,10.766371810850474
24962,11.97632079738629
24963,6.439525824801946
24964,11.52712170247183
24965,12.223147025766512
24966,11.246048490510795
24967,9.319831834934064
24968,9.752675602340773
24969,10.914792849613974
24970,9.330308525937335
24971,13.598405365117637
24972,9.054063025795221
24973,4.241916774487292
24974,12.708068478067563
24975,18.152706303768078
24976,10.54778439323213
24977,3.9759131701206085
24978,10.904583179572096
24979,7.399959952575064
24980,12.376702134942011
24981,4.663798726637187
24982,13.010693494321902
24983,10.989968605863016
24984,8.850063054753308
24985,8.5052176970628
24986,10.174614301747653
24987,12.11049417178745
24988,4.931862128425923
24989,10.998817343544575
24990,10.525495321394484
24991,7.679855981783858
24992,9.900273222236546
24993,11.897382938486349
24994,10.659613291077449
24995,10.681252695706906
24996,9.801850957780593
24997,9.055734271566822
24998,10.852521058493247
24999,8.000012470307654
