id,Age
15000,12.847359351400018
15001,11.746120289849896
15002,8.98554931074929
15003,10.372323378343866
15004,8.89248270586999
15005,9.500604760558831
15006,9.89516605062518
15007,8.087249535661046
15008,10.18980236404366
15009,11.13260865206349
15010,10.049604610409864
15011,9.84006717426377
15012,10.940851830863709
15013,17.71711066811457
15014,11.113655178568719
15015,7.374704615802408
15016,4.665796281606935
15017,10.429505564908064
15018,8.993095124045967
15019,10.344876229989557
15020,7.008988280047637
15021,11.808972344441878
15022,8.054518458008213
15023,4.0000000000000036
15024,9.089130744631246
15025,11.102002481149674
15026,6.3474018019763765
15027,11.061856465758824
15028,8.12288252102592
15029,11.36300433423561
15030,7.064811021744736
15031,10.169292263087977
15032,12.08538338530469
15033,9.133913891333188
15034,8.105190243012922
15035,9.572767236848774
15036,9.034448511643022
15037,10.435440971066852
15038,9.771886236037977
15039,14.40179907329041
15040,16.506350238921982
15041,6.8043970267989025
15042,8.152127030371508
15043,6.993465796992757
15044,8.64649734224661
15045,11.581283419119233
15046,9.605858563809798
15047,10.28976661464369
15048,12.695324304735996
15049,9.264028297315773
15050,8.715192507733994
15051,3.9680040240752104
15052,10.463532198062476
15053,10.687854662363636
15054,11.789610244115034
15055,10.191595254959884
15056,6.257239067116748
15057,17.807853625446164
15058,10.730416184427613
15059,12.283653909304343
15060,10.038384316647749
15061,8.000900137601642
15062,9.618383444170354
15063,8.329562784765551
15064,8.515592331911582
15065,7.319997532378476
15066,6.175170439216497
15067,10.983006060452444
15068,9.937827527299719
15069,7.012711451716232
15070,10.844204797501058
15071,8.729062422795975
15072,9.244587866533008
15073,6.801023889701023
15074,5.176868393889553
15075,5.856606962916397
15076,9.453387919341983
15077,9.9292733968939
15078,10.536052866351683
15079,10.248034112565142
15080,8.181517699677164
15081,11.012689116062122
15082,9.602879900415116
15083,10.028057971584383
15084,7.528766137313962
15085,10.026759296849383
15086,15.822503562661245
15087,7.123620704107957
15088,4.030499259767803
15089,9.84194315537581
15090,6.250515453571891
15091,6.9939050118429105
15092,9.660256157385009
15093,9.875358926335673
15094,10.903647948152555
15095,10.616493761479097
15096,10.484716473997553
15097,8.932056133170798
15098,5.006373168829458
15099,14.719732078995657
15100,17.996286377166356
15101,5.392649818609737
15102,9.97688073205609
15103,10.366715010796478
15104,8.820790557670383
15105,10.465995905319167
15106,9.376210956569258
15107,8.782808963807868
15108,9.705873561858086
15109,10.119116046065146
15110,10.045802836814728
15111,15.818470081711636
15112,5.997177729198574
15113,12.738052520954751
15114,8.385407727196958
15115,7.156926208435468
15116,9.281028550242238
15117,9.270796187997776
15118,9.068383822184549
15119,6.079493987141319
15120,13.262607125185783
15121,8.870818445411361
15122,8.896220944024451
15123,9.494615497177358
15124,8.681121747058297
15125,10.149648584668823
15126,6.333832305689672
15127,9.875160245299375
15128,12.267755647341287
15129,10.318684924798058
15130,7.046430346098065
15131,8.493106162113763
15132,11.568644480560176
15133,5.9430389026264905
15134,8.269268984763746
15135,10.202555515048372
15136,9.172918277096999
15137,9.949722806998023
15138,9.160767842167322
15139,11.1211318616738
15140,9.54909551815056
15141,7.947922588477498
15142,9.408729144524921
15143,7.381428872669812
15144,9.726316761024163
15145,8.342504342087816
15146,11.092303373466988
15147,5.996664508720011
15148,7.601589009685858
15149,10.031451301297102
15150,9.723101095180743
15151,10.77736068534053
15152,10.451238845195599
15153,9.370306505352525
15154,6.916415469381029
15155,9.78749826610125
15156,9.716822397381891
15157,7.980261098523529
15158,11.525701199404027
15159,10.745415628826438
15160,10.163342878506457
15161,10.43432632625059
15162,9.64335238205386
15163,11.083034545193568
15164,10.059650692332513
15165,9.545750197166855
15166,7.924495674890016
15167,7.018953072922548
15168,6.81839850015162
15169,11.60627759618425
15170,4.73930587007983
15171,9.039095060627792
15172,6.002077905923121
15173,7.945714117614818
15174,9.300862311688066
15175,7.8281631985155755
15176,10.805132699458634
15177,9.989063269491298
15178,5.991296403374152
15179,10.315768560662447
15180,14.0762407323946
15181,6.054857748094204
15182,14.576254734947339
15183,6.853989174871572
15184,7.9675241459143376
15185,9.570548071747
15186,10.86657466310668
15187,10.641452862401474
15188,11.085420206672657
15189,8.570165997135382
15190,7.361701188021465
15191,11.753393597093849
15192,5.093849882245616
15193,12.0809856808637
15194,9.15405359087252
15195,9.240375821987454
15196,9.526927049085037
15197,10.149108169671694
15198,7.3294333616277445
15199,8.041406496691556
15200,12.482836511598029
15201,12.03419947433351
15202,10.089424671768024
15203,10.406760943755765
15204,8.809646806374191
15205,13.301108528887548
15206,7.055739357032495
15207,11.14513346860812
15208,5.646595668343552
15209,13.01133703577146
15210,12.67076181439604
15211,9.971907176906646
15212,9.545067979202406
15213,8.033381499523509
15214,8.027778691153609
15215,4.653102134765745
15216,9.881104253461254
15217,8.448210711715825
15218,8.609787595302473
15219,11.469027682726912
15220,11.433803283428928
15221,5.330459905907375
15222,9.778996776212166
15223,8.00760791862727
15224,10.733215292572345
15225,10.168318688128123
15226,12.255267217357117
15227,9.449428882906007
15228,8.98350200746229
15229,8.964278188675651
15230,5.998160841730874
15231,12.794837832826301
15232,8.762393801415966
15233,8.270059325344887
15234,5.578544037591518
15235,12.290531944603158
15236,10.420222427948248
15237,10.279650294618255
15238,11.016333902522176
15239,8.121795647403681
15240,10.55606161203501
15241,10.169715708202697
15242,11.681072658525673
15243,10.78857157261326
15244,5.780273853613969
15245,9.961082472023763
15246,9.777007800998783
15247,7.085689381983276
15248,11.098282390760238
15249,10.016447017861113
15250,8.624605145070658
15251,7.339468230717232
15252,13.454045696882671
15253,6.2979524253412364
15254,10.130654425577228
15255,8.320540175368235
15256,10.937119002131412
15257,9.113702358602895
15258,9.965553862269152
15259,7.402408346863172
15260,11.613265300281318
15261,9.030016372549136
15262,7.320480452854024
15263,8.572226995668414
15264,8.338132195342839
15265,9.33462074696918
15266,9.847537081093252
15267,9.001034699487514
15268,7.019012135859539
15269,9.758194130926748
15270,4.719256777920647
15271,9.914971779191154
15272,12.749220047248853
15273,8.800765449575875
15274,10.792661785755618
15275,14.636574477998527
15276,6.9308418594213155
15277,9.34307950926114
15278,9.891931801728257
15279,9.974532656773311
15280,6.192725633051218
15281,10.894504987029888
15282,10.244906571600255
15283,9.299301454967972
15284,10.237896078185043
15285,11.457113586435847
15286,7.7055383872341565
15287,7.054986289890252
15288,10.040459914585368
15289,8.007086107836015
15290,11.295734565674662
15291,9.889839657923885
15292,7.024409720622016
15293,7.497886246258162
15294,6.005814328507878
15295,9.498144614853748
15296,10.920907904594676
15297,8.433535054784285
15298,17.082522289321865
15299,3.9365386521601358
15300,6.003724363601849
15301,6.0802925528627565
15302,13.865233737431941
15303,10.688308737742181
15304,10.642948576942066
15305,8.221934443909161
15306,9.266280413804969
15307,6.029292116239715
15308,6.946848572180695
15309,9.627976411483866
15310,10.412345754012387
15311,9.081816534422723
15312,10.727372693117408
15313,5.999455532848987
15314,12.265118433159786
15315,10.2491510414866
15316,9.745526891369648
15317,10.153472047642092
15318,10.230800033989118
15319,9.182426711999232
15320,9.941796218979514
15321,12.364455885939021
15322,5.448371201050968
15323,11.414971812437157
15324,11.748306858422238
15325,4.794476119647089
15326,7.2406100457506515
15327,4.884421655428679
15328,11.574146998712733
15329,7.0024503759293655
15330,6.193257653147462
15331,9.843951899278418
15332,7.65965319695219
15333,11.38165816446696
15334,10.36775190888858
15335,10.48691987444006
15336,14.210270052409813
15337,9.93607848838632
15338,9.407432493312148
15339,10.790884482956512
15340,11.374420665541637
15341,9.177138896959216
15342,9.936391349005758
15343,6.945503001724957
15344,4.689885560102218
15345,11.39992180018064
15346,10.810630887667964
15347,11.9815459080249
15348,10.621696371375544
15349,12.810554820033163
15350,9.846790612484392
15351,9.835747554552148
15352,16.043886096247412
15353,7.807655851425352
15354,9.941840399218597
15355,8.82000896965951
15356,11.934857913556167
15357,11.376857822492132
15358,11.310682860678364
15359,12.054738133744477
15360,10.49012820787903
15361,4.026879062660964
15362,8.06606029407853
15363,9.786139020565182
15364,7.697081709830556
15365,6.205325911357331
15366,12.964461076116615
15367,9.67465682238972
15368,7.003428738078334
15369,15.007932575759087
15370,7.981259627122887
15371,7.350960140307254
15372,8.001111981803968
15373,7.09644644334377
15374,10.318966162486317
15375,7.916591811996639
15376,9.400071424982277
15377,15.671244203114862
15378,7.570305095887338
15379,9.914424808942472
15380,9.335209606157521
15381,9.741056768973587
15382,8.380705411193459
15383,9.924304982923749
15384,7.64521513744025
15385,8.745925472525629
15386,6.88878311315081
15387,8.105016594094382
15388,7.057530614122365
15389,11.353541061101298
15390,7.983414609399237
15391,10.02970800594825
15392,9.868892961418192
15393,9.1439273635509
15394,17.149859509458075
15395,5.331290154562612
15396,10.65892959504807
15397,8.017219649302868
15398,11.675950608718368
15399,14.40317573217225
15400,10.612391779015374
15401,8.916486457112478
15402,6.082514581409843
15403,13.718655215678572
15404,8.77653431933597
15405,6.134283557527473
15406,8.654168469607756
15407,8.876256315399404
15408,10.122095877205966
15409,7.800380251608354
15410,11.361270461247214
15411,9.800745415368693
15412,12.583339904182319
15413,9.96524372709352
15414,11.705855940639873
15415,9.952006686039242
15416,10.146152278717762
15417,10.917206437428492
15418,10.810063343996417
15419,10.069115688168052
15420,11.350874263863398
15421,15.349941122694451
15422,9.450887732787875
15423,8.119047377904964
15424,5.735946750147339
15425,9.003002078280792
15426,8.704061762742528
15427,9.992507224155107
15428,10.127166777137175
15429,7.311627329849291
15430,12.865114280121793
15431,6.991896519939649
15432,9.418152704051709
15433,10.264172202099212
15434,9.31259208582228
15435,8.038763057413346
15436,6.998072796121187
15437,10.044676069651535
15438,9.645327222572545
15439,9.835307659466524
15440,10.274000072430658
15441,8.896091863649803
15442,7.33007896391646
15443,12.160363222090774
15444,9.953899215119494
15445,8.595185429135684
15446,10.403874713345742
15447,6.233738447176586
15448,10.349884115479453
15449,5.08637358946338
15450,8.684183835727351
15451,6.105702703900503
15452,10.108514499410886
15453,6.982240675940419
15454,7.395865316755616
15455,9.190898397211749
15456,12.338927026088756
15457,12.860490864401216
15458,10.1779618286481
15459,10.723819379846438
15460,6.001442590273578
15461,9.488472623773484
15462,12.172606208230862
15463,14.286802701464653
15464,9.823723590410248
15465,9.201488477815966
15466,6.970750485363546
15467,7.049744694691494
15468,14.578210583382793
15469,10.271123228995835
15470,7.084330126625661
15471,10.133256768864543
15472,7.955823309085984
15473,7.790372888419716
15474,7.032333758825132
15475,11.107013493420665
15476,13.794762066026196
15477,8.848762005542588
15478,11.350387786618045
15479,9.168409718031322
15480,9.88292201176507
15481,10.846325161828956
15482,7.050474750369105
15483,12.639976277045038
15484,8.98174145660972
15485,9.440122903428405
15486,7.475450461956578
15487,10.91210382655625
15488,8.125828507918085
15489,9.915198382956318
15490,11.722272304124564
15491,9.03490889765044
15492,10.499596448020162
15493,9.913531859857537
15494,5.55289640176381
15495,8.20447124084009
15496,10.270970717116205
15497,9.989226722629253
15498,9.424597228744352
15499,9.946003358687237
15500,10.171998621962436
15501,10.418382234372901
15502,6.136479515122232
15503,7.7694238827283915
15504,5.558818884312801
15505,6.817394468168601
15506,13.318334173455133
15507,13.073569736316378
15508,12.859844443091527
15509,9.529961334364616
15510,10.896398490949347
15511,8.823583745849676
15512,9.325045934678377
15513,6.976514318624279
15514,14.037604719435999
15515,6.9179676485468455
15516,14.672064239166643
15517,9.852727023673934
15518,6.960771089663641
15519,8.799353526141674
15520,10.894416304490823
15521,8.915154297041413
15522,12.364386751541675
15523,7.009172043796223
15524,9.356311444294322
15525,9.705100109196097
15526,11.541937132693986
15527,8.90343464407193
15528,17.59350550029056
15529,10.344615783371728
15530,5.4989843925534965
15531,10.181411173086092
15532,10.183236828579991
15533,9.497877221171523
15534,9.575442665116126
15535,4.901759861960772
15536,10.945226532563721
15537,12.68429132346858
15538,9.451860157800512
15539,12.845508764004878
15540,9.252880816823984
15541,10.167916845231948
15542,8.908864074639817
15543,9.5303499572605
15544,9.427312552022963
15545,10.327288816869219
15546,9.918510649930193
15547,12.438558592144156
15548,8.471121697350432
15549,8.970967005666575
15550,14.250862973999888
15551,12.587943234298935
15552,11.476479840943442
15553,10.003953576902267
15554,7.2809617753656095
15555,6.89263511767008
15556,3.9621197709317304
15557,7.550630398271991
15558,9.807930655360336
15559,7.166572760513807
15560,14.273134170859455
15561,9.919771663810307
15562,12.267387305110864
15563,11.610442013036627
15564,10.059904144773293
15565,6.024362815141648
15566,9.679063106331418
15567,10.437696029526945
15568,15.541193483496224
15569,8.862852159455903
15570,9.460736873530719
15571,9.748680024390483
15572,9.20046733001435
15573,6.980531341258972
15574,9.051200031858935
15575,11.570851954748884
15576,10.25729678737263
15577,15.343487170206847
15578,10.704312617808318
15579,14.264579038199104
15580,5.837444285999921
15581,11.068942071069602
15582,11.082842059570842
15583,7.771520403350937
15584,11.9605281782506
15585,9.167276351292726
15586,12.23256266517856
15587,10.010981875200683
15588,14.038041605553323
15589,9.788811636120789
15590,11.103639589026605
15591,7.012231449276925
15592,9.070845242195917
15593,8.647098169537704
15594,9.871438414001853
15595,5.997914824541084
15596,7.1432974301834875
15597,13.93472713230605
15598,9.047229791625943
15599,9.096338777974664
15600,4.090380544141181
15601,8.489783439285373
15602,8.824673370419548
15603,7.00082311019389
15604,8.763843960951698
15605,10.010298197728988
15606,6.024199242123418
15607,10.219423656757213
15608,9.226038797362554
15609,6.431655779872381
15610,5.9905142517334635
15611,7.397393604803021
15612,13.934869881469611
15613,11.614093402156831
15614,8.748469063102087
15615,8.33036451839713
15616,6.7687572256036574
15617,10.342006738878572
15618,14.252050615699646
15619,8.318316619872101
15620,9.836551890921251
15621,6.003330293936807
15622,6.1496047602282555
15623,7.426053447797056
15624,7.908996129423782
15625,11.441630686984931
15626,10.424389626416867
15627,16.424923325261673
15628,16.967493856854375
15629,10.034025767118548
15630,9.211825674150242
15631,8.444873662671393
15632,8.730769568848006
15633,6.0454409852445945
15634,10.342704695098744
15635,16.13502756602133
15636,11.068347338658265
15637,7.373372768357363
15638,8.079160986288946
15639,9.586795875528038
15640,11.206520551921932
15641,8.065519932780996
15642,8.96906631846676
15643,6.221283244164162
15644,8.100925947490639
15645,10.182921481064367
15646,8.726545633412483
15647,9.887141400143017
15648,10.914342624073578
15649,10.943550809977635
15650,11.608249293784256
15651,16.912013444514642
15652,7.860291429273593
15653,9.733619463314382
15654,6.963074461258694
15655,9.646484032754794
15656,9.216899547945255
15657,8.811622504597254
15658,11.141837009437507
15659,10.131686122443098
15660,10.335029634329095
15661,9.815946580880775
15662,7.951984631929609
15663,10.646729862917182
15664,13.257759097793096
15665,14.532317448622093
15666,10.022645271619302
15667,9.514730707401279
15668,8.901315429674769
15669,12.401516185579014
15670,10.284574584815955
15671,10.420310569545515
15672,8.177514646988735
15673,10.582661143733537
15674,9.803052191185378
15675,9.821823239171026
15676,11.076070427443328
15677,8.908790648922006
15678,10.622672269222827
15679,8.788372255852712
15680,9.979204875376512
15681,8.070966985980897
15682,9.510081579610718
15683,12.276833542358046
15684,6.283070405808214
15685,8.121363608733036
15686,11.634345763475915
15687,6.26683317851057
15688,7.257617198442089
15689,7.934764796791301
15690,11.638926001155506
15691,10.269570625101805
15692,14.41095025158347
15693,6.839118675409109
15694,9.441654091441256
15695,7.001682693327208
15696,9.767439373796778
15697,11.473914841340461
15698,10.497512800011611
15699,8.965677445733688
15700,9.688685398754371
15701,9.492015094485252
15702,8.97444931932362
15703,10.834061528822316
15704,11.081857172510587
15705,7.029195872610726
15706,8.985143549261116
15707,10.68935184074527
15708,9.712904358768105
15709,12.10141061623886
15710,15.668595255896625
15711,9.685996891342723
15712,10.468465222477677
15713,10.093986533384145
15714,8.337540615107338
15715,6.203209840877895
15716,6.195626305851317
15717,7.969383517160079
15718,13.025198222089847
15719,7.463059416319446
15720,10.054305975846939
15721,11.216756694922909
15722,6.019728647666081
15723,10.381156222519207
15724,8.20164926690799
15725,6.031878702396343
15726,11.297988631719994
15727,10.017290550903178
15728,6.000426226327738
15729,10.488717578352828
15730,8.828644900262189
15731,8.472263015695424
15732,10.630292466201636
15733,9.117146211268144
15734,8.978696141522308
15735,5.995960845093135
15736,10.077874859161396
15737,6.986046142346709
15738,8.551651694568358
15739,9.973732489483373
15740,8.05656390419116
15741,9.860615774165913
15742,9.95410585475697
15743,9.479186444498419
15744,10.06666661652592
15745,14.382480168828286
15746,5.37576560384224
15747,7.034076437787528
15748,9.784733375095636
15749,9.86466780200419
15750,8.259904005912047
15751,7.994344409736149
15752,9.704047266598225
15753,6.973592656791869
15754,10.526054400722538
15755,10.183600171779732
15756,9.428368696590033
15757,11.302124592836938
15758,9.641793529264794
15759,11.172284407369888
15760,8.551651475360407
15761,9.238547767459695
15762,13.486157424682405
15763,17.01821918442056
15764,8.833972700308186
15765,8.51624113954246
15766,12.995899289989937
15767,10.048285379057338
15768,8.492944534607622
15769,10.149884073181296
15770,9.110628591175468
15771,8.942986707735733
15772,10.71636745423468
15773,9.17206971986118
15774,7.4551399818251465
15775,10.673359325484347
15776,13.43469763470119
15777,6.9277120919460256
15778,7.967765444283799
15779,11.02197265391222
15780,6.979681445436142
15781,11.166915264368301
15782,9.721752051949386
15783,5.696140133226861
15784,10.013189758251348
15785,7.56125712598948
15786,7.463149261961906
15787,10.093586214754309
15788,10.292932931505211
15789,8.89671564935111
15790,7.045648922506084
15791,8.633931933792956
15792,9.797742942027542
15793,4.971331879392676
15794,10.881357020740916
15795,9.672336676477103
15796,5.987708049823546
15797,9.418535948406452
15798,9.883734688652881
15799,6.983624009484172
15800,13.265822288236803
15801,12.835440918407903
15802,8.116636498211756
15803,5.041113155611788
15804,6.945700135796507
15805,12.242020107558774
15806,9.051593099572822
15807,9.410399570476903
15808,14.683180623875343
15809,10.240451849586519
15810,11.469519821525902
15811,10.739148040866004
15812,10.163751395514916
15813,8.233078192207804
15814,5.979554539041299
15815,7.006100908343075
15816,10.589255267537704
15817,9.796497420774086
15818,10.559068501129607
15819,10.103854627616956
15820,15.800101314964982
15821,8.853309473955028
15822,10.30846025410863
15823,8.894326377864
15824,10.004352584221694
15825,9.199043222139755
15826,7.016979031434744
15827,7.856125380478099
15828,10.67506534817816
15829,10.399358216250038
15830,9.181170590197167
15831,9.816391169030242
15832,10.62930381432601
15833,14.892388118404389
15834,14.353111081049926
15835,9.766865287250505
15836,15.342716083342419
15837,6.822033049584983
15838,9.788305061996828
15839,8.404675085233338
15840,7.873228137862647
15841,14.129122590588166
15842,7.117708691136963
15843,10.609270785850343
15844,6.992569787852174
15845,14.618647318041516
15846,9.088803555163556
15847,9.276648999144149
15848,9.691856921116747
15849,10.287464325651674
15850,5.013601254112105
15851,9.874627329243596
15852,8.993582126199259
15853,8.687441833430698
15854,7.862958894187969
15855,17.768260451308983
15856,9.724935340496698
15857,9.097360154130099
15858,10.199710349278567
15859,11.140196289173575
15860,10.022827724619544
15861,9.297447489503286
15862,7.900803198285729
15863,8.88214037838281
15864,11.455280044330175
15865,10.393014322295128
15866,5.968216389952415
15867,10.32687068639015
15868,8.916284704299246
15869,7.098194022830812
15870,11.26641011144555
15871,17.18675099211704
15872,8.795797037687704
15873,9.554778354065947
15874,9.957090224090782
15875,8.694559195168816
15876,9.057020347230266
15877,10.150683736792788
15878,9.52046869519659
15879,10.308095152850777
15880,10.432268014003663
15881,10.307784767108016
15882,6.999020335237239
15883,7.070851441433847
15884,7.340622078808449
15885,10.41516773922284
15886,8.760045636004927
15887,7.240422672642026
15888,8.824067172702263
15889,9.785059697761808
15890,11.272958990400541
15891,13.29552369628417
15892,10.64073983488708
15893,6.988640669147941
15894,9.764228566937016
15895,10.774120243098194
15896,9.470931428649775
15897,11.339206860883971
15898,9.894349460274809
15899,9.715260456304582
15900,6.195626305851317
15901,11.837256363639797
15902,11.192512965746952
15903,8.181504058896147
15904,8.904376388555066
15905,10.633164013675502
15906,13.104695677134076
15907,8.027640319252514
15908,8.749499292795383
15909,9.826628613322589
15910,11.619740034547151
15911,8.510643745311134
15912,9.947840705721175
15913,5.989696247762078
15914,9.11350286050122
15915,9.751101312213402
15916,13.59073412131705
15917,9.254191263634743
15918,10.888964301966942
15919,9.16984874417036
15920,10.906735443138802
15921,8.74366923661263
15922,6.991391821557803
15923,10.917142807639612
15924,9.365952011286621
15925,10.136520547045242
15926,11.408861885478084
15927,12.034471176181116
15928,5.995814559180394
15929,9.614834088097288
15930,5.998832101285688
15931,7.8480796823909476
15932,9.289095662853518
15933,4.965992012311445
15934,10.637607690995926
15935,15.151216290215745
15936,9.291473561708132
15937,10.142537557601534
15938,9.854969978093484
15939,5.070121790647237
15940,6.976223211013359
15941,10.896383273608288
15942,10.559644941440594
15943,9.218240839973559
15944,9.586429785023691
15945,9.78743508059747
15946,9.3249683842251
15947,7.864616858127707
15948,7.920228460112204
15949,8.7104382414577
15950,14.583084306922212
15951,10.113820359489276
15952,6.158396737522827
15953,9.672737473995438
15954,10.3045098614517
15955,9.018871909734157
15956,6.185838458473748
15957,11.789094993665378
15958,15.772084358825284
15959,5.864510163162237
15960,10.17534694766769
15961,10.847152591246102
15962,16.281434122278696
15963,9.31820276177948
15964,10.061042507668242
15965,7.444935694556175
15966,10.606514399742336
15967,7.064345659591487
15968,9.667228273137505
15969,10.206831992138989
15970,10.088929795913996
15971,10.40183323894451
15972,7.871493579954926
15973,10.854690909990813
15974,6.104780034719491
15975,11.671841216819155
15976,9.699364174327398
15977,10.353662317881346
15978,10.966810007084044
15979,6.9667052356049854
15980,9.530279337998563
15981,8.01863364185481
15982,11.382600042291676
15983,10.441649816988319
15984,9.82528222376376
15985,11.144906951921422
15986,8.03246987771256
15987,9.457217406215987
15988,9.805241809681819
15989,11.080512311476204
15990,9.51739736607871
15991,8.31369704847346
15992,11.790045400237146
15993,7.97096443010831
15994,10.191130341768021
15995,8.318704461734674
15996,9.462048876263557
15997,11.548136466086822
15998,9.60640791177782
15999,10.990935279483077
16000,10.661773522341315
16001,14.192456598223876
16002,9.521104231733437
16003,14.270241470694002
16004,10.122394119214553
16005,12.769154785884593
16006,10.593759118200419
16007,10.16014237968883
16008,9.57589582745126
16009,5.362881660730867
16010,13.510736271035407
16011,13.505260763690094
16012,6.003975977838897
16013,11.157788704960305
16014,7.0093515049995645
16015,12.406085511022964
16016,13.854794285411229
16017,6.001017716560595
16018,9.78793398330327
16019,7.652541815458283
16020,9.820229194270942
16021,10.900052472138588
16022,13.138478011039998
16023,12.169254935467764
16024,9.427662374190588
16025,11.090147509566409
16026,13.904612321745455
16027,3.999559933441157
16028,5.3379487020216105
16029,9.185048470307512
16030,19.295908289656523
16031,9.217672932592729
16032,12.63327937896017
16033,10.21473418289491
16034,13.745669982581768
16035,11.390986451484958
16036,9.462836067953825
16037,10.895535827776788
16038,5.576753990443639
16039,9.192111992057777
16040,11.258342350274072
16041,6.957165504626541
16042,6.948031755842264
16043,10.030033579337731
16044,10.321206747314188
16045,11.492081103223276
16046,13.419575090669687
16047,8.683422810163256
16048,9.39069756477239
16049,10.631054298065242
16050,10.94586812417735
16051,7.065121399211508
16052,11.576725350235284
16053,13.71281233484862
16054,7.992505103718939
16055,19.5849277213067
16056,10.28193893002563
16057,10.259421934969202
16058,19.984831164350588
16059,9.742406477079987
16060,13.534518475103399
16061,6.163962430121362
16062,4.818742503981977
16063,16.759342981428453
16064,9.509858478385214
16065,10.094384286656252
16066,8.77788649214756
16067,9.47164020585103
16068,13.332363669115784
16069,10.321820374407574
16070,9.108421978676864
16071,10.10237682037778
16072,7.134235115087714
16073,11.074898065850233
16074,10.441315287649852
16075,9.33579825883678
16076,9.622844206194303
16077,7.97088552515833
16078,11.50439758159519
16079,9.71246162678464
16080,10.025942285189943
16081,9.46794844503386
16082,9.366544099810172
16083,3.9172478660208823
16084,8.733737472554845
16085,8.093580397869554
16086,6.044496354558747
16087,7.959793341844769
16088,8.046081793658848
16089,7.534544015373124
16090,13.867974816339759
16091,10.502825196738035
16092,12.356533239998699
16093,12.219827399025112
16094,13.683796407691402
16095,6.264782980472884
16096,8.014587892976222
16097,6.056474202868442
16098,9.256560728681938
16099,9.193389914062353
16100,9.7249898466971
16101,13.255226268853095
16102,9.70726022273312
16103,6.367646051974843
16104,8.040083501767265
16105,7.910595699992042
16106,9.747274788889522
16107,9.22236068781932
16108,11.199134627089196
16109,9.42415606907287
16110,8.04809118568039
16111,7.374229212712198
16112,7.935790765219004
16113,10.641758215443614
16114,10.659933613337829
16115,4.034878522255642
16116,10.301027011775345
16117,9.97863575836484
16118,12.307695437981502
16119,11.966890000305485
16120,9.06963264329634
16121,10.008976192370502
16122,10.069042428361792
16123,6.957435592151038
16124,10.555409136527727
16125,5.785223177703226
16126,11.522535132744858
16127,9.520652085287152
16128,11.111979576951112
16129,9.39989973890644
16130,10.820469886867633
16131,10.7397215926754
16132,9.162043461540295
16133,8.505837333566403
16134,10.850066395057906
16135,6.973099738825118
16136,9.542220263501504
16137,11.149534479875426
16138,7.091717741889356
16139,9.097602560441723
16140,13.21655195480305
16141,13.102624532941059
16142,12.772557068195061
16143,9.413253661370215
16144,10.769301265084158
16145,8.54338126457265
16146,10.061218142789977
16147,9.042372260159356
16148,5.089233216189527
16149,9.74849605096104
16150,8.003479245718628
16151,9.046716267964543
16152,9.862738927516903
16153,6.972723634470082
16154,9.058728110814029
16155,9.21859041405378
16156,11.559261885743338
16157,14.091393680954988
16158,8.060012124002304
16159,6.182172500509289
16160,14.447577936936286
16161,8.03684478514427
16162,14.020404953672818
16163,8.321614483740492
16164,10.936535536062438
16165,9.09870502477328
16166,7.9969840232049805
16167,9.565088043037369
16168,8.387921388304322
16169,10.298533375822748
16170,13.811118344004475
16171,6.176857166314545
16172,15.587549290781569
16173,10.330507763455001
16174,7.021546352054983
16175,11.882492694698596
16176,4.710272233286522
16177,9.572138069150187
16178,7.030456790887209
16179,5.379296744657273
16180,8.873398662778852
16181,9.865025545003936
16182,9.973770040025466
16183,10.097490124364091
16184,9.523813217050572
16185,6.27474977792637
16186,9.955501018105677
16187,9.186545515248886
16188,10.047617355986214
16189,15.093153774427977
16190,4.4704405425288565
16191,10.25441791210398
16192,9.295448645309746
16193,9.82390222658787
16194,8.011438300923546
16195,7.465213613597102
16196,12.583594920023794
16197,8.323239650253571
16198,9.792218202229124
16199,10.034000585928206
16200,11.425440457744779
16201,12.40906795012207
16202,9.294064920767392
16203,11.13844151962366
16204,5.10106626103333
16205,10.626389697458011
16206,9.092705590336339
16207,12.908496403797303
16208,9.912727573890498
16209,8.940283793444033
16210,7.308821509178946
16211,3.995883308849396
16212,6.9800191249869705
16213,13.912195449652375
16214,4.584285301278593
16215,9.173678690888673
16216,8.396135982474744
16217,13.10815639727637
16218,9.198749972523258
16219,9.474450235210108
16220,7.525823992712153
16221,7.752067531000318
16222,10.189208922576762
16223,6.2737313840809374
16224,10.432296003170352
16225,10.178862820990938
16226,5.956737668261528
16227,10.94151867577934
16228,7.02051789145011
16229,5.064080960535522
16230,10.21586261937273
16231,10.9233704333419
16232,6.935101451269222
16233,9.665321290235164
16234,7.008630293541163
16235,6.077043408417953
16236,8.908608808221457
16237,11.558993133517584
16238,8.223355071243303
16239,10.05968700307565
16240,6.002248662586371
16241,7.396195935857026
16242,8.347161112046825
16243,9.508071287405729
16244,8.115585474890294
16245,5.692888172503951
16246,12.239304022276977
16247,6.442228502363566
16248,11.810861962218508
16249,10.319682471556051
16250,8.681698154298067
16251,9.678384388991025
16252,8.083386343908339
16253,9.801576987023951
16254,9.987320244448762
16255,8.557404725830624
16256,11.095924944474001
16257,7.930965464034891
16258,10.994937662094541
16259,13.673495958210355
16260,10.431123546742304
16261,19.378413985526535
16262,10.177552887510023
16263,13.57288640689463
16264,13.332102939720473
16265,11.295578636919535
16266,10.94615246034642
16267,9.780428181156095
16268,9.523894923524557
16269,11.631114710215856
16270,8.884351939447127
16271,15.55248085061604
16272,8.408836436852441
16273,9.920731653131794
16274,8.907499418449783
16275,9.090621398001522
16276,7.061217106598383
16277,6.947790963811979
16278,10.098031338064098
16279,13.418570734630164
16280,11.086692788321729
16281,8.025434607563904
16282,8.979968210115329
16283,6.990836522510117
16284,9.06913531860202
16285,11.399423591769702
16286,7.844197295769764
16287,6.87468928247978
16288,9.345731692140584
16289,9.116805972318142
16290,10.133457004641881
16291,8.889880911362107
16292,6.146483899674639
16293,4.160042419887868
16294,9.78848630916407
16295,6.012342563791579
16296,11.705323210532304
16297,12.089271679327181
16298,10.197504853801606
16299,9.686244723505597
16300,7.903630109329994
16301,7.473174607659571
16302,11.391863353808516
16303,6.117549384969189
16304,10.68524867411862
16305,10.689149424461407
16306,3.999559933441157
16307,13.400511458434467
16308,9.956227456018352
16309,6.162210954292441
16310,7.0934499023385325
16311,8.491312139420378
16312,5.990010442969386
16313,11.1743061828069
16314,7.575860872283265
16315,10.15402756646708
16316,10.545898729060857
16317,10.119808792305461
16318,6.00558531802999
16319,9.204876377723421
16320,9.993038479673926
16321,12.998180367857076
16322,9.983597335773867
16323,10.937635068989527
16324,8.78567636539515
16325,5.946538239689193
16326,11.421440595950104
16327,11.1588519572994
16328,7.4324603417544886
16329,6.448679941460542
16330,7.563173968271652
16331,8.337897790801994
16332,10.915478798086186
16333,10.97421193445055
16334,13.24110820956363
16335,12.694413624094485
16336,10.320670789293535
16337,6.012209501790955
16338,8.685690020976795
16339,10.361735196698964
16340,9.664906066558855
16341,7.640943234129946
16342,15.549243680372497
16343,10.537846651393833
16344,10.083498914032338
16345,10.464105629716125
16346,9.979627305911324
16347,9.917813456069906
16348,10.696266900972367
16349,15.614437181867041
16350,12.352914803781092
16351,8.869380728167174
16352,10.90155551321728
16353,8.686418034010652
16354,10.048489480851758
16355,8.175156130738666
16356,8.934122181729775
16357,10.96982785855314
16358,11.404075961590928
16359,9.033739847990445
16360,10.241281075983744
16361,6.423688946628371
16362,9.611419747498482
16363,14.672789268070543
16364,9.944777857692037
16365,9.631248439414891
16366,8.941624027399028
16367,9.900931121536187
16368,7.4814098238868585
16369,14.524687400403932
16370,15.001330243231548
16371,6.397453260478683
16372,10.874235794295293
16373,8.419009026168629
16374,12.420746861031928
16375,8.903840612075259
16376,6.867865454057023
16377,9.9374326213995
16378,6.035434665985472
16379,10.72295216616507
16380,12.502472098012985
16381,8.863106300804725
16382,12.322290702740043
16383,9.19710506708841
16384,7.89929351978158
16385,9.980759080482047
16386,10.776360800460482
16387,9.043200319078855
16388,7.9405618937171845
16389,7.884956884151444
16390,8.508078229346173
16391,10.872420660699705
16392,11.442360237518054
16393,9.790731995678323
16394,10.281884369162745
16395,8.788138059529986
16396,12.109853917322939
16397,7.947619562742572
16398,9.88808920287802
16399,6.423416571656974
16400,11.759554174117488
16401,14.625572924928198
16402,9.695759967004234
16403,11.192017039704362
16404,13.105656160622525
16405,6.9069919637711905
16406,15.131048986478516
16407,10.06613920333187
16408,10.901517956442634
16409,10.336269592052881
16410,10.300573431173143
16411,8.860034494807229
16412,9.149380055720512
16413,9.920690963491444
16414,15.170755064071814
16415,11.24674583263428
16416,11.392202153857914
16417,9.842200908765788
16418,8.087699487696609
16419,7.194297338592978
16420,6.02486502784291
16421,7.927705479911369
16422,8.706190136104427
16423,9.517659427043201
16424,15.729505429600051
16425,7.075186293313701
16426,10.183052860709962
16427,12.793567862777754
16428,11.378597261221499
16429,5.071950888890221
16430,7.755434687415066
16431,10.236067592796578
16432,7.399881031878937
16433,7.6289413897711125
16434,5.122182874057315
16435,7.352539315474793
16436,7.795573751801605
16437,5.2605026731718345
16438,9.716454793234677
16439,8.751391014160538
16440,10.6312584580731
16441,9.49925937358377
16442,8.94043182865053
16443,11.029052489946467
16444,11.05441181847491
16445,11.103648097782932
16446,10.508749517379476
16447,5.04565284637296
16448,7.671771891525328
16449,9.796351977576444
16450,4.916827470373948
16451,8.042256088355904
16452,9.726803958797499
16453,9.324821196126953
16454,13.851327626607963
16455,13.591374911617946
16456,14.672083294612074
16457,8.027515324860323
16458,8.900647750427142
16459,9.876050644353155
16460,14.502475483653265
16461,13.310607929134848
16462,11.046428139891065
16463,5.564460810951177
16464,7.44440846830263
16465,4.929303703249804
16466,10.457086835771742
16467,9.704100171782427
16468,10.734729634351352
16469,10.65282973125086
16470,8.335532090532366
16471,10.02887359105143
16472,14.078628185989617
16473,7.015814045436159
16474,9.566956329214507
16475,9.44318863295297
16476,9.459376415636546
16477,5.930735219070437
16478,9.756223320907752
16479,6.253019960099527
16480,10.626722409183644
16481,7.892407034727055
16482,10.810080488409762
16483,9.221080155516267
16484,9.295203649243797
16485,11.636970259177884
16486,10.161608917187932
16487,10.166186455695245
16488,7.954459470456817
16489,10.239861800509862
16490,9.0340628166014
16491,9.383789711103427
16492,8.882733637303383
16493,10.080847983601425
16494,10.092375469102661
16495,9.584573171220514
16496,9.880110879713515
16497,8.864172912988524
16498,8.881934564320877
16499,9.299754361145196
16500,9.990379080211946
16501,11.73312265658142
16502,10.451875520325784
16503,10.966773515324173
16504,15.933840920419767
16505,8.517513324941254
16506,6.194698982261976
16507,8.175005123039826
16508,12.34065487083201
16509,5.703305259935128
16510,9.918875062513672
16511,9.537983037030942
16512,8.904756487287075
16513,13.62877895215516
16514,14.78675974926607
16515,5.360973804500358
16516,10.802164679066673
16517,11.384085927413858
16518,9.140456538286925
16519,7.070347768528766
16520,12.210757779350983
16521,7.303131613815941
16522,12.042205401210358
16523,11.226046090257208
16524,10.821124400145768
16525,5.301406888332318
16526,6.984810581801806
16527,11.347450076353818
16528,13.969856404285755
16529,10.058975276708663
16530,6.949804236650623
16531,11.149907354635546
16532,11.461039638574269
16533,11.968951184856264
16534,10.346291887480506
16535,9.967728111077497
16536,8.803922010548673
16537,4.188539398946434
16538,7.504336503322573
16539,6.250361365156012
16540,5.364634795236464
16541,10.156142132873518
16542,6.001330843064414
16543,8.852038849912566
16544,7.1812955098930065
16545,7.449204015398456
16546,7.314909382462075
16547,8.998518059532435
16548,14.453107152396685
16549,7.366786861962849
16550,8.365738210781787
16551,10.735940502306358
16552,10.261931401520817
16553,6.537161657081205
16554,5.581553201445074
16555,11.104679904945728
16556,9.17353945650848
16557,10.172564168460747
16558,13.966049332002639
16559,3.999559933441157
16560,9.321183662839767
16561,9.859716837949287
16562,7.484521501806178
16563,11.033603062368696
16564,9.539899524742127
16565,14.494765982142093
16566,11.455828678518001
16567,6.7041324575856684
16568,9.332077320102128
16569,9.21052270087493
16570,6.82198246222703
16571,7.528046897105716
16572,7.1032958891739195
16573,8.107362233055921
16574,8.625735079443631
16575,9.659078600784364
16576,12.893014338818075
16577,8.416025783356185
16578,9.248726314040402
16579,9.04961610084752
16580,10.826900839044415
16581,17.17935929018177
16582,9.634970296986724
16583,8.571841423414105
16584,11.768147592235247
16585,8.64715877173341
16586,9.948958995369063
16587,6.3991433794131645
16588,10.073785823693017
16589,9.253828910437795
16590,5.984941429939507
16591,11.473016854866623
16592,11.896554148413847
16593,7.816561926862946
16594,8.966281666298523
16595,15.042201800997185
16596,9.754818112953382
16597,11.34480608537615
16598,19.18666457258366
16599,9.10248939169078
16600,6.00306667087264
16601,7.15510934915809
16602,9.999222885496527
16603,7.99238517952884
16604,7.971367328636923
16605,8.726967579170024
16606,8.765853208993606
16607,5.943396405845556
16608,14.099230088528875
16609,10.08477084647246
16610,10.09976505798335
16611,11.774609996003631
16612,10.352090032439238
16613,6.811969422627989
16614,9.088831019748342
16615,9.757567384232905
16616,12.572509913479154
16617,9.676240251847355
16618,14.248777366109712
16619,9.363579189438218
16620,9.898816753407425
16621,9.158295924894853
16622,8.964713871818875
16623,13.039689052932557
16624,10.218699625547677
16625,12.52625508508928
16626,12.901061085746464
16627,11.320276721555247
16628,10.565473523505565
16629,10.447490748412351
16630,9.93039611070972
16631,7.195088336270409
16632,10.942894115582261
16633,9.317614615518215
16634,11.24517391623115
16635,8.000453087449005
16636,12.583775269662164
16637,17.673408773879068
16638,8.833323806824152
16639,12.643540165310553
16640,16.4582356962855
16641,9.565992924821286
16642,10.427399408927455
16643,12.197052964352837
16644,8.603054675565508
16645,9.63782187246778
16646,8.88786866353786
16647,10.775752536652108
16648,7.959322650983443
16649,7.016860884646915
16650,10.309477087451794
16651,12.291636673390565
16652,10.93506176926279
16653,10.16461531893801
16654,7.153006914305255
16655,11.541707395710963
16656,12.756359929957894
16657,5.639561123845957
16658,17.521501183886926
16659,8.925695918412154
16660,7.140816526949626
16661,7.00199463726525
16662,9.570416101578674
16663,9.999094753808508
16664,11.232727575033762
16665,9.772890998892825
16666,11.357759992225487
16667,9.108583090981684
16668,9.684305397905705
16669,8.730710262174787
16670,6.28917794557907
16671,9.350041768992812
16672,7.987159235559247
16673,7.856257610450362
16674,12.343974347796985
16675,8.924471432063582
16676,10.993030079165875
16677,10.480245778442113
16678,8.64878037180816
16679,6.794275043453364
16680,11.463843982346178
16681,8.0558947763134
16682,8.002159221435333
16683,8.588183495006367
16684,12.703269518888577
16685,11.405083863647404
16686,9.893981635323504
16687,15.116004208833319
16688,9.98557193842777
16689,9.69757293494879
16690,7.949047795850655
16691,6.003946748756864
16692,9.334807819980691
16693,6.963844082648119
16694,8.499412783537165
16695,15.426313033512356
16696,7.334667258782426
16697,4.992445668535315
16698,18.89298866163562
16699,11.204907963816742
16700,7.263429336214925
16701,5.178768705927773
16702,7.247612843524307
16703,5.961249528906658
16704,9.006450835381978
16705,9.216451538607005
16706,4.613097914750648
16707,8.967566372440801
16708,7.654688135362727
16709,8.572835133865025
16710,10.05968786312843
16711,10.145213358300216
16712,12.547226350840747
16713,10.84270848116111
16714,10.150968440934976
16715,5.91061109079382
16716,10.439203092270342
16717,11.757170816608175
16718,10.687420258764599
16719,14.456429140975457
16720,11.179263844856967
16721,10.167903252028681
16722,15.576804721155478
16723,13.298015302825627
16724,13.987095982403924
16725,11.035408212052085
16726,9.25831912140253
16727,14.203253792571301
16728,14.886200662190953
16729,10.762011344837417
16730,6.848710401902128
16731,11.949831984701179
16732,14.035952241020935
16733,8.123655029185818
16734,9.869243496421932
16735,9.97300667726696
16736,9.185335250366256
16737,9.18914549882391
16738,11.502373082803553
16739,10.01239163818063
16740,11.264153509918474
16741,10.4599216107864
16742,8.214620325193765
16743,10.448520636508222
16744,7.004331557013959
16745,9.099832825979759
16746,9.44715189731244
16747,6.967829581291214
16748,9.81633750460342
16749,9.8412947047793
16750,8.190340224693925
16751,11.311171032888273
16752,7.84808179899526
16753,5.262219223999774
16754,9.3370676620579
16755,9.640279554305922
16756,5.9994324464386
16757,9.697414367820448
16758,9.117012680240508
16759,10.131225287239344
16760,7.220956276333753
16761,9.9530599995897
16762,11.290862049431874
16763,9.465079774566037
16764,4.974933309150329
16765,10.360911597143504
16766,6.309670041286866
16767,9.482267883169632
16768,9.167374395067108
16769,12.42571733801575
16770,15.874780523150699
16771,8.979756751293829
16772,6.161264686579246
16773,11.02056544399323
16774,7.7560061573535375
16775,11.20934568467401
16776,9.494338032381831
16777,7.252857841836475
16778,11.297657066126527
16779,7.991010536022143
16780,7.356149830978362
16781,7.0876972897022466
16782,8.556409518891625
16783,8.544441841360657
16784,13.146837522950209
16785,11.637262185444667
16786,4.985801696155192
16787,8.752114005202445
16788,8.903762941059709
16789,6.938250838967065
16790,9.75088584938671
16791,10.484861701977872
16792,10.35118372432668
16793,9.889285372896643
16794,10.281540346775232
16795,8.241916155813074
16796,11.052481781560997
16797,9.844402487819385
16798,13.845880537893295
16799,9.96142588081551
16800,10.09441632787822
16801,13.909601792298949
16802,7.2061047036698
16803,8.874308077549587
16804,8.560738981142569
16805,6.194698982261976
16806,11.168498465999795
16807,11.080647163628653
16808,9.530774635764677
16809,7.088356847711765
16810,9.434460748076871
16811,9.395286174436935
16812,13.285207436414007
16813,10.879656772597256
16814,9.172933594509159
16815,9.494280657037185
16816,10.872922458900502
16817,11.629266681449321
16818,9.176698722181493
16819,11.464535963137903
16820,7.848217584319865
16821,10.11244101134452
16822,7.050662855296489
16823,6.990823821883996
16824,7.5875143718623175
16825,11.506098463992332
16826,7.961795850419751
16827,7.4101722550599884
16828,9.372920379163768
16829,4.814424261852993
16830,10.172635811718854
16831,10.072754818799096
16832,11.004663552798776
16833,7.039078412034785
16834,9.300950753865946
16835,9.721709509321235
16836,8.298848287218076
16837,8.750539883702038
16838,8.6000852741709
16839,8.170529826136496
16840,11.611552670598913
16841,12.43131884969471
16842,9.951466820808372
16843,11.247315203768538
16844,6.093881351965161
16845,6.248593224932375
16846,7.286393398768995
16847,7.186968698006895
16848,13.930524766492939
16849,10.188374335763752
16850,10.809176862042234
16851,11.424793333715415
16852,13.316109451973654
16853,8.972751792026544
16854,6.3526138499810685
16855,11.589143377202253
16856,10.003949092633869
16857,15.445821649806534
16858,11.746562659760825
16859,6.904960401900185
16860,9.183782980527583
16861,4.940920444359944
16862,10.13364900027454
16863,4.035056421033804
16864,7.963726459465427
16865,9.223109773245325
16866,4.00369754557371
16867,9.445692574043646
16868,8.947588675821263
16869,9.467434400498396
16870,13.728265590177918
16871,4.841936588676626
16872,5.496150212617498
16873,7.789660298710352
16874,6.999478575661394
16875,9.563579482042757
16876,8.82308432187367
16877,9.109956229364618
16878,9.615291918189042
16879,9.73310805803949
16880,8.082665728068923
16881,5.171117870313563
16882,7.726240565747702
16883,3.9911821551466864
16884,12.380760150679174
16885,6.268119307191547
16886,13.429052508288843
16887,15.696375724403117
16888,8.313175480076842
16889,17.52042902815927
16890,7.956256835879259
16891,9.107274795349591
16892,10.877217194805644
16893,17.286462544882916
16894,10.615570567752192
16895,9.926766951886735
16896,10.453667944166083
16897,11.249141315212372
16898,9.12191723912411
16899,9.66562804747099
16900,12.422195794975105
16901,9.063621976237515
16902,8.291643137737742
16903,4.746430462205565
16904,12.459614930495034
16905,7.080983214030251
16906,10.457851320450375
16907,12.119753054409683
16908,7.032568891672996
16909,6.048630667394091
16910,6.941607561988434
16911,6.852277856596572
16912,11.439916761436615
16913,10.68255303874111
16914,8.781743699362467
16915,6.89346893055286
16916,15.643016416742936
16917,14.988429978556342
16918,7.266200139387486
16919,9.598072843074346
16920,6.95418375179573
16921,10.393163630261073
16922,7.058891250738574
16923,9.631892747119737
16924,9.815716296525428
16925,10.991022195196434
16926,9.97756916880794
16927,11.72777124908754
16928,6.951319464115791
16929,6.891934940135084
16930,10.478614164382149
16931,5.963778352900743
16932,8.784625654137782
16933,8.888467505427998
16934,7.141574654965501
16935,14.4122161405573
16936,9.153331023331
16937,9.38155489643331
16938,7.718582855354564
16939,6.1644701219545315
16940,9.849810369041004
16941,7.9400172632501445
16942,8.662693596521057
16943,12.187958572215026
16944,14.453249635371064
16945,9.805840950372241
16946,4.446607898387772
16947,10.46469847397068
16948,8.242226115799648
16949,6.993368096769176
16950,13.226588773940486
16951,10.052971693577172
16952,7.084292470470922
16953,11.162241039170747
16954,7.676051151612445
16955,14.431953513396033
16956,10.320212964313841
16957,10.96042688928082
16958,13.620296676685486
16959,9.134829087900455
16960,8.556778940657251
16961,10.174509823807876
16962,12.187319216899427
16963,20.92454627796787
16964,8.8729611055151
16965,11.06378694261541
16966,6.214091001812815
16967,9.724039912697803
16968,12.099219635248689
16969,10.540447935083828
16970,11.236848400305165
16971,16.7935920557538
16972,11.140102844899994
16973,9.612297278968095
16974,10.06150264328127
16975,8.993864769934723
16976,10.69614867527383
16977,10.328069435094195
16978,10.54496706121248
16979,9.96088766137476
16980,7.759616250162429
16981,11.355996051854897
16982,10.152271612518964
16983,11.532735791784779
16984,8.969136095771352
16985,6.91334646063704
16986,7.01107562900858
16987,10.126979598988529
16988,7.957122097552013
16989,9.125149754332542
16990,11.043557047215488
16991,8.816750737341705
16992,9.440444607632303
16993,10.162654269605605
16994,10.88772343728432
16995,9.829298570495785
16996,10.062309872478417
16997,9.925007148893942
16998,10.032346259677523
16999,13.335024762454678
17000,9.949960280990796
17001,12.402287290686806
17002,9.899447663105095
17003,14.360884925015187
17004,11.62867285764643
17005,11.09281310191716
17006,10.166101576755404
17007,5.492503024234735
17008,11.8269528613568
17009,5.985843928300836
17010,14.035037079591154
17011,7.354639458450027
17012,8.956385127280383
17013,6.476841559608452
17014,8.091814753160635
17015,7.929126166834619
17016,9.208546729434884
17017,11.341877874995562
17018,9.130132804456645
17019,9.379053171067133
17020,5.436574710941115
17021,6.95614661548939
17022,12.656244244274147
17023,5.6277377314790975
17024,10.824914444727915
17025,9.127520671250812
17026,9.27439808016276
17027,9.898766473909289
17028,10.328093043488005
17029,8.24917874908291
17030,13.770560448067409
17031,5.757298751060607
17032,8.809069172254494
17033,9.831778512660444
17034,11.440039978643545
17035,12.398342786229195
17036,7.889168442646641
17037,9.949684698408143
17038,10.787777033963879
17039,6.040018408670388
17040,9.978242360859694
17041,9.162075279952417
17042,10.376454659821588
17043,10.611895078353827
17044,10.504021572180156
17045,9.901637662294847
17046,9.729432839140005
17047,9.180884579540754
17048,7.0201199084966
17049,10.364056340009396
17050,10.292570339467067
17051,9.839612700165963
17052,6.9240867088553575
17053,15.390195970028524
17054,9.063742004429796
17055,10.103486609629796
17056,8.065307714015999
17057,10.679099503602567
17058,10.596720588131072
17059,10.635367148194293
17060,9.952473788321031
17061,4.940416251818581
17062,11.57281392346014
17063,16.86822417847995
17064,9.125424451137183
17065,8.615813892604804
17066,8.949003766742473
17067,8.743406066838022
17068,4.959305929039777
17069,10.606471307801081
17070,9.67377074433191
17071,7.872120721603963
17072,9.866492895201146
17073,10.146112527439987
17074,11.000993408756445
17075,10.652745608089587
17076,10.166316814867171
17077,14.265681770829145
17078,7.826430318111763
17079,9.333101025403534
17080,10.01999197359793
17081,12.076715418301964
17082,7.7108458048196695
17083,9.75938772072733
17084,12.680392470139958
17085,7.826182784154232
17086,7.514896338617165
17087,8.605560809910434
17088,6.865091288966122
17089,8.842416786388744
17090,9.466314298768578
17091,14.639998238758212
17092,13.066855603835718
17093,9.40370297632556
17094,10.892127025562486
17095,7.844220785103467
17096,7.933999332729304
17097,8.123698006968796
17098,4.935650751295971
17099,10.89244027662996
17100,9.895022924441042
17101,9.133705135033518
17102,6.01196781147293
17103,7.689735028365982
17104,5.024966399747096
17105,8.81307657517729
17106,12.741164247339393
17107,10.041172343851882
17108,10.590940758671712
17109,10.383768044152704
17110,7.983350303191507
17111,10.653196071122418
17112,10.287625139989954
17113,6.005021081559075
17114,7.063649548858571
17115,12.392028583682054
17116,10.640697331238856
17117,12.142918544833902
17118,7.534403753525211
17119,7.934626606317179
17120,17.848725362934893
17121,8.87570066625287
17122,10.539944648192462
17123,6.989117647056448
17124,8.433810448607959
17125,9.240792350324194
17126,10.25336965930777
17127,9.95580569707081
17128,9.399778923840644
17129,7.676510255481034
17130,8.693723095365323
17131,8.391457417292282
17132,8.86505710480356
17133,11.162552798133317
17134,8.17460950702396
17135,7.069283325350405
17136,10.789324913491567
17137,11.558930554600918
17138,12.092439792313689
17139,11.67543505219591
17140,9.808011048773961
17141,14.935072150224782
17142,10.56312814831954
17143,6.882924968456267
17144,7.500820605895001
17145,6.871467963719965
17146,12.520542207732651
17147,13.992932030943402
17148,10.179038716721594
17149,11.229533885128825
17150,4.99179823523935
17151,6.030717492138226
17152,7.874359517017801
17153,7.954264074931611
17154,15.03453497826637
17155,8.406976780298661
17156,5.812711622425701
17157,8.558737188162597
17158,11.405801787218712
17159,9.582185536440198
17160,12.784187840291429
17161,5.313321722053267
17162,5.043695581541523
17163,10.014922599935689
17164,9.91786983945252
17165,13.153101806822788
17166,7.81839297118222
17167,8.540947728412684
17168,8.846169003403114
17169,14.766630465050229
17170,8.926329567364506
17171,9.320248286061977
17172,9.87183362010652
17173,7.941767883282671
17174,3.9736711819361235
17175,6.251789119157863
17176,9.663564108150643
17177,7.896719061184541
17178,5.407247186898331
17179,9.233812616382659
17180,11.263879446529407
17181,6.01230642477986
17182,7.457861704650336
17183,7.893393785455157
17184,11.893870892537945
17185,13.85327044171518
17186,8.781096470423202
17187,6.0134581742064235
17188,5.045182169314461
17189,8.960205639421643
17190,11.022352201843633
17191,7.851454092963962
17192,9.008867570725153
17193,8.855505610168676
17194,7.512704085947432
17195,10.162765217716801
17196,10.758262529904483
17197,6.1935024556251825
17198,9.881491038277515
17199,8.894053071101466
17200,9.83943834923741
17201,7.041728076003734
17202,9.70686283828354
17203,7.740055786101552
17204,7.896786114180276
17205,9.421522765838274
17206,7.587239792710664
17207,8.851741830158835
17208,7.371473941872129
17209,8.938981186258284
17210,9.495062607628492
17211,9.316465875943349
17212,10.71415234334299
17213,9.588504210889864
17214,9.916348915302345
17215,9.819318092130073
17216,8.931026721210186
17217,10.026204529336349
17218,7.089784197992783
17219,7.843466383545765
17220,11.778757350653352
17221,10.343443131392787
17222,9.238074954246338
17223,10.863234694894802
17224,7.155909168537727
17225,9.976802326688047
17226,6.2888171308606555
17227,9.368195052212387
17228,12.752417222872042
17229,10.1950432543973
17230,12.086465907420736
17231,15.295984432906236
17232,9.79894929090995
17233,10.086451006772071
17234,6.225933775262849
17235,10.267413791609895
17236,11.86474211655599
17237,9.578518580639992
17238,8.882081620807972
17239,10.391374062617858
17240,7.073742625898596
17241,9.765391855990673
17242,10.100898625461062
17243,9.21005798866321
17244,6.96661718752447
17245,8.22095412621532
17246,9.594831788525754
17247,8.974447140066333
17248,9.002851920079111
17249,8.024005892707843
17250,6.983150462616818
17251,10.449448511445441
17252,8.549983750624376
17253,7.032009430945616
17254,12.655129489639782
17255,17.44335875826036
17256,7.056846127751813
17257,11.310171510834907
17258,9.097922885465378
17259,7.602177925349466
17260,12.326903717533503
17261,10.457164099922123
17262,10.050750418734085
17263,10.53416423096664
17264,9.660955470319783
17265,10.415916916725743
17266,11.62104475775642
17267,7.25743436479487
17268,10.493860943063575
17269,7.001967423928209
17270,10.331312767049928
17271,10.208442649504866
17272,10.249452918344245
17273,6.266438605348421
17274,4.916168011514016
17275,9.792017387816047
17276,9.565754868749275
17277,10.928846755751232
17278,8.79782919580517
17279,8.121647140776476
17280,12.300566772504082
17281,11.092403332869447
17282,10.652825344627702
17283,9.101235019774306
17284,10.22661732714628
17285,6.94817969624342
17286,10.391860474305732
17287,11.832169045009381
17288,7.071105191523788
17289,6.2628923087144575
17290,8.060802905117347
17291,10.78728554250763
17292,12.130926672132132
17293,14.148091139965723
17294,9.310217091401517
17295,9.164363495350587
17296,10.005573544510545
17297,11.080471162877911
17298,8.985528895672408
17299,8.930164516682586
17300,11.186261327386246
17301,9.731778937580158
17302,11.834947387043544
17303,9.867866875682035
17304,10.612429213357158
17305,7.9364752157549034
17306,7.157673347891961
17307,9.464919718798106
17308,9.372993001364469
17309,9.859710651980754
17310,6.801927798551096
17311,10.142208437005449
17312,9.522273359421044
17313,9.56171555584424
17314,8.913316326858558
17315,6.374412757088415
17316,9.903449312136322
17317,6.830986123001287
17318,9.104311803371813
17319,9.107134926132803
17320,10.10515236920651
17321,10.224677177605214
17322,9.784987567409056
17323,10.689830578327891
17324,8.983995096871398
17325,4.003182836171089
17326,6.0075727400371886
17327,12.04133183379759
17328,13.51102831326469
17329,8.085468428708756
17330,9.940801389039363
17331,7.013734043543918
17332,6.830822007262121
17333,11.988614270469208
17334,8.213254431918307
17335,11.017749561592312
17336,13.268167663112253
17337,8.8816557978932
17338,17.56513218908325
17339,10.434426994729298
17340,15.941086155939571
17341,9.75979635345328
17342,13.851532771928367
17343,10.142543491477975
17344,9.916922143910847
17345,11.26436542545835
17346,17.37821808084712
17347,9.38372781038015
17348,10.136168722277633
17349,11.676587146251956
17350,9.758414675853976
17351,6.000942112133517
17352,11.533220233280042
17353,8.47716461195697
17354,5.384161473236852
17355,10.445003111985619
17356,10.20355531251103
17357,11.254296795371571
17358,9.745375720648576
17359,9.519255702625015
17360,8.83624840445419
17361,14.671288519088764
17362,9.982459409658214
17363,13.967657147024527
17364,11.16939909568533
17365,10.145138820517753
17366,9.296956570644051
17367,9.528467361801082
17368,5.997503700098225
17369,11.544811450809734
17370,13.386856011882225
17371,7.3120000231620015
17372,16.858804387947387
17373,8.375615773471443
17374,7.00268975923286
17375,3.999559933441157
17376,7.598074557941391
17377,6.179844027450937
17378,15.817966149457613
17379,10.746395358652217
17380,8.653408562926787
17381,8.940377065018025
17382,15.656284686228764
17383,12.002644857714193
17384,4.825077982741796
17385,8.341737457333467
17386,6.041632392340691
17387,8.822111132904451
17388,10.00384201214189
17389,8.205939418523107
17390,12.70087560977615
17391,10.28331697903077
17392,6.914925896242378
17393,8.49045279857148
17394,8.300638445565268
17395,10.072645576311283
17396,5.73561125716419
17397,10.54093706210442
17398,11.389117306427108
17399,10.973373820899221
17400,7.349699087955413
17401,12.79806332778836
17402,10.385883180353366
17403,12.13098133305632
17404,7.938491964990128
17405,7.952555643296998
17406,9.418122778444642
17407,12.66281581358941
17408,7.579022961814033
17409,9.852315836176698
17410,6.024055938620959
17411,8.071167363360344
17412,10.74589765981291
17413,7.366008954254539
17414,9.228302211961916
17415,9.77565880324598
17416,5.036727350660098
17417,9.19257042003264
17418,11.793520893159913
17419,8.247247851609108
17420,9.566650861872132
17421,9.03801588971931
17422,7.960623274154653
17423,15.26615508589259
17424,7.770991611534562
17425,5.047157601561927
17426,8.630242049964773
17427,9.16022072869111
17428,5.972091465048269
17429,10.359465510555923
17430,8.030067009291956
17431,10.464133591101954
17432,8.718088697254261
17433,9.117190084779322
17434,9.881440126365655
17435,7.953688605382668
17436,9.76888917154094
17437,12.497961397162731
17438,6.851426600027617
17439,8.527151137987536
17440,11.926417235341743
17441,10.639768236215827
17442,9.964492368088282
17443,9.818032189158261
17444,10.10694361851188
17445,17.48362997124591
17446,9.271640822615625
17447,4.004176604947989
17448,11.28542464701791
17449,7.022551803689458
17450,9.88411117775937
17451,10.80052259788288
17452,7.1029833999620795
17453,10.823537274673834
17454,4.98711789681419
17455,10.98677075517548
17456,8.007086107836015
17457,9.68079529831117
17458,7.042873058961833
17459,9.169416370448443
17460,10.06791221692516
17461,10.91709837317869
17462,9.742090830551179
17463,11.00895351755612
17464,5.993439131284914
17465,20.20461869519241
17466,10.272834741574433
17467,7.0021106483969415
17468,8.791853804931959
17469,10.008134246526415
17470,9.898330403201753
17471,6.8848773205021185
17472,10.16827275918884
17473,9.607569735043436
17474,9.936901838167456
17475,11.512899992392798
17476,10.598509779632819
17477,11.006495890394403
17478,8.317733704539991
17479,10.483623448640246
17480,9.028866750830192
17481,12.34569478075773
17482,10.478529396904575
17483,17.64799809165399
17484,8.929269193222096
17485,4.010429261019421
17486,11.704196650940732
17487,8.898228495172456
17488,6.000577926722936
17489,11.54951411073357
17490,9.952212844418396
17491,9.64692345803669
17492,10.008220080939234
17493,10.15322117142838
17494,9.561659260236217
17495,7.310262946460984
17496,7.945155301241076
17497,10.359019838997137
17498,6.2915977601891875
17499,11.561875334339655
17500,9.924463984460973
17501,7.877751001895952
17502,10.000014872060175
17503,8.603753991834589
17504,13.048609795242738
17505,9.976721280032477
17506,7.008533849417194
17507,14.361030446111366
17508,8.901273219442581
17509,6.125956194060578
17510,10.826614286258872
17511,11.792929522605354
17512,12.48155826361839
17513,7.364322899827011
17514,8.77441301663841
17515,7.941725662965199
17516,9.100287372016082
17517,14.201166451608087
17518,10.471015087144446
17519,7.329345079719259
17520,9.732849204527705
17521,10.175361681945992
17522,7.078588130973564
17523,8.805880089556416
17524,7.802019168024328
17525,6.968525856882559
17526,10.216502081308898
17527,7.101573928585768
17528,7.0255939903196065
17529,9.855179260942235
17530,14.62707504408658
17531,11.253865118006813
17532,15.454540861713793
17533,9.083714862360933
17534,8.750732410598294
17535,11.227643347929876
17536,10.88940334133603
17537,7.516468140517228
17538,4.0000000000000036
17539,10.371830185654611
17540,5.3359430889739565
17541,10.368452957770641
17542,8.139659300054268
17543,9.988847200996853
17544,9.820730665511606
17545,10.279693100243344
17546,10.301742558241225
17547,10.986219866349872
17548,8.707093642821748
17549,8.663879246748424
17550,7.846961906037597
17551,6.196391067480462
17552,8.088309152678969
17553,8.036473558760028
17554,10.897253763028123
17555,12.76285614345665
17556,7.88381047517599
17557,6.957325464910234
17558,12.193803434964197
17559,9.699920147404116
17560,11.898824501568688
17561,10.021933401672532
17562,9.567263904814888
17563,12.128618065760337
17564,8.90811917739086
17565,9.608268537899752
17566,8.790302405504944
17567,7.984944468708365
17568,9.080193887106502
17569,6.865042442344455
17570,12.663353205443391
17571,7.572855196057342
17572,8.286592445485303
17573,10.915970371520421
17574,11.865305851856801
17575,6.178487645833634
17576,10.208531562148357
17577,10.012610334788144
17578,7.704002741696375
17579,15.316510447061775
17580,7.28520380023768
17581,9.35862181111973
17582,10.398581102416896
17583,6.994485616153023
17584,11.745552063170345
17585,12.944884283605829
17586,8.82351382121262
17587,10.7688837178019
17588,10.766386935225897
17589,9.375178885765854
17590,12.2606889517661
17591,12.96742779282228
17592,9.684264067877534
17593,6.78108742257959
17594,10.535039667988832
17595,9.900779902886965
17596,13.547542211130315
17597,9.714824947596059
17598,6.532687197199214
17599,13.375621703923157
17600,15.371605724000263
17601,9.111506506313267
17602,8.446894578463587
17603,9.742680862246802
17604,7.482034499413285
17605,6.112255921971013
17606,10.674674471296823
17607,10.259454330691332
17608,9.951613568871045
17609,3.999607074755054
17610,10.092362205254167
17611,9.317506866205113
17612,10.100432795878818
17613,10.682981379056047
17614,7.000138285494462
17615,11.21524344137521
17616,12.812834694915724
17617,16.77040961189489
17618,8.538861822358752
17619,8.963137487223301
17620,9.415750013931953
17621,6.328177380900783
17622,10.85508683885877
17623,10.530372639200602
17624,10.35047526298027
17625,10.528998625414166
17626,10.901848575358803
17627,12.531305531968462
17628,11.891733661156815
17629,7.555028096874155
17630,8.068892059191159
17631,7.046636172878975
17632,9.550215962921895
17633,9.382382205103136
17634,5.177877106363837
17635,10.532063064979836
17636,8.878186987385439
17637,9.369101471322631
17638,17.8850479738462
17639,9.967892113153285
17640,8.858597783041882
17641,12.44156826555543
17642,14.65674501364642
17643,11.797634516055487
17644,9.367397004069256
17645,6.000008754612402
17646,4.945919056851317
17647,9.026116594190077
17648,10.376902624346632
17649,11.799994578855346
17650,7.144452230496363
17651,11.327782522494784
17652,10.11607216203918
17653,10.458688860264273
17654,5.2074317201184135
17655,15.754702080299316
17656,10.765654947822673
17657,11.429149049838047
17658,13.852145926490033
17659,7.843958388573398
17660,9.795059321531225
17661,9.848837744291144
17662,9.800775774465903
17663,11.760660388336015
17664,9.698619464674922
17665,4.360856607730257
17666,10.830336852377789
17667,9.098617948044547
17668,18.2852866084137
17669,12.812193489504844
17670,9.859304571544156
17671,8.52147468155506
17672,11.217971521277837
17673,8.795714492173529
17674,10.82191109028698
17675,8.42334102145976
17676,9.945307995241242
17677,13.114344060576324
17678,9.031909810654595
17679,10.82453709950443
17680,13.540456231602517
17681,9.400997507217982
17682,10.2763861373935
17683,8.047706515070017
17684,7.490968714495308
17685,12.670496766464295
17686,9.177662537323174
17687,11.153907460323248
17688,9.334670451652167
17689,7.969467687316353
17690,10.6159597238768
17691,7.380077645632925
17692,10.519231352048925
17693,8.199994378234601
17694,8.753447853096125
17695,10.18111499913722
17696,13.446715708759756
17697,10.022036201234547
17698,12.568568208345399
17699,10.412952125852469
17700,8.727596135811185
17701,13.126543926329225
17702,10.043835182377519
17703,11.454938152297588
17704,6.9635696443274675
17705,13.335476144238369
17706,11.136552025294405
17707,7.004963669127601
17708,12.516718944618427
17709,9.94908712720556
17710,12.372795387776728
17711,6.971881526486003
17712,13.46827378726214
17713,6.753259590727117
17714,10.94280336206713
17715,4.6271948285254965
17716,8.917899632203275
17717,9.28397465451044
17718,11.713522503763569
17719,8.979329126091804
17720,11.080005719605294
17721,9.716061169787965
17722,6.091105041258089
17723,12.74867600987915
17724,13.000260730846668
17725,9.560467795937045
17726,9.278102499697548
17727,4.998109883297664
17728,10.125294167541957
17729,11.534112282650407
17730,7.900504829973508
17731,13.545656641485762
17732,10.6228778907669
17733,10.630735084173038
17734,12.700105541019367
17735,6.681816961065948
17736,10.223299565012121
17737,10.183805533696257
17738,10.192080545125938
17739,9.597212896184088
17740,5.96073367356855
17741,12.359759085788438
17742,9.549453887668227
17743,16.95471838312048
17744,8.614185433249942
17745,10.90407716459457
17746,9.453304190565406
17747,9.590552384200725
17748,6.891107011970973
17749,6.301080907795045
17750,8.925466850002552
17751,10.957061214024806
17752,11.583543713660747
17753,13.679174576780737
17754,9.771482001689103
17755,12.724518913860452
17756,10.060611789238612
17757,12.345817487561161
17758,11.096597640061352
17759,7.162948394316555
17760,10.078882435994485
17761,9.327505599738592
17762,8.834519682587944
17763,9.887239451033134
17764,9.28688021863521
17765,6.288440244218011
17766,4.007982402429512
17767,11.01681767810386
17768,9.725110591431294
17769,10.811663227865631
17770,9.942925140452429
17771,6.033184118193105
17772,8.536570246410326
17773,8.0846244925947
17774,10.4260876039079
17775,12.611274313999983
17776,10.035111969998534
17777,9.041546632957283
17778,12.051646536999195
17779,8.306155769961835
17780,14.154661774155405
17781,10.272407446304351
17782,6.9762158147963795
17783,9.289790909634595
17784,11.705946433356383
17785,9.82842453339052
17786,15.821672211131295
17787,8.64159244593773
17788,15.496786229570665
17789,8.654771029016542
17790,14.463148486042675
17791,5.998618111669828
17792,6.1582407522820555
17793,11.687378947260298
17794,8.75143857515951
17795,7.333864987965114
17796,9.500877622095123
17797,11.14473999251125
17798,9.90295590402915
17799,10.230175995373303
17800,10.794603967604525
17801,10.440219322568462
17802,8.45057828225809
17803,10.178358458012747
17804,8.24475839449383
17805,8.355872352046115
17806,10.091124419388327
17807,9.967487354063062
17808,8.635632889332411
17809,9.601301379592849
17810,5.809385456731976
17811,11.22443032691229
17812,6.989459418183708
17813,7.957970774132708
17814,8.054020083529997
17815,10.488855212061333
17816,9.169296385707975
17817,5.159392112359991
17818,7.526595942381444
17819,8.88865363171565
17820,9.998407919571678
17821,5.200672877329129
17822,7.858166762928503
17823,11.882174347321632
17824,9.270179689470696
17825,8.806098388123834
17826,17.212912446172005
17827,8.393099824216021
17828,10.450578519516322
17829,6.885548924771539
17830,9.238817730948744
17831,7.055014351395517
17832,7.676883751592726
17833,5.998017240730981
17834,10.148789448774396
17835,11.044486126941061
17836,14.2841405392279
17837,9.167223712643894
17838,4.0000000000000036
17839,8.113926394607807
17840,8.709528840802898
17841,7.877701007837301
17842,7.568864759753307
17843,9.924803637928383
17844,9.701223456424257
17845,8.909855041318428
17846,10.392909340103918
17847,13.575651197831826
17848,15.290192053342333
17849,11.590912677496592
17850,11.335852038020965
17851,6.038673482176293
17852,10.226192815215073
17853,11.154946022963275
17854,3.945987069267361
17855,9.147722527026962
17856,8.426850559522832
17857,5.281874878309807
17858,11.47326674075144
17859,14.918372718289744
17860,8.467708368318823
17861,13.855779659590437
17862,9.394688143418813
17863,10.582785543781393
17864,5.272263735845209
17865,10.727449552288325
17866,8.9129939522908
17867,6.951949465638471
17868,6.255876646533805
17869,9.024542413919365
17870,9.755362057613057
17871,10.87437743323296
17872,10.78746499574038
17873,8.122270037843764
17874,10.810096029165981
17875,10.76065943767234
17876,10.347171899657512
17877,10.098566255463679
17878,10.36128583647447
17879,10.191866767540548
17880,7.705551294922678
17881,9.291850070032433
17882,7.330370564493354
17883,10.550350325294746
17884,10.198333207791999
17885,17.596319361289694
17886,10.774845960757714
17887,10.74942809038531
17888,11.837352461202462
17889,11.148303190703954
17890,11.083685223411527
17891,6.9782815114174035
17892,8.32974916038471
17893,8.852147106255673
17894,11.038079617208973
17895,10.24684637156581
17896,12.934469596506817
17897,12.532963119033331
17898,9.755429841204768
17899,10.112321800773918
17900,13.99975389552113
17901,9.552962412154452
17902,9.936023467604576
17903,10.923212698491115
17904,7.981492390455525
17905,11.79736877845975
17906,11.938195483006309
17907,5.981930008512858
17908,9.924790348144155
17909,6.249444847931095
17910,10.756354443697107
17911,4.9566183996612
17912,10.548376203723395
17913,8.707224232042291
17914,7.670860108562795
17915,10.692286411122874
17916,11.185852125886564
17917,18.362729328427662
17918,9.317439926825882
17919,8.12600205607267
17920,10.972890211977118
17921,12.571310652270222
17922,3.986168067631259
17923,13.444594382051362
17924,11.700896980060401
17925,17.12716303286235
17926,7.677816163353544
17927,10.494023204811421
17928,8.804682837775166
17929,9.643343757690298
17930,8.071418782116881
17931,9.71742927746026
17932,10.335020442081946
17933,11.279930412859413
17934,9.68110091000291
17935,4.866136069064774
17936,15.21765053505729
17937,7.319144792745281
17938,9.913173403565471
17939,7.139254735356758
17940,16.484840908547262
17941,8.146634565263172
17942,11.02373394620051
17943,10.348339725150959
17944,9.726052907784007
17945,9.27733425178443
17946,14.964972786776213
17947,19.418622272497196
17948,10.287895903102457
17949,6.931231212624759
17950,8.629926354929916
17951,9.470408932583423
17952,15.235578089475707
17953,10.46035459258029
17954,8.875126235241071
17955,10.870274421586556
17956,8.309050264811235
17957,6.999702891202974
17958,10.060626080825829
17959,11.579609699304429
17960,9.41371676783856
17961,6.853381698336591
17962,8.820296716138602
17963,9.986101762125854
17964,10.895870535364528
17965,13.301713813195247
17966,9.626259962199006
17967,9.42463248623388
17968,11.175917504753864
17969,8.325017565783634
17970,15.493954989236917
17971,8.958839910330132
17972,10.035742405885939
17973,9.447420674742714
17974,9.79872223488808
17975,14.487341864980914
17976,6.218888543566811
17977,8.450130709479021
17978,11.889901515725159
17979,16.501607856693184
17980,11.25665585611837
17981,10.83982749383114
17982,10.490762533831754
17983,7.818476321628237
17984,8.538443343342712
17985,8.4014742221794
17986,12.0198747859067
17987,8.962424286176466
17988,9.22902124975676
17989,9.2170215364092
17990,5.953981583497704
17991,10.148733332115677
17992,5.18284401453324
17993,14.04594882311567
17994,12.193264354475078
17995,10.665612882115907
17996,10.908707450034397
17997,10.263878267572187
17998,7.907781018812813
17999,8.740177207944372
18000,7.31630875658403
18001,6.872099982453003
18002,8.167064363935468
18003,8.879874887138167
18004,7.0469379775907015
18005,6.120622718443888
18006,11.188481548695544
18007,6.957992630401874
18008,15.783131695780101
18009,9.31312345649994
18010,10.32878140372618
18011,8.17371382625476
18012,12.384524210978606
18013,5.988660971842535
18014,14.841212532175122
18015,9.862033218930646
18016,9.264053044063845
18017,9.60061792612896
18018,8.58735369725426
18019,9.74348681911795
18020,7.599528159887464
18021,7.918962132755674
18022,9.335535035669439
18023,6.8663382118648
18024,6.9783138046814805
18025,8.224345786485722
18026,6.973839145251491
18027,10.067509318538425
18028,9.923444402920078
18029,10.12208070765197
18030,10.173913562202737
18031,13.512340599472216
18032,9.316493106515663
18033,9.900779902886965
18034,8.427741565539838
18035,4.017038146091913
18036,10.054485841319812
18037,10.534334736693411
18038,9.426738887826295
18039,10.463023769145797
18040,6.0392446704956235
18041,9.801088917247343
18042,9.164853541282481
18043,11.69517409795745
18044,12.167653940189895
18045,9.62229217010527
18046,10.123515757191472
18047,10.180391896877348
18048,13.334125655989263
18049,8.610602344213662
18050,6.199702652818729
18051,15.713216404442464
18052,9.966577332566965
18053,11.14942097643234
18054,7.864591607069359
18055,9.321871449625908
18056,9.962472644013188
18057,12.18294969689853
18058,15.935896479279316
18059,10.61122152691508
18060,9.283557074771236
18061,11.026465950975384
18062,10.927903892266096
18063,10.943819004277179
18064,10.427025663282413
18065,6.177355398524428
18066,14.013289195725795
18067,10.950033694454747
18068,12.959115870940407
18069,14.744560720552217
18070,9.734308290217387
18071,4.05959226675072
18072,9.809552439395278
18073,11.902603140498178
18074,12.217260323924323
18075,11.390920407129867
18076,11.732449667098125
18077,6.806670062346912
18078,9.931687203955851
18079,7.491126150477726
18080,9.056031900214704
18081,9.880009300206252
18082,10.045433106280191
18083,8.432109004853126
18084,11.943567970919618
18085,8.131530101771682
18086,10.026172911744885
18087,5.034669160045735
18088,8.227801965262673
18089,14.194232180024878
18090,7.720175968698145
18091,9.236280887819339
18092,8.228301632612608
18093,3.9985621662001964
18094,8.259401083414934
18095,11.50526011179671
18096,10.289540165789772
18097,9.837301738087517
18098,6.924358327543802
18099,3.989735166951011
18100,8.438684039191083
18101,11.032810253662484
18102,6.142257859968357
18103,6.188556734154119
18104,12.488873347234287
18105,11.921615131674587
18106,10.309544920506207
18107,7.64820753506458
18108,7.762808995666642
18109,7.770847233747167
18110,10.13263413579734
18111,6.966729817199425
18112,10.48847228803623
18113,8.755246590448314
18114,11.850303088196936
18115,8.017216878840932
18116,13.098956964079742
18117,9.953805574016181
18118,7.681195441822554
18119,10.610846426459913
18120,12.200617415906665
18121,7.255452528932015
18122,9.117418546522556
18123,7.045626054523494
18124,5.253917930227828
18125,10.614111203524269
18126,4.996971531922742
18127,11.289984116810713
18128,10.30301272455115
18129,8.87907430759939
18130,9.09237517532374
18131,11.447302661886402
18132,8.67029876020822
18133,7.304730751055221
18134,9.941423005873423
18135,8.882237065974307
18136,15.521188058685867
18137,10.16875467540975
18138,8.87591382552724
18139,10.299608843317314
18140,11.63848186713959
18141,10.899796536867234
18142,7.004127983848408
18143,5.874886629315565
18144,9.719321896220299
18145,9.871559583654507
18146,6.984028179914169
18147,7.4893977768872855
18148,14.354207766188308
18149,9.212115864008888
18150,10.829497014153164
18151,10.201567442912404
18152,8.48079488723956
18153,14.962901258617391
18154,7.965636038855321
18155,10.02748494175417
18156,7.999032101726177
18157,11.28250389919206
18158,7.9851715544587965
18159,10.422712567736033
18160,15.367165023579224
18161,9.68629328339217
18162,15.914242340992965
18163,12.891871718470052
18164,11.642184578667548
18165,11.189538238379976
18166,6.819806524044571
18167,10.801058355149452
18168,9.446605723274166
18169,6.980536105297958
18170,9.75254264453559
18171,10.26901416204934
18172,11.061833061778996
18173,15.591893664944012
18174,12.355090805953013
18175,9.645286381953445
18176,8.541817960793397
18177,6.9952188974439675
18178,11.291917667127537
18179,13.074752813353642
18180,11.32700992527642
18181,8.927796634006546
18182,9.754990674484459
18183,5.140778832101481
18184,13.244740644313323
18185,10.090403856379142
18186,8.52943694619457
18187,7.863650144225781
18188,6.914826189037916
18189,6.0455019974842585
18190,12.369436725309841
18191,9.793991915749976
18192,11.064573727898578
18193,4.660912974458561
18194,10.470801231577115
18195,9.993413000535702
18196,7.0108523879037445
18197,7.991006756920912
18198,8.988056264333155
18199,7.920001222674827
18200,9.951520198293268
18201,12.61312225763668
18202,9.690053418128722
18203,11.839187133100387
18204,8.274983604527739
18205,9.121915233599095
18206,10.353700410558075
18207,5.482675043184225
18208,11.369236872361986
18209,16.860098454341603
18210,10.730788460183598
18211,11.329346270797219
18212,13.174251430562366
18213,10.036763840666866
18214,4.483845367090991
18215,12.146409226385371
18216,9.33254515919653
18217,9.108221573102282
18218,7.080092818951391
18219,10.830414975611488
18220,10.602733992089286
18221,9.244570946550803
18222,9.134459668805361
18223,8.052798050309766
18224,11.363902584607265
18225,14.072703834699793
18226,10.155834700228587
18227,6.004220002160755
18228,10.281371302918318
18229,9.498451180131509
18230,7.388054380947688
18231,12.225922490741793
18232,7.939072191025236
18233,9.160497181730767
18234,3.9991670081963235
18235,8.688936309546298
18236,10.53677376397326
18237,8.765399055332635
18238,10.537102905036177
18239,9.990473866653927
18240,9.868215504651248
18241,7.9847285453923575
18242,8.858183285368442
18243,8.563510681991213
18244,6.315064603772903
18245,12.020758356248647
18246,9.74175615601253
18247,14.453059354612959
18248,6.311356881017463
18249,8.713852446896153
18250,6.112292474277665
18251,9.617337093830033
18252,8.807062833229255
18253,9.091789769204036
18254,7.9127831238330035
18255,10.566979257609608
18256,7.633759320714693
18257,9.037953675432659
18258,4.878518943083075
18259,7.8530049069294385
18260,10.630289970487953
18261,11.211438546509095
18262,7.373421441073987
18263,11.167110236746103
18264,8.738468485412591
18265,11.609358969758913
18266,8.410067272517614
18267,10.67254464345247
18268,6.693664011517692
18269,8.74849299258844
18270,11.752050732058
18271,8.089533224810088
18272,5.363743993378433
18273,10.816763906970328
18274,9.948135355022567
18275,9.38905851628053
18276,6.2859850221910225
18277,5.998983402803024
18278,10.147228827916903
18279,7.576171073368878
18280,11.87036128405668
18281,8.321334100133258
18282,14.577496614724017
18283,8.731817419634153
18284,10.144991452962534
18285,9.572493496027514
18286,9.550630850939
18287,10.045377690346546
18288,12.142373532303841
18289,13.385272345123218
18290,12.988568480013688
18291,7.927620603266661
18292,9.918189259127226
18293,8.992131773739631
18294,6.009898653600914
18295,8.720855353233498
18296,6.612944119745563
18297,11.355746956609435
18298,8.96018429814717
18299,8.008749942079733
18300,10.176369810581415
18301,9.677325397718311
18302,11.205937419512017
18303,9.96244291412708
18304,7.048652670231283
18305,9.031999215054535
18306,9.924297902263964
18307,10.21470596102809
18308,10.349322609334704
18309,9.418369100475031
18310,7.0065720350335585
18311,6.128690249749665
18312,10.388015373327436
18313,10.648392763421183
18314,8.054635085784776
18315,11.071994609048348
18316,11.658542546041142
18317,8.44564575608249
18318,8.656394459293749
18319,7.005475596132026
18320,10.09295393303289
18321,9.674662525549435
18322,10.876075173572685
18323,10.158273756052148
18324,10.061179034396334
18325,10.123861740489785
18326,8.813701110265091
18327,5.3431449640601
18328,11.278313058316163
18329,8.237426667166575
18330,8.859466783571259
18331,7.142286288582705
18332,10.428372276681054
18333,7.73041359233649
18334,7.6731830263881236
18335,7.772027924338747
18336,10.361086728003214
18337,6.081489261202009
18338,11.6844363352343
18339,4.0000000000000036
18340,7.125161457763808
18341,11.230664856044571
18342,10.210467984941657
18343,9.34007834655034
18344,7.9754874539515725
18345,7.9627774149089205
18346,9.183024927051674
18347,11.929836578716861
18348,8.998970998069305
18349,11.110406680765019
18350,11.178721943099609
18351,8.478310500470878
18352,18.02898122942002
18353,10.496042490198972
18354,10.036173985007386
18355,10.043219949248547
18356,15.034452687814374
18357,10.444585325683713
18358,5.554145917912492
18359,8.927023709295126
18360,9.320724422687073
18361,9.404350021316423
18362,9.950508308787038
18363,11.574637233095784
18364,15.983183801862582
18365,8.118921160424625
18366,10.694404889897521
18367,8.404139170636208
18368,4.000146598803452
18369,9.411571071968334
18370,10.050800046922673
18371,10.294690915696501
18372,10.147987942478808
18373,8.21198215168449
18374,10.304560742552278
18375,9.869230472788542
18376,9.779904645411479
18377,10.03556633234514
18378,9.87236420519068
18379,8.183427894755967
18380,11.448557932012816
18381,11.298196683098508
18382,10.596252512362861
18383,9.947147774627203
18384,8.872616014026145
18385,12.113450394316525
18386,9.814535083868078
18387,7.99894467852053
18388,10.642257235309861
18389,5.221859828055215
18390,6.045444737178668
18391,9.102143043607304
18392,9.03356661436664
18393,9.83258564541928
18394,6.9679962688522465
18395,10.022339090183161
18396,16.17479399842201
18397,10.651861700235846
18398,11.233802793235713
18399,11.720070840966434
18400,14.277888680795725
18401,9.930711280897112
18402,7.440838625555271
18403,10.608764463502068
18404,8.466019572314261
18405,10.166186310194535
18406,9.059636720511188
18407,10.570766622242475
18408,10.507108189422281
18409,8.552991115025966
18410,9.070441976440895
18411,9.1304053698955
18412,8.96859457968925
18413,7.997841600100175
18414,10.569463256406356
18415,9.905699286921477
18416,10.212891705900661
18417,11.829980374512099
18418,10.96308548043512
18419,10.166656008592044
18420,7.974580943599598
18421,10.984900325688342
18422,11.258491352455033
18423,11.846440859936303
18424,6.0772723176471715
18425,9.944366150223106
18426,10.592949401405766
18427,6.331295449112881
18428,8.307237307940975
18429,6.826523811016932
18430,16.620394919103788
18431,10.41852641410865
18432,9.158137110653579
18433,9.131317840919072
18434,12.364807934521389
18435,7.1640139954954325
18436,11.092227180367109
18437,15.936507351448933
18438,9.168435414266364
18439,8.814460365026319
18440,6.091318925226519
18441,9.707405982634098
18442,6.011631749623561
18443,8.466574945838003
18444,9.983749767106934
18445,7.117590446879079
18446,11.549570794387924
18447,7.9075479729524485
18448,10.917135456092355
18449,11.059426599659568
18450,10.51251996688068
18451,10.4845106776246
18452,6.995627185672554
18453,8.990811198596676
18454,6.0342208533789385
18455,8.892691774304653
18456,11.423758892818151
18457,10.894700104793232
18458,10.273608592102212
18459,9.706815777114498
18460,10.610271403480331
18461,11.116316031871596
18462,6.981796008992216
18463,9.00121017512586
18464,11.945140458418011
18465,9.732704009921024
18466,8.121171735771634
18467,5.388596511376705
18468,14.60783202694921
18469,4.967562809029913
18470,9.424916207035325
18471,4.856411429047986
18472,8.849632657627891
18473,9.822252237862413
18474,11.452047289510721
18475,3.9923642941599935
18476,11.6142109223226
18477,7.415156256621998
18478,10.322012368744419
18479,7.7057279937049366
18480,10.033969714417177
18481,13.831479057887725
18482,11.574953459338355
18483,8.726160730579762
18484,11.215253038843693
18485,10.520833485664289
18486,10.15263987184077
18487,10.185374974092005
18488,10.255333905385507
18489,9.10416696651612
18490,8.869025764970933
18491,10.843157268542447
18492,10.269443394747496
18493,11.095430501724577
18494,9.038164345869644
18495,11.966836364995286
18496,9.5975116465281
18497,3.9856326899452306
18498,10.258531024672044
18499,10.08812857680091
18500,7.0515327783808655
18501,9.812193528344165
18502,6.024123800259012
18503,9.732755044004316
18504,6.171762230092641
18505,11.1217700669222
18506,5.929738172093803
18507,9.982094565593874
18508,7.554366808288023
18509,8.924648161119597
18510,19.498434914646403
18511,11.687139923156062
18512,10.420862614834524
18513,9.817782538898745
18514,11.542751157830638
18515,11.448872564919183
18516,6.019552003373036
18517,9.22679065334807
18518,4.614402189680186
18519,4.974765581157219
18520,6.955024590416842
18521,7.4107536609144145
18522,9.619746696729075
18523,10.161557330893311
18524,15.588346078402685
18525,8.866620469956443
18526,8.882370845592467
18527,9.8561300955402
18528,13.244815477193873
18529,8.855331580086238
18530,10.025520896741098
18531,11.747661499302081
18532,10.18100038867089
18533,9.767862919561763
18534,7.070042089485121
18535,9.711764693409643
18536,8.983685901974225
18537,9.956952029591742
18538,9.543746756883161
18539,9.865533224043988
18540,9.877457468116928
18541,8.009377818745103
18542,7.900288475989456
18543,6.993148224625239
18544,9.757179609985554
18545,7.993647463955076
18546,7.836322558315924
18547,8.843271827735515
18548,11.224994082563198
18549,6.138117438589319
18550,9.512218849082382
18551,10.207020793590496
18552,15.052048049528613
18553,10.556558820959241
18554,13.048910567384931
18555,14.363642921041864
18556,10.32615757827296
18557,7.045249699046272
18558,8.913384633445071
18559,9.470193675375723
18560,5.827532156888604
18561,5.961385079918951
18562,7.020035703912441
18563,12.55450708912983
18564,10.208597663085376
18565,11.062129277934895
18566,8.873041065110934
18567,9.377893677675209
18568,10.155727163281954
18569,11.324874332703219
18570,6.585437685891591
18571,4.901036117183447
18572,9.879795159161857
18573,8.494956237319395
18574,10.55731678355397
18575,8.149415109141993
18576,8.316242940772232
18577,11.897294520856265
18578,13.664248449729621
18579,10.344552007946243
18580,9.5378531433488
18581,10.096363095181148
18582,10.998840701291494
18583,6.17246001722272
18584,10.636978599167625
18585,9.289131014895117
18586,10.954347996009
18587,11.887641827760637
18588,6.868162766752615
18589,9.977936981637912
18590,10.903791349906767
18591,7.61537910290177
18592,10.570960660314226
18593,9.608408662308713
18594,4.009350493175924
18595,12.193185929269246
18596,4.96148214396804
18597,9.583804629512342
18598,9.27436965051224
18599,7.038484521206433
18600,9.942923214232193
18601,9.61288595773618
18602,14.494209743096954
18603,12.003817793052702
18604,10.81296703473406
18605,12.277455646466224
18606,9.92495004603087
18607,6.336388200240245
18608,9.487255555181276
18609,7.042803464221542
18610,12.223638235401713
18611,15.515745059235341
18612,9.02705325934893
18613,6.004774055793735
18614,10.665948285033684
18615,9.422801099802465
18616,6.054742359473151
18617,8.30045028514362
18618,7.044497910634622
18619,10.034127574823144
18620,10.934474250266748
18621,5.466766340976118
18622,12.487806099604407
18623,9.912800661610897
18624,15.739208292795107
18625,11.19390708311987
18626,7.136941809782371
18627,9.693234237069605
18628,5.109249638702383
18629,7.981507260173453
18630,10.424529292904472
18631,10.966906405228192
18632,5.131432430271568
18633,14.952527241367049
18634,9.903184486029337
18635,9.663191740920157
18636,10.024277595683321
18637,11.033224275443386
18638,11.005233766160684
18639,7.517414208573861
18640,10.802113922753433
18641,10.72641454640227
18642,9.799307323311757
18643,8.586673629877195
18644,10.868277910000268
18645,8.11452784147115
18646,11.478670797806798
18647,6.996511195534348
18648,14.553521070042299
18649,7.880232895277986
18650,14.086857478686076
18651,10.0456914403818
18652,10.134461166322593
18653,9.892772144399556
18654,12.222608835978539
18655,14.93081605822073
18656,6.024571032308295
18657,16.05941054887962
18658,8.164259445555713
18659,8.135577789010506
18660,8.069665323035364
18661,10.216071841983572
18662,9.815128181916124
18663,13.183293066449254
18664,11.625360405298936
18665,8.20622362259091
18666,5.976526435738959
18667,11.613254085926533
18668,8.005828586482254
18669,9.77116281368392
18670,6.050341275415315
18671,8.870974055553452
18672,10.818891039952222
18673,10.197706594378063
18674,12.533683591306817
18675,10.82117911319673
18676,13.802807818899504
18677,9.108809343300303
18678,7.544994342777333
18679,12.017084936652806
18680,11.05006006693266
18681,10.369159905627802
18682,9.545885461457003
18683,9.632251951940583
18684,10.152048869244018
18685,5.1069842522707996
18686,6.003110428970402
18687,12.357058648258798
18688,13.512013530027252
18689,5.027652152438234
18690,10.8345262964633
18691,9.571548657812327
18692,7.1022782814238905
18693,10.805463372102603
18694,5.015649253665359
18695,9.92151734057858
18696,10.232370387084663
18697,10.323246803885246
18698,8.82699062152553
18699,8.007896096131207
18700,6.275995990843063
18701,7.07466517645009
18702,6.3069489742124825
18703,9.389718857465068
18704,8.876781631933666
18705,14.62114849667237
18706,5.8451473275016275
18707,9.747486257291486
18708,10.99119418256503
18709,9.178909549903933
18710,9.706958043271078
18711,6.96107958653737
18712,11.834639525507738
18713,8.664471179449807
18714,11.982549458095251
18715,9.832847461884933
18716,7.071197208435828
18717,7.545218847089215
18718,10.05150780112274
18719,6.183658012711366
18720,8.771633182384901
18721,5.750906988163061
18722,7.002463053891455
18723,6.195128123798629
18724,6.998750134025457
18725,8.823527971390225
18726,6.0762510975316495
18727,8.033120752186063
18728,13.510823624239213
18729,9.499534003735908
18730,11.004998410987687
18731,5.986005296323233
18732,11.14833480749727
18733,10.30548546524942
18734,9.426102371914906
18735,9.089002550663325
18736,10.149002577078553
18737,11.537580313346043
18738,7.3929305916873425
18739,9.744869457428605
18740,7.003567619803821
18741,9.304870297393412
18742,11.538515388749678
18743,6.272812582261439
18744,10.026151815296748
18745,10.275696203852187
18746,12.434726928104121
18747,8.650267078926658
18748,11.116927790087226
18749,8.08599159212792
18750,10.744141652195507
18751,9.241256595582927
18752,5.477196411837185
18753,9.891837896972158
18754,9.056389193599662
18755,7.025680762099299
18756,7.911034743566212
18757,7.21054664405878
18758,9.458981005283169
18759,10.00405337800291
18760,10.016484375517864
18761,5.13734706799146
18762,9.480923758180543
18763,9.194830753100083
18764,15.64406179887443
18765,10.488411351025215
18766,13.035104640053232
18767,10.050965888922336
18768,8.680404774170851
18769,10.195073395196323
18770,10.455099170716577
18771,10.30699530782631
18772,5.998012098310873
18773,13.248246537776682
18774,12.598919923944846
18775,6.160837388086069
18776,10.063576680192098
18777,7.890489163882531
18778,11.702928130408337
18779,6.966480607818234
18780,5.322595499741559
18781,10.596069864769353
18782,14.00605703871276
18783,11.258595364946354
18784,9.283784821032418
18785,10.19711778980915
18786,16.74799576922701
18787,11.24612210497479
18788,10.382611806738224
18789,5.4496169488915704
18790,15.98988334718599
18791,9.908584413139844
18792,10.870918336704475
18793,5.417270608928636
18794,9.915128097481743
18795,11.144822327896106
18796,7.269421724302864
18797,8.658984045441334
18798,9.214065542771431
18799,7.2831731699408415
18800,7.933569440946654
18801,11.72056560468537
18802,5.3920228444190315
18803,10.13399964856409
18804,7.970904383918953
18805,9.892720772913615
18806,13.427825380296538
18807,7.669768385221213
18808,10.517689782612
18809,7.2836270618314956
18810,5.646047617086544
18811,10.817899206481444
18812,11.044388444037802
18813,10.266864620320154
18814,4.878698029128921
18815,10.137910398519095
18816,5.028733315458975
18817,10.677379667381073
18818,9.800781647949036
18819,6.963656662380993
18820,8.82008292070301
18821,9.922524694982139
18822,5.962352598785561
18823,3.978420313752533
18824,11.586964854323098
18825,11.43906890597995
18826,9.913738868349897
18827,4.006013552037049
18828,9.052703654041098
18829,7.737183763103449
18830,10.043854955636837
18831,10.612932428857443
18832,6.9973245040745855
18833,7.102415760662657
18834,10.82651708405699
18835,5.064440698502605
18836,8.797029288446586
18837,9.160736141580488
18838,10.00655582636008
18839,11.05843680239988
18840,13.653965680371718
18841,6.8663382118648
18842,7.501077264531867
18843,3.999607074755054
18844,7.842799081701473
18845,9.66525985762579
18846,7.229739404252392
18847,7.70194269086689
18848,12.868012229934381
18849,7.003908387087611
18850,8.491481325332083
18851,13.854688652737318
18852,10.393952545919431
18853,7.0038499194523745
18854,10.700468806147397
18855,10.804348793820656
18856,9.048150461376265
18857,8.934732510799714
18858,8.85467281889962
18859,9.477642358251662
18860,8.681105143389681
18861,10.20082498505799
18862,6.0963812058565665
18863,8.868943968829361
18864,6.02727745130961
18865,11.599327774212744
18866,7.471183611249415
18867,10.65491590507098
18868,7.910727165636622
18869,5.997649378516911
18870,7.019750494916753
18871,9.012414748803218
18872,6.105361247592601
18873,11.960396089910587
18874,10.730449793721528
18875,9.172322968180827
18876,10.693799631460225
18877,10.997593318111326
18878,9.454018959461562
18879,8.819131373230165
18880,7.938052342008721
18881,10.913448375829782
18882,12.337074055779956
18883,10.782168321545724
18884,9.282442444154109
18885,11.001720991283511
18886,12.15827509273113
18887,15.508960438975917
18888,10.965271231059424
18889,7.873368343566739
18890,9.927418210498091
18891,12.04992147014943
18892,14.82341739108814
18893,10.980320327999104
18894,5.4674973382684255
18895,9.199624632870647
18896,10.018516411554627
18897,9.198239975752733
18898,9.852555997076232
18899,10.212632327399094
18900,9.888982960756868
18901,10.234344177916649
18902,12.402107925320221
18903,7.6321884096372585
18904,10.678063243382736
18905,11.52774385385379
18906,10.25972021422283
18907,9.433826920863103
18908,10.120589391021602
18909,9.201431065903831
18910,6.0172559730492985
18911,8.592431453019566
18912,10.51789410271414
18913,10.178680354105113
18914,9.846156658902112
18915,10.052533058108901
18916,16.039073429466995
18917,10.612420959998067
18918,11.915541141264027
18919,10.456685582555279
18920,6.771690800726882
18921,9.517687897880618
18922,4.725068679787874
18923,8.565862435547421
18924,14.270563267790115
18925,12.163798451301739
18926,7.0305901172779315
18927,6.188911416281604
18928,7.008676583934475
18929,8.967041198941528
18930,8.065274101926834
18931,6.968151303341319
18932,12.295335832940106
18933,10.034590732496197
18934,10.775228089166669
18935,5.945313851227457
18936,5.247074491589131
18937,11.711954464582634
18938,9.603430173214262
18939,4.8689217852511035
18940,9.629292787823472
18941,9.742170421164653
18942,9.971129412116474
18943,10.173138928810337
18944,12.896256143089706
18945,7.958620291419097
18946,10.985771066618282
18947,9.619352881234699
18948,7.445015796406164
18949,10.594905711051782
18950,10.758543757852271
18951,10.823107521466975
18952,9.125243216387561
18953,9.890646649892096
18954,8.874062731092922
18955,9.64860046396335
18956,11.13568795301338
18957,8.754274853925542
18958,11.00434912190252
18959,7.621455344738871
18960,11.712040528154708
18961,10.377441358753357
18962,10.641210194269481
18963,12.04745163116179
18964,9.122170404746855
18965,6.245452607831551
18966,10.536037848035528
18967,10.904005420897226
18968,8.26304244674361
18969,10.54084730407323
18970,14.283110771190396
18971,10.541606133195979
18972,12.939353013021053
18973,7.015880994515392
18974,8.484055496043164
18975,12.27124922759671
18976,9.624368082624239
18977,9.455257991141528
18978,11.14281797194707
18979,10.737593071918736
18980,9.058358577085537
18981,9.733674519728405
18982,15.966539254098373
18983,8.928416863736446
18984,9.747884052005086
18985,15.02974597460861
18986,9.90756482725646
18987,14.329992808928177
18988,10.197639166246711
18989,9.694247611992692
18990,10.889704722162767
18991,4.720956033122318
18992,9.945006632218854
18993,12.634964899523757
18994,8.993868273611207
18995,6.283082376152489
18996,7.012831643316696
18997,6.062047887010587
18998,10.85488845283207
18999,14.049814607705544
19000,9.822267442749462
19001,10.07722499610542
19002,14.58313386471542
19003,8.286442872770786
19004,10.115590240128716
19005,10.020151861709989
19006,7.5816470671103176
19007,9.982891659092209
19008,11.318586470586128
19009,10.05578043192182
19010,6.715420448580376
19011,6.993660370596658
19012,12.584417195562237
19013,9.09588853261319
19014,8.958446184966027
19015,10.001769926826904
19016,8.123904553010734
19017,10.133077896681696
19018,11.065414480859554
19019,9.677265533776877
19020,5.5082896589877866
19021,10.635712358173842
19022,9.99005541189416
19023,9.961218011730319
19024,15.033962601964147
19025,6.001680353980493
19026,10.879267988502226
19027,11.77493160450373
19028,10.743180472339448
19029,9.527113656679097
19030,10.961489418732905
19031,7.907899267473271
19032,7.117256039465095
19033,10.16724211174416
19034,9.94626248252879
19035,7.937557268809682
19036,9.485554524881605
19037,8.083689383937829
19038,7.021267409000567
19039,10.081547305163229
19040,6.21868420395567
19041,9.766662617766935
19042,11.146414239445052
19043,8.275028898136215
19044,11.06238690086237
19045,7.236984319989068
19046,19.009627795137355
19047,18.5104904223115
19048,12.266234463900405
19049,10.079243605679492
19050,8.982615475178518
19051,11.509427990701292
19052,9.09199732275558
19053,9.506606444097313
19054,7.011284286794249
19055,18.105598467386613
19056,14.137964818862931
19057,11.319898155593586
19058,7.09247736400877
19059,6.64466286081422
19060,7.853969485199036
19061,10.751467545922884
19062,18.084697399325904
19063,9.300352775264129
19064,10.264294875913555
19065,9.748503384272622
19066,8.25680357141959
19067,9.723932293650227
19068,11.855601241615465
19069,7.005771263242153
19070,8.213180691379568
19071,11.524985656714152
19072,9.214238387400075
19073,13.25944720002711
19074,13.46903545825993
19075,10.776329297308886
19076,6.009225480992104
19077,10.18406784437071
19078,9.465965530731244
19079,7.140460145425861
19080,10.928068496440458
19081,5.986486806406155
19082,8.129906513866063
19083,9.877307041768903
19084,12.277362855942622
19085,11.014312920259025
19086,4.858156579424948
19087,10.359596201118157
19088,11.422864060841759
19089,9.554640734256703
19090,7.109791981297908
19091,10.047901201284178
19092,7.110642405522535
19093,11.206868518849697
19094,6.9953764835416266
19095,8.1018043808006
19096,7.4040345889878
19097,8.926911394293677
19098,7.968897783050949
19099,11.748978502658934
19100,9.63125798019925
19101,10.449402575880901
19102,12.628865445024294
19103,11.043260391062569
19104,8.942816280612826
19105,15.911141857266768
19106,10.373920254537806
19107,8.569714415261506
19108,9.879811723578742
19109,8.848111288516224
19110,9.228993205299405
19111,9.114698051071658
19112,8.195586474269772
19113,6.003255364741706
19114,6.209306541173003
19115,8.87672309879393
19116,11.799304925569087
19117,13.615937563260927
19118,10.08102900738213
19119,13.435765148611898
19120,4.828295031436161
19121,15.213102325765993
19122,5.748729811216226
19123,9.536656698980432
19124,9.06350264662125
19125,5.965640943641269
19126,7.9356476080762235
19127,12.360721530705346
19128,12.589010968106619
19129,8.117064098595042
19130,13.170682152066517
19131,9.146867436166703
19132,6.999055540456208
19133,13.142278170851666
19134,11.157744980974789
19135,9.952937404468388
19136,13.19840076143567
19137,8.061839964797185
19138,4.919020130727375
19139,6.210615986434609
19140,7.001404469293993
19141,10.682172914744646
19142,5.2298055420055105
19143,9.917915267166892
19144,5.978597536525692
19145,9.619649235718937
19146,8.89226174327724
19147,10.42727756127899
19148,9.955202492157722
19149,9.684740399109716
19150,9.393311734438525
19151,10.16587925764898
19152,9.232037220645486
19153,9.129624287248399
19154,17.66830181952549
19155,14.162608490515671
19156,10.405621317348539
19157,10.550018083583
19158,6.002137018075816
19159,9.791660269029562
19160,13.959682312535707
19161,7.589613422913777
19162,9.049947253075258
19163,6.997813647360138
19164,8.911338732361168
19165,11.085877128588487
19166,4.657679449753316
19167,8.996411333194859
19168,9.052542103848543
19169,9.119183923422431
19170,10.712757583177025
19171,10.22887416540303
19172,9.732158175203578
19173,7.7808281591145345
19174,10.890262280977767
19175,11.732377911172263
19176,6.103038381977475
19177,8.466967013566032
19178,11.013532671759277
19179,6.157583859501807
19180,5.197841796996829
19181,10.035968453371895
19182,7.05539474894243
19183,14.731556752788157
19184,11.24067000518527
19185,6.016763684451815
19186,9.532539208527586
19187,8.056865019762876
19188,11.285938287347202
19189,11.533119119815376
19190,7.892479369044585
19191,8.217476252375063
19192,5.618895468790212
19193,8.940120958331972
19194,11.896518792009624
19195,8.136975229968138
19196,5.068093601291102
19197,7.059698681995995
19198,9.636568061701036
19199,6.981799501143135
19200,16.256609168731316
19201,9.909719548087102
19202,8.82856690955803
19203,10.379244360465725
19204,12.268300225217649
19205,10.136669298602895
19206,9.089195958512962
19207,8.605636209825233
19208,13.469347611931186
19209,7.645543563382992
19210,9.06052885614753
19211,5.958627858355294
19212,9.115995772114614
19213,9.90002966387892
19214,8.89379748670306
19215,8.582345632309538
19216,7.006763453867126
19217,8.848870985264844
19218,6.979551391206035
19219,10.79428807855975
19220,11.143393010113526
19221,7.909458964433984
19222,12.97380592193653
19223,9.902168279447453
19224,7.077526689784701
19225,14.216151991923896
19226,7.011710471180876
19227,10.386769514324216
19228,7.274321799629503
19229,9.86516100156676
19230,8.05891649741662
19231,6.2690096297976865
19232,6.951515000026156
19233,10.190696404359292
19234,11.43759445438459
19235,8.85026662187513
19236,12.583212255955365
19237,10.528670955926044
19238,6.914276867623151
19239,8.201597014809577
19240,7.628752283974977
19241,7.3747286946746
19242,9.55201746566384
19243,8.820052411776816
19244,11.063429928603087
19245,9.783888080680734
19246,9.67891117761832
19247,7.045248326933356
19248,6.98847829567236
19249,11.07443975409816
19250,10.113846503918529
19251,8.98315452895338
19252,14.286825235947942
19253,10.827355040058903
19254,13.839344014881354
19255,8.086110490319255
19256,9.892800176113342
19257,9.173343284749786
19258,10.250182174734872
19259,9.882670141574158
19260,11.358108658029563
19261,10.607012206107997
19262,9.744693395419672
19263,8.63097789243613
19264,10.878514291885354
19265,10.944784075040294
19266,6.824226833138553
19267,10.251790258226722
19268,8.266293555623944
19269,8.254451501328456
19270,9.335914245961563
19271,6.998966875409911
19272,10.552238543079282
19273,13.158980015773407
19274,9.769172197592313
19275,9.259524416651226
19276,9.525567449930607
19277,8.580084899451082
19278,9.424907038541475
19279,10.081702257504359
19280,10.139897819963787
19281,6.994028307918914
19282,6.192525671352712
19283,10.257409253915482
19284,10.446977055939668
19285,15.085072206616585
19286,9.720207938683897
19287,10.229792426838467
19288,8.257355751057295
19289,16.74793353614332
19290,7.677465908666122
19291,8.196991166997341
19292,11.101356746518642
19293,8.921088687182548
19294,12.298524654940513
19295,8.707900904760267
19296,8.304416005632168
19297,11.657030639929543
19298,6.334235967692852
19299,10.220383593640568
19300,4.662709284933634
19301,7.973432062534007
19302,6.969658722762633
19303,6.901705663349684
19304,15.466054794757012
19305,8.774807507241091
19306,10.603328071084773
19307,7.150507913462279
19308,6.857887950831824
19309,10.633681439072964
19310,9.197517766203068
19311,17.206587090463678
19312,11.461352723711853
19313,12.068797298297957
19314,9.691442268817559
19315,9.303260270011327
19316,12.656107839057158
19317,9.562427897504053
19318,9.642446422017217
19319,9.463251138716517
19320,7.160415521221276
19321,13.511650691976447
19322,9.925698965349389
19323,9.31804566535064
19324,10.505182996592639
19325,9.657245709024457
19326,6.949964150386593
19327,8.746891301009283
19328,13.358673925271392
19329,11.962929931259966
19330,5.482643409331659
19331,9.973888398196669
19332,10.514270814937992
19333,9.867018013058024
19334,13.35243293270929
19335,9.488372392074483
19336,14.115495782216938
19337,8.055764245860134
19338,8.793304417544698
19339,10.782305939994751
19340,11.027331863311497
19341,8.321758058568827
19342,10.226098577111637
19343,7.0003541925812485
19344,9.389025612434535
19345,11.345381550586668
19346,11.241879940483651
19347,6.27466300378865
19348,9.976188672227677
19349,11.004842326543573
19350,10.407304318268212
19351,10.713630159134093
19352,9.17487297440397
19353,10.70116440717643
19354,4.9658900300079205
19355,10.492497615002973
19356,9.767895028642927
19357,4.150805568777926
19358,12.349058859846279
19359,6.998560131101911
19360,9.643091161789739
19361,8.979170999689986
19362,8.926972245217003
19363,9.38784693521965
19364,10.771067720796536
19365,5.1021303610183635
19366,10.749768529683779
19367,9.718609023216798
19368,10.17102542758124
19369,12.354761763699896
19370,8.819170472094259
19371,11.696729488475858
19372,10.033579775634996
19373,10.92539508311573
19374,5.021086727649114
19375,4.857475386952657
19376,9.58666419381015
19377,10.182954949743197
19378,10.848735062990754
19379,5.533827117635637
19380,9.009248680897477
19381,8.22551421816902
19382,7.524194174537255
19383,8.044497446448142
19384,7.681669338470737
19385,6.799408287364516
19386,6.209387572643735
19387,11.63625857795544
19388,8.381693623062846
19389,11.01110436768794
19390,12.11730174244901
19391,9.26150335586201
19392,8.847991340803764
19393,11.084430790366303
19394,15.549296856984887
19395,10.8080051175577
19396,8.834590382438057
19397,10.263331126738999
19398,10.083719978593399
19399,11.026046745279446
19400,11.126105518737495
19401,12.552906279803507
19402,11.313662005990158
19403,11.245277391614229
19404,6.123130029151499
19405,15.876171297136631
19406,10.11372786783265
19407,7.33007896391646
19408,7.083134933889195
19409,7.8886550652889635
19410,9.264336462210606
19411,9.801282576150681
19412,8.892898914934571
19413,7.423494130886279
19414,8.845404010984128
19415,11.239076397300353
19416,7.037353273946014
19417,8.988697270692361
19418,10.651355309348178
19419,7.903498241788139
19420,9.80441326100569
19421,5.909246957619521
19422,10.153498573619368
19423,14.887294343526053
19424,6.945471922521376
19425,8.846525073867399
19426,9.39586337776863
19427,6.849052595149162
19428,12.83913000378052
19429,6.833082319453954
19430,10.224651076645527
19431,10.107231943211707
19432,10.471508365203048
19433,11.023151500143536
19434,8.830933601674674
19435,6.961690848120952
19436,10.957766117417295
19437,10.182853706466
19438,7.069746023047074
19439,8.257655135028267
19440,9.712621968785127
19441,9.307203007384059
19442,6.110435317438412
19443,10.128287410786877
19444,12.981000317148032
19445,15.981060498061916
19446,14.250136656976958
19447,8.050237780858966
19448,7.483641542699761
19449,8.20469801130461
19450,10.591495100453988
19451,6.156503791065623
19452,13.217349266982568
19453,10.625636333138365
19454,11.019251083901244
19455,7.805274754270107
19456,11.024501241680168
19457,11.296626736708623
19458,11.99701618250293
19459,10.532480481904726
19460,9.029745514145
19461,9.71426117676011
19462,10.517560957154336
19463,10.847655784944726
19464,6.97839918638631
19465,6.977452515815722
19466,8.846726779253496
19467,11.316630570738061
19468,15.453055761407798
19469,5.229068663107865
19470,9.678008904982873
19471,10.220486124687758
19472,10.056459533119435
19473,13.819076710276375
19474,12.258737858782135
19475,11.205729200475021
19476,9.870253266182322
19477,9.746489589476477
19478,7.020295322422845
19479,10.082269032278285
19480,9.881140987939125
19481,9.857172077156223
19482,13.172757934450912
19483,10.651009039553946
19484,11.411699671763595
19485,8.756024089016728
19486,12.074754882175638
19487,7.0686645406109125
19488,8.43595794155693
19489,4.0000000000000036
19490,10.395975923554706
19491,11.156639088965479
19492,10.555091832209817
19493,5.551558146429907
19494,10.410315028345638
19495,7.919746821730657
19496,10.855144177396612
19497,9.906247305749178
19498,7.1832514092024535
19499,9.459179690082136
19500,9.473179237315742
19501,11.26979000838091
19502,15.245016823056604
19503,10.029066181246408
19504,10.07749635737524
19505,15.513186678552502
19506,10.032682920396896
19507,8.684393030586795
19508,21.067267874818825
19509,10.120698684620704
19510,10.349838292196422
19511,9.875442038665527
19512,9.786735523907486
19513,10.478758917391838
19514,9.954353982659756
19515,9.35090048226578
19516,9.213146486803444
19517,10.340010560254948
19518,7.170330341803659
19519,11.087462126969063
19520,11.65786704219837
19521,9.976151410856074
19522,10.566404948463239
19523,10.593358285963463
19524,9.755261919938855
19525,11.41841923894957
19526,13.202133544861637
19527,10.937004758580168
19528,10.531177571777414
19529,10.968189719679527
19530,8.653633330347633
19531,6.929267602813518
19532,10.815946406854225
19533,9.286372132330163
19534,8.961491601373483
19535,12.591515598077406
19536,8.479492025018688
19537,10.907011833327998
19538,13.240137386437945
19539,10.21475540999223
19540,13.80539310052538
19541,7.868718845872877
19542,9.569491943973718
19543,11.246457560841856
19544,9.058299476900809
19545,9.403494208918387
19546,13.766748504440303
19547,10.144492810978663
19548,11.872156197384191
19549,10.7630840216047
19550,9.938675591986799
19551,10.040083344444946
19552,12.046514611290656
19553,8.233347715086401
19554,10.134983496461574
19555,9.904148800565553
19556,7.911744164755943
19557,12.000062944142416
19558,8.887710499744985
19559,9.440259339287755
19560,10.798581025876922
19561,8.105816903829991
19562,9.127859295768419
19563,7.1118786607010005
19564,9.022723995366624
19565,8.909725032821486
19566,7.0040340958836556
19567,12.722728639120161
19568,7.815303376124589
19569,10.006963691446908
19570,10.210601563037953
19571,9.931357198058654
19572,7.041634523882042
19573,9.947962612926956
19574,11.145791203492854
19575,8.88319429380118
19576,8.811648228852752
19577,12.376245848079753
19578,6.357400943669212
19579,4.614740184523001
19580,10.49884299312905
19581,10.226384046275863
19582,10.37493473685952
19583,9.357989202007824
19584,9.02455417817365
19585,10.252034645914703
19586,11.23642164351836
19587,4.029580092640405
19588,8.739423092985968
19589,8.854390915858476
19590,10.934171334794582
19591,6.902983940975192
19592,12.9784955904874
19593,11.733389056120584
19594,9.97849216303946
19595,10.120666565181908
19596,9.082250106103354
19597,10.881535008106292
19598,6.189029780530195
19599,9.301252863112955
19600,7.383166131093114
19601,11.152486385510405
19602,20.50906457769579
19603,9.824369065900791
19604,10.202377580598577
19605,13.303076393267952
19606,4.913725519939389
19607,7.996728039296185
19608,10.660808987688819
19609,9.018037446549998
19610,6.142671080852626
19611,19.332632196210795
19612,7.02937403581555
19613,10.687241229132292
19614,5.933955842630308
19615,14.097799860387726
19616,6.024733740918117
19617,8.379110357359208
19618,5.994406950207134
19619,9.908744160998689
19620,7.913389816742432
19621,11.156620233091546
19622,11.24655371827202
19623,7.0507992733714016
19624,4.940920444359944
19625,15.439861962427171
19626,14.43055200526405
19627,10.797314556185382
19628,12.179470073321975
19629,10.071699074935337
19630,9.288574775693244
19631,13.375652605154587
19632,10.223773633851822
19633,8.76544801354442
19634,14.504233581442106
19635,11.040995014951646
19636,11.597011259907903
19637,9.912780004470603
19638,7.181045723936572
19639,7.067731857125915
19640,6.9777937676301285
19641,10.934831793322685
19642,13.901364512468946
19643,4.16852727771549
19644,13.211571614999725
19645,6.987458433279963
19646,10.042853111110295
19647,9.192477076808329
19648,10.882973240404509
19649,10.96355000718305
19650,4.617994352215158
19651,7.245963607968001
19652,6.652223516587808
19653,7.362586052047957
19654,9.735866418155071
19655,14.972221515996294
19656,10.066803120946995
19657,14.083130483639044
19658,11.720615560868234
19659,9.259285817899643
19660,9.225152513819067
19661,7.717169629558988
19662,10.022297187315873
19663,9.986136560419054
19664,10.051697729663895
19665,6.831790518506036
19666,9.990754282865966
19667,11.083845289029332
19668,9.596900963757287
19669,9.121580173208018
19670,8.487902146853612
19671,7.9165358433055
19672,9.49318464183361
19673,11.319689635236516
19674,10.87323531762299
19675,9.863926428136496
19676,10.938550613010706
19677,5.001199872146066
19678,10.488014958455144
19679,11.740830025170597
19680,10.783684037187745
19681,9.370727124611472
19682,9.870453991666436
19683,11.86937239295069
19684,9.263738555498422
19685,8.909233864475256
19686,9.903082303546382
19687,10.176907479829795
19688,11.48647345689887
19689,9.074094570294578
19690,8.419649638490379
19691,9.14840929198384
19692,9.943935846445639
19693,6.365992837224647
19694,9.176872922337429
19695,8.689974541603702
19696,8.381608083452731
19697,5.001679998438152
19698,5.692232824127317
19699,5.618741501794739
19700,13.320448307152565
19701,8.863155074184538
19702,10.206959755561565
19703,9.424569993953627
19704,11.225055348074969
19705,9.588218266748827
19706,8.829749366841193
19707,7.0485302520435855
19708,6.000392282657964
19709,9.898721586814135
19710,6.995973973269091
19711,10.781287328231128
19712,4.971735189959464
19713,5.988737978099657
19714,9.978918720480051
19715,10.791615860738931
19716,10.486926894724258
19717,11.140269674718633
19718,9.928626133836124
19719,10.862779286571817
19720,10.850800699438386
19721,8.230520669749657
19722,10.738087303915611
19723,7.311254544013458
19724,8.895150785734627
19725,10.649364938539621
19726,7.755333716855912
19727,9.91576962459276
19728,6.5701608649577565
19729,7.392052640688105
19730,11.859502749167968
19731,10.058208718566695
19732,11.48549032870749
19733,7.773498474004137
19734,4.018236888292977
19735,9.98813597458812
19736,4.045741450706527
19737,6.965633847751359
19738,14.966636901331716
19739,9.008074545083227
19740,10.832889315966602
19741,7.026737338370356
19742,4.9450596230209145
19743,9.76487202832296
19744,10.00744413112564
19745,6.849373846439743
19746,15.923319925163527
19747,4.000146598803452
19748,10.925238509972866
19749,13.621044147300553
19750,16.091099500398343
19751,10.198523187278804
19752,11.140316342402146
19753,10.229771418769735
19754,5.185370246161784
19755,10.087264489484687
19756,9.140283177949447
19757,6.973951736076344
19758,11.988207307381144
19759,8.081719758570467
19760,6.923494269210664
19761,7.128939640121253
19762,8.1458777236724
19763,10.451371597000323
19764,11.08798088052894
19765,10.203310369736046
19766,9.023884738367753
19767,8.01855907736684
19768,11.278916336227569
19769,10.293667936572293
19770,7.950474784490394
19771,11.628508250835731
19772,9.530417864633497
19773,5.009872661554918
19774,8.902339044740499
19775,8.633723884061093
19776,10.417146265370802
19777,11.927831590416508
19778,7.005889595688105
19779,11.279607364730891
19780,9.579401086341713
19781,11.869540951263682
19782,10.604679663400306
19783,10.177481817752296
19784,9.930984617583983
19785,9.481505159075622
19786,9.243812983568416
19787,9.302816179866776
19788,6.003275859212776
19789,9.461054305990926
19790,6.644312200683444
19791,4.865010130212045
19792,11.86428775742097
19793,7.967717837880953
19794,9.983862877523594
19795,10.976138982358004
19796,10.985408970933326
19797,11.399892333382352
19798,8.129308111633263
19799,8.912201285750095
19800,8.850386018634717
19801,7.988812134978529
19802,12.452579637651949
19803,10.108562449113629
19804,7.031318173126792
19805,10.915786463519945
19806,13.028772869484241
19807,7.131776869791599
19808,4.927553379059217
19809,11.719507475001356
19810,12.1314654128722
19811,8.925640361224255
19812,7.0439143163986255
19813,10.125548952472323
19814,10.254239959986885
19815,10.042745791859604
19816,10.037539639592092
19817,7.936252291925415
19818,9.442481807732383
19819,7.234277779866778
19820,5.144936852330731
19821,7.512169182297136
19822,7.306901324629896
19823,11.099590267151926
19824,5.164353872599025
19825,11.912203105127
19826,9.489004168886646
19827,10.201211567176669
19828,9.790731995678323
19829,11.15916907320104
19830,6.994485616153023
19831,9.427518065407503
19832,9.597063804270947
19833,13.943763640159682
19834,6.840025049036049
19835,10.191631845055758
19836,9.962675138191257
19837,9.12555751596179
19838,6.0019311333084016
19839,10.892380765590437
19840,9.99560948291032
19841,8.091777542044456
19842,7.969656393992485
19843,8.958500230044836
19844,14.782171403641142
19845,9.086805875240794
19846,8.636870779756437
19847,8.947036101269275
19848,6.969109796334539
19849,9.51236928328965
19850,8.76027924182551
19851,10.357185676656245
19852,9.594910415496438
19853,7.350649509504089
19854,9.795778515685532
19855,9.642640548348057
19856,9.165871896360988
19857,7.323487435708831
19858,10.920057516306608
19859,10.530134280994789
19860,9.612375582082729
19861,10.256251465806573
19862,10.053104372157351
19863,8.801770685240188
19864,9.131502403620088
19865,10.971753838524934
19866,9.37637841813382
19867,10.012919786753331
19868,10.204183654356713
19869,6.002342378097744
19870,13.179439727091081
19871,8.248861958668853
19872,10.245818195151104
19873,9.73266106931971
19874,11.286521060572602
19875,13.136133995619934
19876,8.968964619588649
19877,6.2532288998532835
19878,7.752298911296915
19879,11.316603331232779
19880,11.026813558389867
19881,10.105716196134226
19882,6.658455204921317
19883,9.109974073285484
19884,9.654790497412742
19885,6.994848464999146
19886,9.696158123146583
19887,10.049517841370088
19888,11.282277537567976
19889,11.040401346311834
19890,12.58191207301598
19891,9.38823439861501
19892,12.407403703701243
19893,7.479399321260567
19894,10.258559402153255
19895,10.106731461148785
19896,9.788192845737834
19897,6.124548812878961
19898,10.086042998353586
19899,8.717761667352482
19900,11.293122904761715
19901,9.223760678377934
19902,4.985041501327389
19903,7.375564760590466
19904,7.991518727860557
19905,9.921116718482617
19906,9.995410890346841
19907,6.3803057116021495
19908,9.776107737827077
19909,11.93171372456026
19910,8.800084311942198
19911,8.782987026703035
19912,7.430856744786565
19913,9.508932810139607
19914,10.714530394337617
19915,8.771708767184288
19916,7.785998822178424
19917,7.048210563722604
19918,7.087257968302907
19919,9.62642768149552
19920,6.179486121514538
19921,9.282673402216306
19922,10.02531387838137
19923,9.273570392939673
19924,12.460325538041042
19925,6.279753448483124
19926,8.94333719933113
19927,14.5565532823562
19928,7.023693699297585
19929,6.237977796510082
19930,8.080459856318582
19931,9.41841353116755
19932,8.702159326298078
19933,7.000378207977477
19934,10.049003999577012
19935,10.39756753316462
19936,9.304970920347115
19937,10.279051175097313
19938,15.028623001102014
19939,6.948140112927144
19940,10.104429366761115
19941,10.846585473266943
19942,8.732704647357467
19943,10.274461427196199
19944,11.974678570051337
19945,7.019237901390602
19946,12.679721467594257
19947,9.591689175284765
19948,11.141186013090563
19949,6.190338761937079
19950,9.03795886555787
19951,8.89443019202191
19952,16.47783957441252
19953,10.461613096903749
19954,12.489740233128748
19955,7.372836887846619
19956,9.149767168772739
19957,5.98422504559794
19958,4.432102311365658
19959,8.683692790216055
19960,7.345252844512169
19961,6.000667569726717
19962,7.003723235086607
19963,11.832039202431668
19964,10.25699403950403
19965,10.227839900350626
19966,10.4455637361156
19967,8.220195640581766
19968,13.34141893459896
19969,9.033467637541955
19970,8.376842632310273
19971,10.030525363390781
19972,11.793913058918724
19973,9.336566833413256
19974,9.104206528849089
19975,10.24936198014005
19976,7.177684921340106
19977,10.70297082272923
19978,10.005561704191164
19979,8.80746154209721
19980,10.674926194440511
19981,9.25443332138906
19982,8.973926994022426
19983,10.824445833220208
19984,12.863532578650196
19985,13.787131880457691
19986,6.799883690537516
19987,10.472585289174
19988,11.641492092100718
19989,9.155554078544315
19990,8.802634000692064
19991,5.978195031970097
19992,7.028028299062171
19993,11.590814402861009
19994,11.286778407416856
19995,8.123648519218674
19996,9.995619344324217
19997,7.011159150653803
19998,6.206321907162916
19999,9.019088185655276
20000,10.078699403372896
20001,7.99894467852053
20002,9.841446055323834
20003,4.831102131003382
20004,10.23434530497155
20005,7.078390187935794
20006,9.41974978388122
20007,9.926179149060806
20008,11.101952249050859
20009,14.298215677613564
20010,13.117396940376894
20011,12.799593003772193
20012,13.173800154841318
20013,10.172446521960806
20014,9.779777646867698
20015,9.861044329753254
20016,11.697019458971832
20017,8.883458193538237
20018,10.146253017920758
20019,11.929004153021443
20020,9.054122219512836
20021,10.034289506045107
20022,10.314170025968414
20023,9.82745302319296
20024,16.54446817400609
20025,5.789183304285088
20026,13.507314688535056
20027,9.206190186710264
20028,8.997631671226346
20029,5.126830576613841
20030,17.534035576964925
20031,12.397049390211977
20032,8.834931061559397
20033,8.888533284383358
20034,9.401365291877378
20035,8.556924754622743
20036,6.994934038960714
20037,14.381809170271682
20038,11.73144307053404
20039,6.210615986434609
20040,9.040010370753242
20041,15.30883821675223
20042,7.132354172689459
20043,15.646857412029322
20044,4.058232514370163
20045,11.068741510717222
20046,10.691828758488954
20047,11.085865752603612
20048,10.37209901921428
20049,10.265348855875095
20050,10.063545923755653
20051,9.392699741506474
20052,9.65796984357175
20053,10.352394847043419
20054,5.943014329163443
20055,9.6328153183452
20056,11.316219297918023
20057,8.16850283910142
20058,9.025835724357789
20059,6.003787556362287
20060,8.771936447667846
20061,8.74828283284178
20062,9.713792955585903
20063,9.662546392463879
20064,6.097056988405134
20065,10.182843925513504
20066,9.972625227714923
20067,9.172085837094125
20068,5.275571600573315
20069,15.54371966838074
20070,9.702204667909177
20071,9.94767700940068
20072,10.090589831174563
20073,13.915410142874107
20074,14.131397889281542
20075,7.0016693692592895
20076,8.923643687604086
20077,8.800104126020466
20078,11.578035833798753
20079,7.053282639946794
20080,9.128881225258732
20081,9.491800944621824
20082,9.323246464207715
20083,7.025034037814422
20084,9.591824970433313
20085,7.013909561957318
20086,11.017470152919659
20087,9.798397357368762
20088,7.555680597478839
20089,12.033345357748955
20090,9.847728714497121
20091,8.766590578509623
20092,7.159808208351523
20093,9.712954064460744
20094,14.66625310873288
20095,9.304878739735999
20096,10.006880846117914
20097,10.98109348500295
20098,11.89278496005476
20099,7.394598955506597
20100,6.275593057647708
20101,7.526273060016113
20102,9.863612981834786
20103,12.44120330242855
20104,8.70433405882998
20105,9.864504422325735
20106,9.5880614496406
20107,7.846945712392081
20108,8.065512593789792
20109,10.079708530735116
20110,10.405956858790637
20111,7.069790766764314
20112,12.117048794486598
20113,6.993000129759057
20114,10.30869311282673
20115,9.320727142987108
20116,5.970893335629439
20117,11.766251807726052
20118,16.009909648098336
20119,6.112417379393129
20120,5.1137129836972095
20121,10.840840455191993
20122,9.944881962619101
20123,9.366587299318171
20124,8.187624116859896
20125,14.708593594633085
20126,8.001142605874174
20127,7.031471273971135
20128,7.40933176588684
20129,6.192461080964346
20130,10.388671753348452
20131,10.306608414093686
20132,10.891843626294316
20133,4.820899986621297
20134,9.930265332210551
20135,12.39496393721024
20136,7.91340588590703
20137,7.846788746270194
20138,10.977604752700136
20139,6.992203848387296
20140,6.645150636352586
20141,6.995999419781704
20142,7.948777247443477
20143,12.14708378597104
20144,7.967417159147711
20145,9.477078491563399
20146,10.119080421893871
20147,7.44108204155099
20148,10.91208793882531
20149,7.3665477910362664
20150,11.641667608398313
20151,5.5496743696686
20152,9.5830463633428
20153,9.051159633471313
20154,7.01642219120961
20155,9.523647288244794
20156,9.28288512527516
20157,10.40141330510991
20158,8.637719973531587
20159,12.911852227248614
20160,10.08844399725312
20161,12.883050289232541
20162,8.867179569654363
20163,10.629375634648754
20164,8.907914786508995
20165,7.6487425843623384
20166,5.953668083148548
20167,11.690093530098943
20168,10.120171826421211
20169,16.294076023893453
20170,10.880035045035077
20171,12.266657073935624
20172,9.79639946139916
20173,10.607231948369284
20174,10.225729627907748
20175,10.112806199707832
20176,14.420264210515791
20177,7.60633151567977
20178,11.358651025659002
20179,10.93454628869644
20180,5.242489098089167
20181,11.542906742614749
20182,6.2029044158203615
20183,9.085307682925135
20184,11.14965332275589
20185,7.990650024823447
20186,10.306371989476146
20187,11.618281233725403
20188,13.025685342410844
20189,4.9364222862627525
20190,10.973199264703608
20191,10.422990371247502
20192,7.816974847494766
20193,11.23228780861084
20194,9.04749812387959
20195,11.892993294387763
20196,9.874440365408221
20197,6.171583209050883
20198,8.535486763063608
20199,11.983765068199714
20200,10.231245491094258
20201,9.220418556260194
20202,3.9996636401370176
20203,10.505249056366521
20204,9.774889559734182
20205,11.08605513799615
20206,11.425131162572518
20207,10.6042582551458
20208,12.182596240810389
20209,8.752820601793102
20210,13.26408618849126
20211,7.587894080939915
20212,10.615946573148017
20213,6.9081963217614675
20214,10.148604260831755
20215,10.35508845487317
20216,9.667303775070588
20217,11.450285424440827
20218,10.631196427316715
20219,12.318179152411327
20220,5.583246780763393
20221,13.142415960227192
20222,9.662395150166978
20223,11.042495454616846
20224,7.704455860740138
20225,10.163004929981996
20226,10.84774989013077
20227,11.283395060132344
20228,6.996012068528728
20229,10.488811394922147
20230,10.916490790971585
20231,7.835327549411733
20232,6.994672522578188
20233,11.849134070875097
20234,8.123837264845031
20235,14.721278773448669
20236,7.893028741632504
20237,10.899267835946135
20238,10.242487489912518
20239,8.862612637609855
20240,11.59928657113185
20241,11.48720619924701
20242,9.166027871548676
20243,7.63711050116471
20244,8.493647219368134
20245,11.986525551522442
20246,6.087894265893588
20247,8.478056240595
20248,6.060593890547489
20249,6.982186163508185
20250,9.823038452196316
20251,10.790407984951004
20252,8.664789480487423
20253,6.199568164399202
20254,7.970993163373997
20255,11.410439458614748
20256,10.347917540806483
20257,8.883395843773881
20258,8.999934836926075
20259,11.465017065473608
20260,13.362437222739553
20261,9.19020367815431
20262,10.938176663499144
20263,10.76537896958582
20264,10.408309492203744
20265,7.067689405337928
20266,9.596749210431424
20267,10.369877811270312
20268,9.165919208006839
20269,9.604170990165846
20270,9.11497132339783
20271,9.028974995258062
20272,9.17524622637906
20273,9.867327087478762
20274,8.82121843978297
20275,8.213367872024603
20276,11.91702417061657
20277,10.445611051056767
20278,10.418839897349253
20279,9.158096316100218
20280,7.000315488433737
20281,4.592439890466704
20282,8.125099903337619
20283,13.230561679281893
20284,6.786038698569252
20285,9.975783851444975
20286,10.083429592157264
20287,13.123477725891368
20288,11.161777525024126
20289,8.402490796857107
20290,9.050466155301462
20291,5.408777073170726
20292,14.440602652848716
20293,6.967889396887957
20294,7.020208858713886
20295,6.194698982261976
20296,10.943919971399351
20297,10.271959371051638
20298,6.9854286033996935
20299,8.95302877110611
20300,6.002829306457743
20301,8.912401392681046
20302,7.947399511456618
20303,11.036390803223172
20304,6.900443062695308
20305,5.138298349781491
20306,7.804421272208943
20307,10.233651203475928
20308,13.850896975379063
20309,8.271234150614985
20310,8.729559985165357
20311,9.394288910301734
20312,8.636121790386506
20313,9.035596056457964
20314,5.0538219716923685
20315,9.949071661611812
20316,9.101593782069562
20317,8.091790430953404
20318,10.737816853829175
20319,8.573250027437544
20320,8.416479600078995
20321,7.946576386200418
20322,8.012977313254998
20323,8.216462116593542
20324,10.8296055201146
20325,13.602676086577317
20326,7.98664888040712
20327,8.016112536042447
20328,7.998488375064962
20329,10.477144446211545
20330,9.509177784340084
20331,11.258818350916814
20332,5.481531353111025
20333,10.199409915326635
20334,10.959220806972384
20335,15.18752497804593
20336,7.0045896871384645
20337,5.2704737707030995
20338,11.019690243266771
20339,10.087590407930458
20340,8.443989619527327
20341,7.952514532497716
20342,10.086145954332215
20343,11.84712964991492
20344,4.0000000000000036
20345,13.694585398632627
20346,12.976492655555658
20347,10.995771292378903
20348,10.409047476662119
20349,10.467607788273144
20350,14.299196035476998
20351,10.454258268518503
20352,11.159096164250004
20353,10.516527233515122
20354,9.407576840744229
20355,7.021858467690359
20356,4.809212933724616
20357,9.923864513313502
20358,11.199284333414154
20359,9.145493445858316
20360,10.56298425871771
20361,8.134452988339428
20362,9.227042101619977
20363,6.8333825842389935
20364,9.809226475605763
20365,6.2240670683966215
20366,16.192934303806567
20367,8.198050581380665
20368,10.182109664132293
20369,8.961696830002088
20370,7.8769098409333544
20371,7.949251035296376
20372,13.57451314669891
20373,13.518771616424198
20374,6.15726750998506
20375,8.595867098035319
20376,9.951271636873686
20377,9.013636170214136
20378,15.547299409858448
20379,13.07659423704351
20380,6.793750876511449
20381,9.999671427036818
20382,9.582204943621145
20383,7.917931516416191
20384,10.088446005654058
20385,8.652800806118362
20386,6.916266551910079
20387,11.251494345679701
20388,8.835781190664951
20389,6.003278372740791
20390,14.65353631737633
20391,11.00683953140423
20392,9.60452552290847
20393,9.916198636924287
20394,9.666076759264174
20395,10.256051499626315
20396,9.68744937451004
20397,10.10916243489566
20398,7.997885649752206
20399,9.988567309983361
20400,10.551170515561202
20401,8.42281437240588
20402,10.009929102229075
20403,7.128935869721607
20404,12.334842075977056
20405,10.960176996179088
20406,9.352174809228218
20407,10.192188512664943
20408,10.486856688651406
20409,10.471433460523619
20410,9.029840091166962
20411,9.767817378568234
20412,8.90135749837887
20413,8.876093332503453
20414,9.720415124880043
20415,10.223143646398272
20416,11.717968346239315
20417,9.267681879494253
20418,15.086315953328365
20419,10.749091655300168
20420,5.530085812757439
20421,7.891699960518478
20422,9.826787484585322
20423,7.4393231336712216
20424,9.817975057395786
20425,6.074749035505517
20426,9.647677158509358
20427,15.95489411987898
20428,7.439942975983
20429,9.079156109732851
20430,10.354462677083633
20431,10.2913356048574
20432,12.610953600179455
20433,9.589282120938423
20434,6.027553720520155
20435,8.856458084348242
20436,13.022651305861002
20437,9.63328319823007
20438,7.5465520194154365
20439,10.375896451766474
20440,10.411904726110135
20441,10.12561978661658
20442,10.083803979216531
20443,10.525640224938881
20444,9.093881036217686
20445,5.169523144228562
20446,8.646910919838716
20447,9.162615937920842
20448,7.004790767018292
20449,8.020032846570272
20450,11.82311040709091
20451,10.775606881536175
20452,14.819546653214966
20453,10.19733734689616
20454,12.193636629700821
20455,10.033830958365607
20456,9.556230416893866
20457,6.910416374580697
20458,11.83839655175325
20459,10.090354489426927
20460,9.999157063786578
20461,7.8213387665616665
20462,5.919732800718093
20463,15.35458486295535
20464,10.15961454696062
20465,9.574559032626093
20466,9.498063991310348
20467,7.476102357678702
20468,10.110054066348967
20469,7.944014344337553
20470,12.610964522947258
20471,9.783954687601378
20472,5.132917684978967
20473,10.02751652925956
20474,10.39183269007855
20475,8.077695499988808
20476,6.874886052852972
20477,9.832647775248423
20478,7.315935457251003
20479,10.100749630636974
20480,7.471014122198241
20481,9.696245070612848
20482,15.877721423787095
20483,10.737694310474788
20484,11.699974013115702
20485,11.138292382038694
20486,9.640537395186618
20487,10.619507001374105
20488,10.581936369487009
20489,13.75231878100094
20490,8.974185926242372
20491,10.105383103157004
20492,9.307974261146073
20493,10.752157380070711
20494,9.972277250407425
20495,7.733420703341631
20496,10.949975806022275
20497,11.362238822321915
20498,10.754579419892382
20499,10.592522832544125
20500,6.936875883555173
20501,9.186707014014631
20502,9.383061741100745
20503,11.388254566578327
20504,8.135526930196923
20505,12.988437464218675
20506,14.494462102513618
20507,7.61667230743306
20508,9.806894894212578
20509,6.018737033662573
20510,12.800442348329957
20511,8.852162483270474
20512,10.211158391116184
20513,5.404052656679095
20514,8.594299502998242
20515,8.098994796531153
20516,7.927732505276891
20517,10.681565570545013
20518,14.783174909964474
20519,13.755120614734624
20520,9.44078203645252
20521,12.110830909700363
20522,12.366980085315236
20523,10.642758283714853
20524,9.447310104954793
20525,9.236972193233859
20526,6.067417920558055
20527,13.236093666193055
20528,8.878789408050652
20529,10.539314417336906
20530,9.567475427319911
20531,5.993339450985532
20532,11.32338265789855
20533,9.609491483774507
20534,6.000110707212148
20535,9.629060979941281
20536,9.822758702776108
20537,9.759429947895216
20538,10.946502614904949
20539,9.040791863477208
20540,11.368211185986455
20541,10.347270760123527
20542,7.849327352479568
20543,6.000376691779524
20544,11.156025432244702
20545,14.946258454025985
20546,6.106173765585007
20547,5.0137250740854356
20548,11.278854680618972
20549,6.971303492576569
20550,10.25961224242972
20551,8.047113417173149
20552,10.42972007141851
20553,7.848016367879717
20554,4.032975884179136
20555,10.125255964284127
20556,10.32980746394889
20557,9.34899969918772
20558,8.23023268008851
20559,9.934503400346257
20560,10.207908191361286
20561,9.288261777242171
20562,11.26275038224214
20563,11.922151875608767
20564,9.996776062075126
20565,13.858185723506947
20566,10.216011097716146
20567,10.2937814085056
20568,9.02410577741418
20569,8.110027618070594
20570,8.126742784723659
20571,10.9015587989785
20572,11.432866851421052
20573,10.248210918801073
20574,10.011770044250538
20575,8.164353238301766
20576,8.620701406982674
20577,12.744678653155434
20578,11.232443681534567
20579,5.952658110446075
20580,8.164719264581484
20581,10.003292235935985
20582,10.147214557908038
20583,8.435026092266712
20584,13.693208316444471
20585,8.793637379382774
20586,15.938135342951282
20587,10.336567028246984
20588,7.3971823467369795
20589,7.975970887193137
20590,8.137006190946968
20591,7.915755650266497
20592,8.991480274245768
20593,10.35281998365584
20594,10.251713859583239
20595,7.025782886047496
20596,7.111052181329999
20597,10.735217107252856
20598,13.179394031304218
20599,10.03397396724037
20600,7.9181576973141965
20601,11.055204016752901
20602,9.80624164937088
20603,13.866358943751946
20604,6.4728160086938615
20605,9.343716413383502
20606,8.154382848474055
20607,9.344902605037559
20608,4.932587694216068
20609,10.95022172455433
20610,10.106753610950163
20611,7.396058752620219
20612,7.100613054726031
20613,8.857210481663321
20614,9.633922166704581
20615,9.25851562852103
20616,8.20224341608298
20617,15.652409567089167
20618,10.460700798029324
20619,11.085580286482239
20620,7.708167213562438
20621,9.465480201537341
20622,5.134111770489473
20623,11.636052572971897
20624,5.043565672513536
20625,10.770024436657648
20626,3.9755666073604257
20627,12.249692693124166
20628,10.332074175801536
20629,9.70793540011906
20630,11.48214583226454
20631,9.386111528999782
20632,11.712141061429366
20633,7.932829180436949
20634,9.376339207496892
20635,10.393124434883203
20636,11.214198216653445
20637,10.088590455310213
20638,9.314561020899335
20639,10.934369944697567
20640,8.865568313444728
20641,11.52307562493675
20642,3.866469062001609
20643,8.035396632411059
20644,7.951225571370333
20645,11.426251123788477
20646,9.652843174582477
20647,10.230928349922218
20648,8.904030003676736
20649,10.114582276865017
20650,9.376842575522998
20651,13.717479730604309
20652,9.04958408921477
20653,8.213322407662181
20654,9.490525421660967
20655,9.871866618714504
20656,8.538542820593124
20657,9.032678604281775
20658,9.33327970441823
20659,9.056083935281203
20660,6.8597677087594064
20661,10.055017401490593
20662,13.576795297100782
20663,10.088721656024648
20664,16.200597988136757
20665,9.273739356842635
20666,10.154556194827732
20667,9.594400403569702
20668,9.075867138280982
20669,10.488682614096659
20670,8.8143674658084
20671,6.189647698786883
20672,9.77461701920443
20673,12.196599550143892
20674,8.794115928132127
20675,7.951294682439835
20676,9.316895974236958
20677,11.078610225072767
20678,9.927739931358888
20679,13.478799008950508
20680,9.339689759793407
20681,10.087940020061916
20682,7.051222829305155
20683,7.530223686528652
20684,10.293029262039264
20685,5.809322030656525
20686,9.747148171367298
20687,7.941343864676812
20688,6.0229004492130915
20689,10.700000398548296
20690,9.167955980265026
20691,8.934751015066338
20692,9.234427540598217
20693,9.91965108874444
20694,9.605594608412202
20695,8.873467275527302
20696,9.94278805145647
20697,6.938344214218985
20698,9.031670094866366
20699,15.392765748895355
20700,9.945395289860139
20701,10.237239881651954
20702,8.97173364880687
20703,8.925345771823524
20704,11.385734246328019
20705,10.189351135447561
20706,11.271534790437743
20707,7.99566357613708
20708,17.77996397412177
20709,13.069743090691064
20710,10.49296590231709
20711,9.786711439252999
20712,10.619378874767635
20713,5.230127315189238
20714,9.168815176608407
20715,11.796144644596266
20716,10.601739999609483
20717,8.045575626650146
20718,7.338394015831145
20719,10.941913374325017
20720,16.340280470538616
20721,9.967494417657841
20722,9.934487078622576
20723,7.937571536246695
20724,6.194851748585576
20725,14.309268131013118
20726,9.673519875138984
20727,8.29869128147842
20728,10.819939657382404
20729,9.119986749593634
20730,8.978165511729093
20731,6.990894488907744
20732,6.944094490111947
20733,9.375984334111758
20734,11.885727039498951
20735,9.160946578515732
20736,14.693163123912358
20737,9.247552786158147
20738,8.058965776004671
20739,10.383330522429132
20740,9.771704764488879
20741,9.803365458944667
20742,13.727629992446618
20743,10.073111003140008
20744,8.21164167148489
20745,5.009827020780322
20746,6.927363087250985
20747,10.350581801635633
20748,15.339301522184348
20749,8.97296227562535
20750,9.74584230930308
20751,10.010084817182198
20752,6.17364611350316
20753,7.5258044071136965
20754,9.832924525649739
20755,10.372860071153807
20756,10.192544090905281
20757,9.28175191949319
20758,10.113531990823875
20759,6.474936551615881
20760,5.534273495358435
20761,9.848126141671932
20762,8.861051245773714
20763,7.936078095240777
20764,9.935157575020826
20765,9.84816344778102
20766,9.253857780285598
20767,7.454431625225521
20768,8.947918194844268
20769,7.434500272988187
20770,10.09142384567601
20771,11.729526748832994
20772,10.791989225286981
20773,9.917017505972995
20774,18.60617080906762
20775,9.480582153098384
20776,9.03474612718942
20777,13.4706191801285
20778,10.180228855504124
20779,8.121166406339372
20780,6.984353220140674
20781,11.192436888523764
20782,18.16681613659658
20783,9.116789809845637
20784,7.552608021144481
20785,14.550637409924109
20786,9.207510418750248
20787,11.071786359446515
20788,16.472255871718083
20789,9.839157310199484
20790,8.694910087970607
20791,7.7780596357093845
20792,11.211087450835501
20793,9.805164472647059
20794,6.318309255533334
20795,8.111372699443729
20796,5.110661970653102
20797,9.457935222077646
20798,9.343109471818794
20799,6.146351994918049
20800,9.242393998429778
20801,9.954703163239506
20802,5.22373377598143
20803,8.936708874722227
20804,9.009313924196272
20805,9.662138079571205
20806,8.451242743868894
20807,9.61758849917163
20808,12.750683827034122
20809,10.696203178019479
20810,9.936506832104575
20811,7.865452588003636
20812,7.163404706222556
20813,9.247358220460539
20814,9.59246938585043
20815,7.405290969744522
20816,10.019355926329341
20817,9.867512736427523
20818,7.022166780391572
20819,4.912600777425861
20820,8.875580201758515
20821,10.758797790746291
20822,8.05793584185889
20823,8.967622901242594
20824,10.727659738801991
20825,12.799807720155512
20826,8.566090391077397
20827,9.220476529992931
20828,6.808944604135961
20829,9.84013736066788
20830,8.614172610522035
20831,6.225313226928966
20832,8.810986317983781
20833,8.606410099876284
20834,9.002778684782976
20835,7.9164083108782375
20836,16.04101706082931
20837,7.1253177517649515
20838,6.927107929206919
20839,10.365468269974913
20840,10.026553848075993
20841,10.55124116486058
20842,9.413162257907986
20843,8.982726727027368
20844,9.831389727602998
20845,13.01401061299453
20846,11.705409967849606
20847,9.74123655302276
20848,10.281314018281323
20849,5.407247186898331
20850,9.21349219374291
20851,10.189689818826176
20852,9.015338134689246
20853,9.35249004638643
20854,12.335352168174337
20855,11.620844075475377
20856,10.80693439327093
20857,10.540474967566725
20858,7.9861950478787325
20859,9.956187080189265
20860,9.378622633422319
20861,15.330339300802814
20862,10.278434104742418
20863,9.647854527616913
20864,4.55633337924294
20865,9.4829182293451
20866,11.10137949213104
20867,10.589123283721344
20868,9.618472643615513
20869,10.218830252875366
20870,8.981774175232028
20871,11.990665318926945
20872,8.472606689737558
20873,6.226977602587603
20874,7.529662543783047
20875,12.90201481166355
20876,11.051976306393238
20877,11.435055456796297
20878,9.671630008212967
20879,9.586267133500476
20880,9.841162306185867
20881,10.302279666001
20882,10.66961523025016
20883,8.181060576655101
20884,11.351816788849566
20885,11.288902184250324
20886,10.315150092542881
20887,8.39222506835033
20888,10.007343938254605
20889,8.699119511373448
20890,7.7119161808482435
20891,5.6554191875680875
20892,7.799550434501825
20893,9.277855674044853
20894,11.360534591147838
20895,7.050767448763196
20896,10.161616335130988
20897,12.343621435794896
20898,6.00987203933755
20899,11.651520998684353
20900,9.584499987165406
20901,8.20424418421875
20902,14.902925050644244
20903,7.94919445436372
20904,13.294180515237818
20905,8.873054837946428
20906,12.177288669954288
20907,10.047191894824975
20908,16.611081208075284
20909,9.42040880204305
20910,7.551131022959188
20911,10.955987549465389
20912,6.02368792352657
20913,9.765569594986554
20914,7.559962397212761
20915,9.507342791996793
20916,9.20801114523225
20917,8.471284488772712
20918,8.661234413252954
20919,10.152864488130286
20920,8.45207436450409
20921,4.357575615698506
20922,9.163435396344658
20923,11.357410490816873
20924,11.047207936116449
20925,8.999908133018126
20926,7.993849259402667
20927,9.45993632406268
20928,11.656356309158125
20929,8.30628545419667
20930,9.707885594834229
20931,7.9818681346459535
20932,6.964280387711966
20933,10.003816824137646
20934,13.099148439517622
20935,14.900634140710908
20936,10.733910831569622
20937,5.968995692718379
20938,10.535478938593522
20939,6.284153100347198
20940,10.840360780278756
20941,10.355929271361225
20942,9.026456412681968
20943,7.648769715693815
20944,9.91256916814354
20945,7.014309372851942
20946,10.692590518623385
20947,10.888119580792674
20948,15.143575242354492
20949,9.603012210809988
20950,7.489846814672362
20951,11.455034647921957
20952,7.856020063083099
20953,6.253849861230465
20954,11.163737158153632
20955,10.63685482427279
20956,10.726731522618982
20957,10.792906208970495
20958,7.964068997310374
20959,12.153695203624023
20960,10.840401865005942
20961,8.347738804685553
20962,10.101170954225728
20963,17.525418439108485
20964,10.754966408673718
20965,10.859757464183618
20966,9.650736412241914
20967,9.1237859476435
20968,10.337721637131759
20969,8.950940759067345
20970,8.310865509536312
20971,3.992757219404827
20972,10.068095826132987
20973,9.887583444525665
20974,11.352941183724807
20975,8.794537721902843
20976,10.816851914328888
20977,12.774049230248911
20978,8.220459804300093
20979,12.03320844219755
20980,13.050606244608312
20981,10.035757795230696
20982,9.541258446379048
20983,10.520060351583096
20984,7.010213943258163
20985,9.603638818797576
20986,6.973477995655367
20987,10.18211411087781
20988,9.67891371333785
20989,14.097455346872051
20990,13.417037691164493
20991,4.916902163851924
20992,10.390003735205463
20993,10.91102072761784
20994,9.10918668107435
20995,9.917822334758467
20996,9.593278825370463
20997,11.577268318664908
20998,11.018904192424339
20999,8.977578571838295
21000,7.006948984758466
21001,10.137779602670049
21002,10.233925877526664
21003,5.986921808664244
21004,8.192952746679007
21005,6.940650552520841
21006,10.010757569245689
21007,5.633185558552177
21008,9.065014474376971
21009,11.26809384854104
21010,3.912079384137444
21011,6.068199478916592
21012,12.57960963934657
21013,8.02925135058472
21014,10.011369225127153
21015,8.050418403343835
21016,10.155698197628324
21017,6.459215909634279
21018,6.195158851061164
21019,10.873057383711076
21020,11.13532266787817
21021,10.40076552852999
21022,8.284063209208151
21023,8.01126057943849
21024,9.944855181908215
21025,4.649667959899696
21026,11.288290464995173
21027,10.434763438013983
21028,9.831866325163093
21029,5.309921387359949
21030,8.010475042284993
21031,12.34358109439543
21032,11.8278147429986
21033,7.897811388463781
21034,9.721741765241143
21035,11.300331718092101
21036,7.295527769069119
21037,9.901751240643646
21038,9.769580659643252
21039,9.360216598327208
21040,9.947255178686044
21041,14.702148923317315
21042,8.757034602965406
21043,10.316460535028478
21044,6.081019208141679
21045,7.418845183485072
21046,9.704820411332838
21047,8.210420611794694
21048,11.132456420052568
21049,11.84962672674248
21050,8.996490765857496
21051,8.938976124911628
21052,11.35884616220032
21053,10.649597052423696
21054,8.224097609149391
21055,9.75214281954907
21056,12.504175139244284
21057,15.11577885889425
21058,15.202298497170636
21059,10.837842297375504
21060,10.3390127250965
21061,7.782816942711154
21062,10.788536191530364
21063,10.431845101672588
21064,9.8523578135036
21065,9.584582274207465
21066,10.14262584219639
21067,11.727680454286078
21068,12.110925115039263
21069,9.749713306887225
21070,9.055237908589804
21071,9.541755344365102
21072,12.076683920282528
21073,9.86343686536505
21074,6.28210128875212
21075,5.0175830256934155
21076,7.835263561042121
21077,14.414751288820609
21078,9.227502814221582
21079,5.029678946174247
21080,13.88941634975644
21081,10.14044519897598
21082,10.138550303159859
21083,8.855472779792118
21084,12.535153349071896
21085,9.23285392273848
21086,9.482688204884193
21087,8.724789280361728
21088,10.933905200616534
21089,9.032720100769952
21090,7.5914426421728525
21091,10.448958692874049
21092,9.990347970058293
21093,10.383190969029071
21094,7.690678350536606
21095,13.577493851196957
21096,7.842304929932567
21097,7.862422808871484
21098,9.917689004904156
21099,10.490627193733582
21100,7.482034499413285
21101,8.990236799181881
21102,10.232063515134234
21103,6.003724407850559
21104,12.115590118378217
21105,9.32644922591159
21106,10.166265773858251
21107,7.070499706846487
21108,15.95754893854176
21109,11.98365150497114
21110,10.846774734707639
21111,12.134773121248537
21112,9.27642697113563
21113,13.724926266049861
21114,9.971105705908288
21115,10.010538385098561
21116,10.352314760340834
21117,6.3512825992000135
21118,9.824780253279632
21119,8.767911793012606
21120,16.755822649935872
21121,8.426525846631991
21122,9.993885598532684
21123,8.935800954584442
21124,7.863431964202489
21125,11.414562254633632
21126,6.970891013302687
21127,7.510452919191058
21128,11.214442029036553
21129,10.004005477605629
21130,12.971070228072596
21131,10.432869351770377
21132,9.903599859614792
21133,6.780670127987062
21134,10.561057100453668
21135,6.069458056680183
21136,10.353875164381618
21137,9.363250424730241
21138,8.945402988236642
21139,10.466917146891666
21140,11.735370182735606
21141,6.307454091491097
21142,10.65893453921341
21143,8.758374896362218
21144,10.82564057922581
21145,8.854518521198903
21146,8.148199713388513
21147,10.198342979853317
21148,8.82690776958601
21149,7.579724714755589
21150,10.996310804482425
21151,9.538122440702969
21152,6.898371680240208
21153,10.729184092340978
21154,9.465072194726906
21155,9.352225583171675
21156,7.404802728629438
21157,9.593150920810478
21158,9.67916992987321
21159,8.464831858697567
21160,10.914438937403984
21161,12.147524775379425
21162,11.26924337232361
21163,11.434542310731258
21164,10.533507213959114
21165,17.439607977052923
21166,8.03551809166082
21167,8.838202605324268
21168,7.967577073762289
21169,4.975962950519236
21170,11.52156146702721
21171,6.96235476706946
21172,11.116606864321925
21173,6.183658012711366
21174,11.338887267415815
21175,8.993104561390792
21176,8.834355408265639
21177,11.495767974380973
21178,15.293199163984346
21179,7.009295899069006
21180,11.711698469831527
21181,9.606643230819708
21182,10.590718736719873
21183,10.607499539145616
21184,10.152603910849207
21185,8.241959308477083
21186,6.992025027028797
21187,8.002072832779058
21188,8.923659577892392
21189,9.39968723220254
21190,15.345862522663792
21191,10.034124855875215
21192,9.734160287816893
21193,10.633522904329299
21194,7.0198309245774695
21195,12.14664837809003
21196,9.52272817900588
21197,9.731446508575653
21198,10.449542233574645
21199,15.01773948635996
21200,9.878059668260642
21201,8.779497365601516
21202,9.461550301596828
21203,10.551456233059588
21204,13.64102880254203
21205,14.090147833503691
21206,9.183265141249075
21207,9.654751760975676
21208,9.717970182996238
21209,10.012724532322741
21210,9.57869155999259
21211,10.24141109932071
21212,9.681268229476592
21213,10.877842310215952
21214,7.3634967439507495
21215,10.087968530265647
21216,12.566750940143782
21217,7.3582026367744024
21218,6.9458169783284
21219,13.07882234314044
21220,6.989218306611571
21221,13.786370484811611
21222,13.44968678964476
21223,10.346788531075758
21224,10.343382662801668
21225,8.81363699797969
21226,8.306803005484854
21227,10.941360203750806
21228,10.467368628750046
21229,6.036479566756974
21230,11.323008659488897
21231,7.9525157405338955
21232,8.136371304651524
21233,7.859645688299912
21234,9.432757611653114
21235,10.610856132727099
21236,18.11291190096648
21237,10.874151165818011
21238,11.756755084154404
21239,8.941237314484836
21240,8.50101763317135
21241,8.31774430199816
21242,9.198831188869937
21243,8.758340056362089
21244,11.78915555500148
21245,9.61580224478382
21246,12.9099994280971
21247,9.799344350998565
21248,5.501353020170531
21249,6.2707433907274
21250,9.856000171152152
21251,8.49598637283278
21252,8.858166015431726
21253,12.173601032242113
21254,10.62527359803176
21255,10.069460694164457
21256,10.190544235345994
21257,9.668696733698544
21258,14.487051351951498
21259,3.9549166324470857
21260,11.575671488180157
21261,9.93492375067815
21262,10.271542767984938
21263,10.988143836871705
21264,10.532313371040614
21265,6.204224389522441
21266,5.256218886653867
21267,10.769205518726897
21268,5.742226395525446
21269,6.2728622842937245
21270,11.75384058320534
21271,6.296004836478053
21272,9.555534077961957
21273,10.761663008691658
21274,7.905572211351419
21275,11.812969001338788
21276,6.948723635462045
21277,5.280413890346314
21278,7.662743922791412
21279,5.27737900978575
21280,8.86426343502781
21281,9.236267905700666
21282,8.078525501927631
21283,8.560489413331775
21284,9.009181106783062
21285,9.112333048537762
21286,6.987160812508616
21287,7.003591476013204
21288,4.241350245424544
21289,10.406710849159479
21290,8.604026991900719
21291,9.367752360873313
21292,11.62614056403889
21293,9.301730639614215
21294,7.928186067414536
21295,9.439861323201646
21296,9.935236467059267
21297,7.954372955366178
21298,8.048664960877565
21299,8.88308129421812
21300,13.065126210602406
21301,9.582743197495988
21302,11.140605505527526
21303,8.89318169454585
21304,8.61521732510539
21305,8.926154459685717
21306,11.696004372519395
21307,10.653705535469927
21308,6.977458989272291
21309,8.185273232648273
21310,6.0724396790740816
21311,8.881257943810242
21312,7.889879515313545
21313,7.060243878947583
21314,8.056127182340417
21315,7.937668960385507
21316,8.786210960980101
21317,10.421083411400703
21318,10.461007766195882
21319,9.11504423404689
21320,8.892634482398838
21321,10.669216267089277
21322,15.035425402311665
21323,10.04970750652708
21324,12.564107170717838
21325,10.132853725511238
21326,9.024662582955214
21327,11.046575317291888
21328,3.995883308849396
21329,6.916877968850688
21330,6.799957141218124
21331,5.401144447540044
21332,9.888672223639501
21333,10.002066847242881
21334,10.067664684035877
21335,9.854852160978984
21336,10.584806368728875
21337,12.29193515938726
21338,8.878527204057741
21339,9.749012088771773
21340,12.358897281663774
21341,12.375424623860676
21342,12.563884535984302
21343,7.880641979298135
21344,7.020875827271132
21345,8.00229253614019
21346,6.008331023957567
21347,14.120942375699398
21348,7.971643103161984
21349,10.400490503537325
21350,7.156301552132392
21351,11.77103840412635
21352,7.061903147077555
21353,9.734566047566704
21354,4.996207804580112
21355,8.952333010582022
21356,9.661453930063312
21357,10.36792123648769
21358,9.753384342576167
21359,9.727484628163078
21360,10.583663766990655
21361,11.317333621317351
21362,6.183577076855286
21363,9.79336667390942
21364,6.01910747829295
21365,8.858288423290157
21366,10.15879227935161
21367,9.677632097206361
21368,9.369554075379154
21369,11.08726052903486
21370,7.135102773203753
21371,9.250365142137886
21372,5.997169273862076
21373,11.17713350583101
21374,8.474696953464933
21375,9.808761509626935
21376,10.229247739944933
21377,10.699311061298063
21378,10.973950130556032
21379,9.51366555532041
21380,4.724915182697402
21381,7.291970001334738
21382,8.07706840639426
21383,10.450386337204195
21384,9.262062655516148
21385,11.157093671519311
21386,9.849346718236726
21387,10.000807658541886
21388,10.800773967570779
21389,9.821058943113707
21390,8.986500609800435
21391,8.810421059389677
21392,8.821890637117848
21393,8.897089959420052
21394,10.56810992158878
21395,9.709162381386571
21396,8.775597730782708
21397,5.2276305516250074
21398,11.246050101546968
21399,6.859893370332655
21400,10.055152432289136
21401,11.229074979451992
21402,9.569038095576
21403,8.348929594536065
21404,16.896204653638073
21405,9.52891882507747
21406,5.107101620969647
21407,11.428383468021783
21408,9.730551557931955
21409,7.95262188588112
21410,11.314581212428175
21411,10.48352382382319
21412,8.454883958254717
21413,10.551481222375214
21414,8.864670840271005
21415,7.016293728720951
21416,8.963184836945862
21417,7.9377289296277915
21418,8.797029994811494
21419,10.797999838037208
21420,10.555525309267688
21421,8.78284875098006
21422,7.131715131146157
21423,9.875711528782732
21424,7.073389207018893
21425,9.515927639608853
21426,9.38867607311735
21427,9.164256843837562
21428,8.696943093372768
21429,10.214237032322865
21430,10.448783963609406
21431,11.13518016093076
21432,9.897851848379071
21433,5.198040441660692
21434,9.800486741047306
21435,9.899610462056875
21436,7.842436851562203
21437,9.195305331169967
21438,8.823104982569186
21439,8.959960789876968
21440,11.93065355255718
21441,11.26861539720833
21442,10.162819055616291
21443,11.184497844140983
21444,11.085856446373983
21445,8.152512473384972
21446,6.941287839921223
21447,4.451631164672774
21448,10.503609633024285
21449,14.876132986196216
21450,10.409565408521347
21451,11.442092071865604
21452,8.180688314201076
21453,10.007908448034543
21454,10.451527576935204
21455,9.64284954175906
21456,10.338911362974729
21457,8.766951007477727
21458,8.408433052911464
21459,7.505506710622548
21460,5.503957412632492
21461,9.625853552952057
21462,10.203028466053789
21463,9.585014249240471
21464,10.96306183345253
21465,10.140624438509617
21466,8.892152145226161
21467,3.9996636401370176
21468,10.935346255083244
21469,12.821895708096422
21470,9.144940984941089
21471,6.000726154509088
21472,13.985856126299113
21473,10.634090587510533
21474,10.824107659163785
21475,9.677387132155227
21476,10.577826756128664
21477,9.782763017658732
21478,9.430248824049881
21479,6.6355886621958575
21480,8.717286272848542
21481,8.533990579763794
21482,11.379876994225677
21483,11.941730351906036
21484,15.106313882418137
21485,10.100830358547578
21486,10.592687360295292
21487,11.312814294697391
21488,6.011561187372145
21489,9.927942873337352
21490,9.04560148344075
21491,11.431548198546176
21492,7.8474232283594905
21493,11.33685772043866
21494,9.855088642463125
21495,8.996394073577564
21496,11.340648958142781
21497,6.043808357185085
21498,7.0256299622793
21499,7.004053410535214
21500,9.81800889387465
21501,9.059636720511188
21502,10.095609030514298
21503,13.588217969463203
21504,7.9128817846294535
21505,10.504460795386732
21506,6.195626305851317
21507,10.011954655005843
21508,10.076055904995153
21509,9.227709996535934
21510,10.527390415328123
21511,8.927141817927405
21512,9.204998278616932
21513,10.369813163194726
21514,4.905080574357099
21515,12.320295871641628
21516,10.053012527218227
21517,4.0000000000000036
21518,7.489195032932093
21519,7.981917799419826
21520,18.248665607721257
21521,14.307742760738003
21522,14.020833162885053
21523,9.007856020141778
21524,8.036957179055799
21525,13.339870893815215
21526,8.142925406456813
21527,12.000521818853533
21528,14.876475260835983
21529,9.293887937095883
21530,7.068836171139079
21531,8.996857097369437
21532,7.124996469398214
21533,6.874114503886533
21534,6.239752914271159
21535,7.059850260691807
21536,13.098030999038988
21537,11.169908500805453
21538,7.440270311439276
21539,11.682427891480698
21540,10.614374054613469
21541,10.947684654692148
21542,7.486712672344087
21543,12.804314835613381
21544,8.107629682986795
21545,8.976346590864578
21546,10.0027666387957
21547,9.82396861817053
21548,7.065797515505304
21549,9.49040263879976
21550,7.519983673782162
21551,9.537290249238216
21552,7.275165465133373
21553,7.947799481852423
21554,9.94236034053708
21555,9.085318611371237
21556,9.361696566434992
21557,9.53644805056213
21558,8.112233444260793
21559,9.765383295466288
21560,9.391181592100219
21561,12.128586213892289
21562,4.910353781692794
21563,12.185653945481464
21564,8.296086481391798
21565,5.5207857828376525
21566,7.676883751592726
21567,7.009834023840778
21568,9.614970438422551
21569,9.900367359867646
21570,9.836285015666496
21571,5.992966185568548
21572,4.907623894347604
21573,9.07379700883705
21574,14.027793289517698
21575,11.252179605117464
21576,10.090776543061432
21577,9.969264665366248
21578,8.779649596101995
21579,6.987324798494994
21580,10.198639208318246
21581,11.23233835565951
21582,9.47619584891419
21583,9.439588104077897
21584,9.794306872313472
21585,11.029139717893548
21586,9.74852828412421
21587,9.73769945423503
21588,10.17129834039505
21589,10.208734582763048
21590,11.52579621580468
21591,4.853184221707048
21592,9.313945886787907
21593,10.465307986187435
21594,7.939293823542885
21595,5.985560069154973
21596,13.116953691762424
21597,6.681152392468157
21598,11.356061352469384
21599,9.534099365394594
21600,12.395019612156004
21601,8.100871422955978
21602,9.64847782031138
21603,10.772623591183125
21604,8.912920292874846
21605,11.815677477931052
21606,9.309279025034135
21607,10.419667526627011
21608,9.704313564139964
21609,9.70780405151727
21610,12.159912940037474
21611,11.322497394616176
21612,10.269345102771121
21613,7.400254514242407
21614,10.07313511706399
21615,12.182480160807513
21616,10.166228304770025
21617,11.059902456243735
21618,9.343218249660298
21619,8.336804351522817
21620,6.209306541173003
21621,15.703515677340265
21622,9.829418651738473
21623,13.067220399549006
21624,5.14304782124287
21625,13.311059468938007
21626,8.778158267160832
21627,8.944296429639733
21628,8.40743747469446
21629,10.350031567839734
21630,14.212763626692022
21631,9.86918840936782
21632,10.671587372893724
21633,4.98141938721674
21634,9.028618120236358
21635,4.7606849797949975
21636,10.130990458285803
21637,8.897301355744984
21638,9.788192923567715
21639,10.151377937024003
21640,11.649124941583691
21641,9.7261685159701
21642,10.896571544713682
21643,11.298841065812459
21644,9.099064138440076
21645,7.000026972497205
21646,8.15182153052409
21647,9.693023516386015
21648,6.967385688767958
21649,10.120708234258567
21650,10.08281395885936
21651,9.178613768996838
21652,8.054447263975538
21653,6.707680294129906
21654,9.53187618715348
21655,6.996526658844564
21656,10.297013409438042
21657,12.129999688890026
21658,9.304786818453566
21659,7.379359983505001
21660,8.893616307355908
21661,9.97365237894263
21662,9.61321497276789
21663,6.171559061862629
21664,13.272486235173426
21665,10.799662826785086
21666,8.057723766939608
21667,6.0673830923750405
21668,11.511280012969964
21669,11.533168842089731
21670,10.18828029010704
21671,7.9573267296063275
21672,12.024195976773191
21673,10.536387345836301
21674,10.540631046577287
21675,8.092448782287198
21676,8.358739644336323
21677,9.60385150620173
21678,5.2970892260942355
21679,12.506368610712025
21680,10.800107033563732
21681,5.999775192785087
21682,4.930633199833174
21683,8.720950386281254
21684,11.466953548938823
21685,8.734867152009096
21686,11.248930176252264
21687,11.221174044800266
21688,10.813469245614089
21689,15.941459305404846
21690,11.760242331049012
21691,9.27492463320109
21692,6.191897064048286
21693,7.025693977278291
21694,8.104155501397328
21695,10.436770475922367
21696,9.252996148962373
21697,10.733780680771444
21698,11.56238919217751
21699,13.615694260937444
21700,10.579288050317034
21701,6.9720474231538745
21702,11.44857889350993
21703,10.415254395755989
21704,13.437761834383194
21705,6.030819763101592
21706,13.51307621363784
21707,9.237036953102477
21708,9.675527063203225
21709,11.929686195774822
21710,8.478762460738947
21711,10.341238528446306
21712,5.953980597579566
21713,14.072141639937746
21714,9.680568084853386
21715,5.0707809556062
21716,7.350123129951918
21717,11.058181316079077
21718,12.549026113973612
21719,8.20464971124534
21720,9.93803127874036
21721,9.768688875090403
21722,7.04440490147228
21723,10.265253614082814
21724,16.919557225566507
21725,11.325639560248428
21726,11.63903116835848
21727,9.994296202704765
21728,7.0373407345213295
21729,7.123049129995662
21730,19.01317492608623
21731,10.129794723938934
21732,19.745877844465618
21733,6.005673901995108
21734,9.622451674536082
21735,10.621344587435756
21736,9.587694828090543
21737,9.694916031201478
21738,10.241607808542271
21739,7.895653721422908
21740,6.387761886541101
21741,9.50405210212079
21742,7.148104120311173
21743,9.015137230129971
21744,11.046116763186296
21745,8.00116134326362
21746,8.510023950418931
21747,9.882136007517028
21748,5.740231167668371
21749,9.449627725878786
21750,9.734839535842825
21751,14.553952819258688
21752,10.114387774232645
21753,11.121679697043488
21754,11.401276689910121
21755,15.41182925446161
21756,8.766871579104444
21757,10.573797147806816
21758,10.171474424108704
21759,12.787920970187011
21760,18.453046026158262
21761,9.434476441011844
21762,8.86295886490557
21763,9.616515431189493
21764,14.754751242663366
21765,11.381315274249
21766,6.9909985301565065
21767,7.013721386444455
21768,10.476826146947486
21769,8.03478595873255
21770,9.52274546976715
21771,9.08044910604155
21772,9.4308204899411
21773,10.262712470844624
21774,10.217409867816324
21775,11.800700490646308
21776,10.732040369226377
21777,7.61484384399758
21778,9.257497002815073
21779,6.24129867298579
21780,4.006868835453457
21781,6.236656485710549
21782,8.034921459788366
21783,10.606437395165875
21784,10.752697466971343
21785,8.829919532626805
21786,10.94223049386562
21787,5.968811588808155
21788,6.224440879060079
21789,9.16833929795194
21790,10.85532431801604
21791,13.561594651750193
21792,7.988815343307108
21793,7.032151116210505
21794,10.223736004981477
21795,10.727370859625308
21796,8.75605904344033
21797,10.189878820948307
21798,10.048419021596628
21799,10.38380280020465
21800,10.121665715695991
21801,10.270700716612238
21802,7.015188466054752
21803,10.766343105746136
21804,13.215983954054787
21805,11.407797432185669
21806,7.02112544030865
21807,5.014582363200572
21808,8.900734237680934
21809,10.204820719299297
21810,10.079035264068564
21811,13.55277559864115
21812,10.926576967344777
21813,10.298504622009974
21814,10.20404097509102
21815,10.087049031112139
21816,4.9533746204303055
21817,10.955019658442852
21818,6.990562331078058
21819,10.135855313174408
21820,9.256090532557463
21821,10.010217377947791
21822,5.711193790166771
21823,9.991966808772348
21824,10.71739103833381
21825,10.35819838815736
21826,9.650690775777557
21827,6.013529775825781
21828,10.412240996647858
21829,9.93686589104149
21830,9.650733540692388
21831,7.018834922360943
21832,9.904970360223123
21833,10.405149963513766
21834,16.6812766059614
21835,9.75489253013487
21836,8.13333935448774
21837,9.976161878825524
21838,9.463222111781581
21839,11.856818317704464
21840,11.384871569227458
21841,6.1801774132190275
21842,10.077553308790494
21843,6.994920347692856
21844,7.940692225966014
21845,6.116440793338873
21846,9.506096548375188
21847,11.505530089945145
21848,6.010297693990935
21849,12.265236093680619
21850,11.483497514234324
21851,6.97910534630682
21852,10.64204586357146
21853,9.766924291260482
21854,10.393034624820581
21855,8.027766723262113
21856,11.225732032764773
21857,6.929526518060101
21858,9.577757236775435
21859,9.656076071120571
21860,6.006222946185316
21861,11.07519484737045
21862,9.520064068499282
21863,8.68866772814158
21864,9.657215718213186
21865,8.798937143183062
21866,9.899168668247173
21867,8.7680973705697
21868,11.065222766348137
21869,11.85395541535482
21870,10.1678694913579
21871,7.930041304879216
21872,9.012752475683632
21873,7.431939545756348
21874,13.763340582491457
21875,10.121591364468477
21876,7.0465584692032035
21877,10.725345472990485
21878,10.940392522764109
21879,9.727904356897659
21880,11.318751458611073
21881,15.925624593653579
21882,7.163464719519689
21883,11.681308052070259
21884,9.925560494569277
21885,9.77475465010581
21886,6.9820656938931
21887,10.767985970224283
21888,11.101103484691608
21889,16.021147769924717
21890,8.047643921226003
21891,11.67807563525149
21892,10.74038683142213
21893,4.009743418420756
21894,12.220890304838678
21895,8.667528027054784
21896,7.995799745777559
21897,8.815403443581795
21898,10.28767121238229
21899,10.29950843334136
21900,10.01954126961486
21901,8.458062881202485
21902,7.077923832118273
21903,13.72588309484181
21904,9.509657139327006
21905,6.995555600267739
21906,12.042576655444252
21907,9.382511763816725
21908,11.147658761333004
21909,10.851203206630723
21910,11.47458078408839
21911,8.757196300830765
21912,10.079764420159774
21913,7.800068439712751
21914,5.179040815969331
21915,9.110492294745791
21916,11.83473954904805
21917,9.627690584669429
21918,5.126541117377982
21919,6.9852526312276915
21920,10.125830530419792
21921,11.136507095518889
21922,11.355896923496244
21923,5.635161842153018
21924,5.997919855632578
21925,12.372936979111556
21926,5.0478157113950575
21927,6.457376693647694
21928,9.742688445648165
21929,10.966069092579465
21930,10.631347949849216
21931,8.46730559853288
21932,4.0000000000000036
21933,13.648166495150365
21934,11.6478731173414
21935,9.930284340736302
21936,17.07172661687504
21937,9.429204630771755
21938,9.775942547334205
21939,9.78201942380071
21940,10.705078250104782
21941,9.300971349977582
21942,7.490818814991012
21943,8.80997685764879
21944,8.90286486318758
21945,9.626432179125443
21946,12.193121470639488
21947,11.772433046281082
21948,9.70099374795589
21949,7.048354938514368
21950,6.9842337158443435
21951,7.732530750804951
21952,12.079284599875434
21953,8.542698864329454
21954,9.904575338515889
21955,12.764718702610539
21956,9.730571492385172
21957,4.178270696136246
21958,11.415183074329567
21959,9.058049877135884
21960,8.493934490402689
21961,8.980841288287271
21962,15.623523635002867
21963,7.714103471494525
21964,5.034835427736162
21965,8.789574084421302
21966,12.380819078156764
21967,7.895714856919572
21968,9.863818896500257
21969,14.487952196312945
21970,4.9177623615524535
21971,9.950679983783802
21972,7.284212358420829
21973,13.645761516801516
21974,8.874597749340333
21975,10.13135039869257
21976,10.41459720364472
21977,11.132946642591405
21978,8.302079769509552
21979,11.644110150338582
21980,8.046512529643364
21981,8.654432121876253
21982,8.660832265538405
21983,10.798186564116852
21984,10.875795509706654
21985,7.031587301799586
21986,6.015613880618817
21987,6.021841613233876
21988,13.28539868675036
21989,7.534403753525211
21990,5.816953708184595
21991,9.99048819683671
21992,9.424550072375437
21993,16.490090503385936
21994,8.501200326027645
21995,11.718095948634433
21996,9.071089307421344
21997,10.75340132867939
21998,9.736967870250366
21999,7.999188491831831
22000,6.080059684345905
22001,10.337189942575597
22002,9.921409437571482
22003,9.1793761971012
22004,7.643827510540117
22005,9.90906975706046
22006,11.126068989289317
22007,10.126217008798276
22008,12.714128467178364
22009,9.711853676123779
22010,17.45037782830383
22011,7.323897127571881
22012,10.017171133300055
22013,9.15221327396729
22014,10.339067925106777
22015,6.74074677792083
22016,9.4554822798536
22017,6.087948918004109
22018,5.408380848569442
22019,10.889916280385583
22020,5.107959096957477
22021,8.881120829596908
22022,13.34966596388564
22023,8.78615882950132
22024,10.301514929704519
22025,11.112739277954736
22026,10.317699622375349
22027,10.315324362349523
22028,8.557846365612624
22029,10.12294844785666
22030,5.001199872146066
22031,7.767862662256528
22032,9.554225723123716
22033,9.161296589654787
22034,8.650360539009343
22035,11.905776969355449
22036,8.751714011791622
22037,8.9012183072087
22038,14.032788378404979
22039,7.011052823079799
22040,8.76279577230718
22041,9.949777138744215
22042,9.201122013278594
22043,10.323940656676703
22044,4.0000000000000036
22045,10.878491615951935
22046,11.24036401874953
22047,14.85072615359975
22048,10.953525141201718
22049,4.015735668286441
22050,10.368415295538915
22051,10.34374817473912
22052,10.01276510385623
22053,9.483639189782258
22054,19.29195831086127
22055,14.490879558060852
22056,6.923360329046517
22057,10.17078002806401
22058,9.994356392585155
22059,12.20477355152301
22060,12.130648402041862
22061,10.410944457562577
22062,12.45934459699476
22063,10.133374038270494
22064,8.327568382344678
22065,7.890683909974973
22066,10.365031609262845
22067,11.090513169944208
22068,9.246609702066342
22069,9.139885811159063
22070,6.17107946708609
22071,4.007052703611116
22072,9.93758383775396
22073,10.96357121885269
22074,10.209259576009563
22075,9.048315940707914
22076,11.13209294548613
22077,9.194848441876493
22078,6.829026671999687
22079,8.069386358002065
22080,3.9996636401370176
22081,10.97999122357181
22082,11.15180802767526
22083,5.987850968556174
22084,10.296215936128617
22085,9.061551502233685
22086,6.835309974248888
22087,12.2716273426876
22088,7.975049565193974
22089,13.455084596118505
22090,11.547382129932261
22091,10.372487133654777
22092,9.895113968825937
22093,4.0000000000000036
22094,10.027075443364227
22095,6.936665190525053
22096,5.354435261704226
22097,10.873822452342429
22098,8.328858623420603
22099,7.2874176259918215
22100,9.725433411850803
22101,12.117994506970051
22102,5.055423334254024
22103,10.398225037508114
22104,6.173871294696147
22105,9.574559032626093
22106,9.645246318583139
22107,13.951715132651975
22108,6.812380197366863
22109,8.965525778807153
22110,7.713080483583857
22111,10.001114913426255
22112,7.801926518448983
22113,8.288989440807471
22114,10.194542015772695
22115,6.9927213129216685
22116,5.75868133541854
22117,10.293140303057788
22118,7.672775265868438
22119,13.2689395303726
22120,10.719266665856773
22121,8.18515930637817
22122,8.439657524719083
22123,10.64561165672731
22124,9.781391460656918
22125,9.75514747821284
22126,10.46403290913367
22127,12.462362780410002
22128,8.409332513488733
22129,6.195626305851317
22130,8.113614401629535
22131,5.17784154716205
22132,6.360514213152861
22133,4.999115855487248
22134,9.81524869030112
22135,7.909970581771654
22136,7.9335299458761455
22137,6.9626118659801435
22138,7.319086096722771
22139,10.196186966193855
22140,7.8776025997782515
22141,10.289778584690039
22142,10.647929565939355
22143,3.999559933441157
22144,10.257656291127963
22145,9.466078219396062
22146,12.35121599765205
22147,7.830937036200298
22148,6.0040098207924295
22149,15.705742007189786
22150,10.262403961040208
22151,9.129765670457955
22152,9.806799996115005
22153,4.996971531922742
22154,8.63660961488417
22155,11.81414059797101
22156,10.579047563381446
22157,14.99126887607308
22158,9.819666495080389
22159,15.576902480986528
22160,7.869666983367802
22161,12.702360371700626
22162,13.251769363579099
22163,8.182824535720764
22164,14.179868101556822
22165,9.18195975821059
22166,17.049153536090415
22167,9.62521577123911
22168,7.078417941360229
22169,7.309659185868368
22170,14.23955842970006
22171,7.005465929648773
22172,10.048953343983753
22173,12.771031203276456
22174,9.906010152100071
22175,11.374035978188347
22176,7.2232882651157055
22177,9.776926417845184
22178,9.457573433875544
22179,15.249222302222206
22180,7.7014772025454725
22181,12.368966768615286
22182,9.057958019371751
22183,9.0848742182408
22184,11.073083709124363
22185,8.824950377134373
22186,5.610285911438777
22187,9.335659002697964
22188,10.050110884851678
22189,6.101477971621007
22190,8.583433180440418
22191,8.312772755642586
22192,6.948930956680504
22193,11.328028936262724
22194,5.952253939595199
22195,7.415597403521419
22196,9.938388759916426
22197,5.388588780532085
22198,15.078523426589024
22199,10.318249405784046
22200,8.696538682189848
22201,11.014477971841702
22202,11.296328969127286
22203,9.443402596077055
22204,12.05412647754851
22205,9.565598814968967
22206,4.6922244762102725
22207,12.667625595827248
22208,7.071795514486205
22209,11.100806457421912
22210,9.039983688554686
22211,8.925664373775275
22212,8.082055488838334
22213,9.126528684496408
22214,9.521140317700793
22215,15.319093606357542
22216,8.238397272179311
22217,11.287303764927705
22218,4.521276976083042
22219,7.997841600100175
22220,11.286203103234607
22221,11.447878084681486
22222,6.012626239161852
22223,10.724010774831745
22224,11.127716509026248
22225,9.83376397939825
22226,11.371837799781291
22227,6.955622124152892
22228,9.942418377465623
22229,12.088593940658887
22230,14.367039303294353
22231,13.919662366598969
22232,5.380110279119328
22233,7.000277645848064
22234,9.762953501792927
22235,8.771566601783364
22236,7.643352811812662
22237,9.141136716819394
22238,10.007893804272888
22239,6.997750978823367
22240,8.955144010665444
22241,11.652887926028834
22242,9.34118308877787
22243,7.640854760472623
22244,7.191907892324512
22245,10.336237165111465
22246,10.934161944660472
22247,8.162810090371506
22248,10.771671215147483
22249,13.974851414618984
22250,9.098691242709892
22251,9.281478241943963
22252,11.287240306119047
22253,6.48937352569563
22254,12.225977730215062
22255,12.694567615599782
22256,7.388060933242615
22257,10.086401636711281
22258,10.881071227230644
22259,13.885780176625362
22260,9.53094161137062
22261,12.785473143243651
22262,11.451268299101356
22263,11.146946610796187
22264,9.773397018371698
22265,9.978003928790807
22266,9.707629634646773
22267,8.931105702468082
22268,4.992877940572709
22269,10.360789567461397
22270,12.11503896405692
22271,5.046238938743905
22272,8.760772666531265
22273,14.187601443891898
22274,8.01899845620098
22275,10.507701914477144
22276,14.504898239581157
22277,8.37994530445931
22278,8.04315922880417
22279,9.186149166998126
22280,6.99896089786537
22281,7.945578039780759
22282,11.03249251232961
22283,14.777410694104185
22284,10.947516838438835
22285,11.44726349827416
22286,10.718489931232503
22287,9.605838567270665
22288,8.391232498931961
22289,10.882175017003542
22290,8.681560914794352
22291,16.454512561394345
22292,11.065445675489785
22293,8.989955561375504
22294,8.894675684083682
22295,10.80332998065486
22296,10.716429886715149
22297,9.233931654850478
22298,18.651859936481323
22299,10.69733112188925
22300,9.404359697597405
22301,9.587620449151432
22302,7.975633787938817
22303,10.087932065651502
22304,9.021747913699018
22305,14.245447356225922
22306,10.805172543289382
22307,9.198133873872868
22308,9.965860950156463
22309,5.9974827808238445
22310,14.734007407750278
22311,6.32978126813121
22312,13.698553431664466
22313,9.607143706040647
22314,6.885963834445118
22315,8.452474860071971
22316,5.988049748128262
22317,8.760350041201741
22318,6.997197212281307
22319,8.740950765401204
22320,15.41130943505374
22321,10.00888197372853
22322,11.573102304893128
22323,7.3171107045307995
22324,7.340622078808449
22325,8.306686887961641
22326,13.919158079924996
22327,13.484903518662025
22328,5.17329798568572
22329,14.816305906647033
22330,8.850802642772534
22331,10.508515866428896
22332,12.427751281123959
22333,8.92206145955028
22334,11.02889416564526
22335,9.040479266219004
22336,5.998037008340409
22337,8.725082027654187
22338,11.610880530958516
22339,10.21164144066483
22340,8.363494138438762
22341,11.920521929013928
22342,12.544461949508756
22343,8.1084310189069
22344,5.734425875801722
22345,10.159042868536185
22346,8.724925061588033
22347,6.043528256794428
22348,10.539001190303962
22349,9.684987426352814
22350,10.252620560607108
22351,10.212993106497796
22352,7.243590405507714
22353,6.998752356043184
22354,11.456091322829662
22355,11.727013753331816
22356,10.22931022138732
22357,10.465266567568976
22358,9.743237630465165
22359,9.419164307476548
22360,7.652190461703665
22361,8.975353839735833
22362,10.696769831260495
22363,8.861383276733585
22364,11.699974513348264
22365,7.568534472246968
22366,7.333112289259962
22367,10.103254199022727
22368,8.244490068511231
22369,6.160798806690336
22370,8.225511697576922
22371,8.943870395508457
22372,9.387263586462469
22373,10.033969714417177
22374,10.440260797818821
22375,9.806190300591725
22376,6.004851386544466
22377,7.0013164239527725
22378,5.061407920645665
22379,10.507886086859633
22380,7.600280151182131
22381,10.018024481241921
22382,6.139660351493124
22383,7.021096463753025
22384,7.916928617713573
22385,11.104993588700141
22386,17.674187873384604
22387,10.478330886924196
22388,6.148537983668371
22389,9.691625538529133
22390,11.214716454173717
22391,8.57794567745504
22392,11.441485443210913
22393,14.407495646266367
22394,12.414012380090023
22395,12.827415253153463
22396,13.762258108408277
22397,10.817666031695849
22398,9.67413191269542
22399,11.378570891670053
22400,10.426269846658416
22401,10.101709850388259
22402,7.845032037636004
22403,5.9832727327910185
22404,4.740609141963177
22405,7.437081107341678
22406,11.974662951264277
22407,9.161493718005262
22408,6.063157922731744
22409,9.856995201478908
22410,9.676400855187088
22411,10.234714616971287
22412,4.843763031066944
22413,10.838113079379317
22414,6.272658351632153
22415,6.19588626951961
22416,9.464308954191631
22417,10.798622979406838
22418,9.171473752954581
22419,10.180423018234803
22420,9.7112656618001
22421,11.278587576707762
22422,12.748022376052619
22423,4.0000000000000036
22424,5.044992926523743
22425,9.771090592892113
22426,8.370942638186404
22427,18.108221456133926
22428,7.8287459326962985
22429,11.377099799347965
22430,6.994227012846435
22431,7.97843012063387
22432,17.06569156839921
22433,10.377101983618344
22434,8.072651682216355
22435,10.021099138503805
22436,13.300760763306146
22437,13.480721906392121
22438,12.728329340306319
22439,8.053758997010108
22440,5.929215244193587
22441,8.096485663305659
22442,11.882270189591567
22443,14.910998215334283
22444,9.774224869512834
22445,10.202141816143643
22446,7.445037513095798
22447,6.180783593056173
22448,10.234868158966465
22449,11.140725590175707
22450,9.465323794860295
22451,3.975425669351619
22452,12.979063478562717
22453,9.835649266226314
22454,10.056718341264412
22455,9.195097663448825
22456,7.9278273844878555
22457,14.426696102687957
22458,8.96183847225461
22459,8.803915693252803
22460,5.928734695552382
22461,10.151738678954347
22462,8.226761913716848
22463,9.883977729991171
22464,10.997716556440407
22465,15.055149893184206
22466,8.153429227807118
22467,5.081341404892186
22468,9.043328621033377
22469,8.19887872516203
22470,8.228840640448867
22471,9.4276930576543
22472,6.415922437732139
22473,7.73669323483165
22474,10.815042230876779
22475,3.992757219404827
22476,12.520499368024568
22477,8.352518859786978
22478,8.78831239937003
22479,7.319005288377486
22480,12.218846606116601
22481,4.49073845685886
22482,9.978714383668647
22483,9.47273836050338
22484,9.251108538716819
22485,13.559417202616272
22486,10.443857314758747
22487,9.206851464215676
22488,10.260111076392539
22489,8.053263381368664
22490,4.23629066492578
22491,12.65379928656514
22492,7.995621324600158
22493,9.383365279672796
22494,11.791564164365626
22495,9.481063602076427
22496,9.445824895991871
22497,5.875575073785875
22498,5.2430283306107865
22499,9.944199096620045
22500,7.0143330334984295
22501,11.337893066719252
22502,12.806058618764679
22503,11.728473278275482
22504,11.085678550804042
22505,10.424444698897668
22506,6.28693722305696
22507,10.92129465718102
22508,11.637432167456561
22509,12.117473124164748
22510,7.935470886711421
22511,10.094359217929432
22512,8.583698519983402
22513,8.98175621268084
22514,16.08935084442787
22515,7.044659712306434
22516,14.995826187837517
22517,9.244628653498483
22518,8.02908410113926
22519,13.937060777267549
22520,10.122602660945153
22521,9.808758419296572
22522,8.84072103054339
22523,9.988801471681482
22524,4.946563823670949
22525,9.21001050560808
22526,7.018969226940014
22527,9.572847238821003
22528,9.732796480752741
22529,11.087281577137992
22530,9.517964860791247
22531,10.518076698007105
22532,11.833899568729068
22533,13.955211626087587
22534,6.7991535220434045
22535,8.279730837081376
22536,8.343083161113759
22537,10.99701058711897
22538,10.132679536046483
22539,7.010598834659612
22540,10.161222020097346
22541,6.1055944057098035
22542,10.070741412895595
22543,9.741130967416668
22544,8.83023543648475
22545,5.782215599434828
22546,9.895832798904523
22547,10.337952094760888
22548,11.189236645305426
22549,12.261879269255923
22550,6.297880826945967
22551,5.469267244361058
22552,7.162944903568567
22553,7.989640285889003
22554,10.2122403414908
22555,16.459908088527108
22556,9.046788749548034
22557,7.0968475868091545
22558,9.751239646939235
22559,9.06813057885484
22560,10.991646111905238
22561,11.902107352752358
22562,16.181838740058048
22563,8.145402084831959
22564,8.543724346268325
22565,12.399222561923294
22566,10.200762815241289
22567,6.009127707057321
22568,10.896620955376951
22569,18.628079261376485
22570,9.20550803672644
22571,3.934901204310294
22572,9.325216191492975
22573,7.533058353307004
22574,9.825620027353024
22575,6.037008699847062
22576,9.334757489745579
22577,9.921288816449549
22578,8.790030031271646
22579,10.918285473661305
22580,9.53285583846854
22581,11.558516230745218
22582,7.069895009166785
22583,10.478417700225164
22584,11.0982135293196
22585,9.360125007112883
22586,5.503042029074151
22587,9.775097839910766
22588,8.876379760263584
22589,10.612983993769534
22590,10.483204403401748
22591,6.256863244088651
22592,9.61675857985229
22593,11.657369396232914
22594,10.649512186891764
22595,11.5599714910965
22596,8.324417200501872
22597,10.430883308556686
22598,9.627110754970792
22599,9.46627781502835
22600,9.072177914799115
22601,8.061930047186136
22602,6.0868648753351815
22603,9.038270922587271
22604,6.949407002256937
22605,13.454956192924586
22606,9.02217193622194
22607,13.393662380404889
22608,10.717653414915143
22609,6.054637831624259
22610,5.544833795332414
22611,9.9011318241035
22612,12.214069305960296
22613,17.507387766681582
22614,9.69495447914158
22615,7.982319054271748
22616,4.258539800588844
22617,9.224199017061673
22618,11.294080851954815
22619,6.85515436253654
22620,11.512813020660088
22621,16.74211768235289
22622,10.51916535347038
22623,13.110402315008637
22624,9.063599420296969
22625,10.126620101603939
22626,10.386470841256985
22627,16.992360279779056
22628,7.861887543395502
22629,8.991719215029216
22630,14.939811003506192
22631,11.037036384730415
22632,9.494853715288981
22633,10.59523679481442
22634,10.062943039464072
22635,11.786903181132105
22636,9.71757267179981
22637,10.672002853903754
22638,13.962663533063045
22639,5.451923384770346
22640,10.102301607383565
22641,9.239761501961434
22642,9.496985400844585
22643,7.615170477891434
22644,7.06548123432189
22645,9.050442455337082
22646,8.24734065041031
22647,9.68017741261727
22648,6.970523200534387
22649,6.998371793080954
22650,9.549786026764076
22651,10.18785040792793
22652,9.866232574372061
22653,6.969973965743977
22654,9.298527343211328
22655,10.330543484559259
22656,7.541166468940602
22657,7.515212638767817
22658,9.406939659769654
22659,10.139563795666787
22660,10.784596189973753
22661,8.158585505240884
22662,6.985273975875666
22663,14.673306518377919
22664,9.9913300311931
22665,8.34225378313207
22666,10.926133422952978
22667,10.533393918652651
22668,17.586822384997056
22669,8.384163757284968
22670,10.746161754908739
22671,7.034359640128002
22672,5.462729358273646
22673,10.675692627525317
22674,10.469954877462952
22675,7.0877864196664415
22676,10.25338284953415
22677,8.59727978029265
22678,10.508737105424748
22679,9.775570398999731
22680,10.018866659705916
22681,4.939190832501217
22682,7.160056509969529
22683,7.873253851004474
22684,10.446055924359628
22685,9.03830171184793
22686,9.92121443393968
22687,9.94010437591338
22688,8.133165150433113
22689,9.28045909045972
22690,10.159527730144733
22691,8.95501487615289
22692,10.405893887787807
22693,5.9926904450672165
22694,5.1444007240547815
22695,10.347854564153328
22696,5.992436367383847
22697,7.632097590203799
22698,9.739293303914062
22699,7.519844267891697
22700,8.65336862069561
22701,10.964172951905764
22702,6.960772346649264
22703,10.683817770838035
22704,12.733831343675112
22705,16.25788564100543
22706,10.626491886034236
22707,7.3634967439507495
22708,8.753812547681521
22709,10.194932061561834
22710,8.132050776300575
22711,9.353147145902815
22712,6.037786626977587
22713,7.242520645446223
22714,9.972761071872133
22715,10.034753583241459
22716,8.334988166064617
22717,11.338181355727537
22718,9.916686622661333
22719,6.032617338123149
22720,12.593846664872848
22721,10.723705432932457
22722,8.018353827693703
22723,7.01420892261776
22724,9.725022477266437
22725,7.582695931827546
22726,8.906257810328173
22727,10.88836111067218
22728,8.0709017896438
22729,9.974425736681317
22730,9.158746319777942
22731,6.591715832752435
22732,9.675753741584787
22733,8.79450987535101
22734,12.999379269565525
22735,9.625979280680914
22736,16.732179628093192
22737,9.772007814144862
22738,14.94402459561403
22739,8.859447722846165
22740,10.268847378454259
22741,9.206055057641128
22742,5.252274201623703
22743,6.210002133671155
22744,10.15285886130257
22745,10.74730301748392
22746,9.22120312133901
22747,7.860424474920169
22748,10.727244875771186
22749,8.006756073088164
22750,4.952047403105862
22751,14.110487833018565
22752,11.271911752527869
22753,10.587779005893372
22754,11.491262155494907
22755,9.918458358422741
22756,9.394076122346869
22757,11.290497188062234
22758,8.10051196329625
22759,8.921126381138235
22760,8.61944226085067
22761,5.973090761578542
22762,7.341704989458393
22763,12.725651283007268
22764,7.055959154351166
22765,6.164495149605127
22766,9.50734117686663
22767,6.916107171348294
22768,12.253563966893017
22769,10.78498004542802
22770,8.783525256802283
22771,7.720175968698145
22772,10.302886265780584
22773,14.059151969644452
22774,9.210640316228785
22775,5.985190210720836
22776,10.312155382489616
22777,8.886879559247054
22778,10.44486746454424
22779,9.930703567066649
22780,9.558870279992147
22781,5.9964750798403585
22782,9.244667717042566
22783,7.482251219636407
22784,9.959695910069696
22785,14.5072783121781
22786,9.377422161012793
22787,9.903091850715851
22788,10.442143920593415
22789,11.031924885784404
22790,4.0000000000000036
22791,15.616413971195092
22792,11.647983909836656
22793,3.993467187325794
22794,9.528332662271898
22795,10.37566137067507
22796,6.166352621555744
22797,8.903704265455731
22798,11.210578837366837
22799,13.984643237508193
22800,10.810989279998475
22801,10.24581123249902
22802,5.97211668667536
22803,10.402457168517751
22804,8.975522131254413
22805,7.385925222727042
22806,10.624244156038214
22807,10.684456492143445
22808,10.094820023449591
22809,10.236304856753234
22810,5.871892079047454
22811,10.568623540251265
22812,9.726855092902403
22813,8.12966029372683
22814,9.964196465834382
22815,10.056133056718418
22816,9.782691047655407
22817,10.174388537601944
22818,13.64889478979955
22819,3.9644793196710952
22820,9.137585538384114
22821,10.360069341199802
22822,11.633984598191832
22823,9.951297660569013
22824,11.533583052913047
22825,9.598016234259275
22826,9.527483642970457
22827,11.312637377765794
22828,10.07192354619478
22829,10.020431501744065
22830,9.079468583780779
22831,9.387975904295557
22832,8.786732599651897
22833,8.960749409256858
22834,5.05715795404731
22835,8.884080350251855
22836,8.457601141395921
22837,14.45058956335995
22838,8.053410644124673
22839,6.99595518343741
22840,9.783442438735074
22841,9.734899058485167
22842,10.677672276970442
22843,9.48975532032624
22844,8.876258630047685
22845,9.384228503808478
22846,8.890858640740925
22847,11.244418291003127
22848,6.109317381138265
22849,6.001954477591562
22850,9.87406698888311
22851,9.306218120786786
22852,10.838046147490582
22853,6.028091322268953
22854,10.461178577488239
22855,10.516070782128688
22856,7.842719020526003
22857,5.0287519957188485
22858,8.616852737019117
22859,11.822060500884804
22860,8.863887830149112
22861,7.527780821734222
22862,10.969619589325253
22863,10.127182046601815
22864,8.859580558252917
22865,9.817401276505981
22866,9.324028322959345
22867,11.702166848938196
22868,10.211351437984964
22869,4.888617815257857
22870,9.021318720356584
22871,10.760953189404704
22872,9.262425865948087
22873,9.272735432711043
22874,8.797254381200483
22875,9.24708778576626
22876,9.016188878891983
22877,9.666342447911584
22878,10.913063861275164
22879,9.869839639045656
22880,9.670836353215817
22881,6.194698982261976
22882,9.909105980382256
22883,11.842531494881962
22884,11.085991296801817
22885,16.872003344892896
22886,9.677635339939608
22887,7.206493701753049
22888,10.311035279590703
22889,11.67472917626352
22890,9.081020802740204
22891,9.671952616383573
22892,10.217878519529096
22893,12.96215542114396
22894,9.985884947147275
22895,7.909756194655673
22896,10.094330425235226
22897,7.977651605601203
22898,8.713407065173714
22899,4.01515210456645
22900,9.810867012416749
22901,8.906259568635752
22902,7.923600974946837
22903,9.191633073459384
22904,7.626237877032626
22905,10.429866868565265
22906,9.229102029912367
22907,8.075941420133505
22908,8.17053500957987
22909,9.293976288899449
22910,8.105592875056269
22911,9.771398113250926
22912,11.019942276619938
22913,12.815144572790144
22914,9.58823035587445
22915,8.851541645546822
22916,6.110430453207266
22917,8.515069400856797
22918,13.87014879437462
22919,9.750533660317652
22920,11.14413710702401
22921,10.510298753827227
22922,9.981948425671616
22923,9.938829513111715
22924,7.17310858803663
22925,8.697472593579702
22926,5.239936400606452
22927,10.634587103440692
22928,8.411699519627396
22929,9.19592717604929
22930,17.73699760143718
22931,11.963232059773185
22932,9.538504288868426
22933,9.79687942147847
22934,9.081334904690072
22935,8.222940464760773
22936,10.390508508791102
22937,8.965431249336286
22938,6.996332593071688
22939,12.273133421768138
22940,11.196050212075859
22941,10.117276739467394
22942,12.59939723677442
22943,10.11101078734056
22944,12.033645296461676
22945,10.760397228484555
22946,10.154441263717219
22947,4.007982402429512
22948,13.291214434856718
22949,11.432713558887949
22950,8.66965356526874
22951,12.658117335086333
22952,10.45267549562906
22953,11.144932448740994
22954,6.026353065735361
22955,7.002238438714517
22956,7.0687834097809645
22957,8.833968246823277
22958,9.982211703107629
22959,7.011996131863613
22960,9.593729353064985
22961,6.916540407394509
22962,11.291887400655662
22963,6.020691376317693
22964,10.441708209797541
22965,8.327191109140509
22966,7.024968690867047
22967,7.830229297553339
22968,9.984179098856076
22969,12.872850150311146
22970,10.203009646048406
22971,6.258776592758759
22972,10.613927770179851
22973,4.951175278829803
22974,7.813039335876576
22975,6.878946894819821
22976,6.001804258445526
22977,9.916101329417279
22978,10.009990876528596
22979,9.0614761998691
22980,9.45144813098784
22981,9.668508208268387
22982,8.07174567641828
22983,10.978240362022694
22984,11.206701244931567
22985,8.283615958853511
22986,8.050960692607786
22987,6.330338219448155
22988,8.230082154512464
22989,8.930976464721555
22990,14.532731148557614
22991,11.227571671392413
22992,15.112187023950062
22993,10.601578469502902
22994,11.595936336322088
22995,13.964399813110395
22996,9.123603712705828
22997,7.7826509109697355
22998,7.704623188992427
22999,6.0283690663642275
23000,12.639464698568185
23001,9.747627386554251
23002,8.046628607296293
23003,14.459258858391285
23004,6.013394735095334
23005,9.010981186258283
23006,8.59571441109002
23007,9.662468664857935
23008,9.68286054093729
23009,6.083299402822009
23010,10.323613659270523
23011,6.086976734819778
23012,11.209332330655736
23013,10.465441632636571
23014,9.518812436729215
23015,9.887745154590595
23016,8.044912226939383
23017,8.61638502032393
23018,9.927750237673385
23019,8.468533087878543
23020,9.344664573306053
23021,6.979350838630873
23022,7.013870421816577
23023,9.73449558423142
23024,8.860935417723011
23025,6.94896225683866
23026,11.236621389152893
23027,5.024388505669466
23028,8.02019381139687
23029,12.075811043745714
23030,11.052170829284156
23031,9.98093718333733
23032,10.512661747492833
23033,8.26801083284119
23034,10.524196603141716
23035,9.239106949143336
23036,12.716134291330102
23037,9.933198928178934
23038,8.209087612856932
23039,12.945209602642281
23040,6.237202382099364
23041,11.460360116011417
23042,14.445406417668169
23043,6.297339063046833
23044,12.044191851055595
23045,10.02019493170039
23046,12.557065492938888
23047,8.010793250741594
23048,8.123324382483496
23049,8.65910025139472
23050,7.010936359133682
23051,10.729834488715797
23052,11.063953644911342
23053,10.035230083972545
23054,15.004034200480527
23055,9.93028324551541
23056,7.354370306049502
23057,7.003020929718259
23058,12.17332577195622
23059,12.008902403408646
23060,7.871736554397739
23061,10.431396316520628
23062,8.428424425324396
23063,8.59093490539228
23064,10.438758992082688
23065,9.705627182269323
23066,12.233204894284983
23067,9.938871677530178
23068,10.040700830799212
23069,9.814100911438702
23070,6.027519815323775
23071,7.716274623528573
23072,10.120585602375874
23073,11.115436886267558
23074,10.064313102936472
23075,4.138117918804195
23076,8.474760283718778
23077,8.872876279980487
23078,9.119741893376561
23079,8.918513986367072
23080,7.1523470528330915
23081,10.894295412712983
23082,10.82186460292136
23083,10.045516424526921
23084,11.356613526489403
23085,9.856788565973067
23086,9.33634163564715
23087,10.10064799867884
23088,8.730231373139182
23089,10.312323506385093
23090,10.098408372960025
23091,9.355778676891385
23092,9.157293635872565
23093,13.422275905516754
23094,8.81629984853843
23095,8.295834635340954
23096,12.099080456835198
23097,8.588709455822022
23098,8.10258119356814
23099,6.00105223824033
23100,9.80203039244955
23101,9.260400930579548
23102,10.382511419509617
23103,7.130509898915301
23104,4.789619526679536
23105,5.685173749921974
23106,9.05308803484989
23107,7.038208768165164
23108,3.999559933441157
23109,10.426323838463693
23110,8.798224909845834
23111,7.839385622275314
23112,11.415917934926961
23113,10.137662808819956
23114,11.061945408404194
23115,10.66789897597283
23116,10.496974460572785
23117,9.672184961278665
23118,7.439942914289045
23119,14.68024988350358
23120,6.201431688610818
23121,9.500671630463186
23122,10.542104076773695
23123,6.276059688885091
23124,8.596866269183048
23125,11.057556444273567
23126,9.556940582495708
23127,7.037347934886789
23128,13.287131588418886
23129,10.8940616107037
23130,13.620257781237209
23131,10.495327323469363
23132,15.326278071626215
23133,9.964746627538107
23134,11.02476695767116
23135,15.135350164914913
23136,11.984650315891047
23137,7.551155883505665
23138,10.967863646830596
23139,10.85231929278868
23140,7.410368961053393
23141,9.343927435333269
23142,10.167025520237557
23143,7.003418767222973
23144,10.043735543131175
23145,10.714476630203437
23146,10.466350219905054
23147,10.100116532914809
23148,7.894007527312734
23149,10.421771846201034
23150,10.152305289371784
23151,11.647299673103243
23152,10.652433707599384
23153,8.217871783934596
23154,10.571147720467886
23155,9.180061075720781
23156,7.945110293360127
23157,15.105217663794898
23158,7.548822164663646
23159,9.787606597493065
23160,6.185524915191255
23161,7.970476562559988
23162,7.003020929718259
23163,13.87697531530837
23164,9.396297242920047
23165,7.071307045780726
23166,10.989364003935291
23167,7.402421982260607
23168,8.809536448591123
23169,8.827455101356145
23170,7.004891512629502
23171,4.039325685386114
23172,6.122008981872458
23173,6.988235951857346
23174,16.927208845474325
23175,9.0384338075843
23176,9.215131808407039
23177,10.548757743066895
23178,9.960409796436602
23179,9.865205050556936
23180,8.10230991848731
23181,10.13731157423406
23182,10.878631880090074
23183,10.329793739799316
23184,5.534731964485331
23185,15.923595286212533
23186,10.465799615832077
23187,11.438387170668205
23188,10.263574303985385
23189,7.00319520916441
23190,7.3023017965433095
23191,6.279432078586138
23192,9.623365615931126
23193,14.871469501721647
23194,10.685613247480424
23195,7.635065319053906
23196,11.232610715240861
23197,7.00264949518975
23198,10.404303363035803
23199,10.509704056344548
23200,7.884023438214573
23201,11.432071907717875
23202,6.348666392264358
23203,15.133118093980238
23204,8.25845153518833
23205,10.522788952486072
23206,11.018335202489665
23207,9.310613799795354
23208,12.865141415731864
23209,14.504980261548946
23210,9.309689098622021
23211,7.512417417979542
23212,9.750605221235313
23213,6.849743201657326
23214,7.003212952197387
23215,9.827548773799853
23216,9.403382764829663
23217,8.113060079680219
23218,7.57355609340765
23219,12.01527992918833
23220,9.803971219870506
23221,9.242971344164426
23222,12.156309719265204
23223,10.39694846256947
23224,12.152243439141477
23225,9.177437795687792
23226,10.245462664449773
23227,8.12641693820302
23228,12.448845208361325
23229,10.827072083071721
23230,6.191897064048286
23231,15.536202902550988
23232,10.537065190468025
23233,8.856649513765008
23234,11.991067836560807
23235,9.56409362745183
23236,6.985192203119908
23237,6.118926979518104
23238,10.076095174988213
23239,6.998186313137751
23240,7.1394345169741875
23241,7.897024354927524
23242,5.975447506823388
23243,7.01334885557843
23244,13.34472267414507
23245,13.788857392199821
23246,10.71622872454425
23247,10.218060479090012
23248,9.648403965598606
23249,10.979014083474675
23250,9.15537798559007
23251,7.916177625182627
23252,8.951302657551905
23253,10.177027104581066
23254,10.352397314198855
23255,5.603712121252721
23256,8.891156876557849
23257,6.946582221462386
23258,5.161418434764593
23259,10.189413711587706
23260,10.841179135132501
23261,10.47608452236945
23262,8.683907666696255
23263,7.921997671126931
23264,10.502889228797892
23265,6.987353871528782
23266,9.763821243510415
23267,7.097417330662321
23268,6.807124082950519
23269,8.631087448539562
23270,7.670940882434037
23271,10.87097929516253
23272,10.621587312293842
23273,11.645675321209053
23274,6.683508140595173
23275,12.747397485878631
23276,7.322503541146482
23277,8.856374220272068
23278,5.7098241512986405
23279,10.963348292901854
23280,7.959210880521079
23281,9.637154106023358
23282,9.511957306004339
23283,8.31712721994568
23284,6.105877534985593
23285,11.027426546940065
23286,10.140725993566376
23287,8.858404068367959
23288,8.959134544956084
23289,6.4370519326273055
23290,10.464671873200468
23291,10.825935743119372
23292,13.88130871211761
23293,5.262511148484799
23294,6.9521524907413035
23295,10.949117277557535
23296,9.022731421820394
23297,5.650056267695133
23298,11.575761723030807
23299,7.5009461706942275
23300,9.829699324577449
23301,9.958748898797142
23302,10.073960419448836
23303,10.023339983491157
23304,13.01163625514142
23305,10.5773122503174
23306,12.69017062435916
23307,7.112061601735865
23308,10.700118790744755
23309,12.300663847092933
23310,7.79505927587352
23311,10.504413681955741
23312,9.69861631521225
23313,7.477548001928865
23314,11.121721259485843
23315,11.418503701603798
23316,10.46280030272167
23317,5.987168958453388
23318,11.114574416526848
23319,10.512150027386452
23320,9.46287167247356
23321,9.293271672866775
23322,13.884741129921691
23323,8.883320760374387
23324,8.993349755809268
23325,7.069804375732513
23326,8.378983743295171
23327,8.161821742036741
23328,8.839487816824343
23329,10.056220323437481
23330,7.000783853827654
23331,8.05242159288627
23332,13.60512576646955
23333,9.380644922733156
23334,9.667850527037986
23335,5.044797301234151
23336,9.670114649879752
23337,9.913555423483656
23338,12.462416829985225
23339,8.863752565093483
23340,8.980702768844855
23341,10.064373272278386
23342,7.158857820559341
23343,9.175768895099681
23344,14.125294547863186
23345,9.32262204292473
23346,9.620482768232526
23347,15.002566250503085
23348,10.59254194778111
23349,4.007982402429512
23350,6.01014480087292
23351,7.118084690567452
23352,11.94074151793293
23353,7.947444288048821
23354,8.958202966843997
23355,7.896075479555014
23356,7.418913873614624
23357,7.335152816952297
23358,9.24935964478876
23359,10.183579676923456
23360,11.336877735888637
23361,9.225850040071988
23362,6.993508759072432
23363,8.449863037504228
23364,6.9817309110887855
23365,19.600744661218556
23366,4.985929979835786
23367,6.997631644571076
23368,9.746217961809512
23369,8.952534927590923
23370,8.911414011064027
23371,12.933638436839894
23372,9.084290264579346
23373,6.691563123076525
23374,10.054236713287695
23375,8.860283487296266
23376,11.387124191380776
23377,5.978978446899276
23378,6.595117291471366
23379,10.307591724195666
23380,11.259901323089965
23381,10.325365244329772
23382,15.63011915291404
23383,12.128113845523755
23384,7.8932618638384895
23385,12.530469158297679
23386,13.094745790198646
23387,9.979541628453424
23388,9.758020622658501
23389,15.624549916247611
23390,9.52054641198792
23391,4.208952980289433
23392,5.346577816651646
23393,8.810405432040701
23394,6.850176882343183
23395,13.234022859742096
23396,10.23407573655419
23397,5.96250070715166
23398,10.066694002757016
23399,13.508512924882654
23400,10.080520572468158
23401,7.5368080097358465
23402,9.77999893495179
23403,12.700271449812421
23404,10.426269846658416
23405,8.55727612313004
23406,7.974031190757245
23407,10.95077328714458
23408,11.699260865400214
23409,5.988777666036587
23410,7.029355466999638
23411,7.4711380958947995
23412,8.049708940734886
23413,8.956403353961788
23414,6.934276315125157
23415,5.996302965348024
23416,13.655462521915593
23417,6.88766981443926
23418,10.653828869266166
23419,9.96288296675237
23420,7.1367576917451085
23421,6.7225979767348125
23422,6.189300523935556
23423,9.376982898625018
23424,9.319425735415768
23425,11.15298305952564
23426,7.462114283824855
23427,9.87494751683135
23428,11.17785075698241
23429,6.7770696582672265
23430,11.939465862087049
23431,11.570893018259488
23432,9.211884644590826
23433,9.763119847840889
23434,10.151564752832092
23435,8.208425142407036
23436,9.755756222529596
23437,9.93631687385331
23438,8.294421609898363
23439,10.029577910126251
23440,7.808155775912816
23441,13.467206059455032
23442,10.596418040540632
23443,11.592129093657471
23444,14.300450722122909
23445,9.92308020350813
23446,6.966240003688176
23447,10.75319915350447
23448,8.977718488525133
23449,10.616677093078978
23450,10.14052929141271
23451,6.6730423892385335
23452,11.317168101738028
23453,8.790948391235167
23454,10.217731799883866
23455,8.857458976635884
23456,8.61911017506206
23457,9.522571231685438
23458,10.187613951321579
23459,10.636717022865506
23460,9.13853641692972
23461,9.676103307729965
23462,9.718541168006352
23463,10.30243911167718
23464,9.295583936799806
23465,9.949232572488176
23466,8.43212911790854
23467,9.951772055528606
23468,8.741904475403766
23469,10.797885604441253
23470,9.882506966810007
23471,5.9882309177864546
23472,9.617411775733691
23473,8.509439765461133
23474,8.892638389854179
23475,15.084215188296932
23476,6.132475852911332
23477,11.153190665750637
23478,9.909410554212256
23479,8.623124486630791
23480,9.926561009778391
23481,9.127778187203868
23482,7.467292544639472
23483,8.774810724481698
23484,8.817349887136666
23485,14.39945721743702
23486,9.907832656122613
23487,9.822967956311837
23488,9.86574655924076
23489,7.740453521596354
23490,9.299145233456121
23491,8.57550807989344
23492,5.409997990238399
23493,9.28753709693701
23494,10.470141045637858
23495,7.277595489162868
23496,9.671454601715586
23497,6.304141012192844
23498,11.968840547810176
23499,5.839476334649074
23500,7.409868389728258
23501,9.900684182995755
23502,13.739373913434461
23503,10.718072164175604
23504,14.820779473559304
23505,9.66970405841643
23506,12.247662096426696
23507,9.298706383459558
23508,6.108470364641066
23509,7.052089823400539
23510,11.300750361077478
23511,7.319425701410175
23512,7.095352041132376
23513,15.329534107854636
23514,9.231483381768223
23515,10.871869536482611
23516,9.739474203689424
23517,11.298877985060985
23518,9.947009949827576
23519,8.723628504595153
23520,9.786067071846377
23521,7.449209824859315
23522,13.6313046264074
23523,11.959567637620731
23524,5.981800586257181
23525,11.094597339868114
23526,7.044843066938103
23527,4.008079754986547
23528,10.813822082177415
23529,8.690525688531315
23530,10.846594917563694
23531,7.017017676975861
23532,10.153460539025497
23533,9.993131537150807
23534,6.9651577286864015
23535,7.771937848762729
23536,10.56353527723878
23537,10.20354306563575
23538,12.301726462274432
23539,9.767944148667317
23540,13.249538932147418
23541,9.301680686084575
23542,6.197476420701186
23543,9.8038425906707
23544,11.164925311592652
23545,10.214902845591071
23546,12.454024077087405
23547,10.921327448768137
23548,10.321804353573738
23549,5.847025974336658
23550,9.177939713860011
23551,11.061387354378601
23552,10.044104023236406
23553,4.966888695485747
23554,11.654761965889028
23555,9.598470414661085
23556,16.22139727808674
23557,13.603384018155788
23558,10.386894024258831
23559,9.704029622856003
23560,9.072396590248422
23561,10.49756627392871
23562,10.349701435704274
23563,7.688263357534476
23564,6.943269109248385
23565,12.66625581091325
23566,10.185988660634825
23567,18.316813389880714
23568,10.938274260650482
23569,5.968310340348818
23570,9.316101535164657
23571,7.461231679813739
23572,8.808895329344297
23573,7.944867763000859
23574,9.996280644231406
23575,16.966863876954832
23576,9.85820285980241
23577,9.80218320744662
23578,11.628767564444614
23579,18.622231644995566
23580,11.10260844722366
23581,9.840538363460476
23582,16.058489958243413
23583,8.096365001870849
23584,6.978225699209039
23585,12.172015570297743
23586,7.705842447915682
23587,11.140147330955527
23588,6.221422212514472
23589,6.03031861034472
23590,8.769944309149581
23591,7.287774133027817
23592,6.204407379432126
23593,8.804193903640309
23594,11.09528615003705
23595,7.927430327371843
23596,7.993860548834341
23597,9.476173133274957
23598,8.078345296294136
23599,4.69033717204717
23600,10.552117162066969
23601,9.085598100351843
23602,9.74775031003099
23603,7.925171025790188
23604,9.395492577062702
23605,8.8068222634962
23606,12.766441880637961
23607,9.602252535465746
23608,9.797095866041202
23609,8.046928688086934
23610,11.18533511647439
23611,10.997948097137067
23612,10.298836651497512
23613,10.435632063067922
23614,8.983350641254953
23615,11.405611518952744
23616,9.294173192956544
23617,9.254118584568099
23618,9.027529387158738
23619,10.51442601422122
23620,8.072586709140912
23621,6.000426226327738
23622,6.928017951282621
23623,10.637158482094277
23624,11.6559115673938
23625,11.192810619968343
23626,7.447993049604051
23627,9.179957010412265
23628,10.128554510374817
23629,6.0087462987842795
23630,10.099207043287509
23631,5.131895147624451
23632,9.541348930247542
23633,7.766701695319314
23634,8.450240632051203
23635,11.86530068089081
23636,9.551273077786869
23637,8.601245661999444
23638,9.45483942915803
23639,7.873789460820769
23640,9.974885644719217
23641,6.056468039086987
23642,11.42618578941065
23643,9.307203007384059
23644,4.704531110877914
23645,6.9646873211508105
23646,6.944520082592918
23647,6.056120406152132
23648,6.956329183290466
23649,7.301548084508092
23650,11.757609254309818
23651,5.934887026393646
23652,10.936440508889545
23653,6.430504995768448
23654,11.317868866498072
23655,9.004708960961755
23656,10.695401278714625
23657,7.602273907749224
23658,9.880400004127173
23659,9.31429495094895
23660,9.323790053918716
23661,8.569855945218267
23662,11.690204947822108
23663,6.823700861048213
23664,8.247209966078769
23665,6.150943512284316
23666,8.664481497657912
23667,11.773504285446412
23668,18.433598884586154
23669,9.112798714595195
23670,8.11866003478231
23671,9.96454488555099
23672,10.574772959082877
23673,10.221688072838907
23674,9.126354710927982
23675,13.94323318429692
23676,10.294180530646466
23677,5.04958080383594
23678,9.9246904216569
23679,14.884942593892207
23680,8.906259568635752
23681,8.954055946568028
23682,10.198074453587749
23683,11.561957538099543
23684,10.6912244197545
23685,16.509306744180613
23686,5.977970985744543
23687,11.463946383260774
23688,9.891263412021553
23689,12.2767836695969
23690,14.600978230394174
23691,9.621061161020434
23692,10.975918798429815
23693,4.65800420816182
23694,6.146343612832171
23695,9.09699717422538
23696,10.162679891249327
23697,15.084855474508393
23698,6.213348139645765
23699,5.999347361505331
23700,8.998258762183843
23701,10.055921326596897
23702,12.169652748022346
23703,8.74154953548449
23704,6.148861409998947
23705,7.69153562736142
23706,7.307137434074686
23707,9.865109573762412
23708,8.151773857250278
23709,10.152449628205451
23710,11.677683515984429
23711,7.013312237229135
23712,12.562000302669913
23713,4.950432137231194
23714,8.711530229501536
23715,8.297759135695879
23716,10.584218881848551
23717,12.662812840716233
23718,6.533156274791647
23719,8.092280142927853
23720,10.835970827548072
23721,7.584191486640606
23722,9.528793005097777
23723,8.32372064602905
23724,9.735338160666993
23725,10.079656283326015
23726,6.296004836478053
23727,4.621627126875834
23728,5.962458857035976
23729,14.442379969258427
23730,5.27805383899148
23731,9.982532120948372
23732,8.786533381955488
23733,8.089168668241411
23734,8.083384229968148
23735,7.034554176195864
23736,12.63013960324614
23737,9.167908684052497
23738,11.828919033000778
23739,9.970859366475478
23740,9.038544503031533
23741,12.502664886382098
23742,6.895291486875667
23743,15.19616987194201
23744,13.35752891572294
23745,7.011770344637991
23746,8.717422614378966
23747,11.363173231400646
23748,9.78710195708849
23749,9.113603546066953
23750,7.5172810189997
23751,6.771690800726882
23752,8.929956807765526
23753,7.021896658840463
23754,8.155557943296044
23755,10.62399630148275
23756,9.214684062432047
23757,3.9907720353854277
23758,10.048297801110516
23759,10.150685295112877
23760,9.576885982709731
23761,9.869504553817352
23762,10.345618148533363
23763,9.599996281313812
23764,9.089514259963936
23765,6.224259922732797
23766,8.487115241781586
23767,7.959426447221665
23768,9.246630174056142
23769,9.727036123476752
23770,9.811193494758031
23771,9.38584161071831
23772,8.597884857789944
23773,15.399853890275912
23774,8.115424056613053
23775,6.000248216282694
23776,11.08097128697761
23777,10.09138777267079
23778,10.521412161580036
23779,4.610763744096044
23780,15.911337413629775
23781,6.9460885110525314
23782,8.883072495378778
23783,11.416214752588031
23784,12.321557731218904
23785,12.332439734682376
23786,4.168583843097453
23787,10.076965341606181
23788,9.733125869479318
23789,7.317068309362742
23790,8.918985398867717
23791,6.060073253798418
23792,11.55765214749398
23793,13.450683284771818
23794,9.94690909443782
23795,10.766984369545652
23796,14.655176068916438
23797,9.326953023188976
23798,12.064528223093577
23799,8.164750471246156
23800,10.389113225286374
23801,10.991988206963134
23802,7.578994778945551
23803,6.000881841910048
23804,11.793256250958605
23805,10.333362330483775
23806,7.859307399354126
23807,8.034339050864466
23808,15.976719802337852
23809,12.595230767853932
23810,11.227585624035305
23811,9.991264610491411
23812,10.15596524386107
23813,16.653520424311793
23814,6.222488194163045
23815,8.588088853536759
23816,5.999155688014476
23817,6.955623631346985
23818,8.139509133759761
23819,12.838966325957562
23820,10.094177812577472
23821,8.317326164731954
23822,6.993437871425865
23823,10.475534791476624
23824,9.218869325135605
23825,7.910493438418955
23826,4.040208681448956
23827,8.86617624957705
23828,8.93840778813768
23829,10.700822528469322
23830,6.934350639005526
23831,11.363501361517505
23832,9.1251384079262
23833,11.123810798155992
23834,9.28006312174377
23835,5.3945892003696105
23836,13.759426580818998
23837,8.350691286493243
23838,10.074509187008585
23839,9.861823179096382
23840,8.676178191421526
23841,9.795811423000577
23842,8.036503852471183
23843,9.645796894487559
23844,14.486948979895056
23845,18.616460231253846
23846,9.127086174969557
23847,9.279968416853537
23848,8.908210724532458
23849,8.918509062344649
23850,10.372603806300203
23851,7.471291281946478
23852,4.998548248250679
23853,9.448939120279372
23854,9.751279663948099
23855,6.005430104362921
23856,3.999559933441157
23857,11.770227674861081
23858,6.168721469079113
23859,15.61499525459366
23860,9.874309419551802
23861,10.142891683922317
23862,12.768540453738021
23863,8.08425882620495
23864,10.989678125190386
23865,9.222035427897234
23866,10.923759560695911
23867,9.581895388617037
23868,5.674342104622051
23869,12.754355604902509
23870,11.884605317055575
23871,6.05082736087763
23872,9.21567158992505
23873,5.107759038602093
23874,7.013474096331445
23875,9.938541725935986
23876,9.061744209683974
23877,10.689469630660488
23878,7.9513929444720155
23879,9.33718136948819
23880,7.213070495229429
23881,9.154329207404038
23882,8.767856175446303
23883,10.68549750938005
23884,9.323566541249336
23885,7.000038895513931
23886,8.396808913263703
23887,15.47190752358163
23888,8.58799238941169
23889,8.071421075366077
23890,5.924510029475512
23891,8.523185450810045
23892,6.982213664285368
23893,4.014398764620413
23894,12.13771702780249
23895,9.323800253694797
23896,9.548336379517542
23897,10.16387641746232
23898,8.347935516963778
23899,10.990039598475493
23900,8.7130080797214
23901,5.989495577321988
23902,12.117949678748923
23903,9.612346259650911
23904,6.856349349636208
23905,5.622009929535412
23906,14.108910841063283
23907,8.88227466806915
23908,10.021874924590035
23909,10.267483372885627
23910,6.170026772265089
23911,6.065602441378211
23912,7.090849967216418
23913,13.634440564126871
23914,11.157765432087919
23915,9.466886885418793
23916,8.274410155334254
23917,9.871882676081926
23918,6.9027870974168835
23919,7.5320072129308855
23920,6.85901998380562
23921,10.17370011412572
23922,10.009322936560439
23923,11.733205813753868
23924,5.125759731042193
23925,9.677974157181636
23926,11.115950857893923
23927,10.005037305007379
23928,12.633628135098446
23929,7.922330824543293
23930,11.342911148206126
23931,7.003493876460547
23932,10.564787832431692
23933,6.01534563559083
23934,10.206372828617065
23935,9.33995524169699
23936,13.162521284762773
23937,6.037967737112435
23938,9.61460376194257
23939,9.56657498153159
23940,8.368285421713226
23941,9.674654600692977
23942,6.956898337311253
23943,13.411360657137733
23944,5.814147223515927
23945,10.398967094364624
23946,11.528302840928047
23947,12.24683261556873
23948,6.830913394892889
23949,10.937336059395635
23950,7.943572742629227
23951,9.424265863284921
23952,8.839744822734337
23953,10.100043181009104
23954,5.419008361756957
23955,6.80029275261071
23956,7.081530556046026
23957,13.465319566307448
23958,5.9595359601189095
23959,7.329077356603266
23960,6.9844669271455615
23961,7.084157237335871
23962,6.4660067972328665
23963,10.299572544127832
23964,9.880828545615104
23965,9.090782037033774
23966,10.38698021614866
23967,6.965623591667908
23968,11.450631289499961
23969,9.92742417171736
23970,12.626368963224097
23971,9.405321191518832
23972,14.764010824506348
23973,10.105863125052752
23974,15.157129850593416
23975,7.516051514388238
23976,9.137887099754066
23977,9.630069997606322
23978,8.746638982871376
23979,13.53288782444084
23980,9.59896683776793
23981,5.39006139119854
23982,10.287251466478908
23983,8.990191042280072
23984,10.628072911060046
23985,10.226281594451367
23986,9.627603755337391
23987,10.490420552381808
23988,7.909868788633288
23989,7.860098123776105
23990,5.163121520968406
23991,10.459369323710055
23992,9.619776015578426
23993,9.904972429398574
23994,9.609005748699891
23995,8.67123292086495
23996,7.984249997282621
23997,8.78740673525225
23998,10.045857853050348
23999,10.87138571009333
24000,10.115219345700398
24001,6.953078926483315
24002,10.665910994043804
24003,12.503898502236298
24004,11.087034774688677
24005,10.513170379900037
24006,6.804759005733988
24007,9.065528445752774
24008,9.40104212520364
24009,8.834493029021663
24010,10.145923907021478
24011,6.9903253543969655
24012,10.230789401107026
24013,9.430565910904027
24014,8.241861005059503
24015,7.001381086641947
24016,7.078448503464607
24017,9.787750343026675
24018,8.698797683660688
24019,7.6813788550001885
24020,9.656874018469962
24021,11.567985717928083
24022,11.448445457074529
24023,8.821443462697603
24024,10.31817576189921
24025,10.739076053578232
24026,10.204674322662148
24027,10.118871485613402
24028,9.356309571266609
24029,8.642984367635394
24030,9.655960866278944
24031,11.754559166917739
24032,5.1658960471654956
24033,6.992152593644107
24034,8.116609211640734
24035,11.420273585878666
24036,10.453905841537177
24037,12.34402559516717
24038,14.352805273522433
24039,10.377704258339856
24040,11.99467513196244
24041,11.549880664011292
24042,7.333823323990712
24043,10.031521900716937
24044,9.881407249374979
24045,13.638351976576645
24046,9.109186855829327
24047,4.990976480048972
24048,6.992782957788288
24049,10.406230858136043
24050,11.680750365635971
24051,15.30732741111933
24052,12.263175829052907
24053,9.405314845909578
24054,5.4672910102684105
24055,12.066400237456714
24056,11.87368197543116
24057,11.176956288272931
24058,15.09693159478739
24059,7.018403042052492
24060,13.365297035042873
24061,5.997390983714972
24062,8.578335360064708
24063,11.876110768547468
24064,4.612126095168332
24065,12.995362267867408
24066,9.874838159500372
24067,8.511262514553577
24068,16.379882381117135
24069,11.41966830877749
24070,7.944258080061331
24071,7.085490802075611
24072,9.485335173726975
24073,9.832539661819675
24074,8.498085072459668
24075,9.193012997465372
24076,8.923386428658786
24077,12.953306835333168
24078,11.103155557113011
24079,9.546720811508427
24080,7.770510361004835
24081,10.044680375353325
24082,12.464654412925837
24083,10.779858432684984
24084,7.603587339052803
24085,8.674862264074163
24086,7.188046977005932
24087,9.005606540995958
24088,8.050554221191158
24089,9.121965634030593
24090,11.9925451067593
24091,12.084069428352473
24092,10.022253561222309
24093,6.998086745416481
24094,10.69083188960313
24095,10.046247419257158
24096,11.536726176340034
24097,8.624485019318959
24098,12.443558850398412
24099,8.61339331465613
24100,9.350716433383516
24101,10.0025511217624
24102,9.890310203217874
24103,9.266806783567459
24104,9.166282748575233
24105,9.679491626088067
24106,13.703960255324377
24107,10.420210995285677
24108,10.033115590120923
24109,12.563551476589941
24110,12.67015016329522
24111,7.6184849182011405
24112,6.993642976625681
24113,4.012339678681045
24114,11.79680262192849
24115,9.048782592391527
24116,10.662389123629469
24117,9.001479642707439
24118,10.3607776014645
24119,9.995371075536182
24120,9.095666912756004
24121,8.760412302826788
24122,8.951980158117111
24123,7.315513487132639
24124,9.13470994871094
24125,4.987477684177328
24126,11.852384819876251
24127,7.568199526812819
24128,7.950142095381143
24129,9.441263402641871
24130,10.27984408444412
24131,9.321311639440433
24132,8.410767591292865
24133,14.452136020194255
24134,8.052193248590902
24135,11.090623631592956
24136,8.042895414627539
24137,11.481498049648332
24138,3.996945641151881
24139,8.44112688078039
24140,6.073580994829134
24141,10.582064838460122
24142,9.128632296147162
24143,10.124812908120836
24144,9.060338172349178
24145,10.881346274418343
24146,15.650303641499177
24147,12.662516124720801
24148,10.031401951308178
24149,7.031419206341601
24150,11.700718213015213
24151,8.065792414538643
24152,10.063420526208754
24153,7.929869873808698
24154,10.62731745139421
24155,9.637627880142206
24156,15.618196019649437
24157,10.593540886215832
24158,9.035212001630219
24159,9.862086814624396
24160,8.058504337649241
24161,7.296001673569483
24162,8.283423857573323
24163,8.96971233607679
24164,9.674600233134699
24165,11.864179460207032
24166,10.03856279104818
24167,15.82032733019014
24168,11.895557279006093
24169,7.3776918764021
24170,10.453475232446666
24171,6.99496564438329
24172,14.33447984108844
24173,8.571914894433936
24174,10.982907134820097
24175,16.316106498269704
24176,10.780246896321808
24177,7.883858964821757
24178,7.491235798635049
24179,7.141731770584499
24180,9.939510420025682
24181,9.287001408604178
24182,12.051002250814031
24183,9.296951847639127
24184,7.783217108105578
24185,8.06550637841852
24186,14.848619230415876
24187,4.0000000000000036
24188,11.486872567345573
24189,16.510739074972662
24190,9.045081822658718
24191,7.893055783033001
24192,8.8792785648315
24193,7.48533155695503
24194,6.3936585751776995
24195,12.124735504358847
24196,9.931081143758432
24197,10.341222881357576
24198,8.014632817043465
24199,11.184562272862278
24200,11.737167842634266
24201,10.124187652349297
24202,6.315989270849549
24203,9.933141476621854
24204,9.561661767590051
24205,15.036349743221228
24206,7.077848349876817
24207,11.773398509383048
24208,10.519468608015456
24209,12.085495720786271
24210,10.4339625981673
24211,14.782733492568868
24212,8.837536040039458
24213,7.004673513947383
24214,4.9827616591886725
24215,9.237666141922665
24216,11.068949901659062
24217,10.211132679958991
24218,8.511069494182172
24219,15.027353392902794
24220,9.533777658271477
24221,10.056966483507635
24222,7.4504799121130905
24223,10.453009385324387
24224,6.9469298048701695
24225,10.280898119224647
24226,6.005206685728226
24227,13.934884359316277
24228,13.67492323156763
24229,10.32867290308839
24230,11.192811125190447
24231,12.304389576822553
24232,6.01083324832141
24233,10.331041082352703
24234,13.086412451907867
24235,13.684630037295099
24236,8.654037442189368
24237,6.041048244674668
24238,7.959592317848838
24239,9.817329522671345
24240,9.898411153639772
24241,10.07528712479508
24242,14.181385087867875
24243,8.056594850286833
24244,10.283934187488265
24245,10.827093403236871
24246,7.517701206318526
24247,9.159975225278965
24248,12.197473360780906
24249,10.351533932647955
24250,9.90726755430189
24251,13.241889475103482
24252,8.971385425683772
24253,9.003789937228975
24254,6.352274772654686
24255,8.692137897618649
24256,10.769871415695532
24257,13.981229898681894
24258,11.440996885885328
24259,13.199774910095366
24260,6.087035861838144
24261,9.508345484772414
24262,12.14168709202344
24263,9.536322244268318
24264,8.06754035464152
24265,12.098633305978057
24266,7.419546728199423
24267,6.119521874089521
24268,15.287036556791383
24269,9.969055115165178
24270,8.978728717031787
24271,9.836821660294651
24272,8.909249152963929
24273,9.636804058767465
24274,10.225227865186623
24275,8.662860050800932
24276,5.646888188474838
24277,12.101031346946565
24278,8.656159062299887
24279,9.43004301439972
24280,10.027375535180644
24281,7.94596554012883
24282,10.768157910320229
24283,9.330507599205822
24284,7.8314712936807975
24285,11.102921177491607
24286,9.390333059026469
24287,7.778550532318132
24288,8.094486510283582
24289,10.003584015674123
24290,6.185322642488652
24291,10.702844904118875
24292,10.49794878518154
24293,11.386579423330693
24294,10.211527735173766
24295,10.76745404588542
24296,10.00559469414282
24297,8.162112289119454
24298,4.595053246247554
24299,7.049615469720658
24300,6.934958868322624
24301,8.789557176541921
24302,9.461974707661208
24303,6.000114237852758
24304,14.318024916438793
24305,9.258561540957578
24306,7.451408698591335
24307,8.073155819092525
24308,13.120931568329814
24309,10.93111162374951
24310,8.862161588360587
24311,18.717857844480754
24312,9.331171739598476
24313,9.64477289131021
24314,9.722123205636708
24315,10.464292213963526
24316,10.879747750710594
24317,7.6822828369837435
24318,9.302079400205374
24319,6.9047155195805185
24320,10.406445060168577
24321,7.0881756574776436
24322,10.6519031874488
24323,8.811037526489363
24324,10.986309433767877
24325,3.9996636401370176
24326,9.665618947540628
24327,9.691817245535903
24328,3.954416140161718
24329,10.177782687884
24330,11.012184974596684
24331,10.734676726954854
24332,10.08231376992167
24333,4.022726073386674
24334,9.58976049222843
24335,9.079441732353915
24336,8.343717170217287
24337,12.736940874936325
24338,6.20483364269562
24339,12.833110910447244
24340,12.119165019239807
24341,9.949270566237766
24342,15.480164610688023
24343,9.684914277935308
24344,14.07883343470891
24345,6.173921735698311
24346,5.9714082012768355
24347,11.130705737929796
24348,10.82960393512088
24349,8.80175602661521
24350,9.989464369709102
24351,9.108400272244063
24352,12.730451679381469
24353,8.015652860542511
24354,8.781421279513525
24355,9.918818580262785
24356,13.575021804240214
24357,9.778109328098965
24358,7.994354502940325
24359,11.391370777337054
24360,9.14611899212469
24361,6.187897495707219
24362,8.073375457846725
24363,9.899600736719096
24364,10.273826562999313
24365,12.265456460078903
24366,12.033953355608658
24367,10.938822313710714
24368,8.75491988647463
24369,9.59832479766654
24370,12.007575521222664
24371,10.011224478356711
24372,4.153733208597612
24373,7.840400710513441
24374,4.529566145742697
24375,9.274623016346114
24376,7.8538170202775515
24377,11.381463736399441
24378,9.174895052775158
24379,10.97489083192252
24380,9.873695606152632
24381,10.002303363010588
24382,9.459068991687252
24383,12.282525427501282
24384,5.729082698783904
24385,12.344811077843003
24386,10.161154897659879
24387,7.889793978128816
24388,9.879742982008137
24389,11.164155788701295
24390,5.60259103462513
24391,4.606993466677614
24392,11.745151258404247
24393,9.727978272120156
24394,14.960510026762
24395,7.137741257064215
24396,8.783419630261468
24397,4.8350771749311905
24398,9.931769310122165
24399,8.347860687462282
24400,8.850900172167178
24401,7.90302377223934
24402,9.854984603177664
24403,6.2168124608455155
24404,8.937340982168754
24405,7.0066356601482855
24406,6.999108328956558
24407,10.100791063772446
24408,8.320367183439716
24409,12.617142698414208
24410,10.065755997161213
24411,9.013077258619306
24412,10.611336812114525
24413,9.833364818414529
24414,5.042134557260422
24415,5.320453889170861
24416,4.985723157436948
24417,9.803637022684528
24418,6.1958221087025755
24419,9.641914674929891
24420,9.938942557419201
24421,15.073819726762112
24422,9.056612663113961
24423,10.156890745446871
24424,11.742088744836328
24425,10.857709453891156
24426,9.910888973842285
24427,15.09299894303503
24428,10.408264863372809
24429,9.114219486316967
24430,12.844062428420406
24431,10.596819591314953
24432,10.83377504502147
24433,7.817394381905871
24434,16.249353694620424
24435,12.482966579567561
24436,9.114917619251875
24437,13.043497503595324
24438,11.034573960812784
24439,8.30614831844258
24440,9.011555588536039
24441,6.180664446672328
24442,7.606393393562735
24443,6.856498137021729
24444,9.77320014107602
24445,10.31677910713483
24446,11.105857495120508
24447,10.959305243841078
24448,12.676098690042368
24449,11.252214525218092
24450,10.871933409724038
24451,6.988486713986598
24452,11.481856337786665
24453,7.005503247384947
24454,9.037743412349888
24455,8.879959481304406
24456,9.944660017463265
24457,9.229641964762303
24458,8.935342303007785
24459,8.948437441009956
24460,13.556123373897249
24461,9.181685308225441
24462,11.480895237092161
24463,9.816961555310348
24464,9.84070133330052
24465,8.135752695767037
24466,8.804398435955639
24467,10.123833340471231
24468,8.269247541994895
24469,7.06005573415308
24470,6.972193378726164
24471,9.645498251043582
24472,5.490473721016979
24473,11.282961547530897
24474,11.458764931113583
24475,5.286674980296552
24476,5.993885415937216
24477,11.779677745883584
24478,10.484504412961824
24479,4.800948906556302
24480,10.900629883850621
24481,10.315518640604976
24482,6.31512140027729
24483,7.984906597719663
24484,8.349355562446773
24485,8.878288811618274
24486,12.418797156371715
24487,9.496722826312629
24488,8.104312568481513
24489,5.095368780126969
24490,17.966528870625766
24491,11.734185929444665
24492,9.82254925198742
24493,7.240659193524065
24494,4.8502959334608695
24495,9.827050155069378
24496,11.013142434184802
24497,7.1829677782223325
24498,10.969654398412013
24499,15.627852604366813
24500,11.120817176626725
24501,15.483167608211348
24502,14.324791565505945
24503,6.433680443164601
24504,7.811165341779159
24505,9.623743395614037
24506,10.340184977580767
24507,12.137799323978447
24508,9.531099225926946
24509,5.256674651128612
24510,3.9828404563142485
24511,9.110007875352261
24512,8.893927093320153
24513,8.282942422083954
24514,9.767080235290903
24515,5.572532695960173
24516,6.3571658639172615
24517,8.201635373703459
24518,12.018120375465456
24519,10.037848957492473
24520,6.995730326228967
24521,10.795275392165331
24522,7.00839067837547
24523,10.90679772365189
24524,10.010164646173228
24525,10.091194126565123
24526,9.12406784739593
24527,4.9665737575625295
24528,7.081961492413745
24529,10.130732855672386
24530,11.588573590875741
24531,9.066893391985035
24532,6.386471008891892
24533,9.84599944304747
24534,7.033179819175823
24535,11.940229244869249
24536,10.13492247831986
24537,8.673898523345601
24538,10.281554089200197
24539,10.083228562536314
24540,9.502765756405674
24541,4.885964686970038
24542,9.852524162998753
24543,8.354916805994696
24544,9.760824441951657
24545,11.104257379303109
24546,11.482689491627076
24547,7.934853222101914
24548,8.11848101927429
24549,7.980525664206128
24550,7.948056494330812
24551,8.072659211029498
24552,8.004155872930925
24553,10.53648622686199
24554,8.56411679814085
24555,6.98607694838967
24556,7.373829268449379
24557,9.67299836353826
24558,6.243981007240333
24559,10.951759075706073
24560,9.758987266747374
24561,6.148462207182888
24562,9.869890434629971
24563,8.128708680966684
24564,5.981067078494295
24565,15.17956971702778
24566,10.417687406953986
24567,6.996768284562068
24568,10.241073089085438
24569,7.614565269991315
24570,4.73222770997123
24571,6.129112548479197
24572,9.672745767809525
24573,4.927553379059217
24574,8.029713668851523
24575,10.804564424801429
24576,6.780578626870632
24577,10.298118793495716
24578,8.400755387181588
24579,11.127090776674562
24580,8.909781674924725
24581,10.850599822742597
24582,8.875094442874234
24583,15.826042213395327
24584,9.936073190396934
24585,8.665701367341926
24586,9.872388888542696
24587,9.190780794262098
24588,9.114743452062237
24589,8.991140776101739
24590,10.284151331386065
24591,6.044462357710462
24592,4.614402189680186
24593,9.036318240500238
24594,10.476849616647181
24595,6.021759049361849
24596,10.603486048735649
24597,10.358544359388565
24598,9.876445925021025
24599,9.944733484985528
24600,11.422214634840367
24601,8.135638616646213
24602,3.995883308849396
24603,6.995272629411566
24604,6.985252548606747
24605,8.859942188895731
24606,8.270816536996241
24607,8.93916207154565
24608,9.773046781653386
24609,14.155057193397264
24610,10.09090126274444
24611,6.242496405236974
24612,12.531220986491336
24613,13.450288455980312
24614,10.716859340239877
24615,7.937985891429637
24616,9.96051021326702
24617,7.430026728303487
24618,13.492062969804172
24619,6.934370707441012
24620,10.505375623091515
24621,9.337420836412244
24622,8.969432110187642
24623,6.951621070024183
24624,10.577035403845565
24625,8.993586980599696
24626,9.27369004012599
24627,9.019757482030213
24628,8.166229159465937
24629,5.451923384770346
24630,8.935786637879458
24631,9.628591944530582
24632,11.253870105277167
24633,10.560584109096135
24634,3.9945101999076655
24635,10.303554560007255
24636,8.879865434529028
24637,10.169930105276029
24638,13.444404642969682
24639,16.022068619267607
24640,8.95016797494136
24641,9.028771793469103
24642,10.211654066619479
24643,10.911287505888827
24644,5.842754536308642
24645,8.821674089739327
24646,11.935370358118751
24647,9.318215325041416
24648,10.499050724371957
24649,7.367578878204384
24650,7.622976186580079
24651,8.02337632499558
24652,9.009845978742144
24653,9.730179704531652
24654,10.833863746066276
24655,11.2103567128537
24656,6.989091537844821
24657,11.263643099848556
24658,11.051769143116006
24659,7.341080152814394
24660,5.092541893867344
24661,7.006419839995965
24662,10.175729816153522
24663,14.556823343748887
24664,9.707450096655338
24665,7.2706822232406605
24666,7.008321964347116
24667,5.694774384612933
24668,15.80038438885225
24669,11.369758329072083
24670,9.664077184600421
24671,9.382248305996976
24672,9.01923922458827
24673,9.382043984118111
24674,10.881445398248529
24675,6.051517801662327
24676,11.228191307672295
24677,10.702396762242701
24678,9.598588034589197
24679,10.44319410164009
24680,7.0178106949758465
24681,10.24851925182537
24682,13.749172758792648
24683,9.680453121723643
24684,9.06046466270392
24685,9.269906589873065
24686,10.278136864794641
24687,7.418057263383563
24688,10.585144324528171
24689,10.348492560845935
24690,9.305497920922969
24691,8.11261551151504
24692,6.885451888591854
24693,9.469594846341893
24694,9.535270108786184
24695,7.971367328636923
24696,10.50538207125354
24697,7.386885716577082
24698,7.913942682139373
24699,12.968797836216647
24700,11.237343332399702
24701,10.495388023365846
24702,11.451488297516443
24703,6.900280122634195
24704,11.809121557882387
24705,8.907050912811668
24706,11.248569483135261
24707,5.048295790595476
24708,6.979980699201608
24709,10.858881936836413
24710,7.9774802113982215
24711,10.475845377656222
24712,5.264709113195926
24713,9.899266678358812
24714,11.135871164731467
24715,7.0658124861527885
24716,9.612200559807613
24717,10.139611202734242
24718,15.073376161649664
24719,9.65118231770038
24720,11.150595723789055
24721,9.20126428771175
24722,9.35217368807522
24723,8.942282016008077
24724,11.466939169689573
24725,6.9388033870212595
24726,17.514440507214893
24727,6.983648024169
24728,9.947482888936085
24729,10.157437738583594
24730,9.278687419672048
24731,11.076673521819592
24732,8.487216269580694
24733,14.877976854791262
24734,11.251590751779014
24735,7.931240657027015
24736,6.1958627824415
24737,5.308923458088302
24738,7.914939912023328
24739,10.8207209265724
24740,6.997432208738667
24741,12.105626200811871
24742,10.071566693999243
24743,10.85166704090224
24744,10.348977108954577
24745,13.433777033814659
24746,5.490509748916705
24747,8.625301320735149
24748,10.421442151615453
24749,8.037438101315582
24750,9.56765471110588
24751,11.163280447011322
24752,8.887415634771104
24753,9.235308069709232
24754,10.763208704058728
24755,9.801524042156702
24756,10.952106043472261
24757,4.86943960549824
24758,12.258036744097806
24759,9.837044943450001
24760,7.40428238987988
24761,11.448264470866716
24762,12.385952159484502
24763,14.404487148066325
24764,11.510504498560453
24765,5.0200866041115875
24766,12.033092405826666
24767,5.450467769408114
24768,9.945478729412086
24769,9.53001411330668
24770,5.119246342945542
24771,9.243795931436088
24772,10.162706987614849
24773,10.936825455277544
24774,12.549717196513994
24775,16.252139913516615
24776,10.153760483109332
24777,8.985312867751913
24778,9.55259605860095
24779,7.87070421353444
24780,10.918853097749304
24781,11.839403884644648
24782,10.905232925729573
24783,4.6210193980348375
24784,10.211911053823806
24785,10.580015612014138
24786,10.017400224197596
24787,10.147085935490528
24788,7.33433785222976
24789,11.790910525121516
24790,10.47394163598433
24791,9.99888689742077
24792,13.558806390699628
24793,10.957362579299692
24794,5.961074470788857
24795,10.203886605518436
24796,11.065784904742655
24797,7.999890428563301
24798,8.102463908652217
24799,12.478076693516387
24800,5.1412449126257025
24801,14.109028836261038
24802,11.21210942122862
24803,11.010907532548627
24804,9.930384289979552
24805,17.02671875876836
24806,9.867955513292808
24807,6.9468420927225765
24808,10.81998826213072
24809,9.632880735442571
24810,8.45431946125394
24811,10.15496966237105
24812,7.911566334068063
24813,5.065474540541789
24814,9.671001609208266
24815,12.533052213200781
24816,7.858265735745803
24817,6.334154248480871
24818,8.575119904682255
24819,9.431487635137051
24820,11.390716028394783
24821,9.980832202184631
24822,7.983649364484309
24823,10.10912169963869
24824,6.587849908152462
24825,9.862044456781176
24826,9.1896384964525
24827,5.346185523889168
24828,8.854877712209026
24829,10.901303987940237
24830,7.7567130681765555
24831,11.40291758830456
24832,14.343997877934592
24833,8.325585897397522
24834,10.71544969954054
24835,12.966252463735918
24836,12.413147242628591
24837,8.115283348826315
24838,5.993255296011272
24839,7.950681677923676
24840,8.950920151386816
24841,8.059790433369352
24842,10.04522161711206
24843,8.669520479282179
24844,9.074190081787505
24845,6.399901604197337
24846,10.792044622935707
24847,8.999658493872749
24848,7.68953674564016
24849,8.954476588025718
24850,8.813023042515505
24851,5.617988803119265
24852,9.714050837189061
24853,10.49876113701662
24854,10.113611117854019
24855,10.883522680400992
24856,5.392649818609737
24857,13.981054275139575
24858,11.162126090168341
24859,9.119592537947627
24860,6.180848314463658
24861,6.2248765943326845
24862,11.189293645179783
24863,11.636509503394448
24864,10.172721595600725
24865,7.529938309294334
24866,10.000220536958482
24867,9.043725113479384
24868,8.155592460745476
24869,7.041952372620383
24870,9.117512077109991
24871,3.9968183029254223
24872,10.191431033150481
24873,11.30180415506472
24874,9.781826533503763
24875,10.109698239019218
24876,9.72994782540579
24877,11.925089847801532
24878,10.009159010023295
24879,9.937451369331791
24880,9.497752669420665
24881,10.71314733455837
24882,9.53455859712337
24883,9.585788723061322
24884,7.925500372346502
24885,11.799772380572536
24886,5.998012098310873
24887,7.973631091484208
24888,11.769266867054986
24889,9.178319973710382
24890,12.313447282157624
24891,8.465364588439373
24892,8.871860586495886
24893,12.35856463556655
24894,7.952323843534282
24895,4.682517752173302
24896,7.004914953422551
24897,5.995516145122195
24898,10.421881321258587
24899,7.396082315071158
24900,5.505774744925944
24901,12.509501344728873
24902,7.983347682290178
24903,10.130617755572013
24904,9.106134803146803
24905,10.154263317565642
24906,12.136543810694215
24907,14.183414887705633
24908,10.643821447523178
24909,10.125263980265514
24910,10.480877075262077
24911,9.899335637790065
24912,13.129204094619846
24913,6.061693361145979
24914,10.36419561704035
24915,9.417746542669674
24916,10.961510239708508
24917,9.957206808399862
24918,10.57951007148129
24919,8.014761529050565
24920,8.759570577548706
24921,10.008313899795086
24922,9.003181661766094
24923,7.9180221804996425
24924,7.014757138839203
24925,10.241836364212785
24926,11.764818356611483
24927,14.424578437513793
24928,7.9790741837406305
24929,6.260017523597426
24930,9.533966774024387
24931,10.901455784768808
24932,7.2328053493402855
24933,9.833643320904747
24934,10.930351185571121
24935,6.935613968809724
24936,11.279207966971176
24937,16.856798699854714
24938,8.939393279310137
24939,4.776941375477041
24940,9.058506869136542
24941,10.090246327922399
24942,8.044409453139904
24943,12.969024064717152
24944,8.100755431439966
24945,5.530647721590642
24946,8.59450680200539
24947,9.894072621440971
24948,10.52701957768137
24949,5.9877880117446
24950,9.082985667255317
24951,9.392941277817497
24952,8.346000670689284
24953,7.001100136087308
24954,10.866896421753117
24955,6.984332192850889
24956,6.1844909178620515
24957,11.453857968143899
24958,8.580571661448309
24959,7.910133213784812
24960,17.07932262220308
24961,10.778986884437016
24962,11.446542482637431
24963,6.170445791815949
24964,10.468698197083677
24965,10.488790160012057
24966,11.166860029326545
24967,9.582476515760272
24968,9.306233147127157
24969,10.844917083514938
24970,9.393163795050013
24971,12.840208884877397
24972,8.956663441150406
24973,4.77395189333045
24974,10.539334511640641
24975,19.268943236652092
24976,10.237247089407623
24977,4.343502015292582
24978,10.042314627430224
24979,7.617654870993844
24980,12.414573403933224
24981,4.890452451534261
24982,13.654344494826768
24983,11.266940629493684
24984,8.764212060846253
24985,8.0599152056112
24986,10.974653720684882
24987,11.304350183777492
24988,4.925973527581934
24989,10.408988428213211
24990,9.988774632024457
24991,7.382228741624074
24992,8.939408362179607
24993,10.832114319650477
24994,9.535777811354064
24995,10.449414996090228
24996,9.11080573545563
24997,9.146673203892208
24998,10.84494355032916
24999,7.416325745537755
