id,age
15000,13.783945214267371
15001,12.752400430486295
15002,9.570135217110273
15003,10.982061054638699
15004,9.329881493307216
15005,10.019387421912455
15006,10.37894842826855
15007,7.963464790571152
15008,11.081514008991991
15009,11.335669345689334
15010,10.346548085591323
15011,10.641204660681751
15012,13.785938639402639
15013,18.205517007481404
15014,11.657187004832867
15015,7.586862218371021
15016,4.6038008317568915
15017,10.557533808131478
15018,9.229466359378895
15019,10.318344947103627
15020,7.191035139588304
15021,11.101105910949972
15022,8.355532003515485
15023,3.9131831294478197
15024,9.231482042302861
15025,11.605083140951411
15026,6.588562395150305
15027,11.485700393860881
15028,8.110236000625328
15029,11.300590808596255
15030,6.943161565548474
15031,10.808113290139175
15032,12.110304381462438
15033,9.356374017111836
15034,8.541839542892717
15035,9.55172015111778
15036,9.70208238749231
15037,10.995859078010206
15038,10.49572773505931
15039,15.456211821874358
15040,16.407909340846146
15041,6.986977693087641
15042,8.30478635846001
15043,6.974954313224307
15044,8.622450285747405
15045,13.747444062848201
15046,9.328431170517293
15047,11.048543063046925
15048,13.176922632927308
15049,9.564613524055815
15050,9.309710959387315
15051,4.417035350910512
15052,11.269515707063515
15053,11.233530356430823
15054,12.430198514057958
15055,10.780475723629339
15056,6.7875670675384665
15057,18.932550363164605
15058,11.178174208134788
15059,13.628107225214563
15060,10.908129649119074
15061,8.528154950724584
15062,10.02410887507173
15063,7.931498443898164
15064,8.766398117507801
15065,7.4546753941908666
15066,6.710897144482469
15067,11.519333362552667
15068,10.465088672564434
15069,6.867529105063569
15070,11.239947420583775
15071,9.132157396606532
15072,9.433039997781105
15073,6.6902267628306635
15074,5.717727743008679
15075,5.8943179859009724
15076,9.642719441366573
15077,10.006298375331209
15078,10.5228635788314
15079,10.83887488234529
15080,8.360016985468762
15081,11.379847558392985
15082,9.381639336846874
15083,10.510483841666941
15084,7.647853342116836
15085,10.57046949011261
15086,15.837802999172599
15087,7.509447193795565
15088,4.126780917565967
15089,10.564898693082894
15090,6.844047031027765
15091,7.053296396651678
15092,9.633581754060499
15093,10.289196052897227
15094,11.131531767798608
15095,11.451190291784737
15096,10.321178814305256
15097,9.002006159824578
15098,5.1811844394862545
15099,14.292946590895964
15100,16.993914591772892
15101,5.425731585080726
15102,9.849886033515906
15103,11.663496155897144
15104,8.834967279220178
15105,10.589727038033594
15106,9.674818805691306
15107,9.482860614304505
15108,9.586365902148291
15109,9.98797309813428
15110,10.387427598751389
15111,16.879140280625876
15112,6.254665006213432
15113,12.904393309798934
15114,8.570389304437535
15115,7.3198439858699365
15116,9.291752461593934
15117,10.041740748109646
15118,9.106121742878589
15119,6.23691318336412
15120,13.071446182226808
15121,8.98465830997965
15122,8.968744307602943
15123,9.744203427686438
15124,8.837293923501782
15125,10.344559901589623
15126,6.623690664809514
15127,10.428086184044089
15128,13.365108097435673
15129,10.442076097716775
15130,7.266168777452306
15131,8.706940804498569
15132,12.422401000453835
15133,5.904346949231943
15134,8.532555934175068
15135,10.602949170002073
15136,9.088889743429293
15137,10.101784113196583
15138,9.86226806178541
15139,11.389492034480273
15140,10.169985055547961
15141,8.255435967123496
15142,10.178027685827528
15143,7.614942642435263
15144,10.040462200134073
15145,8.64261226979339
15146,11.415021630218709
15147,6.223249251837517
15148,7.7956392243791655
15149,10.50910615427627
15150,10.460803956000316
15151,10.92551367201434
15152,9.95188826403683
15153,9.430373918971586
15154,6.799445335328349
15155,10.008935991009158
15156,10.255880374454357
15157,7.897014384334566
15158,11.472592052672141
15159,11.053862828744787
15160,10.337368659128499
15161,10.878953192676384
15162,10.933715935316574
15163,11.7014670265768
15164,11.06018464163812
15165,9.666101918961772
15166,7.980295862057243
15167,7.11675482317003
15168,7.238351563640497
15169,12.424635640929107
15170,4.6329508012572935
15171,9.209264996788242
15172,6.057942329161054
15173,7.952959197168129
15174,9.656560227416346
15175,8.209122021954634
15176,10.966515898282228
15177,10.54988474627763
15178,6.384810464068517
15179,11.024180021294711
15180,14.333884941506863
15181,6.8667171402412635
15182,15.217665378681986
15183,7.151761337020382
15184,8.202100754389964
15185,9.500836689761604
15186,12.14658916963618
15187,11.059104899473162
15188,11.060765640659803
15189,8.726189682187886
15190,7.74714769400332
15191,12.686522881274403
15192,5.5433491126547665
15193,13.39483810412646
15194,9.93505523542606
15195,9.281313682831156
15196,9.699153205930823
15197,10.555812744792632
15198,7.575922536115149
15199,7.839221461296628
15200,14.547997060538844
15201,14.341713341127159
15202,10.223483894941173
15203,10.600187954414306
15204,8.710082448254427
15205,13.278069495534087
15206,6.838723238081165
15207,11.560648575046773
15208,5.347719160961346
15209,13.995231617541382
15210,13.873837265706863
15211,9.866947586888676
15212,9.72680534917715
15213,8.6762210050979
15214,8.056295477506563
15215,4.3846931621139635
15216,10.215866752759334
15217,8.455453677904412
15218,8.918186524923776
15219,12.054300653270895
15220,12.133909629959401
15221,5.484387350518537
15222,9.724022679929554
15223,8.09914969275701
15224,10.914998541399381
15225,10.71902773052993
15226,12.636500145817244
15227,10.20196839437866
15228,9.22526889448073
15229,9.302104443418127
15230,6.472860750701432
15231,12.89554882379056
15232,9.123377502228335
15233,8.781154818653068
15234,5.820378808315504
15235,12.11611398480161
15236,11.224307420602333
15237,10.901184679270072
15238,11.48184518608614
15239,8.446104242384816
15240,11.81134780239422
15241,10.769826768935392
15242,11.84495233728316
15243,11.75524729420432
15244,5.978720565628499
15245,10.22646603439737
15246,11.229966153436331
15247,7.472290281011116
15248,10.99221847876434
15249,10.141664887379093
15250,8.364617951906288
15251,7.308059779420762
15252,13.9209210678796
15253,6.558913147659995
15254,10.443556592670697
15255,8.500022265244771
15256,11.123235328818064
15257,9.53001167771157
15258,10.367922793100233
15259,7.505714240108117
15260,11.408627885601337
15261,9.352808016272562
15262,7.535194977753109
15263,8.31898701293794
15264,8.343197258276861
15265,9.462361700042786
15266,10.256386219605904
15267,8.879914434341138
15268,7.0342549024684
15269,10.464525077132581
15270,4.5078539231727
15271,10.086070975478593
15272,13.449149612252164
15273,9.978975045256277
15274,11.231229923394595
15275,14.371496200959951
15276,6.83512267065643
15277,10.801117610211898
15278,10.478776781430518
15279,10.05729200304132
15280,6.751137688008814
15281,11.439268763997553
15282,10.611343668392394
15283,9.301414874659613
15284,10.790359436270665
15285,11.502933680159504
15286,8.164621668793476
15287,7.058416492887363
15288,9.961456612289268
15289,8.101720648821024
15290,12.062637472939024
15291,9.968307703504212
15292,7.287468806987638
15293,7.638462924449857
15294,6.130538252644302
15295,9.653577899700764
15296,11.11982152495731
15297,8.772580730594367
15298,17.183196975916534
15299,4.063383679220687
15300,6.035882604589678
15301,6.55911882603794
15302,13.795309786821244
15303,11.3648249332004
15304,11.213261686351236
15305,8.385655739987856
15306,9.998196052321784
15307,5.968058981961699
15308,6.794276704957377
15309,9.893863796630814
15310,11.09650848117045
15311,9.270967216742344
15312,10.98250260575146
15313,6.640693350650869
15314,11.54749886676094
15315,11.189589993978029
15316,10.410516639357509
15317,10.4893098351797
15318,11.082914897437039
15319,9.632466779491423
15320,11.335591997855133
15321,12.101847610319892
15322,5.486134682211641
15323,12.380110852090684
15324,12.561117811455528
15325,5.385919819445089
15326,6.897306553728128
15327,4.324616323892853
15328,12.443375122644621
15329,6.852377789000396
15330,6.694694552076113
15331,10.584548233373201
15332,7.714738849961885
15333,13.209252860032926
15334,11.291300967017133
15335,10.763602591809573
15336,15.721087281713732
15337,10.355549394399468
15338,9.780448177429115
15339,11.531253616342223
15340,12.249749342336752
15341,9.88130237844295
15342,10.097373944676168
15343,6.847503100212681
15344,4.329226752563585
15345,12.51140284768097
15346,11.55067963089567
15347,12.686720078085951
15348,11.096532173284405
15349,13.051552385161061
15350,9.995300216519011
15351,9.93963358877084
15352,15.933845721049579
15353,7.815533164779168
15354,9.963977089987822
15355,9.452677984744149
15356,13.04402045508066
15357,11.987255855786156
15358,11.440663939569067
15359,12.562295434923488
15360,10.762462405048993
15361,4.2510803250692915
15362,8.908165659092548
15363,10.773778786204879
15364,7.638105686694785
15365,6.433659966284243
15366,13.621730582600215
15367,9.819639940018936
15368,7.076905158405038
15369,15.260120112444834
15370,8.035427155643017
15371,7.5974700783262135
15372,7.890096211444572
15373,7.154373034231294
15374,10.872217682845982
15375,7.775468566440404
15376,9.562748924733725
15377,15.257383212604317
15378,7.769151086699887
15379,10.000839197934447
15380,9.728785221158375
15381,10.489833748835677
15382,8.697766986912843
15383,10.690627746543136
15384,7.867232172209173
15385,8.770660500217316
15386,7.679944532657585
15387,8.205916208975992
15388,7.442820977101729
15389,12.864131189874913
15390,8.124409579381629
15391,10.67645039645062
15392,10.454757904090803
15393,9.54411814548816
15394,17.96616767060507
15395,5.510969460550415
15396,11.003014332675722
15397,8.03080634048734
15398,11.242003077162446
15399,14.345307867660416
15400,10.927926433440295
15401,9.335952137733788
15402,6.510132849106475
15403,15.189743882446002
15404,8.909271139232326
15405,6.747372550000255
15406,8.832654467468114
15407,9.141072815534221
15408,10.331970713140903
15409,7.707345245131215
15410,11.523313821114353
15411,10.783065940724345
15412,12.94387663379819
15413,10.259791940714251
15414,13.041407223590376
15415,10.251293530679835
15416,10.951963424057197
15417,11.20555523923316
15418,11.456533310234207
15419,10.82105555330405
15420,12.106343325794468
15421,15.682171582209644
15422,9.70153623543613
15423,8.690511466829438
15424,5.43467526500743
15425,9.54447947952095
15426,8.877577075912699
15427,10.276900889956885
15428,10.191909116226794
15429,7.571349598724323
15430,13.2920125445131
15431,7.34557941841125
15432,9.718962107851729
15433,10.703467024144462
15434,9.520902291077665
15435,7.911267606432185
15436,7.027247423222961
15437,11.257496134532529
15438,9.745203304879444
15439,9.79942678097159
15440,10.865968180270096
15441,9.171903686197592
15442,7.474266295594997
15443,12.629438486806992
15444,9.962679196663936
15445,8.703487686198388
15446,10.681378377991393
15447,6.592604832705135
15448,10.86234232940167
15449,5.532862219034121
15450,9.425747921192144
15451,6.531536624592211
15452,10.421078557006757
15453,6.854434590005303
15454,7.485058396171944
15455,9.164264133399765
15456,13.074814682707911
15457,13.082674359774058
15458,10.410297104146602
15459,11.118187782862616
15460,6.251207369371814
15461,10.116634076051954
15462,12.650904361570788
15463,15.195744812805549
15464,9.786897445703543
15465,10.136955754640155
15466,6.708923396500997
15467,7.316238320520984
15468,15.454813965157172
15469,10.273388668568552
15470,7.292244870170292
15471,11.575665124653012
15472,8.09713416778342
15473,7.678140437989214
15474,6.962683416808945
15475,11.95635830566359
15476,14.400460994365059
15477,9.150647945587547
15478,11.151701737034735
15479,9.332604036360554
15480,9.824243780634825
15481,11.205866435786639
15482,7.328478569940489
15483,13.267554488227143
15484,9.228893770565852
15485,9.6747553586337
15486,7.664288818322868
15487,11.439894023491057
15488,8.306106487415546
15489,10.342772335645835
15490,12.456882004006022
15491,9.35054353895866
15492,11.507951150749653
15493,10.52440515515519
15494,5.728619722117267
15495,8.444995065709568
15496,11.04201752117057
15497,10.287365043361852
15498,10.283107769305488
15499,10.446508860836786
15500,10.81759037584732
15501,10.471557892190264
15502,7.05086284657896
15503,8.284760455262367
15504,5.442841808280065
15505,6.8050034385983915
15506,13.244097240123711
15507,14.033668481850318
15508,12.44355884842077
15509,9.880703100099705
15510,11.143911866828116
15511,9.06574972845383
15512,9.39916201983481
15513,6.72365355858707
15514,13.89962187834278
15515,7.185160534823648
15516,16.387066774295675
15517,10.238021623764173
15518,6.824299974071829
15519,8.972845318484485
15520,11.490250519357012
15521,9.117102880785556
15522,13.39902132948722
15523,7.278756490684315
15524,9.7520137413051
15525,10.180401268638125
15526,11.758227643340714
15527,9.069040852727216
15528,18.734214574129997
15529,10.699871825658345
15530,5.348016703352801
15531,10.90795486198366
15532,10.283137982456036
15533,10.11855957156084
15534,10.019518513164634
15535,4.8401519023119
15536,10.91300838509629
15537,13.363343718724838
15538,9.818215687910147
15539,14.250182486982272
15540,10.042446673282178
15541,10.55402955121665
15542,9.399494381323777
15543,10.33302919139205
15544,9.353598636064849
15545,10.656618012936315
15546,10.220437454374814
15547,11.983685508414894
15548,8.42082465129267
15549,9.59261801889965
15550,15.84735565795705
15551,12.699492558141456
15552,11.87761515998783
15553,10.034272504025985
15554,7.55564239383348
15555,6.90559277540468
15556,4.308920811911785
15557,7.793024489933064
15558,9.824309584176943
15559,7.381758021973067
15560,14.424845861649306
15561,10.290453488335142
15562,12.726788988006199
15563,12.148447467368129
15564,10.613797047206067
15565,6.495090239041891
15566,9.96028717439626
15567,10.747763759045046
15568,16.961395755977627
15569,8.654911485021659
15570,9.593386274746724
15571,10.145556418517232
15572,8.663609481910072
15573,7.089725588273382
15574,9.298130856150976
15575,11.395396497490108
15576,10.977354333463964
15577,15.869735096019767
15578,11.576573840964796
15579,14.748282651263532
15580,5.52186513280693
15581,11.688794806456738
15582,11.585404839751721
15583,7.388102939939998
15584,12.313725556411914
15585,9.030213013800443
15586,12.935896266545862
15587,10.607078991945087
15588,14.237239996627427
15589,10.737162587575082
15590,11.996601945860043
15591,7.102979478750135
15592,9.085179986979774
15593,8.882985287840611
15594,10.001857026895994
15595,5.884054987999103
15596,7.638931134506726
15597,14.260193493532142
15598,9.669617840932535
15599,9.656469391952687
15600,4.763364259030846
15601,8.758317912110988
15602,9.123341386773609
15603,6.833703569361971
15604,8.984979776656598
15605,10.656764521267483
15606,6.0097142233545595
15607,10.837511766086552
15608,9.788872329135941
15609,6.6044680056162965
15610,6.215885095716674
15611,7.51113691087676
15612,13.718219616751075
15613,12.619522924047255
15614,9.665369024040604
15615,8.685155037865997
15616,6.630806446971807
15617,10.808700531464499
15618,14.731845924079037
15619,8.288308977180344
15620,9.920397630935717
15621,6.325369864685632
15622,6.6088751000560375
15623,7.314297466368634
15624,7.727449837178273
15625,11.773021101124055
15626,10.426757036272477
15627,16.562574573595754
15628,17.264573303697816
15629,10.550229376064252
15630,9.302029750443424
15631,8.716162058139398
15632,8.636557356950952
15633,6.230974492919933
15634,10.212346665507994
15635,15.642545294128768
15636,11.863640618321215
15637,7.300253565267353
15638,8.336205895972386
15639,10.24294514841766
15640,11.591759091782556
15641,8.76949202609364
15642,9.162501510955579
15643,6.818298311701968
15644,8.318851508365654
15645,10.400276697607312
15646,9.247854758391219
15647,10.382149009297652
15648,10.895510133543922
15649,11.197213123793212
15650,12.769382689918391
15651,16.387250800619086
15652,7.488978444161021
15653,10.160042916043906
15654,6.8323526828143075
15655,10.873138326231324
15656,9.650560514647228
15657,8.85642581268376
15658,10.89354349084832
15659,10.925684147924922
15660,11.122184311740124
15661,10.509295350141196
15662,8.087728824258253
15663,11.460954229545676
15664,13.763992043675705
15665,14.720132042919225
15666,11.214536986973574
15667,9.420951020165589
15668,8.908402449440498
15669,12.307113454015017
15670,10.4828830607389
15671,11.177773527286423
15672,8.131919401779225
15673,10.800746902798018
15674,10.098685994483713
15675,9.581690380857303
15676,12.805707995679679
15677,8.856793088611111
15678,11.94250337327598
15679,8.890881172673122
15680,10.24887499478627
15681,7.960841009002925
15682,9.821872372377886
15683,13.847839560389698
15684,6.508687733365727
15685,8.52061621694231
15686,12.2121578406088
15687,6.599760188308838
15688,7.6629669025567235
15689,8.145656109012375
15690,12.328706084337142
15691,11.062553516649794
15692,14.623099114038745
15693,7.103102716493296
15694,10.175924501076558
15695,6.962436066838652
15696,10.608479806428647
15697,12.333840277578064
15698,10.960497691512487
15699,9.858961936610466
15700,9.749025211775775
15701,9.657436757304337
15702,8.293339435882972
15703,11.530017297401773
15704,10.985303697525863
15705,7.194114582544884
15706,8.993031351480923
15707,10.935429408894564
15708,10.147505295018345
15709,11.996882051522483
15710,15.616035549692425
15711,9.987472852749436
15712,10.499220885621863
15713,10.860746246445252
15714,8.239812916563135
15715,7.017713124832918
15716,6.651391122765936
15717,8.009533354901093
15718,12.678486253895201
15719,7.400581935605712
15720,10.1173255162884
15721,11.773840859294204
15722,5.9436421795906265
15723,10.80190789005393
15724,8.876255011561515
15725,6.195507257929455
15726,11.555463701277708
15727,10.034264964655982
15728,6.362817420284207
15729,11.45639575242017
15730,9.257228927031523
15731,8.454476045080213
15732,10.930656885621424
15733,9.31406693298766
15734,9.064507895419284
15735,5.827318811123953
15736,10.487698144399896
15737,6.823469678006578
15738,8.846420914236614
15739,10.216996933315425
15740,8.34917543839862
15741,10.075114300115047
15742,9.992123387808359
15743,9.512910199127495
15744,10.193111846936782
15745,14.416498911261044
15746,5.548707335322209
15747,7.18443790594281
15748,9.697950641629983
15749,10.050561336737708
15750,8.862752724045537
15751,7.867489308408041
15752,9.693987176190491
15753,7.038530604222502
15754,11.04576363601558
15755,10.928391588418329
15756,9.852074874775008
15757,12.052396871856079
15758,9.81221481033531
15759,10.742670914135056
15760,8.566053703191281
15761,9.514440387166147
15762,14.277782920889019
15763,18.74357311387361
15764,8.763049527012324
15765,8.381811373201204
15766,14.306277988627002
15767,10.520102704218658
15768,8.980384032754557
15769,10.177903250253241
15770,9.242435646943088
15771,9.122147784368979
15772,10.833301386227106
15773,9.392622115456595
15774,7.621080842001776
15775,11.49433386373894
15776,14.857252788535114
15777,7.348922220134195
15778,8.24470708869477
15779,11.646116590314016
15780,7.052238353824709
15781,10.853726348902814
15782,9.937817397355138
15783,5.5367032652318215
15784,9.838614452732747
15785,7.740610385358671
15786,7.509934085015844
15787,10.40621828695689
15788,10.93644974094017
15789,9.424786177492313
15790,7.109150910505402
15791,8.70400080609259
15792,10.218842475847747
15793,5.254743181669173
15794,10.882171234473372
15795,10.380524633564978
15796,6.3124722152264345
15797,9.882590488153728
15798,10.308010997977792
15799,7.218872624950391
15800,13.56316158404641
15801,13.414587552519524
15802,8.38147000194784
15803,4.847840106541373
15804,7.060525531085674
15805,13.926162827807435
15806,9.459813940034676
15807,10.494487654928264
15808,15.71672599736128
15809,10.98311528310398
15810,12.405608595015307
15811,10.716973743846555
15812,11.188347750036684
15813,8.51552765845236
15814,6.447768228634415
15815,7.028352020530533
15816,10.963517706864643
15817,9.898304231842507
15818,10.808314492453633
15819,10.17331396012531
15820,16.861889807462518
15821,9.289976474540381
15822,10.396566352218688
15823,8.759855352330966
15824,10.461540877040509
15825,9.424707320727993
15826,7.411455827077017
15827,7.861374857308517
15828,11.417119125140195
15829,10.794212397316777
15830,9.804446103046896
15831,10.284218536569806
15832,11.48410894814701
15833,16.424331786130644
15834,14.683252970876376
15835,10.247866886564054
15836,15.039669199262763
15837,6.932136645421174
15838,10.195774867994436
15839,8.814198240570423
15840,7.847679175618296
15841,14.091542726664406
15842,7.294726292324109
15843,11.203396996388271
15844,7.023207007858573
15845,15.36378566432164
15846,9.541091974041562
15847,9.37708908275338
15848,9.695323093791398
15849,9.535777559571716
15850,4.795214583795069
15851,9.928071980033256
15852,9.23758119935874
15853,8.810485026731198
15854,8.830870664884799
15855,15.89044661627208
15856,9.765282705531
15857,8.762677914111205
15858,10.58895044194768
15859,11.07492763845387
15860,10.92096868929954
15861,9.806515066988936
15862,7.9745891391779615
15863,9.432548052263115
15864,11.512363466192971
15865,10.72243771225005
15866,6.179969818950342
15867,10.604536213475754
15868,9.163684159814466
15869,7.437641799514417
15870,13.073415021239772
15871,15.134052111093867
15872,8.853974656165267
15873,9.465854644780368
15874,10.756770370018984
15875,8.881235088159029
15876,9.272989538623136
15877,10.415567718908227
15878,9.959536845816775
15879,11.032686711154653
15880,10.590585703496076
15881,10.64922625238354
15882,6.897848226890695
15883,7.271544963855009
15884,7.828371042518263
15885,12.201911556464193
15886,9.18654939846229
15887,7.738253678090371
15888,9.277821301423419
15889,9.830119934060363
15890,11.99092822403302
15891,13.543245328635422
15892,11.130505712095244
15893,7.129436911778175
15894,9.799513963064982
15895,11.334160387764161
15896,9.47922671285881
15897,11.40981727533022
15898,10.351378961743183
15899,10.387207769399048
15900,6.6226271924658935
15901,11.455782558382484
15902,11.172214142785924
15903,8.761349859703895
15904,8.840194652518633
15905,10.939597838111474
15906,13.30009643049988
15907,8.327805510486737
15908,8.766774219948587
15909,10.201463685957137
15910,11.667300247981391
15911,8.529163108616967
15912,10.447225404348284
15913,6.260574240711505
15914,9.626542943407031
15915,10.503336479283503
15916,13.63263573798438
15917,9.534863748920799
15918,11.436848456201954
15919,9.26036604223437
15920,11.640879540279153
15921,8.877722016566539
15922,7.060094329925609
15923,11.793291566555862
15924,9.412389436934877
15925,10.698492806950382
15926,11.284292060699318
15927,11.685703684315513
15928,6.456816828815121
15929,10.25832651134348
15930,5.995315449827191
15931,7.906392421888107
15932,9.47218952084225
15933,4.819791003021493
15934,10.649556252441004
15935,15.250917484023125
15936,9.441633279940355
15937,10.529959312503554
15938,9.993002455754878
15939,4.467073103558457
15940,7.017050705142878
15941,12.544116144054325
15942,11.300648144506603
15943,9.351727503473581
15944,10.27940001844194
15945,10.373097625767448
15946,9.809266282632109
15947,8.315068286732304
15948,8.22136732722727
15949,9.039274383164123
15950,13.700988443117431
15951,10.882901675439589
15952,6.585673960305335
15953,10.572495172401482
15954,11.60727570636886
15955,9.316902804145526
15956,6.0907588245477395
15957,11.48970727137581
15958,16.131071865955654
15959,5.80661608149153
15960,9.73059502508459
15961,11.792788973878894
15962,16.90439451151452
15963,9.757261644833724
15964,10.294721774932174
15965,7.676634030685807
15966,9.782781143016026
15967,7.288648386472713
15968,10.044629097911256
15969,10.88583025555102
15970,11.024032980518587
15971,11.08938679980605
15972,8.115168650476495
15973,10.926738662695453
15974,6.481042868347918
15975,11.677853638775044
15976,10.109443394234416
15977,10.88595713989476
15978,11.196685651766526
15979,7.164115182607208
15980,9.480153833463831
15981,8.247552393377871
15982,11.379900558427195
15983,11.189963796305557
15984,10.378598580516897
15985,11.716887952971502
15986,7.9819313653242006
15987,9.276671207624858
15988,10.073280374161094
15989,11.550663346953908
15990,10.131958737708379
15991,8.429463193901087
15992,11.601245747688203
15993,8.102505349794537
15994,10.526864230526567
15995,7.955029488543385
15996,9.493630209442825
15997,12.051111169051659
15998,10.667988612953646
15999,11.27859876923579
16000,12.727411592098969
16001,14.501720203902346
16002,9.839824960936774
16003,14.832400759766998
16004,10.5811439828388
16005,12.750962734687882
16006,10.626986417115182
16007,10.34549530058515
16008,9.513868337866743
16009,5.2572532226500766
16010,13.853340935719656
16011,13.159261798121703
16012,6.281224316341767
16013,12.145631948094238
16014,7.123933598994428
16015,12.729459471353852
16016,14.165536323966192
16017,6.147690694503982
16018,10.548108918929085
16019,7.292577949429282
16020,10.850364282364684
16021,11.493004521422272
16022,14.042498530043723
16023,13.05206811063389
16024,9.813167788054141
16025,11.066943895357888
16026,14.284340505648139
16027,3.9628292540614005
16028,5.5566243051085635
16029,9.377168534846971
16030,19.52133525633027
16031,8.943251151498
16032,12.605977301323376
16033,10.989072344748589
16034,13.807676449754013
16035,11.697534167163274
16036,9.988244200372893
16037,10.875215265024774
16038,5.604405852508416
16039,9.325389116593577
16040,12.050121168977558
16041,6.874366353457658
16042,7.138377646700326
16043,10.66570231337715
16044,10.130332601928696
16045,11.27325232665508
16046,14.169238053876317
16047,9.053753830916245
16048,9.671028699558821
16049,10.95664769677293
16050,10.848278097526492
16051,7.247540872420714
16052,12.709180409408367
16053,14.462478699577254
16054,8.431365383330125
16055,17.13795752008936
16056,10.905817708049423
16057,10.563639337231693
16058,18.14330209884323
16059,9.754412458093443
16060,14.096915364572649
16061,6.5444402399542
16062,4.327516867514753
16063,16.953195999657826
16064,10.270293753334776
16065,10.12615250933411
16066,8.698287348411963
16067,9.459234329381458
16068,13.472523315221546
16069,10.42496531998631
16070,9.670828556311125
16071,10.092247974829814
16072,7.359422496341649
16073,12.577167196287064
16074,11.088762060489017
16075,10.45490571649115
16076,10.471423631592696
16077,8.119176574418349
16078,11.81474272424378
16079,10.035873882204474
16080,9.973409449164752
16081,9.676592579561998
16082,10.599980353355251
16083,4.134644125762893
16084,8.75323137970426
16085,8.290956922647444
16086,6.233545826534433
16087,7.783955757568096
16088,7.93135273017306
16089,7.938237005864099
16090,13.919611601742442
16091,11.793668986543459
16092,13.087754008112821
16093,13.598090040601049
16094,14.178990328412299
16095,6.571217400957953
16096,7.928874802021825
16097,5.8126747344905
16098,9.84473231288578
16099,9.400419892302597
16100,9.885374399383029
16101,13.334720797534775
16102,9.802464091016946
16103,6.491203278908688
16104,7.816489426324932
16105,8.167294363317982
16106,10.023353155591408
16107,9.39623958875524
16108,11.200956014402351
16109,9.770102854060173
16110,8.176458063787615
16111,7.451519739868824
16112,8.03481286741749
16113,11.551696612158992
16114,11.066748910579763
16115,4.286221523452129
16116,10.475370352331359
16117,10.392436398339179
16118,13.19898768923861
16119,12.363228572653494
16120,9.488988522931505
16121,10.116825326537551
16122,11.104557391594366
16123,7.234978855011174
16124,11.411440704563184
16125,5.584137575746594
16126,11.232414372725094
16127,9.470633194353828
16128,11.295935361823489
16129,9.583338713266155
16130,11.260328301118484
16131,11.11485563910285
16132,9.704697742752568
16133,9.11652022419575
16134,11.61636372869079
16135,7.118361435449218
16136,9.303578253123955
16137,11.741537276293922
16138,7.139285964642607
16139,9.244238374934302
16140,12.118814238084088
16141,13.42665784376359
16142,13.96138482199159
16143,10.0487862756363
16144,11.1596474690586
16145,8.601721726841577
16146,10.06226104944522
16147,9.281572623508419
16148,5.416572714485731
16149,10.512136242424383
16150,8.450743795854018
16151,9.653582669254618
16152,10.400007966691529
16153,7.363901961233111
16154,9.781434509251696
16155,9.78495560640111
16156,12.251955942435876
16157,14.87503368573265
16158,7.874969498105269
16159,6.774016845745273
16160,15.67696817344643
16161,8.228842617999058
16162,15.059745775972548
16163,8.389007362257864
16164,11.224176918270263
16165,9.882501646632955
16166,7.7956139803036
16167,9.71395213459749
16168,8.328440917904055
16169,10.529069762259617
16170,14.43220487481475
16171,6.065009288845302
16172,15.175189849136439
16173,11.454994234710835
16174,7.11193203339387
16175,12.933788269372506
16176,4.685843853657278
16177,10.109241530277359
16178,7.486425488353968
16179,5.476081448800481
16180,8.99318894517517
16181,9.80371960050157
16182,10.450018122807842
16183,10.645202198022112
16184,9.761228278481331
16185,6.684008818422186
16186,9.838848734807309
16187,9.434767472054371
16188,10.46938871386924
16189,15.639615623972919
16190,4.475206376351823
16191,10.360174149418503
16192,9.930414058912122
16193,9.691639904084457
16194,8.30411448187726
16195,7.800055844289522
16196,13.152832311176109
16197,8.485118010492116
16198,10.287895816712858
16199,10.089745301022042
16200,11.94723441733057
16201,12.846528481551703
16202,9.789971929674547
16203,11.3568826614331
16204,5.24994367329942
16205,11.174099190432417
16206,9.772271741906362
16207,13.269967286229125
16208,9.949922831158801
16209,8.933680333283622
16210,7.590913314727688
16211,3.9136945334501565
16212,6.855956620991726
16213,15.212306238207436
16214,4.695580481431509
16215,9.700671831252707
16216,8.541250904656184
16217,13.62609911451169
16218,9.219910814442628
16219,10.219008383544969
16220,8.01437946215002
16221,7.658352431743183
16222,10.897576759272763
16223,6.6244771847660635
16224,11.05964489971803
16225,10.774080683007572
16226,6.2445070043007656
16227,11.713092623955724
16228,7.811283074687669
16229,5.302103176831859
16230,10.500728189487376
16231,11.180777083857045
16232,7.117648875427602
16233,9.798828535305077
16234,6.85896900290347
16235,6.464755833463192
16236,9.082472940314918
16237,12.091292840095779
16238,7.431513589800431
16239,10.303107283662037
16240,6.483643667897368
16241,7.416011448587548
16242,8.580353529934762
16243,9.973314173663882
16244,8.055169236125476
16245,5.646543909035479
16246,12.456850078452975
16247,6.565777160129233
16248,14.195338570930597
16249,10.835711580521995
16250,8.887022277635312
16251,9.936654879100896
16252,8.754114791016459
16253,9.95673978689209
16254,10.20899100981551
16255,8.703115432793883
16256,11.90003321906342
16257,7.986823045065396
16258,11.08185475277595
16259,14.246096713997234
16260,10.570267370498517
16261,19.389129670340232
16262,10.314333560180579
16263,13.525571916787012
16264,13.794091196119357
16265,11.706149929895084
16266,11.224020726795349
16267,10.210443085386451
16268,9.903718029162846
16269,11.715066615851155
16270,8.949656423924374
16271,14.829121101130173
16272,8.67301908516418
16273,10.519767095085378
16274,7.556770912165652
16275,9.199121128458973
16276,7.5736299606693125
16277,6.9708535689255475
16278,10.275865580689516
16279,13.145988798210073
16280,11.56758956503358
16281,7.953537954101606
16282,9.156599734423953
16283,6.9711642850229625
16284,9.149544419257271
16285,11.643615735457718
16286,7.889203611349458
16287,6.608935180982553
16288,9.842362082342884
16289,9.72827829477592
16290,10.371878950699383
16291,9.721774473358332
16292,6.175648093606204
16293,4.300678449221049
16294,9.330449975561736
16295,6.341919815567295
16296,12.48211645512611
16297,13.400763046549596
16298,10.776443803254772
16299,10.19521606839758
16300,7.868962437100791
16301,7.6288274979725665
16302,11.592349688205829
16303,6.099531008143958
16304,10.623689586722794
16305,11.021484255510291
16306,3.943548066138441
16307,13.947920419299635
16308,9.744890622003899
16309,6.8245096994667955
16310,7.344281165940824
16311,8.633392277364988
16312,6.1333989993946325
16313,11.235451410852843
16314,7.629398712865857
16315,10.614216093712413
16316,10.738609046970508
16317,10.204933034964878
16318,6.497108420957305
16319,9.380276968290497
16320,10.329475323632053
16321,12.809198612116663
16322,9.832592282424446
16323,10.574547650561334
16324,9.934651231228042
16325,6.209595625878732
16326,11.677686899214699
16327,12.088614262429388
16328,7.451494319396776
16329,6.583484500484533
16330,7.730306611850406
16331,8.712229179196854
16332,11.661270002754506
16333,11.234224550258293
16334,13.041841268166275
16335,13.080366950339577
16336,10.557774024393082
16337,6.191853224690369
16338,8.902230208992279
16339,10.953656231488072
16340,10.651428677876162
16341,7.704384920672496
16342,15.367870224490044
16343,10.994189796499157
16344,10.516344107781725
16345,10.771630489454283
16346,10.007845266454149
16347,10.295653145187693
16348,12.082001501693771
16349,15.338018318481556
16350,12.918377899702634
16351,9.063034366207983
16352,11.316943745602423
16353,8.408426111227612
16354,10.711582680020816
16355,8.226733316843951
16356,9.559850741837604
16357,11.109866610308421
16358,11.577819260285557
16359,9.465862823898021
16360,10.552284979098635
16361,6.449889281050378
16362,9.552982806708927
16363,15.157607541445035
16364,9.912356261489137
16365,10.079905784781252
16366,9.161625629038715
16367,9.96386039649288
16368,7.566568854144617
16369,14.706017518469814
16370,15.422675088738599
16371,6.701060294567205
16372,11.74682442490339
16373,9.056342484865608
16374,13.322418827331903
16375,9.153575858281856
16376,6.639802658906367
16377,10.392256669165265
16378,6.362501055081747
16379,12.343308075274487
16380,13.527884843652322
16381,9.369963597394744
16382,12.902599108122452
16383,9.479936641231332
16384,8.273883647232413
16385,10.148598504980697
16386,11.825810100840439
16387,9.451609345511343
16388,8.179379054880496
16389,8.10547565367051
16390,8.54581634783914
16391,11.534999069399621
16392,11.435267272220036
16393,10.096057058816402
16394,10.2558891043601
16395,9.26873774909734
16396,12.033340320510563
16397,7.939997259042368
16398,10.012748905780711
16399,6.43971562351711
16400,12.388942072810107
16401,14.703134399568624
16402,10.264676891922159
16403,11.755859106259543
16404,12.889683271511053
16405,7.18114749191447
16406,15.540818335826538
16407,10.381659502545585
16408,11.279402977441976
16409,10.725382175353811
16410,10.682056399860965
16411,9.350746145322052
16412,9.257870098252084
16413,10.227098102001316
16414,15.182530648103558
16415,12.223581286630356
16416,11.171162900385974
16417,10.547837764445386
16418,8.610685738831046
16419,7.36527631661591
16420,6.14921236185503
16421,7.964155051114613
16422,8.757427905095739
16423,10.39435020260277
16424,15.982063736144294
16425,7.365239819673201
16426,10.668536719260594
16427,13.423749188450564
16428,11.918961777993484
16429,5.278256886929308
16430,7.7336860867006685
16431,10.827258206790129
16432,7.353720515794925
16433,8.428347067722832
16434,5.291019835960311
16435,7.54165498448771
16436,7.6124025169087135
16437,5.504261696167294
16438,9.849667843835437
16439,8.643580137821715
16440,11.200838821788437
16441,9.817483005492889
16442,8.909230648589018
16443,11.436516545962789
16444,11.860957301576013
16445,11.851235314178151
16446,10.441540317026652
16447,4.997499866598106
16448,7.960406119503677
16449,9.829231933305127
16450,4.789650371854206
16451,8.337389619918856
16452,9.594384995830932
16453,9.331211695940455
16454,14.661371302189064
16455,13.087771938664655
16456,14.167717935677135
16457,8.181094996918173
16458,8.919713442013078
16459,10.158035345357703
16460,14.998145453699014
16461,13.815916190131217
16462,11.4113582577986
16463,5.6360524709549225
16464,7.415207049653162
16465,4.727041722053446
16466,11.169451987696608
16467,10.047382355919229
16468,11.700361451902467
16469,10.993577383549074
16470,8.19400155308832
16471,10.073576168156174
16472,14.18758147250647
16473,6.94255659915324
16474,10.169907635490738
16475,9.719985314236359
16476,9.446250618739931
16477,6.150823267751407
16478,10.212970112262445
16479,6.615200916645799
16480,11.044776438853825
16481,7.696631471298319
16482,10.743711983315341
16483,9.37725811410045
16484,9.91413801943529
16485,11.619542741899128
16486,10.85301391128743
16487,10.392102792187575
16488,8.412561853259902
16489,10.706077631520163
16490,9.257914069896712
16491,10.030998948106307
16492,9.410746721690995
16493,10.4017621976489
16494,10.507784400510458
16495,9.879795970806166
16496,10.365691508098946
16497,9.083173684383661
16498,9.321865983494927
16499,10.522943272171883
16500,10.393665621070015
16501,12.463942194580092
16502,10.632663075159224
16503,11.35013965153831
16504,15.575028792288107
16505,8.652112369379564
16506,6.6987350209550245
16507,8.293770243419186
16508,12.852539932315985
16509,5.53977754654673
16510,10.749088125546317
16511,10.51562558883489
16512,8.888008323175523
16513,13.929052282172382
16514,15.815335336253796
16515,5.513900927263135
16516,11.755994818392043
16517,11.931747975768378
16518,9.560692578746554
16519,7.4947813046145075
16520,12.452926830212135
16521,7.015587058451548
16522,13.088409043302233
16523,11.936251020467829
16524,10.796767337802812
16525,5.474655956819371
16526,7.220643101360291
16527,11.150859698164503
16528,14.08321836445781
16529,10.409792812661575
16530,7.191922642005665
16531,11.602921481946597
16532,12.692124210017619
16533,13.003769407490976
16534,10.528757745952706
16535,10.259976657270716
16536,8.683424194933
16537,4.9115160556588044
16538,7.69443293393474
16539,6.47120479531366
16540,5.6883339246220075
16541,10.0025665218492
16542,6.320726217642024
16543,9.12051913621389
16544,7.538244027259086
16545,7.358739036899119
16546,7.288749952191646
16547,9.746252374009025
16548,14.996740252070907
16549,7.75382366909682
16550,8.466112472096444
16551,10.869333079950977
16552,10.153587513895033
16553,6.564465217263144
16554,5.649864696375922
16555,11.684672875190259
16556,9.528712782876067
16557,10.55863822759222
16558,14.127967221238325
16559,3.974100077542671
16560,9.463306038628362
16561,10.440306149267819
16562,7.651501616462699
16563,11.146655547319313
16564,9.926946451473208
16565,14.78547070551988
16566,11.44263386872758
16567,7.14227913638845
16568,9.809146002637803
16569,9.873668130374169
16570,7.061058061310183
16571,8.327157566985251
16572,7.360754083301547
16573,8.4447722346488
16574,8.591866223636716
16575,9.785576971871802
16576,12.910711898700296
16577,8.667754610679493
16578,9.912276113948948
16579,9.368291998783013
16580,11.776547555271513
16581,18.33102333501965
16582,9.49590218897617
16583,8.731007983607029
16584,14.233032074403466
16585,10.054372522612923
16586,10.191620857969378
16587,6.584434202151803
16588,10.43479733535002
16589,9.789350850985848
16590,6.303078454074385
16591,12.540169513536599
16592,12.820690416369493
16593,8.437122590922897
16594,9.266913240700717
16595,15.290524166914276
16596,9.638784550638137
16597,11.863942208510078
16598,17.867619809125877
16599,9.234552971085916
16600,6.26972409935113
16601,7.464258662533034
16602,10.598294574155187
16603,8.15914640038729
16604,8.096868459611475
16605,8.75618361522941
16606,8.983821601223166
16607,6.226749206129685
16608,15.023961293092373
16609,10.354818487058942
16610,11.557941757604574
16611,11.920766416689785
16612,11.370386221185399
16613,6.717339658083755
16614,9.607090155185595
16615,10.025058753121842
16616,13.49358831910505
16617,9.92358843171851
16618,14.771228144153412
16619,10.223770053699242
16620,10.524198222005017
16621,9.575333214436274
16622,9.848099286821451
16623,13.140296238502255
16624,12.409307637410336
16625,12.742517933146932
16626,13.862224645824476
16627,11.496068077973584
16628,11.193534374669301
16629,10.785097225702517
16630,10.612006179454516
16631,7.34416066930084
16632,11.017628121586146
16633,9.487688284658217
16634,11.488599748904212
16635,7.961459521922869
16636,13.778217669312472
16637,16.114601646312693
16638,8.838069333174511
16639,13.136745391025038
16640,15.798154021378624
16641,9.71667610689811
16642,10.491490637557558
16643,12.857209099415977
16644,9.047074282736386
16645,9.668154474620206
16646,9.048478104737637
16647,11.295860969890146
16648,7.8734049939500785
16649,7.130915130406889
16650,10.835170525311485
16651,13.753689643307865
16652,11.078530087810888
16653,10.953403068193373
16654,7.407578586854375
16655,12.257747455576975
16656,12.789560962807723
16657,5.333738904452784
16658,18.133322091527216
16659,9.106875772118194
16660,6.977467427260643
16661,6.905496212522973
16662,9.409958682844419
16663,10.277438530585773
16664,11.134862441325467
16665,11.303477075882572
16666,12.338956514788457
16667,9.200285792966689
16668,9.909466526737035
16669,9.150456283911591
16670,6.5500626527438826
16671,9.755820198026438
16672,7.907233651581743
16673,7.849950811686808
16674,13.226257134220196
16675,8.873945902994668
16676,11.86753626306323
16677,10.901358494012
16678,9.045913792839222
16679,6.574732624776156
16680,12.049285425755645
16681,8.317113698256644
16682,8.111312570812986
16683,8.664176546961812
16684,13.166621575558183
16685,11.604572091737014
16686,10.469120558776995
16687,14.91513941982936
16688,10.271609605027125
16689,10.840369240714871
16690,8.148788085324652
16691,6.280342064018032
16692,9.227997014912932
16693,7.119006611202889
16694,9.464750392725614
16695,15.345703021158192
16696,7.670841353855721
16697,5.203465957978052
16698,16.209716499012487
16699,10.922217606135757
16700,7.444250499517687
16701,4.738501603283091
16702,6.8836495414550765
16703,6.225963198655682
16704,9.169427782665178
16705,9.559986348408792
16706,4.408686986873864
16707,9.25358189933395
16708,7.815327067012785
16709,8.558936944394134
16710,10.246452604136334
16711,10.1793559536389
16712,13.28639411898578
16713,11.520942014310954
16714,10.507884788181233
16715,5.861613310118472
16716,10.924600498037147
16717,11.908399171053409
16718,10.904767817922576
16719,14.229371943971044
16720,11.907658788284774
16721,10.399642918087043
16722,16.80762435860268
16723,12.66653243582117
16724,14.122346434323724
16725,11.00526983583552
16726,9.407221324288027
16727,14.290573206084385
16728,15.355606665075737
16729,10.680943116473106
16730,7.222363449807329
16731,12.27621155587822
16732,14.28456509032585
16733,8.768631400462226
16734,9.649750587138275
16735,10.089678609179078
16736,9.93674905436212
16737,9.22490969584491
16738,12.145857363431944
16739,9.891315026717615
16740,11.828636926387897
16741,11.524289970642247
16742,8.359688622142206
16743,10.700920088901977
16744,7.053854939022339
16745,8.962577583904736
16746,9.908390095318937
16747,7.142544442833273
16748,9.552709748108121
16749,10.77472208353041
16750,8.426503540345504
16751,12.982981373303673
16752,7.872063603895064
16753,5.683154513797277
16754,9.551254977384028
16755,10.661492608044213
16756,6.544136363298336
16757,10.493673143644699
16758,9.392578451769317
16759,10.960432614032882
16760,7.609756574768105
16761,10.451395081908005
16762,11.86160311170022
16763,9.585457408652344
16764,4.962274228121249
16765,11.751813828183089
16766,6.57572445689687
16767,9.405358405973281
16768,8.19562664552289
16769,13.32967143907924
16770,16.358041833367373
16771,9.25249085130849
16772,6.379122405901848
16773,11.661631405001227
16774,7.93775901191694
16775,11.840479113779393
16776,9.301146492032268
16777,6.1859248368553725
16778,11.345854268502178
16779,8.397202884330497
16780,7.105102873488159
16781,6.969182968687452
16782,8.85077588682503
16783,8.647369944634898
16784,13.821496691721682
16785,11.826289148238082
16786,4.737870670216637
16787,8.752994612997767
16788,9.518000478565806
16789,6.5133028364441845
16790,9.466354173082227
16791,10.959487011017924
16792,10.85500390940543
16793,10.131028858969835
16794,10.771341439768623
16795,8.340891294020727
16796,10.593472005596112
16797,10.044303472899339
16798,14.03742208052361
16799,10.033008124837956
16800,10.691847229434794
16801,14.406498565612353
16802,7.475652856789588
16803,9.148029172859538
16804,8.589143830413617
16805,6.691557440771957
16806,11.601696253193587
16807,11.726645455658248
16808,9.812311476134063
16809,7.654498419000742
16810,10.108489477255466
16811,9.724596239051063
16812,14.028879088192998
16813,11.751621378340662
16814,9.59188124195014
16815,10.17050839288459
16816,10.706003577530542
16817,11.766406568876558
16818,9.987898721918182
16819,12.214330974376274
16820,8.271907129540713
16821,10.13346844793353
16822,7.238834076691056
16823,7.238266729555372
16824,7.488654593105268
16825,11.189067540664198
16826,8.145940763408605
16827,7.628897666035039
16828,9.660688090117343
16829,4.611912132989492
16830,10.634401189548237
16831,11.07881642505297
16832,11.851888661065525
16833,7.433520920682277
16834,9.444968793551055
16835,9.992807367374102
16836,8.569010633889896
16837,8.903367691100112
16838,8.99111750985194
16839,8.797029074430426
16840,11.760225788038191
16841,13.179105445418207
16842,9.783588433976245
16843,11.298960279602685
16844,6.728165109989494
16845,6.509856173369622
16846,7.445516955614292
16847,7.336596337772401
16848,14.495876977276605
16849,10.861328698587027
16850,12.68060137338173
16851,12.677411281652404
16852,13.259545312761066
16853,8.967360417684167
16854,6.516441172711133
16855,12.343430151212274
16856,10.608264647985695
16857,15.657494164346254
16858,12.748355552635095
16859,7.110139983360178
16860,9.601493279479959
16861,4.371604108579364
16862,10.590147392256792
16863,4.075217782067074
16864,8.312515729394594
16865,9.971653344021389
16866,4.285644193614521
16867,9.728553541854826
16868,8.85652087251495
16869,9.448795265276516
16870,14.093064172821988
16871,5.309008246636876
16872,5.528755976089109
16873,7.810088240462761
16874,6.998364128770463
16875,9.940269911106066
16876,8.862500088830004
16877,9.109025799237617
16878,9.831201562853042
16879,10.170780956177037
16880,8.400861100204512
16881,4.604666175143367
16882,7.544512117295621
16883,4.150856343298033
16884,12.18232834110497
16885,6.479150538955122
16886,13.28263846226414
16887,15.857651706260889
16888,8.488586676635213
16889,17.82528142894481
16890,7.764397980822766
16891,9.360156200534558
16892,11.280926174716246
16893,17.61699732940704
16894,10.50216854101135
16895,10.481246223598434
16896,11.09612321640186
16897,11.955595026671183
16898,9.437019677026477
16899,9.880791941118598
16900,12.479122751125288
16901,9.34813909067875
16902,8.827140745358669
16903,4.54577622368053
16904,12.945337808636037
16905,7.690454413975625
16906,11.296196947551785
16907,11.983912374516926
16908,7.4286591092338075
16909,6.794819421689906
16910,6.870053115011533
16911,6.6953611146710434
16912,11.992676866961116
16913,11.036379091578784
16914,9.105835491603486
16915,7.156480993688943
16916,14.733083506935214
16917,15.814572703520234
16918,7.498385658529137
16919,9.940543570653473
16920,6.884307598126642
16921,10.196660497288914
16922,7.239026218816975
16923,9.622999767933877
16924,11.174895149763813
16925,11.93236176126557
16926,10.447274865666236
16927,12.626562907388541
16928,7.221937485160043
16929,7.042833477874054
16930,11.18644921502496
16931,6.025562243767597
16932,9.122384062105347
16933,9.248977161642479
16934,7.556117074585222
16935,15.129018320155172
16936,9.41396161183319
16937,10.44018582560667
16938,8.457424061667334
16939,6.678632214614884
16940,10.672345442145367
16941,8.101997038480922
16942,8.30220473266006
16943,13.207380498196585
16944,15.383061396474554
16945,10.030341196521059
16946,4.5212476926043506
16947,12.2753210042005
16948,8.381522260381203
16949,7.1330761111720875
16950,13.13893170424392
16951,10.149015619396073
16952,6.965248011122341
16953,11.771117865270329
16954,7.81603193186969
16955,15.362865273847772
16956,11.820035326635015
16957,13.341184991695306
16958,13.67915217521804
16959,9.526091530747653
16960,8.518062343581505
16961,10.297382849988264
16962,12.369028564394853
16963,19.13589719723044
16964,9.091897701999795
16965,11.942951098047725
16966,6.359523998777399
16967,9.885932962136373
16968,12.561477094676459
16969,11.65867368728665
16970,12.16005352365185
16971,16.454561555844094
16972,11.188742224188092
16973,9.783939256142201
16974,10.590448109895014
16975,9.247769177463791
16976,10.771628523582837
16977,13.8119125944003
16978,10.866852780943205
16979,10.156995407253017
16980,7.994890792802703
16981,11.756322401911499
16982,10.361274498662752
16983,12.592397677876143
16984,9.11952656892851
16985,6.9490460690110485
16986,7.185979622199891
16987,10.384659229763471
16988,7.798529971552805
16989,9.29476453215509
16990,11.488842366467651
16991,8.978514781107673
16992,9.379501692624242
16993,10.967515999307334
16994,11.835146321125055
16995,9.75841048403251
16996,10.317421046970592
16997,10.592295688207585
16998,10.377362492888107
16999,13.17665839578706
17000,10.201898002001544
17001,13.277922997977932
17002,10.418583384212887
17003,15.504830856552479
17004,11.53136810343748
17005,12.107755682055632
17006,10.746523403722602
17007,5.218761996244475
17008,11.818315001367086
17009,6.21947014254599
17010,15.694212221770002
17011,7.514611541240342
17012,9.020616936624247
17013,6.705423784884844
17014,8.345513434928915
17015,7.797090315985964
17016,9.369510213079181
17017,11.993997227174567
17018,9.484586641175568
17019,9.290362380655052
17020,5.526262997696783
17021,7.559967508382465
17022,12.860668927709002
17023,5.834136908122614
17024,11.275513279849768
17025,8.886946945681956
17026,9.322060132620551
17027,10.36123209441687
17028,10.63443005601299
17029,8.48307514993194
17030,14.55888977360308
17031,5.521907344107445
17032,9.122378817754848
17033,10.073489833073854
17034,11.633388858825363
17035,12.537510291699501
17036,7.7053815423957115
17037,9.94619027077048
17038,11.215371842221142
17039,6.496946146513282
17040,10.492894110092504
17041,9.671457399395837
17042,10.28115816914223
17043,10.983342064021326
17044,11.192752816537983
17045,10.605116302595944
17046,9.940619387443085
17047,9.945334299578056
17048,7.058678370766639
17049,11.620743881329078
17050,10.608937206827843
17051,10.010679915703822
17052,6.937824266135501
17053,14.898589866320473
17054,9.532382970556533
17055,10.745077266057034
17056,8.42379722061201
17057,10.816891463112768
17058,10.854367967547915
17059,10.914954035551904
17060,9.915877162202513
17061,4.66689994572519
17062,12.620853966697002
17063,15.988598670756797
17064,9.591155316703905
17065,8.9224316805408
17066,9.859305497925007
17067,8.609307542120634
17068,4.731055723478111
17069,10.365820758656504
17070,9.89549428332924
17071,7.68258879760903
17072,10.31706074235543
17073,10.236675718127334
17074,11.171497274050258
17075,10.983036700908336
17076,10.272321792741767
17077,14.544540427204875
17078,7.6693860512997505
17079,9.630315882890946
17080,10.430904045767598
17081,12.803221925154496
17082,7.22440624358997
17083,9.82921890239665
17084,13.017739819332856
17085,7.670969047918341
17086,7.562897074549504
17087,8.452984586502101
17088,6.883851017145264
17089,9.201956719817659
17090,9.822798599690309
17091,13.812941985752852
17092,13.098982834295835
17093,9.741346672371675
17094,10.939206434177326
17095,7.826453304252269
17096,8.059904618884119
17097,8.274923933845136
17098,4.814519678805459
17099,10.693798964620056
17100,10.033424346898926
17101,9.672957677996123
17102,6.108440619055156
17103,8.142971671702563
17104,5.234309311762132
17105,9.355594816790521
17106,14.4248189167039
17107,10.885223905135707
17108,11.7408330320713
17109,11.098993989542567
17110,8.343545925324133
17111,12.252934608724704
17112,10.868683223036573
17113,6.585916960561551
17114,7.498530530412403
17115,12.055192448878008
17116,11.330304414999379
17117,12.388759097055232
17118,7.48517930989124
17119,7.749798899797181
17120,19.57728185300274
17121,9.14413502664124
17122,11.171633325156197
17123,6.782110594181841
17124,8.753098045563286
17125,9.744243454406133
17126,10.90776011241929
17127,9.975217417673255
17128,9.341586126555054
17129,7.615387821324408
17130,8.724517532980606
17131,8.46470202813924
17132,9.111005311899396
17133,11.870406824299241
17134,8.318726514686826
17135,7.312030287534275
17136,11.406866504739362
17137,12.295253082306875
17138,12.572391464594892
17139,13.28530556347529
17140,10.566867079668345
17141,14.784338633414048
17142,11.228979528102492
17143,7.012621334695266
17144,7.88480729589517
17145,7.246176801838297
17146,13.130757779468635
17147,14.47244194462929
17148,11.033100048226338
17149,11.384456593808576
17150,5.198291338583506
17151,6.511867618355214
17152,8.40030106464236
17153,8.129892288629462
17154,16.511255882228976
17155,8.644416254988709
17156,5.750388590466156
17157,8.301790687345108
17158,11.596246610316427
17159,9.471321590543052
17160,13.28606512838927
17161,5.284795972490099
17162,5.558157711932981
17163,10.987653506706692
17164,9.861906373081975
17165,13.421708217639685
17166,7.8943188374099975
17167,8.622785740089725
17168,9.092820173412335
17169,14.54794564610986
17170,7.932770065287066
17171,9.389579086133313
17172,10.001020109636434
17173,7.776245711067174
17174,4.1756435578685345
17175,6.5939155788346975
17176,9.784257187832177
17177,7.871237423717476
17178,5.433926660712893
17179,9.697411591849239
17180,11.91964329467637
17181,6.033988184474817
17182,7.7131401344396
17183,7.925183792289101
17184,12.434723330379121
17185,14.463196526033002
17186,9.14149470874166
17187,6.64391224118705
17188,5.340537891367313
17189,8.942956241285726
17190,11.193491135177496
17191,7.843207017727874
17192,8.923100993416886
17193,8.945599380456628
17194,7.932026592658444
17195,10.529034385423095
17196,11.37938100108925
17197,6.5439401350931945
17198,9.901567587603061
17199,9.31241129797858
17200,11.19933640423948
17201,7.102015384453927
17202,10.049563693711587
17203,7.747390971881499
17204,8.105685832292377
17205,9.855195013816385
17206,7.721415786476335
17207,9.086201318349723
17208,7.796403325184032
17209,9.438194704133139
17210,9.543644767115985
17211,9.946015095573578
17212,11.060647333942597
17213,9.903480122570837
17214,10.806255842068037
17215,10.103046689187357
17216,9.191294469249668
17217,10.631408081018932
17218,7.466910191825196
17219,7.849520859727374
17220,12.204714648720659
17221,10.960687338523286
17222,9.455116785467858
17223,11.799824971846366
17224,7.372828832992948
17225,10.13055737469307
17226,6.292628869851266
17227,9.249992830120036
17228,13.131795767871894
17229,10.939074844540318
17230,13.066864302593327
17231,15.813657750904433
17232,10.20945308377975
17233,10.913482010452377
17234,6.607885222992385
17235,10.94467276144313
17236,11.65008522035
17237,10.209416858436331
17238,9.241823038354084
17239,10.780059565329664
17240,7.135928080908011
17241,9.787485904911502
17242,10.803809360856695
17243,9.23896041466055
17244,6.92798138646617
17245,8.656123351716744
17246,9.808850730879751
17247,9.22395019545665
17248,9.707144476016246
17249,7.916738371496235
17250,7.073435147018044
17251,11.350301919304197
17252,8.871841629832021
17253,7.26945662463808
17254,12.846471012521853
17255,17.821123952563212
17256,7.502185511463455
17257,11.582172916415637
17258,9.441494468691305
17259,7.670177310167264
17260,13.010910814185687
17261,11.377884224540125
17262,10.688774384644933
17263,11.497046673281925
17264,9.724880665767284
17265,10.551121421664924
17266,12.621408855287102
17267,6.840074272320842
17268,12.293374728005375
17269,7.12887877389169
17270,10.30762646740257
17271,11.195796519358694
17272,9.908779809875146
17273,6.463968564105517
17274,5.211743325473121
17275,10.39789458461797
17276,10.063245589015997
17277,11.006580909125685
17278,9.241546893587294
17279,8.773379126347063
17280,12.817975926077295
17281,11.85707615985889
17282,10.979975775106016
17283,9.07788318657589
17284,10.697551659078314
17285,6.816516696323379
17286,10.973793701732372
17287,12.260213425370068
17288,7.315732213013649
17289,6.718270527292496
17290,8.244171438451062
17291,11.181555735640158
17292,12.818772908987565
17293,13.824581968474902
17294,9.692759557461606
17295,10.160109476873147
17296,10.708002702641362
17297,11.305548483549135
17298,9.048814233738902
17299,8.949530481836923
17300,11.257643212762643
17301,9.70968399880099
17302,12.33947688908706
17303,10.499967476496217
17304,11.446441403440263
17305,8.094802618096967
17306,7.2392252575525715
17307,9.661047025510479
17308,9.656144883757102
17309,9.817397194925075
17310,7.0636529481920896
17311,10.69715256547665
17312,10.193477927642524
17313,9.960243101545963
17314,9.260741314175565
17315,6.567091327180355
17316,10.119095759763956
17317,7.215394108083733
17318,9.38066273200753
17319,9.329572729748893
17320,11.072383240209987
17321,10.715283767386861
17322,10.06059686139999
17323,11.127515472100239
17324,9.32031369483656
17325,4.1474757163693905
17326,6.3440738529046525
17327,12.374030431613964
17328,13.607228921841575
17329,8.406287423061896
17330,10.167390070140126
17331,7.323370237729077
17332,6.583806521574477
17333,13.048704094680472
17334,8.716384099688124
17335,11.365025670520227
17336,13.630120258030113
17337,9.020905710049874
17338,16.17909582335968
17339,11.352315343248918
17340,16.461778846513283
17341,10.02762313774826
17342,13.742846579928138
17343,9.996567160633504
17344,10.65453489543439
17345,12.211495970088832
17346,19.02876296901768
17347,9.623813096090398
17348,10.968689180620824
17349,11.680344898874036
17350,9.667268270609302
17351,6.304610707187482
17352,13.237579446628285
17353,8.613230809403937
17354,5.791417723542803
17355,10.849009355397193
17356,10.085062475495683
17357,11.648393726964304
17358,9.885144952233153
17359,9.961524658287367
17360,9.003724235985143
17361,14.779383861921662
17362,10.040255587249195
17363,13.921211979510073
17364,11.906470621914908
17365,10.5697144517266
17366,9.51025394291142
17367,9.30862269504578
17368,6.400809230083516
17369,12.927977189861213
17370,14.436172753976987
17371,7.4143026722093435
17372,16.92129378845498
17373,8.509457160028543
17374,7.178301528701911
17375,3.974100077542671
17376,7.717192611453147
17377,6.679590805854225
17378,15.174706823798658
17379,11.31553820383105
17380,8.976350059261389
17381,9.230842686875672
17382,15.275489295231614
17383,12.107064854125024
17384,4.239229463428169
17385,8.510153409954425
17386,6.6251804897094235
17387,9.011844791241646
17388,10.176717696977981
17389,8.438009577243516
17390,14.509609823792863
17391,10.235962600756412
17392,7.27162551952144
17393,8.622133859380213
17394,8.759075488581438
17395,10.560694260957778
17396,6.00236307767367
17397,11.1977250256908
17398,12.642521727140785
17399,11.203235774875733
17400,7.474554140872147
17401,12.86435064842118
17402,11.757860009925793
17403,12.621580526155258
17404,7.914678854499529
17405,7.83557002307886
17406,9.484524548733587
17407,13.521193718639804
17408,7.904810284239703
17409,10.065355461339516
17410,6.0450293935720225
17411,8.313422452774716
17412,11.390131858487674
17413,7.356757719558874
17414,9.707528296888254
17415,9.786978922838749
17416,5.110658419755499
17417,9.211639195681903
17418,11.59691875676678
17419,8.659505562894957
17420,9.313015885836853
17421,9.28369910694476
17422,8.086657339351014
17423,16.038677938673686
17424,8.651161356630523
17425,5.202852239431895
17426,8.636358146248858
17427,9.326992360994044
17428,6.600788723179604
17429,11.069865977627767
17430,8.319727337458378
17431,10.254486786448329
17432,8.66114033313331
17433,9.1600035459732
17434,10.228372290794766
17435,8.094080729305812
17436,9.887968033952692
17437,12.632583310377406
17438,6.758658555519173
17439,8.676778317585836
17440,12.484670612283987
17441,11.215300184008687
17442,10.272940998856862
17443,9.85145010497549
17444,10.618224816408024
17445,19.09986625571984
17446,9.224468390976476
17447,4.296633757871013
17448,12.090519650245739
17449,6.896946424095967
17450,9.956057111810022
17451,11.451359742591755
17452,7.449843160947847
17453,10.873163934478184
17454,5.019302989035465
17455,12.58401976397348
17456,8.058118652950892
17457,9.595999762262334
17458,7.353523967676755
17459,9.068779634848216
17460,10.474955248587099
17461,10.605741699822183
17462,9.77366117289494
17463,11.661548686855607
17464,6.3619536464348005
17465,20.323615421092512
17466,10.893214602947145
17467,7.238466383844001
17468,8.845963717634232
17469,10.460696261412078
17470,10.119983508121845
17471,7.283115526106625
17472,10.482124332240087
17473,9.549852386397191
17474,10.34185173409592
17475,11.73113754884478
17476,11.13590485524816
17477,11.20850819717537
17478,8.499417776093498
17479,11.279188733981623
17480,9.671157632247354
17481,12.961286287468061
17482,11.928013383559263
17483,18.256377058970237
17484,9.186028952920008
17485,4.198526294585028
17486,12.285090214639258
17487,9.406724136782774
17488,6.46982098939104
17489,11.268855516796474
17490,10.051913655269042
17491,9.961216271455156
17492,10.45026408252832
17493,10.952036192710649
17494,9.767928155685972
17495,7.1427642975665835
17496,7.691273897085003
17497,11.238800975874533
17498,6.560571040548716
17499,11.797883443313648
17500,10.092689554398161
17501,7.699276611754941
17502,10.255494142470962
17503,8.966031945073105
17504,13.60010223357263
17505,10.189638274471562
17506,6.840659132852956
17507,15.172822726697518
17508,9.685608402532724
17509,6.4852941792983145
17510,10.782049355366517
17511,11.78060379509894
17512,13.025724398009501
17513,7.549637376010539
17514,9.032937736776077
17515,8.178492190636312
17516,9.117287761726702
17517,13.999750078073346
17518,10.867681749278105
17519,7.284832882426148
17520,10.196620695487361
17521,10.629943475718232
17522,7.259907128218181
17523,8.76480790573533
17524,7.74919360463076
17525,7.1357232452011266
17526,11.474671480160058
17527,7.501310758892977
17528,7.405553220459126
17529,9.992019378896245
17530,14.99261630227606
17531,12.189692741013326
17532,15.88848080129392
17533,8.978146715105336
17534,8.835107869893644
17535,11.727490377794648
17536,11.786275146795713
17537,7.636327253087181
17538,4.048217724289277
17539,10.9075053338907
17540,5.381981522884996
17541,10.899281959160845
17542,8.310499499206898
17543,10.716118935062205
17544,10.390123019613567
17545,10.206056917418355
17546,10.499652364593128
17547,11.354115755654128
17548,8.871820509098555
17549,8.350053412752182
17550,7.744600658280304
17551,6.519321516434404
17552,8.21450834728962
17553,8.636309751430076
17554,10.984377788756564
17555,13.215430649112768
17556,7.731882455985026
17557,7.11404531529912
17558,13.236843151619443
17559,10.142460868407706
17560,13.193467350354672
17561,11.097362531677772
17562,9.427935050684088
17563,12.16732918626288
17564,9.02374914901754
17565,10.18466333548019
17566,8.541881314992196
17567,7.96243324882489
17568,9.103410180491167
17569,6.648612105172025
17570,13.666934140246138
17571,8.229437265002005
17572,8.450408340445401
17573,10.967830363105362
17574,11.708466539475841
17575,6.320327839666562
17576,10.627063032847257
17577,10.373895513074107
17578,7.84009370719744
17579,17.117399613216318
17580,7.665019078850504
17581,9.60119652905452
17582,10.694131233726594
17583,6.858271116645498
17584,12.378214799218465
17585,13.1830553423982
17586,9.469521600336286
17587,10.919967992365494
17588,11.023145414440524
17589,9.612392043642497
17590,12.657519942386998
17591,13.81412645119671
17592,9.78336041682548
17593,7.108741820447596
17594,10.517898272735316
17595,10.339116244330867
17596,13.320494188353194
17597,10.190410434084942
17598,6.614574599044611
17599,12.951938873776758
17600,15.164758867676483
17601,9.556549292802066
17602,8.929114347361178
17603,10.368179942509078
17604,7.7226655212264195
17605,6.459414556556393
17606,10.912146187563387
17607,10.674848732831876
17608,10.097371704282208
17609,3.893966538201653
17610,10.791720569230659
17611,9.756631158399138
17612,10.68545785207439
17613,10.851363447276446
17614,6.758342584390842
17615,12.15859022385142
17616,13.588415238927796
17617,17.38911889900965
17618,8.577203245049589
17619,8.829309492609214
17620,9.831769581249217
17621,6.504608895175796
17622,10.8285879245614
17623,10.88116394206764
17624,11.124101988389807
17625,10.542114582767447
17626,11.18429117966264
17627,13.783242222079915
17628,11.79991661543824
17629,7.60497961908448
17630,8.496255451406418
17631,7.287830547477759
17632,9.458359965172242
17633,9.95097182862596
17634,5.242027667489957
17635,11.101225128668673
17636,8.883755849234879
17637,10.114877121284184
17638,16.460796209446176
17639,10.230116732399475
17640,8.978473059510975
17641,13.043471871078092
17642,17.32100235120333
17643,12.361423072932919
17644,10.225853200494544
17645,6.0652380064998415
17646,4.447347169617062
17647,8.913854214335332
17648,10.450463895117233
17649,11.763163992581301
17650,7.1419169739792565
17651,12.386493496055888
17652,10.95994404609576
17653,10.632949172377131
17654,5.577242652959476
17655,16.46598449268122
17656,11.742097048484904
17657,11.63947700791932
17658,14.26120819189572
17659,7.733128124045043
17660,10.26810438211966
17661,10.462738100105135
17662,10.024404250710685
17663,11.907587528309358
17664,9.476470795593645
17665,4.4338631477328665
17666,10.955927959080237
17667,9.269399691809417
17668,19.296214363277677
17669,13.01723405779224
17670,10.509586342560308
17671,8.465778351419537
17672,11.895095308899275
17673,9.332437083443526
17674,11.425931927062146
17675,8.460768707425206
17676,10.620871162069918
17677,13.636675565446687
17678,9.67043151634089
17679,11.321369628647076
17680,14.42670224664877
17681,10.20566353992135
17682,10.374903750363138
17683,7.961599591088554
17684,7.696050911191033
17685,12.3710464413424
17686,9.759471287246122
17687,10.967923681432016
17688,9.31859449534463
17689,8.176736134365733
17690,10.897075974451297
17691,7.424643422262771
17692,11.270424686681356
17693,8.548316253327036
17694,9.325616441452635
17695,10.862660138934148
17696,13.976939310617022
17697,9.857589884637173
17698,12.57530984706001
17699,10.519272985797532
17700,9.122646625681176
17701,12.782310469618757
17702,10.35137356726229
17703,12.087581341902183
17704,6.8511515268070395
17705,14.662415773194695
17706,11.314803012246351
17707,7.189567387182235
17708,12.449973341096051
17709,10.432025321787672
17710,12.6157026101863
17711,7.159221546454892
17712,16.688766164601844
17713,7.1075618503995575
17714,11.697306083226323
17715,4.48370252761444
17716,9.448400564251786
17717,10.066019202400991
17718,12.945752959225459
17719,9.032105212311354
17720,11.44130525744452
17721,10.11080615870004
17722,6.03522748354093
17723,12.475895007089425
17724,14.425604498071372
17725,10.082316523991805
17726,10.26008548455069
17727,4.723077320715269
17728,10.457034505869647
17729,12.601714049155614
17730,8.037848215952327
17731,14.054922597961674
17732,11.482314900344544
17733,10.955831057981662
17734,13.68649269655579
17735,7.1684160310500245
17736,11.069503818637287
17737,10.589971607367834
17738,11.186227074608222
17739,9.742746860124974
17740,6.1419515803941955
17741,12.611357401322948
17742,9.551418178378308
17743,17.555984383017837
17744,8.752560536906731
17745,11.245016373437796
17746,9.524646390104209
17747,10.138849189137
17748,7.242892204517283
17749,6.569800972980312
17750,8.331876646102426
17751,10.80447093176311
17752,11.952219263244519
17753,13.709228268985175
17754,9.787521239935899
17755,12.65013079534485
17756,10.497061836426381
17757,12.036172303114556
17758,11.280822466277218
17759,7.277399875140334
17760,10.443274367555922
17761,9.804630311643626
17762,9.168078929803194
17763,10.579835835115066
17764,9.242325407366327
17765,6.670299684575307
17766,4.070186751434074
17767,10.795382781750334
17768,10.019935336742261
17769,10.971383913854009
17770,10.512343244808992
17771,6.261307256790121
17772,8.880050789136341
17773,8.725301865114524
17774,11.296909133574703
17775,13.236142896010461
17776,10.130488095454101
17777,9.13721652498993
17778,12.630391509647733
17779,8.636227691272168
17780,13.210185062058715
17781,10.31395944899277
17782,6.931128389169899
17783,9.91524149617974
17784,12.809141937236596
17785,9.673096193920008
17786,16.514163824920477
17787,8.488704908652629
17788,16.865195289703344
17789,8.745495779436942
17790,14.776369586416587
17791,6.309373424954162
17792,6.299176080214482
17793,12.107948148038862
17794,8.717967349083567
17795,7.479343841506294
17796,9.336310538862756
17797,11.235222320507388
17798,10.057274368508928
17799,10.891738255154324
17800,10.986106863551992
17801,11.500453176214982
17802,8.757518918228214
17803,10.419596017557064
17804,8.423196902795178
17805,8.295050571131387
17806,10.364086638903746
17807,11.06364047045524
17808,9.377975701200507
17809,10.193772995611408
17810,5.873352693031782
17811,11.443664535902506
17812,7.2042571390314505
17813,8.099091405950585
17814,8.366652051921994
17815,10.992353744270428
17816,9.828653888941156
17817,5.3500465855648205
17818,7.632172216105219
17819,9.024448661439664
17820,9.696791047468537
17821,5.36721465571131
17822,7.786662661491869
17823,12.589924475122245
17824,9.652701491015218
17825,8.943606125420605
17826,16.968376955957066
17827,8.458072584758767
17828,10.668376339394854
17829,7.13906043466486
17830,9.331345881428902
17831,6.859495107317761
17832,7.556201763624252
17833,5.982034497315554
17834,10.39661424095232
17835,11.757030121236898
17836,14.106931663817658
17837,9.479587384131591
17838,4.0413566760604285
17839,8.229610494942161
17840,9.832573252549413
17841,7.892026755339863
17842,7.646292416336715
17843,9.902290047225957
17844,9.637135878490486
17845,9.31029465475194
17846,11.222326267634902
17847,14.154233253219413
17848,14.918327540676323
17849,12.27874962617738
17850,11.594622347388057
17851,5.93086305054669
17852,10.848805827572992
17853,10.809232402719068
17854,4.10554140363509
17855,8.838514497467532
17856,8.246243105843211
17857,5.284073387286866
17858,12.230889378126141
17859,14.74549586938201
17860,8.654862943555102
17861,13.90573341329482
17862,9.708233998065818
17863,10.48903841019353
17864,5.458883626256685
17865,10.913427558975698
17866,9.470057993192889
17867,6.959231344217616
17868,6.69205741578932
17869,9.223378585194439
17870,9.709690193659425
17871,11.049326444802887
17872,10.919847255951435
17873,8.5102208295645
17874,10.77581877750706
17875,11.254800235584964
17876,11.034290991467575
17877,10.790637091789222
17878,10.221947999234258
17879,10.198573160996098
17880,7.6627627292947125
17881,9.009203457828264
17882,7.634801698980071
17883,10.839573088754307
17884,10.726136849499511
17885,18.006136356392975
17886,11.746611218255094
17887,11.855631540653139
17888,12.921807510887744
17889,11.64900932081392
17890,12.111580084989395
17891,7.2011841572277495
17892,8.918416476780983
17893,9.198224954149305
17894,11.070691325608156
17895,10.968728347655889
17896,14.438465098784011
17897,14.070275749938217
17898,9.87209555516915
17899,10.38838163770123
17900,15.540831967274997
17901,9.379863190569573
17902,10.294880588962506
17903,11.015270395572276
17904,8.099764281357864
17905,11.420598622900194
17906,12.317328382332537
17907,6.420535994346454
17908,10.23152210033409
17909,6.6516995923216555
17910,11.537340210797339
17911,5.073200605527511
17912,10.96375217369314
17913,8.946930702174825
17914,8.304407510541333
17915,12.271896627824312
17916,11.715200397136545
17917,17.815105205096323
17918,9.937558836272999
17919,8.367569210967769
17920,11.599851255512657
17921,12.84191865941068
17922,4.175718650068825
17923,13.988647307579793
17924,12.189022751178754
17925,16.927107692352187
17926,8.329525210273147
17927,10.673296890687762
17928,9.020396364257998
17929,9.730480259358231
17930,8.394060889947678
17931,10.074517316906142
17932,10.762872891857185
17933,11.867466033408498
17934,9.839153798933339
17935,4.897779931530651
17936,16.374165011421074
17937,7.768555978680972
17938,10.2020698894619
17939,7.598375295211457
17940,15.564177366834071
17941,8.861191199347566
17942,11.017083301173361
17943,11.265372384975615
17944,10.168837400846613
17945,9.367138723859519
17946,14.700939088337147
17947,17.406702348724153
17948,11.573589593951914
17949,6.710666075390378
17950,8.772863915225024
17951,9.551926572898395
17952,16.025687892260088
17953,10.902070968616961
17954,9.170857142751373
17955,11.281963313700317
17956,8.279737669493134
17957,6.940160926805713
17958,10.528887830652941
17959,12.135099460493802
17960,9.862089871489562
17961,6.89784756830009
17962,8.981081943797303
17963,10.564960431013596
17964,11.336113982610263
17965,13.044840467121935
17966,9.72533559696831
17967,10.490792286702327
17968,12.105077814416505
17969,8.518819597143377
17970,16.021603123970976
17971,7.585412616601539
17972,10.151151223382005
17973,10.191000620163026
17974,10.069454101100279
17975,15.500652264864
17976,6.655110323437285
17977,8.469564768695903
17978,12.190025334169409
17979,16.459204621401764
17980,11.91456926918599
17981,11.436586446424178
17982,10.33864212314732
17983,8.517529993168006
17984,9.44923037952112
17985,9.101986454873355
17986,12.4051592933134
17987,10.274164626443095
17988,9.788658366686978
17989,10.039669784918296
17990,6.245686626867986
17991,10.09877122476546
17992,4.875337038297375
17993,14.027567537066336
17994,12.929584520398521
17995,11.191599980670713
17996,11.291877610872728
17997,11.074043944549569
17998,7.843465033081634
17999,9.46181223939806
18000,7.536919234976159
18001,6.679154056665971
18002,8.572194089059959
18003,9.098960227125445
18004,6.874891246311584
18005,6.28650843673509
18006,11.598597286117286
18007,7.145720956943368
18008,15.305200300664783
18009,9.857783572911814
18010,10.277986454460173
18011,8.329395827265056
18012,12.516488989573674
18013,6.391254137149249
18014,13.977561620601255
18015,10.364025860306807
18016,10.00949401600105
18017,10.118923038666185
18018,8.484402514022902
18019,10.045803602227632
18020,7.650066631442369
18021,7.747281434220855
18022,9.353521865851407
18023,6.967147358722384
18024,6.872401803101002
18025,8.331250899814242
18026,7.144392203554155
18027,10.082853629496013
18028,10.017222499608323
18029,10.621318421713879
18030,9.986211768235204
18031,13.38677451303042
18032,9.38960454438001
18033,10.367067911456612
18034,9.23588181260207
18035,4.112974381933485
18036,10.761209008954571
18037,11.307494528491292
18038,9.883845735597555
18039,10.919639349858812
18040,6.6347180884012955
18041,10.129274277598327
18042,10.071252183512204
18043,12.036377141441053
18044,12.906971645674709
18045,10.69931439161331
18046,10.727611840737026
18047,10.937798566307265
18048,13.908924028159364
18049,8.99273088794601
18050,6.580089053628455
18051,15.582494253034358
18052,11.02079145044587
18053,12.0696243148953
18054,7.89496848805836
18055,10.120962987144646
18056,10.907627405788357
18057,12.63238410422623
18058,15.542455220982873
18059,11.163151899952144
18060,9.974924303057431
18061,12.56625433899771
18062,11.80811436309261
18063,10.691789379114201
18064,10.982594422809605
18065,6.570361355531046
18066,13.724956446571083
18067,11.048981749391675
18068,12.916716120713911
18069,14.87036158310023
18070,9.719651701632685
18071,4.223447917223671
18072,10.028709417615385
18073,13.185201559257484
18074,12.333819566056032
18075,11.443075480238775
18076,11.809917721683338
18077,6.8481422002454675
18078,10.466941303487506
18079,7.586824140231937
18080,9.36455520330274
18081,10.061868976545831
18082,10.534088508737183
18083,8.547890267960721
18084,11.793616908742809
18085,8.467463070571338
18086,10.371184463241335
18087,4.827369463390943
18088,8.619341790450616
18089,14.265276839091918
18090,8.02890214800284
18091,9.723426236817703
18092,8.52905778574176
18093,4.226966076524553
18094,8.230416737123338
18095,11.709536875053107
18096,10.986552637671213
18097,10.901413914973629
18098,7.309824901920189
18099,3.9856663560755923
18100,9.146863856633333
18101,11.94837315810534
18102,6.594695312572418
18103,6.549151912832378
18104,12.769413842930225
18105,13.98988066079432
18106,11.236677682133912
18107,7.838513136307483
18108,7.787858622176435
18109,7.569002682851373
18110,11.383787348433636
18111,7.089000197353501
18112,11.313985938755911
18113,8.844110563674688
18114,13.359403457878898
18115,8.204131519118308
18116,13.576543443413446
18117,10.4618218003623
18118,7.595800354856755
18119,11.69325165990261
18120,12.20100816732148
18121,7.450598248611542
18122,9.15828924619192
18123,7.226370196726149
18124,5.550580182124403
18125,12.255629631789297
18126,5.16834134373801
18127,11.808790723330837
18128,10.739551915996788
18129,9.039743182243168
18130,9.166110592062507
18131,12.020644333727013
18132,8.813047602142877
18133,7.630658598737528
18134,10.569950969737715
18135,8.68023183033452
18136,16.484078501850853
18137,11.445647946110093
18138,8.83684213759426
18139,10.262899941200756
18140,12.148789858935103
18141,10.799064548840168
18142,7.073749765200319
18143,5.891068714911312
18144,9.693344526919091
18145,10.629244168549157
18146,7.147219323814941
18147,7.498660742814891
18148,13.991923709226109
18149,9.900458985281997
18150,11.214963111149348
18151,10.714265101058905
18152,8.590907743375944
18153,15.682746698134247
18154,7.866008397804485
18155,10.105851697897439
18156,7.88525920260939
18157,11.883132452964663
18158,8.20963889942915
18159,11.023774062940408
18160,15.009707645017986
18161,9.86080183515794
18162,15.661806256163016
18163,13.182929578592443
18164,12.63972083025292
18165,10.936991526427278
18166,6.854189121255008
18167,11.116676172954378
18168,10.002872978292942
18169,7.350413840322991
18170,9.76834594490044
18171,11.073753538241112
18172,11.587127090424012
18173,18.491802832904423
18174,13.60600406028907
18175,9.604450004303345
18176,8.765470976643634
18177,7.2750224255066716
18178,11.909758211570388
18179,12.800841078255608
18180,12.131468694275126
18181,8.000015892279533
18182,10.018357803665417
18183,5.451515380499757
18184,14.118769585891604
18185,10.379426625062504
18186,8.898113454286936
18187,7.586460430928257
18188,6.657736820625502
18189,6.618496567951534
18190,13.399603310451068
18191,10.078676660515022
18192,11.306905279405111
18193,4.130508590221114
18194,13.046493151218172
18195,10.622338107977953
18196,7.139231691394004
18197,8.19410615680728
18198,9.072051805658678
18199,7.993395196958961
18200,10.485776227789959
18201,13.355956189299437
18202,9.9868687718207
18203,12.14223294882012
18204,8.90449536359898
18205,9.3973097460569
18206,10.02970484254453
18207,5.536421557229861
18208,11.52321317480628
18209,14.901227873353681
18210,11.280209043614834
18211,11.026308242815468
18212,13.021256018047696
18213,10.375506913548307
18214,4.616660382420692
18215,12.811985732062508
18216,10.041954733840475
18217,9.29420179576297
18218,7.583275378073047
18219,10.959954140226689
18220,10.759891585528342
18221,9.66087520089863
18222,9.580221447059564
18223,8.337458017857296
18224,12.257957348008429
18225,14.776489781391561
18226,10.198252044873435
18227,5.771063117429634
18228,11.136427398109635
18229,10.123748200282598
18230,7.525620650052217
18231,13.326596025579217
18232,8.215813283047662
18233,9.309125539904375
18234,3.9126640939841177
18235,9.331933204002251
18236,10.753008515408009
18237,8.983553290225387
18238,11.44882651944026
18239,10.605677129787818
18240,10.414112127991892
18241,8.011816474662218
18242,9.206054213565494
18243,9.036107363762113
18244,6.64723423556815
18245,12.561980482269803
18246,10.355982697620627
18247,14.901675322621706
18248,6.578472123399341
18249,8.756265313083963
18250,5.843849823751472
18251,10.944808575398671
18252,8.855193126900744
18253,9.717166360094318
18254,7.9107636091470095
18255,10.872957645059081
18256,7.571866707139059
18257,9.537530956504753
18258,4.344792988090376
18259,8.44392292632985
18260,11.383249121490397
18261,11.598255670818027
18262,7.5665675437318916
18263,11.042120149993025
18264,9.177629239537573
18265,11.763178209410047
18266,8.477596988885935
18267,11.14150714055703
18268,6.541933927924119
18269,8.85706443722454
18270,12.087699987660711
18271,8.358235425176538
18272,5.663719057086086
18273,10.924500130354199
18274,10.651408600457195
18275,9.329285866088973
18276,6.42842281128907
18277,6.454577951260378
18278,11.46364138146144
18279,7.728057161775457
18280,14.082050289708619
18281,8.836779925692605
18282,15.037573206408426
18283,8.964385064140366
18284,10.929813303258943
18285,9.559000552232472
18286,9.768590541021203
18287,10.795398535691849
18288,12.269581009721207
18289,13.31513304875983
18290,13.631226150744387
18291,8.423621735557077
18292,10.210180546416863
18293,9.474214270313798
18294,6.2759962975615435
18295,8.76357263912444
18296,6.468582818425848
18297,11.995298838553106
18298,9.249070658449641
18299,7.95733502397103
18300,11.179061880060903
18301,10.540249507349344
18302,11.808378807633453
18303,10.13854982932348
18304,7.383888710070666
18305,9.100473270957199
18306,10.088842388044142
18307,10.435663525655766
18308,10.95319925341499
18309,9.358908362794047
18310,7.356403640284586
18311,6.425268037381564
18312,11.148284184981986
18313,10.96927046089758
18314,8.297055890840719
18315,11.792914657015363
18316,13.061621103315876
18317,8.656042161038092
18318,9.43670981106877
18319,7.3225048204746805
18320,10.093320209598744
18321,10.319440213578869
18322,11.126088728112608
18323,10.862871986060387
18324,11.032089392635452
18325,10.435519665390348
18326,8.695364035059269
18327,5.482124826413826
18328,11.902622439548797
18329,8.570108153381941
18330,8.527442062221322
18331,7.75412523135858
18332,10.8513057947783
18333,7.625497194619608
18334,7.9095997118915555
18335,7.692512793309798
18336,11.542759941269729
18337,6.3432521466380685
18338,12.35623000612045
18339,3.918843319885415
18340,7.461984095404661
18341,12.348662262569643
18342,10.616803065462939
18343,9.121500538230286
18344,8.339605902974913
18345,7.749742853538885
18346,8.87679838941097
18347,12.022696161653531
18348,9.561400696776506
18349,11.562843207252662
18350,11.72544660221563
18351,8.579189746896416
18352,20.13453316542996
18353,11.033312683642182
18354,10.722004428208464
18355,10.288839790907641
18356,13.348489879721159
18357,10.47053840782312
18358,5.486140304478133
18359,9.071614847173498
18360,9.72238951699942
18361,9.583275169324617
18362,10.955295207449268
18363,12.563390789235386
18364,15.668940911052657
18365,8.189541447542865
18366,10.736820550682538
18367,8.2345411503998
18368,3.9813858444842296
18369,10.179293052825416
18370,9.491833334428808
18371,11.08660629917123
18372,10.648192149155621
18373,8.545428894623543
18374,10.65899139729241
18375,10.111731918279116
18376,9.628170829808301
18377,11.06449319938367
18378,10.220650076068718
18379,8.287944606949562
18380,12.609747393411256
18381,11.553271506049668
18382,12.108330317455843
18383,10.297636939325233
18384,8.844354415209658
18385,11.600830426780682
18386,9.781322172412153
18387,8.31245934657843
18388,11.194305649848717
18389,5.563006510192463
18390,6.3551806872760785
18391,9.25240190823409
18392,9.25049036932185
18393,10.537139427011141
18394,6.667661962320499
18395,10.223285628774502
18396,16.927837027445165
18397,10.767726274721689
18398,11.53631523468227
18399,11.48404763514563
18400,14.973075667323275
18401,9.879654103587074
18402,7.0307763939956605
18403,10.468729014142866
18404,8.965483024472546
18405,10.499879358750157
18406,9.4481548011155
18407,11.314285723928183
18408,11.315416144399268
18409,8.821363190830368
18410,8.76815692543596
18411,10.239668380065105
18412,8.975852410568075
18413,8.28137085940321
18414,12.037459627142141
18415,10.173949162051159
18416,11.217230429195267
18417,13.105549669040657
18418,11.68178252288466
18419,10.407528864676195
18420,8.005339095197925
18421,11.13031220229172
18422,13.095568703046728
18423,13.967290583242482
18424,6.796694639511553
18425,10.304415328592263
18426,10.604905773666836
18427,6.877570983143153
18428,8.533780992644129
18429,7.1422216892668065
18430,15.90371895750565
18431,10.285529679908262
18432,9.444132606642446
18433,8.972938029822666
18434,12.02069809557625
18435,7.937747644328525
18436,13.580998582455596
18437,15.685179926909804
18438,9.394248542170182
18439,9.020090212556592
18440,5.752532692629723
18441,10.494960852792971
18442,6.812576584942281
18443,8.725485645155999
18444,11.45958350303036
18445,7.365169300357501
18446,12.19427599673576
18447,8.046008838879644
18448,10.981656222851141
18449,11.211721656440272
18450,10.81746696778926
18451,10.513279908166474
18452,7.025630624789689
18453,9.174714994982718
18454,5.872317069615416
18455,8.925617936456451
18456,11.219502281739725
18457,11.263739287560828
18458,10.658760111521882
18459,10.47036994216127
18460,11.032622758912396
18461,11.37831190457439
18462,6.928564980925815
18463,9.66243551303399
18464,12.395535248065617
18465,9.8142390472797
18466,8.458905549201347
18467,5.7033218405344215
18468,15.108210954296055
18469,4.91677701365635
18470,9.435881015730981
18471,5.195465259881606
18472,9.049290186919803
18473,10.48422200200162
18474,12.608327615818062
18475,3.9529796274329794
18476,12.325240757354177
18477,7.143374667974972
18478,10.777384135350161
18479,8.153431994713682
18480,10.75589085106417
18481,14.383405784291089
18482,11.298212257119712
18483,9.338649857516833
18484,11.457541396367535
18485,10.65621854530879
18486,10.554120073020279
18487,10.879126920056109
18488,10.828604595217996
18489,9.556617281562719
18490,9.213718264909254
18491,11.35636365610322
18492,10.541783760264753
18493,11.341848046878773
18494,8.838233589998978
18495,12.378943218572187
18496,9.943892022410894
18497,4.210069515768119
18498,10.192544854083676
18499,10.555860415738028
18500,8.045478904153168
18501,10.003897653857031
18502,6.351972025646964
18503,9.967482225944856
18504,6.286779840827213
18505,11.136752514713162
18506,6.40057690011357
18507,10.222808797145465
18508,7.656740467646964
18509,8.190943000590014
18510,17.540211204086685
18511,12.275258148442258
18512,10.819382860327233
18513,9.60191454506547
18514,12.233991628428488
18515,12.682730129447664
18516,6.637096420161048
18517,9.344335704789014
18518,4.616248090604996
18519,5.098994880391723
18520,6.761886451556889
18521,7.60040208888636
18522,9.93103281223041
18523,10.203256640201715
18524,16.810588024158314
18525,9.040008636992127
18526,9.171200420511772
18527,9.734477765862941
18528,13.81443072956029
18529,8.946665892634218
18530,10.508292127195201
18531,11.980762748038925
18532,10.96086514379057
18533,10.136665588424794
18534,7.306732749094182
18535,9.819115381449523
18536,9.518896749211658
18537,10.03432073282788
18538,9.836836845053016
18539,9.94989833294432
18540,10.213988472497416
18541,7.905301407913004
18542,7.889780202652254
18543,7.222423775705774
18544,10.091224619349038
18545,8.077422605301368
18546,8.763443547131274
18547,9.298185301090108
18548,11.972894658439811
18549,6.4967413934557285
18550,9.938178390680406
18551,10.537892033667159
18552,15.931466586439846
18553,10.679911644869911
18554,13.51390401831559
18555,15.95320200542071
18556,10.463277149625295
18557,6.94931656834451
18558,8.994735692997772
18559,9.63025415044177
18560,5.688501030333531
18561,6.52158115090274
18562,7.193946513506569
18563,12.51075384874605
18564,10.694965823717123
18565,11.169393066658563
18566,8.915892231172014
18567,9.972820049959353
18568,10.766065964393997
18569,12.085593512824179
18570,6.323393983575823
18571,4.862219869051908
18572,10.442125570185379
18573,8.602999803464307
18574,11.187954111045574
18575,8.42671635153949
18576,8.289230210663934
18577,13.882821256983688
18578,13.980948868084322
18579,10.942542727701333
18580,9.97704080096103
18581,9.980332071398237
18582,10.990912974557908
18583,6.064040958311257
18584,10.944924200640198
18585,9.0281405557024
18586,11.38592582119415
18587,12.87516441842719
18588,7.275557177414454
18589,10.115161746391994
18590,11.64458243119186
18591,8.216037044954705
18592,11.220242910290974
18593,10.21205046355035
18594,4.027911807649358
18595,13.114569639028812
18596,5.057397525783653
18597,9.994873926728909
18598,9.122489833844487
18599,7.263200093998691
18600,9.86895728524059
18601,9.929041452048567
18602,14.839970273663948
18603,13.211978589302337
18604,11.258760454876963
18605,13.111971674424012
18606,9.88204011397473
18607,6.589517147588927
18608,10.061740131494705
18609,7.388996978139593
18610,12.212954938313409
18611,15.263153739395582
18612,9.535309562401688
18613,6.211699036669486
18614,10.902195107056855
18615,9.436173191680602
18616,6.18002902825433
18617,8.634043801420763
18618,7.230178099864069
18619,10.398373963408826
18620,11.222243953113583
18621,5.418323881455528
18622,13.633555990509276
18623,11.257395246857612
18624,15.72793251585638
18625,11.262425621120432
18626,7.2925987427991235
18627,10.053376713699382
18628,5.575646736287348
18629,8.046513189546104
18630,10.737448539299175
18631,11.04297674012884
18632,5.547459751860096
18633,14.62066593337292
18634,10.15018668558874
18635,9.852188551620028
18636,10.530981899786436
18637,11.32671144881598
18638,11.209520816963678
18639,7.7066453506889445
18640,11.187758361573383
18641,11.561480004758995
18642,10.049748406581894
18643,8.584280288179269
18644,11.411446295369874
18645,8.166531118369695
18646,11.751296997387499
18647,7.465729949934358
18648,14.14433381601878
18649,7.798127919699833
18650,15.572884124197056
18651,10.183267194302942
18652,9.972904871767494
18653,10.678134818494424
18654,13.061461335672323
18655,16.140090637052616
18656,6.24377660098407
18657,16.615506894283584
18658,8.239600369825624
18659,8.500436218200225
18660,8.733536171705566
18661,10.25837120432401
18662,10.584032309986654
18663,13.198117258646418
18664,12.25798410236132
18665,8.351877855166093
18666,6.092801071124802
18667,11.75650160222678
18668,8.01187380201424
18669,10.080981536933548
18670,6.451552989040628
18671,8.98462238581786
18672,10.93294802536317
18673,11.046530101717538
18674,13.703914695252104
18675,11.84365699827568
18676,14.290355874726327
18677,9.222790325213547
18678,7.248767566920058
18679,11.717216870407444
18680,11.181276017814042
18681,10.815320462445026
18682,9.813636601087822
18683,9.463855887173125
18684,11.112101331024393
18685,5.238450810309887
18686,6.492340338634179
18687,12.869715994656877
18688,14.101095355915067
18689,4.771759604498128
18690,11.284558925626479
18691,9.873172634203437
18692,7.0508559718280015
18693,10.846737260010315
18694,4.384392272656833
18695,9.606856444616689
18696,10.573584430716913
18697,10.82187323101845
18698,9.279780114506167
18699,8.048806922607502
18700,6.554746274957097
18701,7.305329984022633
18702,5.938615092280395
18703,9.991556348357571
18704,9.123351382976512
18705,14.91290692224127
18706,6.079044804886731
18707,10.957750992385838
18708,11.318407496716352
18709,9.23049134268892
18710,9.7513963279659
18711,6.926124508019476
18712,12.06304527660219
18713,8.06386246497349
18714,11.251429176397956
18715,10.096897757419281
18716,7.206989584102969
18717,7.65175712309672
18718,10.611327691682975
18719,6.631389601246399
18720,9.147278730887553
18721,5.62478601095886
18722,7.151197268640653
18723,6.738559918586578
18724,7.034003619278167
18725,9.002152251378103
18726,5.940476458000155
18727,8.040019300667497
18728,13.797648189184454
18729,9.073441121597007
18730,10.899991606919487
18731,6.472936725376614
18732,11.474785654044178
18733,11.679892755865755
18734,9.731112750863662
18735,9.704540004927987
18736,10.289154335744374
18737,11.942771611100206
18738,7.6822467954802915
18739,10.724141656712714
18740,7.2774475382683965
18741,9.821408934345888
18742,12.283954629647116
18743,6.507108974354575
18744,10.041636496568529
18745,11.157298308473594
18746,12.660258185543082
18747,8.77654339480599
18748,11.129548520892321
18749,8.246089691334245
18750,12.34803736593101
18751,10.074685807236987
18752,5.156422363214313
18753,10.650683012327802
18754,9.811731733738188
18755,7.2151797312596315
18756,8.25489940581533
18757,7.3679398947658274
18758,10.185450952994245
18759,10.050613287344106
18760,10.578221465137323
18761,5.402401417145605
18762,9.940591498318447
18763,10.44937214553739
18764,14.929552133793347
18765,10.605573651069856
18766,13.264460092288324
18767,10.792518469173318
18768,9.177407437331897
18769,11.129526864879011
18770,10.75357915890384
18771,10.536521785264778
18772,6.525965497835724
18773,13.207516817394723
18774,12.960614721994745
18775,6.625713293935154
18776,10.18338867662407
18777,7.623447297193561
18778,12.06148356928826
18779,7.186313071828378
18780,5.47113869860065
18781,11.411741128899788
18782,14.059025307359828
18783,11.500775765891778
18784,9.562634069802408
18785,11.413586057822242
18786,14.376731228065108
18787,12.000621930672903
18788,10.703736716992788
18789,5.323510335246066
18790,17.02357218034706
18791,10.320058450261659
18792,11.251612512400214
18793,5.195435214625199
18794,10.376499758317493
18795,12.458613382314578
18796,7.516549082113688
18797,8.685261325368554
18798,9.155983646081062
18799,8.159276407855206
18800,7.652473856155152
18801,12.355687821206626
18802,5.347946474881294
18803,10.4509088886703
18804,8.459654619170344
18805,10.47123628892603
18806,14.343253426680336
18807,7.682200981603815
18808,11.754447761513163
18809,7.320103985562547
18810,5.4890476273512165
18811,11.407896228168273
18812,11.633352248501904
18813,10.839649753028949
18814,5.424080693216523
18815,10.17784288785462
18816,4.692888517072376
18817,11.256894940693265
18818,10.382565393824034
18819,7.31467569997296
18820,9.188818785132206
18821,10.643543601081511
18822,6.3314701676984
18823,4.108051152425
18824,12.338584533064166
18825,12.062754021310216
18826,10.33221608172509
18827,4.203991974817084
18828,8.893123505069727
18829,8.161423447804431
18830,11.171510302954925
18831,10.879448224710988
18832,7.10565376364487
18833,7.36307600119023
18834,11.638067236144733
18835,4.964341498349867
18836,9.033613649023566
18837,9.964804538208345
18838,10.783308788201822
18839,11.832792348681949
18840,14.11124140466854
18841,6.928633619171433
18842,7.591023859036482
18843,4.094081392289186
18844,7.751369603080945
18845,10.327907162297755
18846,7.658134401548325
18847,7.904214703364689
18848,14.098573527624907
18849,6.924481790041683
18850,8.84734892695445
18851,13.813138977697285
18852,10.700638868258121
18853,7.352184739021341
18854,10.439595521766476
18855,11.57918033626158
18856,9.37449210176766
18857,9.286387985534004
18858,8.930978019078292
18859,10.08565871600807
18860,8.95573987083976
18861,11.058736609200094
18862,6.292953976426212
18863,9.05084327411429
18864,6.1463908388466395
18865,12.154280582726805
18866,6.686187348805579
18867,10.941092452285174
18868,8.446070906774036
18869,5.808327108861343
18870,7.104924218793612
18871,9.474773912653818
18872,6.43886163413275
18873,13.549848215333178
18874,10.960032433704395
18875,9.409924319055975
18876,10.886805625681692
18877,11.703831761981172
18878,9.551704135483837
18879,8.62802501123343
18880,7.831572092014412
18881,11.103115027224819
18882,13.091942666878833
18883,11.86991562410094
18884,9.404607275125517
18885,11.463875507797797
18886,13.310290048920669
18887,16.163335687935
18888,10.9054802934223
18889,7.8528477611905565
18890,9.684727021790767
18891,13.162098385533547
18892,15.563543653608965
18893,11.16090723266349
18894,5.6039300003602985
18895,9.97030217955723
18896,10.729545181496366
18897,9.42720946048918
18898,10.20371202420596
18899,10.373103974756564
18900,9.757751707117297
18901,11.26039839096797
18902,12.743853685694086
18903,7.6879585598978615
18904,10.925531504324901
18905,11.980649466224015
18906,11.294204492597068
18907,9.602852196385147
18908,10.138188355161912
18909,9.90948283460029
18910,6.43207668845068
18911,9.042209790789496
18912,11.104563527644533
18913,10.670489068188289
18914,10.129781209683605
18915,10.309320810477638
18916,16.317885722901373
18917,10.78288881829715
18918,11.868735781647066
18919,12.000639268190204
18920,6.65130068905382
18921,9.727810124193756
18922,4.057815513290739
18923,9.283493126626922
18924,15.585144182435126
18925,13.04651723226276
18926,6.998280466795006
18927,6.626946707028617
18928,6.998399934746246
18929,9.557177283889235
18930,8.470096450352589
18931,7.271424863499431
18932,13.696205471722463
18933,10.783381911592208
18934,12.40474859746871
18935,6.288076099230803
18936,5.612690115623222
18937,11.838147334582125
18938,9.68843868431992
18939,4.5635546958225035
18940,9.937054190452859
18941,9.787553673896495
18942,10.32024267559364
18943,10.646363582856408
18944,13.419373992260175
18945,7.965357841361522
18946,11.316121523367453
18947,10.059861856729738
18948,7.798216208439005
18949,10.271545631667573
18950,11.120984055153512
18951,11.576567852351218
18952,9.314921515004485
18953,10.801003585079581
18954,9.138341468418684
18955,9.966182924293957
18956,11.392344550856297
18957,9.606736699938306
18958,11.58416813130105
18959,7.2893300437806365
18960,11.931277929738787
18961,10.752946610570948
18962,10.590565993132156
18963,12.088124484986828
18964,9.388930218891227
18965,6.610385341126824
18966,11.066748073753924
18967,11.7911201298983
18968,8.686774747121671
18969,11.283918485729112
18970,14.336773393913559
18971,10.877496408557018
18972,12.958004365486651
18973,7.093875329601804
18974,8.694541868793493
18975,13.231012073585038
18976,9.943121576906245
18977,9.57538498987007
18978,11.345917930833563
18979,11.28476797833372
18980,9.52499639200359
18981,10.033734639783269
18982,16.709556496375857
18983,9.164628619952769
18984,9.805354735661306
18985,15.504297429993992
18986,10.203859111174983
18987,14.474945087330628
18988,11.36514298142865
18989,10.157833780560587
18990,11.250610618255543
18991,4.666956931684204
18992,10.345742731547196
18993,13.131533532128497
18994,9.044688494875844
18995,6.389031186010133
18996,7.158240934096792
18997,6.658271123235404
18998,10.57008304948583
18999,15.118186842661759
19000,10.553144247448863
19001,11.374499092900134
19002,15.107948869119387
19003,8.325943323823946
19004,10.191961398835188
19005,10.493302039422733
19006,7.5600102700944225
19007,10.51682156393024
19008,11.994327373217416
19009,9.977742286637426
19010,7.130874308338991
19011,7.233170641309196
19012,13.982317888149868
19013,9.18399116971068
19014,9.652310452107983
19015,10.08974919187158
19016,9.09180116670547
19017,10.433124353618473
19018,11.196571420370528
19019,9.88950643957144
19020,5.637281668790662
19021,10.925522129377939
19022,10.262618733674874
19023,10.38909991413005
19024,14.954952638529132
19025,6.188805589084984
19026,11.656663862150513
19027,12.057954597691865
19028,11.012648784024053
19029,9.691458650091917
19030,11.039019805632321
19031,7.81895244086402
19032,7.419175249591911
19033,11.851669065971555
19034,10.03637348400433
19035,7.849542625553418
19036,10.649803476695602
19037,8.342091244629975
19038,7.568826537527656
19039,10.43071753523356
19040,6.456509204278683
19041,10.019217830077281
19042,11.81127894042175
19043,8.271199311837186
19044,11.264134789974484
19045,6.911189095613501
19046,18.89242728447802
19047,17.51470535647092
19048,14.08876378092885
19049,11.018129486869613
19050,9.270390450852872
19051,11.739383053851267
19052,8.871017442628702
19053,9.527781832699503
19054,7.03599455428566
19055,17.087600049647158
19056,16.38541014748069
19057,11.94837113212873
19058,7.332352927248071
19059,6.999527028348212
19060,7.890785007851722
19061,11.897878233442691
19062,16.472752432797122
19063,9.117119883847387
19064,10.71169118563406
19065,10.233098237314668
19066,8.661409338918476
19067,9.641909507473828
19068,12.594303553761089
19069,6.853075045525437
19070,8.480859428500608
19071,11.558825065603878
19072,9.790749196450939
19073,13.977486446842262
19074,13.291261401099248
19075,11.687721468073732
19076,6.284241501794631
19077,10.44333551801682
19078,9.722646645660733
19079,7.281666321857275
19080,11.135651032731644
19081,6.374218069641291
19082,8.584107428360657
19083,10.674449645587861
19084,12.2373720667916
19085,11.25667235352257
19086,4.887925087824064
19087,11.338345527449146
19088,12.024682870111615
19089,9.391193052979803
19090,7.693158190502292
19091,10.484620311003226
19092,7.443493100400859
19093,11.613069630799707
19094,6.797866484584166
19095,8.465196591173346
19096,7.5483840939811975
19097,9.26020128124982
19098,8.084219244865832
19099,12.70584302512963
19100,9.735665290282029
19101,10.877004057119017
19102,13.200573574525027
19103,11.438200247547982
19104,9.222942595100617
19105,16.005748356832264
19106,10.549737553825057
19107,8.63545648050091
19108,10.442004652293274
19109,9.524735531124918
19110,9.567040868322975
19111,9.025145860323157
19112,8.336565131808705
19113,6.140788006305188
19114,6.577953881105643
19115,9.031929829787881
19116,12.862967813481976
19117,13.53955204061078
19118,9.737036669453289
19119,14.566863907176078
19120,4.442211682088612
19121,15.037280021978303
19122,6.446231254863465
19123,9.441836437540104
19124,9.694543758636797
19125,6.191593606886347
19126,8.040480977445192
19127,12.095874406030664
19128,12.38890337825859
19129,8.68023200173932
19130,13.747328414999988
19131,9.632477690843164
19132,7.2050499798549446
19133,12.97844943508625
19134,11.566620071629679
19135,10.406251777845197
19136,13.64653423317665
19137,7.929007168370736
19138,4.531584009053514
19139,6.725718130219015
19140,7.022804189108526
19141,11.217798737735894
19142,5.47045171010423
19143,11.12845791156301
19144,6.283934439157914
19145,9.666394402867944
19146,8.867104388071514
19147,10.918555193278378
19148,9.894708314121376
19149,10.283205078914897
19150,9.415509144797767
19151,10.214900901266716
19152,9.71891711882935
19153,9.582318318516986
19154,15.732843718883649
19155,14.328480673386311
19156,11.477008656408422
19157,10.951186898842835
19158,6.1361146494501195
19159,10.086449472803306
19160,15.525665233039375
19161,7.625415179254349
19162,9.127452598239481
19163,7.145241015595976
19164,9.008123131295756
19165,11.86700120273412
19166,4.549589499026358
19167,9.228784688334342
19168,9.112560053740621
19169,9.471183829581125
19170,11.069243288112663
19171,10.795886374966853
19172,9.838902311579094
19173,7.959222376613107
19174,12.078263980614025
19175,12.357537703888328
19176,6.19582960222386
19177,9.350503202592972
19178,12.062197135283977
19179,6.522568555610356
19180,5.406898013936429
19181,10.359147276771255
19182,7.284317712263968
19183,14.968013339679542
19184,12.270198207953804
19185,6.681500840383839
19186,9.693180612771204
19187,8.352910090726624
19188,12.446968588012183
19189,12.028012777689518
19190,8.316635253513468
19191,8.34163511223108
19192,5.2831450281587955
19193,9.380889265114938
19194,11.40014706026566
19195,7.937267567194628
19196,5.208820297517358
19197,7.168656416321172
19198,9.73074555313185
19199,7.080953667225536
19200,16.64694215430722
19201,9.884921219071547
19202,9.16471647499041
19203,11.307649259645874
19204,12.333492333591613
19205,10.16407032001743
19206,9.505600262041348
19207,8.933626193369406
19208,14.153023446968326
19209,7.915917615546654
19210,9.196222361571541
19211,5.925863949043318
19212,9.96155960010476
19213,10.079687259137716
19214,9.17426722478008
19215,9.093185765169078
19216,7.2466349123287195
19217,9.29776081980772
19218,6.735878643837621
19219,10.935760835571674
19220,11.688402607320075
19221,7.637249771484969
19222,13.644627436067669
19223,10.3818254030383
19224,7.185865703707283
19225,15.042112044684485
19226,7.214783356363527
19227,10.262613086665509
19228,7.430978663377515
19229,9.870793347489725
19230,8.283031783624242
19231,6.557035303839233
19232,6.89046687199463
19233,11.241987729384267
19234,12.067951074329727
19235,8.875791128820897
19236,14.019646875112187
19237,11.156133130517185
19238,7.319028343986233
19239,8.328747144074907
19240,7.918660950550914
19241,7.567000989887381
19242,9.680468048560776
19243,8.824897112925923
19244,11.646643153219264
19245,9.645215121717603
19246,9.869085724172006
19247,7.259030292615089
19248,6.808362314656041
19249,11.620561467640766
19250,10.745038155701963
19251,9.477196839841998
19252,14.666843353229082
19253,10.586488871701514
19254,14.220459600531909
19255,8.268187250289907
19256,10.038426853383687
19257,9.419256749830659
19258,10.661009870328
19259,10.158084877616261
19260,12.246608855399465
19261,10.848448379394794
19262,9.625656530628891
19263,9.03895912662406
19264,11.64300576391876
19265,10.847191866559417
19266,6.889577224251148
19267,10.428734438891414
19268,8.474112313328664
19269,8.597303239168465
19270,9.657041761643141
19271,6.8806271542603685
19272,11.86990429047488
19273,13.376128736200682
19274,9.821971824190122
19275,9.910684146888254
19276,9.870495258357172
19277,8.908308244661379
19278,10.150857590503438
19279,11.039592319230175
19280,10.843024550014151
19281,6.918547915686691
19282,6.662787379397897
19283,10.781483540406338
19284,11.163871263174974
19285,16.050047948878213
19286,9.58435236166901
19287,11.389523634617383
19288,8.750972590103194
19289,15.987749113712788
19290,8.280833779926331
19291,8.45404649611535
19292,11.256994412152508
19293,8.99825792763778
19294,12.030261950651775
19295,8.414693404835536
19296,8.813725937395608
19297,12.631454472172399
19298,6.748752642235683
19299,10.891642442610015
19300,4.570001196844859
19301,8.360271425857388
19302,7.419682979907729
19303,7.217663222050868
19304,16.07113353935648
19305,8.978085472987466
19306,10.718795380238229
19307,7.444401980594564
19308,6.738521107103648
19309,10.919700212846731
19310,9.475230932806461
19311,17.01256098387769
19312,12.14574308593474
19313,11.85338805791828
19314,9.478547080303203
19315,9.496482616727686
19316,12.582916330334983
19317,9.492580274622071
19318,9.95329819391714
19319,9.866282106721332
19320,7.482632283408228
19321,13.929528068189246
19322,10.522331441146518
19323,9.604588331603605
19324,10.611301033344631
19325,9.83218986645792
19326,6.862583832379859
19327,9.02037422933661
19328,13.422986635391977
19329,12.872144286734162
19330,5.590937385773211
19331,10.595286842831845
19332,11.775222376559375
19333,9.777671385026117
19334,13.613743370446386
19335,9.80028712671017
19336,14.28003274365076
19337,8.173196208538272
19338,9.326236250301328
19339,10.957522348721383
19340,12.207377922521356
19341,8.012891358162843
19342,10.59738434350756
19343,7.221560477097717
19344,9.454974205582369
19345,12.170495674899005
19346,11.417912619429785
19347,6.596506580943611
19348,10.969258738414286
19349,10.826669142377177
19350,11.227731718632992
19351,11.616862463950913
19352,9.404185004830136
19353,11.60367680946009
19354,5.090153044069502
19355,11.121428158563766
19356,10.742591882995596
19357,4.393435317611215
19358,11.778607492449494
19359,6.954099249460428
19360,9.781416698744891
19361,8.915768885450017
19362,9.070967604510678
19363,10.105836651689724
19364,11.592300829472023
19365,5.322318887926905
19366,11.397991731323732
19367,10.373514808958092
19368,10.394427844623813
19369,12.033991607849263
19370,8.746585230350254
19371,11.885347068762636
19372,10.539106534184036
19373,11.840489848263733
19374,5.063539831347782
19375,4.416652846030851
19376,9.806149756773783
19377,11.879603605709683
19378,11.168495563751808
19379,5.286659257534103
19380,8.912969559103285
19381,9.33450125671733
19382,7.625472733045687
19383,7.839595827702372
19384,8.002129354070783
19385,6.909289078398968
19386,6.64868928513734
19387,13.205979681800946
19388,8.680644570031633
19389,11.353930628319777
19390,12.170099232357206
19391,11.402056613653116
19392,9.123302978661325
19393,12.642810547139
19394,16.04291277240839
19395,11.295014338040705
19396,8.88676127569833
19397,11.183869112934001
19398,10.871777132395
19399,11.646212239000434
19400,11.776095022826851
19401,12.571555732329474
19402,11.12907671412756
19403,11.852721045204133
19404,6.590948108441212
19405,16.61168078629541
19406,10.716914983897095
19407,7.471838865790044
19408,6.774923709095583
19409,8.677712327300483
19410,9.358440874336194
19411,10.153809575367843
19412,9.014406153150922
19413,7.832404940806368
19414,9.018794388196739
19415,11.493662226602329
19416,7.30076919551649
19417,9.527681790187467
19418,11.028445679728014
19419,7.8181538767916905
19420,9.73356220518971
19421,6.209457899875752
19422,10.817103499387876
19423,15.75119019323204
19424,7.964088158544818
19425,9.15151211261134
19426,9.532986787606477
19427,6.642480540164568
19428,13.023843749550359
19429,6.660445872647279
19430,10.38765833516613
19431,10.448112807274665
19432,11.112136799734815
19433,11.611229643195035
19434,8.79146296936057
19435,7.03512098237389
19436,11.777596756319694
19437,10.749409952236716
19438,7.127714751732696
19439,8.940378647517546
19440,10.26460948727074
19441,9.69175083879061
19442,6.655124785741647
19443,9.997960945956788
19444,13.403177674759231
19445,15.660621053580059
19446,14.154343405875773
19447,8.170212831770357
19448,7.675027061889431
19449,9.19599759956828
19450,10.704029052533665
19451,6.481083830005012
19452,13.796646068835301
19453,10.68372474104374
19454,11.38407350987519
19455,7.692280257117805
19456,10.886252233931472
19457,11.930923285101233
19458,11.876177378968773
19459,11.313752155020559
19460,9.247039383326634
19461,10.020146403772891
19462,10.796219574436986
19463,10.551090988723303
19464,6.957838862564108
19465,6.989411687820471
19466,8.786112795358882
19467,11.334541924820702
19468,16.180337011543347
19469,5.662609025475044
19470,9.90571532031752
19471,10.459193059999148
19472,10.320476681518844
19473,14.771577340558194
19474,11.917404567869028
19475,11.321671233247931
19476,10.135840282253087
19477,10.256200115629612
19478,7.221648644012394
19479,10.411705763683445
19480,10.05646207908684
19481,10.063393518837355
19482,14.016954166883966
19483,11.43150014361066
19484,12.186631591798621
19485,9.641880202333441
19486,13.517076342433208
19487,7.240011916205217
19488,8.967167634183024
19489,3.935582168676584
19490,11.41287670952517
19491,11.965221311601923
19492,10.752909613196987
19493,5.682858338056972
19494,11.571055531611067
19495,7.930736156633941
19496,10.983904254145
19497,10.325280366573221
19498,7.420179037068685
19499,9.38763822559254
19500,11.82359885213652
19501,11.811641629834721
19502,16.23104357498044
19503,10.30290966613188
19504,10.353338181020252
19505,15.431978838089025
19506,10.133556469533033
19507,8.751882812884144
19508,18.241929807818128
19509,11.013468473018602
19510,11.144138253694322
19511,10.045215624669611
19512,9.681902443795853
19513,11.027489144079688
19514,10.110743527388589
19515,10.08562169194537
19516,9.393237584015454
19517,10.790558701487946
19518,7.434625737520726
19519,11.104294047298016
19520,12.029268759724108
19521,9.930556984083244
19522,10.740394056707167
19523,11.270446437648328
19524,10.182705666633932
19525,11.827989126098263
19526,13.872194192498052
19527,11.802128784065928
19528,11.076802468253518
19529,10.487704903887241
19530,8.789716454322331
19531,7.576252340253566
19532,11.349512871142073
19533,10.316735217020433
19534,8.753572693377286
19535,13.19349137192529
19536,9.272502691646693
19537,11.12606764055322
19538,13.807128032933104
19539,11.105542215648002
19540,13.229254851111243
19541,7.801743928981365
19542,9.881015041658
19543,12.141961823313782
19544,9.267660031852623
19545,9.886025992685052
19546,14.103359192988256
19547,11.115938398453832
19548,13.518573684855125
19549,11.28006491540097
19550,10.541831594756033
19551,10.079907161439074
19552,12.542739725888488
19553,8.44894099702689
19554,10.410868691769126
19555,9.92984665587173
19556,7.923944568261607
19557,12.543419960975694
19558,9.157729070993994
19559,10.015418116125025
19560,10.912108148155397
19561,8.135380289975718
19562,9.236002999450772
19563,7.50061108012648
19564,9.284058291952679
19565,9.369071414904695
19566,6.9984497459607145
19567,13.607206154509715
19568,7.838150015676391
19569,9.98471362883868
19570,10.89944847198915
19571,10.61905306930975
19572,7.455805456841004
19573,9.829569983208469
19574,11.281058687808365
19575,8.699380600763723
19576,8.772755154872414
19577,13.307039546107786
19578,6.737737711234553
19579,4.425263360340681
19580,10.74233848270772
19581,10.949203468919272
19582,11.483422527938432
19583,10.12448008916043
19584,9.04879733810819
19585,10.839143756233042
19586,11.459321853233192
19587,4.364227501140521
19588,9.064106823342772
19589,9.436100438735458
19590,11.667574690639132
19591,6.711425567283691
19592,12.831425497115772
19593,11.825434578965528
19594,10.410962613036006
19595,11.034920430598792
19596,9.518575077561218
19597,11.43410991750982
19598,6.549565153208642
19599,9.42903938698014
19600,7.563127543622748
19601,11.507157789208854
19602,19.792966797499634
19603,9.935947443022402
19604,11.360708003903135
19605,13.266517717145074
19606,5.620333383842934
19607,8.567466238293942
19608,10.584281627927606
19609,9.261497314018586
19610,6.052333019722085
19611,17.640858045360957
19612,6.874879795109733
19613,11.293369635406734
19614,5.999779572078851
19615,14.506582870812172
19616,6.511855335989737
19617,8.574947102007071
19618,6.165361276116207
19619,10.218497956894282
19620,7.995462680772119
19621,11.948280956693711
19622,11.281105245213315
19623,7.3611627931207755
19624,4.350375073822385
19625,15.762008492663973
19626,14.579119355753424
19627,11.041373732862507
19628,12.913225514573153
19629,11.07528562916163
19630,9.154987792232586
19631,13.83871191060283
19632,10.865579282846646
19633,8.982237478784782
19634,14.39037221569036
19635,11.59377208535658
19636,12.137662212907639
19637,9.756501931992798
19638,7.488817957677476
19639,7.338535448504122
19640,7.170508838866165
19641,10.949868154851359
19642,14.763859405959236
19643,4.530238903589767
19644,13.250778040034128
19645,6.916075410014887
19646,10.9204064478282
19647,9.453962957583826
19648,11.846590648205417
19649,11.312236305343145
19650,4.2907205085802
19651,7.730045097662385
19652,6.8487289413871855
19653,7.728885725471224
19654,9.991413063630297
19655,14.402355682288722
19656,10.545881786852979
19657,14.341302863932212
19658,12.33633532689412
19659,9.220762212987463
19660,9.218091889788663
19661,7.888102874414884
19662,10.361768207870622
19663,9.988884490529799
19664,10.401273798026292
19665,6.951276781215897
19666,10.739906260712898
19667,10.974521303450091
19668,9.577785139012803
19669,9.565811117544781
19670,8.647790052038665
19671,7.78620213052208
19672,9.787513415361033
19673,11.389683999123374
19674,11.353710985555548
19675,10.659603106111007
19676,11.387921635553665
19677,5.2084938908254355
19678,10.962898166861546
19679,11.392724635297627
19680,11.662640046854703
19681,10.085186979410011
19682,9.808685478253466
19683,11.40882137361514
19684,9.353048344868977
19685,9.363008229710864
19686,10.121522622152389
19687,10.602904915535333
19688,12.104069570153769
19689,9.56056348160035
19690,8.648711907184355
19691,9.47801169841367
19692,10.583833689034284
19693,5.66123522474623
19694,9.3337637795475
19695,9.232762818379845
19696,8.493164455966022
19697,5.231172317267122
19698,5.183027005939037
19699,5.499455078099082
19700,13.813453053898666
19701,9.556175771321744
19702,11.745022168919508
19703,9.413447489117715
19704,11.260181839983481
19705,9.684545390478705
19706,9.451091933073856
19707,6.972428843103025
19708,6.244006780128753
19709,11.126436185585078
19710,7.204692111077044
19711,11.215786977348376
19712,5.094394327455529
19713,6.343579866321329
19714,10.438825346067118
19715,11.394637043217378
19716,10.522641433483642
19717,11.182888053103106
19718,10.206125513126672
19719,12.31026186937576
19720,10.64906424325001
19721,8.48494188866465
19722,10.590098037756594
19723,7.060406179537699
19724,9.216896525730153
19725,10.737572628520994
19726,7.883339550624598
19727,10.869402666349263
19728,6.5045403255134975
19729,7.719585875926171
19730,12.138610920388972
19731,10.586099841982872
19732,13.13081883080871
19733,7.614282819058161
19734,4.191216548265247
19735,11.095850577194312
19736,4.13419468298596
19737,7.639224428171442
19738,16.219989896550537
19739,9.526963836278888
19740,11.194144340635479
19741,6.936808972768963
19742,4.822559010010376
19743,9.889763599124352
19744,10.835492081034406
19745,6.639900343866968
19746,16.97656261422563
19747,4.0860758196478795
19748,12.124775409545421
19749,13.678126770922498
19750,17.545990590066854
19751,10.286824498653449
19752,11.474753513864185
19753,10.542836794847048
19754,5.11864337960449
19755,10.937137784160168
19756,9.441789490704704
19757,7.122050171140586
19758,12.643484379304525
19759,8.069683713644329
19760,7.295569503302149
19761,7.378068859811043
19762,8.603215002285468
19763,10.951675311501038
19764,11.251525398304354
19765,10.708233731620398
19766,9.609647359206674
19767,8.263477274052482
19768,11.61360456195646
19769,11.22942771399468
19770,8.087253420573886
19771,10.982162584366762
19772,10.00407945912074
19773,5.119095151421144
19774,8.92177848741893
19775,9.400071445835223
19776,10.399984169304606
19777,12.28891596989255
19778,6.858885813751611
19779,11.61834655177729
19780,9.293819803653687
19781,12.112954383732873
19782,10.65289946233905
19783,10.63868827686249
19784,10.768816221214022
19785,9.718139138743595
19786,9.554786511042398
19787,9.537032330346225
19788,6.401465754456456
19789,9.213122014782163
19790,7.267182643865957
19791,4.282001426116354
19792,12.98994355773048
19793,8.029715373953223
19794,9.890158524174662
19795,11.560850895581568
19796,11.57936051436258
19797,12.511166168945952
19798,8.54514932483658
19799,9.229042201622104
19800,9.102909066468634
19801,7.690044953996246
19802,11.939438716893491
19803,10.445542136124164
19804,7.460489731789988
19805,12.027302303677686
19806,13.761040746177645
19807,7.403409192526274
19808,4.581135034911124
19809,12.163138318490745
19810,12.763872085110718
19811,9.07719015245627
19812,7.012817177995028
19813,11.166788824126415
19814,10.668546078575854
19815,10.296927964029095
19816,10.808327311282547
19817,7.929496244290256
19818,9.449584868417347
19819,7.513551020582716
19820,5.338355717598887
19821,8.010080723140554
19822,7.576852752529226
19823,12.19792063966699
19824,5.176588230428201
19825,12.428371387186292
19826,9.329765024574549
19827,10.181432575379233
19828,10.22625150993106
19829,11.943755503841492
19830,6.842203498976633
19831,9.801057879888516
19832,9.943986157359044
19833,14.372857980991329
19834,6.779930530184481
19835,10.78017249912553
19836,10.267863057735333
19837,9.447513051424902
19838,6.009429990905192
19839,10.873537479276607
19840,9.885130607618391
19841,8.196863773636418
19842,8.259053002848333
19843,9.070974256371418
19844,15.257367069874794
19845,9.073256320870769
19846,8.737073163059403
19847,9.12645496019758
19848,7.328028978232698
19849,9.39434639716577
19850,8.735512282878297
19851,10.727166273145695
19852,9.561939875968084
19853,7.604416762176475
19854,10.322764748435876
19855,9.72035963570295
19856,9.190233042122813
19857,7.513013604469885
19858,11.967514050305624
19859,10.779459606300467
19860,9.882744818979653
19861,10.324367334242055
19862,10.429325153976688
19863,9.198752487787546
19864,9.308532197634868
19865,11.176647724521487
19866,8.92265165845927
19867,10.244150844017398
19868,10.624603235961334
19869,6.533419997817229
19870,14.403300879092486
19871,8.987554544195978
19872,10.354328935375236
19873,10.231235271551261
19874,11.374311804426835
19875,13.000851820254056
19876,9.350090930440143
19877,6.518495562607434
19878,7.631593077429572
19879,11.58550619220193
19880,11.360696911487032
19881,10.854481446164993
19882,6.5381592240444775
19883,8.999910305725034
19884,9.941507372797027
19885,6.915452981316735
19886,9.905386308044704
19887,10.461047873370337
19888,12.048331064628892
19889,11.190750530526564
19890,12.7924508996331
19891,9.704317104162028
19892,12.652683055992727
19893,7.48959436199185
19894,11.303979750133315
19895,10.7931864332024
19896,9.804878798041749
19897,6.39402657814964
19898,10.565895211370202
19899,9.788068879990385
19900,11.73117918573972
19901,9.690202968538713
19902,5.364519752709507
19903,7.716340649140146
19904,8.169223373845329
19905,10.400659772273613
19906,10.43999882919713
19907,6.5687787454247655
19908,10.648400262024463
19909,12.364600271916814
19910,8.975844308647257
19911,9.306923701939187
19912,7.660901602319081
19913,9.466843111361722
19914,10.78017715728804
19915,9.048154252402211
19916,8.323619032422979
19917,7.016889610192441
19918,7.17717660222914
19919,9.945773612070946
19920,6.34983749422918
19921,9.664570143388893
19922,10.942864520368193
19923,9.869452146387419
19924,13.757822573807534
19925,6.732171777852071
19926,8.984595016993424
19927,15.085615752100235
19928,7.241170679289671
19929,6.556577905219232
19930,8.30893934269394
19931,9.49569639732864
19932,8.89606672005263
19933,6.9167861508894
19934,10.478262254985673
19935,10.53695913017659
19936,10.407359749135857
19937,10.408472393536194
19938,14.556636304955006
19939,7.471237256129658
19940,10.18178762206702
19941,11.338485927184376
19942,8.893278098452894
19943,11.14164283299008
19944,13.20697659738893
19945,7.033932201088956
19946,13.331258455160247
19947,9.799157266706978
19948,12.092336239266608
19949,6.422168538287828
19950,9.374192519025135
19951,9.229514990502532
19952,17.87141287545142
19953,10.41209468228929
19954,12.979955328531382
19955,7.711642673274895
19956,9.75216928425354
19957,6.52403066638652
19958,4.710337554221205
19959,8.885727387411027
19960,7.438743155403951
19961,6.467726236504748
19962,7.343956497356018
19963,12.687634805235632
19964,10.242212128079089
19965,10.840014981811839
19966,11.492887529420482
19967,8.747098310680899
19968,14.349174015087245
19969,9.11120645773482
19970,8.731597833618235
19971,10.127849114775554
19972,12.102490694100773
19973,9.264008693168378
19974,9.715659715396674
19975,11.635836501168182
19976,7.14581637851062
19977,10.965386758415661
19978,10.179341992720936
19979,9.033674494899032
19980,11.643550379618851
19981,9.643987704271163
19982,8.970259355832152
19983,11.294141640114976
19984,13.589931818717494
19985,13.390096849052405
19986,6.935328367154646
19987,11.49747743949369
19988,12.161322104364743
19989,9.151254948137098
19990,8.940367865090156
19991,5.781389441606393
19992,7.224720042112809
19993,12.029667144639383
19994,10.465823630947643
19995,8.403756206107671
19996,10.36151725263693
19997,6.956372165246785
19998,6.459957181804102
19999,9.30804236190831
20000,11.014005044872086
20001,8.223957997537315
20002,9.842678700893781
20003,5.38880742929722
20004,10.524150680349019
20005,7.4825111320270485
20006,10.57036484749134
20007,10.628686524371968
20008,11.817810947712278
20009,15.181999079093305
20010,13.312943094633255
20011,12.349245457188978
20012,13.7140708152613
20013,10.777869992199841
20014,10.159374935581095
20015,10.084335049118478
20016,13.879984849807354
20017,8.531566719630048
20018,10.46327174323642
20019,12.418496679237313
20020,9.44456732332208
20021,10.273009816621688
20022,9.868106989236216
20023,9.624555619642873
20024,16.41249400015191
20025,5.509966364030847
20026,13.783269561567913
20027,10.016371050658693
20028,8.738286759106886
20029,5.367032884164766
20030,15.81008759105542
20031,13.156738473599209
20032,9.320310890583478
20033,9.218352001034031
20034,9.451749748241845
20035,8.833304263542463
20036,7.149771079861201
20037,16.064177556060212
20038,12.354289738263631
20039,6.736777937877282
20040,9.447682211594282
20041,14.47384675146332
20042,7.575315424654092
20043,15.861037388275662
20044,4.292958873221155
20045,11.136940332936074
20046,11.555930670985303
20047,12.344119485711772
20048,11.211309843436588
20049,10.924626289991844
20050,10.181783032997975
20051,9.620905649004392
20052,9.624691526061508
20053,10.684181433333007
20054,5.742507658112905
20055,9.699171068403118
20056,11.36587065739295
20057,8.9995653630688
20058,9.215019330281166
20059,6.427719570787602
20060,9.553594554180844
20061,9.368683034977323
20062,9.71888754139827
20063,10.001002802833113
20064,6.524876950924786
20065,10.567437226240601
20066,10.215221271827367
20067,9.668496960035109
20068,5.52498551988368
20069,15.60164100581039
20070,10.149223583194846
20071,10.432634847536756
20072,10.280691686719196
20073,13.987249294732045
20074,15.013174100075544
20075,7.07426337690443
20076,9.053565038433462
20077,8.85248733485244
20078,12.631761283906103
20079,7.283396939721657
20080,9.145967755208712
20081,9.958142091636434
20082,9.986103538922466
20083,7.282963787918247
20084,9.640898710312126
20085,6.972269257505335
20086,11.33743243463839
20087,9.63598542275108
20088,8.005655919557
20089,13.34110202519907
20090,10.125794118282478
20091,9.083194052725393
20092,7.508835025037232
20093,10.04545243390748
20094,14.891049199602984
20095,10.486285782815138
20096,11.038329984927927
20097,11.654232990815128
20098,13.225861423202202
20099,7.492369466032548
20100,6.762302786596303
20101,7.83265300838849
20102,9.889622161240359
20103,12.986453032648946
20104,8.76081097182254
20105,9.678433340952932
20106,10.20438570651191
20107,7.815900209643226
20108,8.071804654572343
20109,10.324313732741354
20110,10.693916767887028
20111,7.410504765006488
20112,12.670263498704523
20113,7.164236760853933
20114,11.340967900035128
20115,9.750962864333143
20116,6.110135833214126
20117,12.151548734552424
20118,15.73197045182166
20119,6.197332587834181
20120,4.9175169479791485
20121,11.064592769933082
20122,9.932505887422838
20123,9.168433946558796
20124,8.352451903998073
20125,14.459404979225527
20126,7.977920953439316
20127,6.960740561048653
20128,7.588387366261904
20129,6.744445747461766
20130,10.979768796999466
20131,10.518838353042987
20132,11.20454590717289
20133,4.683008726323654
20134,10.912519112705876
20135,12.691823509590435
20136,8.083539740078347
20137,7.865416589738004
20138,11.297715783171027
20139,6.895505373416926
20140,6.924561156661824
20141,7.060304045347667
20142,7.730260341538821
20143,12.464278905808243
20144,8.154350824833454
20145,9.875713436148523
20146,11.118727528139988
20147,7.239712914809061
20148,10.825507529346607
20149,7.488850107348773
20150,11.461276078938381
20151,5.724040482413477
20152,9.468061473804514
20153,9.448965635716142
20154,7.508452269531367
20155,9.530585262261816
20156,9.648135217065681
20157,11.283764014829018
20158,8.94592470031764
20159,12.575694222392919
20160,9.955903939179205
20161,12.815662821648331
20162,9.003571132535917
20163,10.557462046303515
20164,9.273966082279465
20165,7.957426339279893
20166,6.321428403443364
20167,11.984422094960802
20168,10.831053061994425
20169,16.287106176330596
20170,11.491403245895523
20171,13.212823585182658
20172,9.987336697098199
20173,11.051800753106523
20174,10.446315889458587
20175,10.447712663349177
20176,14.0366812742774
20177,7.702153116704195
20178,11.147489646657029
20179,11.341142831315537
20180,5.311203307260046
20181,11.4614930540675
20182,6.71213806828665
20183,9.718519014406029
20184,10.835841287025225
20185,8.478885102779257
20186,10.758032035909725
20187,12.64411471740682
20188,13.788908572247479
20189,4.63469219200878
20190,11.687666325402002
20191,10.343428876055
20192,7.7597853871771845
20193,11.280591144200834
20194,9.586787543783402
20195,12.01113797888989
20196,10.1803599679607
20197,6.450477421660673
20198,8.605071336706926
20199,12.830662644539895
20200,10.856302735046157
20201,9.850311460228266
20202,4.020257337058617
20203,11.30854443106345
20204,10.219243394885353
20205,12.22970855713342
20206,11.973549158881482
20207,11.71596476924168
20208,12.466004612688025
20209,8.693895018292269
20210,13.231797765040202
20211,7.486395763170641
20212,10.415296687320039
20213,7.097466825026607
20214,10.494233059158276
20215,11.1264009509657
20216,9.823462594324408
20217,11.98726090048099
20218,11.355643034236923
20219,13.585996518727098
20220,5.34922459771431
20221,15.113820422882956
20222,9.608971865715912
20223,11.246218385953288
20224,7.80496637024109
20225,10.727799471326346
20226,11.393160500956736
20227,11.45043988510993
20228,7.158406769869324
20229,10.459904083300838
20230,11.231185149784636
20231,7.966709326874447
20232,6.873416530843418
20233,12.176505235240286
20234,8.542575691895873
20235,16.021642098379722
20236,8.351216512609046
20237,11.622966477334181
20238,10.89009833056469
20239,8.816002363370309
20240,12.969639241255667
20241,11.509332205239115
20242,10.021095036280464
20243,7.835238506558721
20244,8.718021691657107
20245,12.059992507993405
20246,6.564119751209496
20247,8.821578873267642
20248,6.414484614913596
20249,7.110370963323432
20250,10.118939494371961
20251,10.812171698043478
20252,9.524517877142246
20253,6.449911465063285
20254,7.968706917004749
20255,11.835037096784859
20256,11.104831992831706
20257,9.001366458304414
20258,9.432356473469406
20259,12.234685747059835
20260,13.520772409884433
20261,9.33705065567774
20262,11.209736403170929
20263,11.25778798050903
20264,10.662474624199653
20265,7.700383599913864
20266,9.972161095083765
20267,11.31888836044552
20268,9.772735208337913
20269,10.264275179878846
20270,9.527380940124289
20271,9.244898259114313
20272,9.70934025581323
20273,10.154798076255487
20274,9.166273064144178
20275,8.597283919437825
20276,11.680259167007595
20277,10.945147343748353
20278,11.12327145724579
20279,9.75830036183162
20280,7.167852937098086
20281,4.326140226761901
20282,8.148167508843787
20283,13.049384008727007
20284,6.767767272658324
20285,9.829898816519549
20286,10.154442785150916
20287,13.336881364019284
20288,11.585732798546506
20289,8.576219361768377
20290,9.008228960404285
20291,5.359846709157333
20292,14.818047942873392
20293,7.129693337660184
20294,6.887532337173764
20295,6.716014526258789
20296,11.417041903503323
20297,10.822252947366707
20298,7.285518098324749
20299,9.587460935526028
20300,6.153955648875905
20301,9.439058510205426
20302,8.010350306211446
20303,12.12186576172558
20304,7.311741841594996
20305,4.2318391843522285
20306,8.565501701486927
20307,11.140270298436278
20308,14.13868891794936
20309,8.76594809940361
20310,9.125003707420845
20311,9.377757079833163
20312,8.569688437127988
20313,9.839146460396167
20314,4.499497399091689
20315,10.377164569077786
20316,9.14981174995307
20317,8.135303545221433
20318,10.625064411229392
20319,8.737859740313512
20320,8.796225844769417
20321,8.125973930599574
20322,8.324338419257122
20323,8.45382669370973
20324,11.405998789453864
20325,13.477353328012772
20326,8.441716375763754
20327,8.167232365824328
20328,7.626210959149844
20329,11.194847579769736
20330,9.80620412499296
20331,11.981375055246495
20332,6.210940271904513
20333,11.044834228013599
20334,11.470183089812073
20335,15.336271514938852
20336,6.965878653122404
20337,5.450793284231196
20338,10.864088376896554
20339,10.317909462774582
20340,8.719332138016105
20341,8.086171250158296
20342,11.004176832454064
20343,12.805429889160758
20344,4.077685676844
20345,13.607659302134826
20346,14.221441749932726
20347,11.242016525481162
20348,10.631186256145615
20349,10.718770667162715
20350,15.351032539911905
20351,11.084829474557953
20352,12.216324040793921
20353,10.831003539143694
20354,9.953825334359653
20355,7.0925386534447705
20356,4.595875136244398
20357,10.308726179109378
20358,12.019245798913815
20359,9.512443437036554
20360,10.983083531066082
20361,8.691714479956005
20362,9.664077863195624
20363,6.841525578261563
20364,10.546824460327588
20365,6.544211578282052
20366,15.497908730051671
20367,8.378265810387559
20368,10.823704158359892
20369,9.23594533624545
20370,7.849606995303981
20371,8.795798749569665
20372,13.685479315008243
20373,14.095103430604382
20374,6.5782351531838374
20375,9.801693406186065
20376,10.683035278648596
20377,9.254617632933275
20378,17.548900268902702
20379,13.905017831251469
20380,7.1598560141465235
20381,10.317596627112248
20382,9.73635977186752
20383,8.230309016206672
20384,10.539604561354633
20385,8.315190484189216
20386,6.828456971033766
20387,11.498443240142242
20388,8.801590702576117
20389,6.302400906804828
20390,15.201195801207788
20391,11.418142488450133
20392,9.73766423097743
20393,11.634073442774486
20394,10.195363925993734
20395,11.121691120431766
20396,9.665851018817062
20397,10.197314481022866
20398,7.929796094767548
20399,10.51673906965393
20400,10.557769673356749
20401,8.45541361312036
20402,10.722941828035719
20403,7.302384617705992
20404,13.024682770487647
20405,10.695752044500251
20406,9.28603752374671
20407,10.572361339942205
20408,11.37493775978579
20409,10.850576964204036
20410,9.326987191030842
20411,9.60603392358426
20412,9.168819758056184
20413,9.073659929752415
20414,9.530759715516323
20415,10.413400635693215
20416,11.36221991312567
20417,9.68037044378178
20418,16.506863388356397
20419,11.040529203692302
20420,5.456775001333407
20421,8.404193072682997
20422,10.036526261697638
20423,7.612648898166248
20424,10.404788632182917
20425,6.542890639271748
20426,10.307268994416429
20427,14.76113046473435
20428,7.550259499417063
20429,9.025320495085015
20430,10.938188182622568
20431,10.830305220928583
20432,13.929304652636231
20433,9.60908603286313
20434,6.144912358130811
20435,8.888411928533147
20436,13.381427151189595
20437,10.567402792735564
20438,7.639261730565232
20439,10.768956282929757
20440,11.15834558204413
20441,10.428178712287526
20442,10.600723145568029
20443,10.931096871789283
20444,9.994663267153559
20445,5.5574588561789575
20446,8.891162367560502
20447,10.020443876943801
20448,6.825992748047758
20449,8.18363345059809
20450,13.567073813107015
20451,11.742398501689399
20452,15.375985931219928
20453,10.330249394072972
20454,12.331689550307722
20455,10.483420622346596
20456,9.493846571552563
20457,7.1377289763574705
20458,12.876028126757681
20459,10.247687505163935
20460,10.713384892748849
20461,7.890432483820707
20462,6.161703540284609
20463,14.848438416432687
20464,10.153058026383865
20465,9.705880161047372
20466,9.222984585390483
20467,7.470929944704797
20468,10.944766955824022
20469,7.909088038342595
20470,13.9617928390485
20471,10.251942723189178
20472,5.64435125388829
20473,10.107384231088524
20474,11.175698157795933
20475,8.038299100628803
20476,6.805978061860494
20477,9.661119304513322
20478,7.484259951327554
20479,10.591697585577851
20480,7.638617608781292
20481,9.82949740010166
20482,16.548543927576986
20483,11.706964122489719
20484,11.483341849971296
20485,11.677148378568113
20486,9.494273341755516
20487,10.700930780286821
20488,11.78042511248417
20489,15.213830492614429
20490,9.189711305973606
20491,10.806454748571136
20492,9.237020836064064
20493,11.344379181401779
20494,10.0329582362469
20495,7.614983901477928
20496,11.156935356075572
20497,11.73637057153467
20498,11.523802062527714
20499,10.385933156677345
20500,7.0425278486802485
20501,9.303111001121472
20502,9.749957961693326
20503,10.991287890136
20504,8.678855098155623
20505,13.951882399138471
20506,15.910434875763606
20507,7.8263199686629825
20508,9.886762969017358
20509,6.616436680524403
20510,12.737098633212653
20511,8.936226795568741
20512,10.949402731566416
20513,5.160529992713032
20514,8.592040561874505
20515,8.465270665813271
20516,7.819422472102309
20517,11.92171801649393
20518,15.793889033873425
20519,13.821979088762795
20520,10.610023355456494
20521,13.029571168426221
20522,13.646088484322625
20523,11.145909370486645
20524,9.7888754752358
20525,9.834560220321896
20526,5.988392665284135
20527,13.261632114748817
20528,9.371124052347376
20529,10.063106997998204
20530,9.726793956636271
20531,6.42911621123902
20532,12.253947128914248
20533,9.682027070389166
20534,6.358688412663557
20535,9.790970044560487
20536,10.25032865200011
20537,9.61229963598058
20538,11.577652740915902
20539,9.243336235825812
20540,11.760469352113436
20541,11.25480283979811
20542,7.583882600107335
20543,6.288316727196345
20544,11.233483923178477
20545,15.396439104836828
20546,6.118487574382266
20547,4.72479331092468
20548,11.825498949385546
20549,7.475287053609689
20550,9.925154613009575
20551,8.00349343571547
20552,11.590003681007254
20553,8.756079329289431
20554,4.096609074850616
20555,10.573322885056283
20556,10.73931323875204
20557,9.892892876951393
20558,8.208054698700552
20559,10.481859933700239
20560,10.573696302410875
20561,9.635628000160684
20562,11.577231794639395
20563,11.437949356165248
20564,10.463055506746283
20565,13.474282879863393
20566,10.890937411298133
20567,10.41356880945717
20568,9.671260930364495
20569,7.972601516065504
20570,8.287654547688664
20571,11.89815621196582
20572,11.877251421493009
20573,10.789618010074133
20574,11.247531680590896
20575,8.645510030742674
20576,9.127221385509046
20577,13.265212916174397
20578,11.900186010263157
20579,6.668022253745186
20580,8.981066340363652
20581,10.77899902495832
20582,10.3454875465972
20583,8.710482109425154
20584,15.221040653793644
20585,9.017490201096962
20586,15.509684658685309
20587,10.835414085655948
20588,7.674290909630331
20589,7.770578714246367
20590,8.840989277744557
20591,8.098174196663562
20592,9.028299212471087
20593,10.653134665714093
20594,10.485294412174039
20595,6.857227789643086
20596,7.076108368939213
20597,11.054152112605136
20598,14.036332385678008
20599,10.914381069741989
20600,8.712050092515193
20601,11.665932248757214
20602,9.985367437120146
20603,14.853544982542761
20604,6.52925022613429
20605,9.704417842160508
20606,8.389827521303868
20607,9.624575635136825
20608,4.424532950503654
20609,11.423606628618284
20610,11.105775935848015
20611,6.696759768979193
20612,7.308189215752571
20613,9.041301940865843
20614,10.34156682698939
20615,9.996495241838307
20616,8.032104966193174
20617,15.713126361435613
20618,11.056777915474179
20619,10.819796525000235
20620,7.612996872932364
20621,9.443588773263482
20622,5.242912203495324
20623,12.621693803167588
20624,5.055319392345796
20625,10.6317007179963
20626,4.022838044485125
20627,12.783574170445448
20628,10.543358158182667
20629,10.365257519981974
20630,14.264243014642126
20631,9.603615577546975
20632,12.577049353246602
20633,7.936240932732108
20634,9.804083207784227
20635,10.45500871378516
20636,12.37796733214883
20637,10.339749318133446
20638,10.018728572687623
20639,11.426519251189047
20640,8.790837404012589
20641,11.30522314605808
20642,4.107271042244421
20643,8.038821142966253
20644,8.093598117187852
20645,11.19487742248932
20646,9.64813894299257
20647,11.024611401361621
20648,9.114004432007505
20649,10.641719254686446
20650,10.546744800480916
20651,14.635001546994403
20652,9.129178374406532
20653,8.671547006681735
20654,9.775298548334955
20655,10.046047361701284
20656,8.857410338486114
20657,9.565681858498055
20658,9.310904110788774
20659,8.980000351187297
20660,6.8916673252359555
20661,10.837331468975606
20662,14.595975928025265
20663,10.025810066174504
20664,16.079663364918378
20665,9.257490702886361
20666,10.271085243367214
20667,9.774426290851915
20668,9.12346620365939
20669,10.415163252052327
20670,9.001038283649127
20671,6.527827181765704
20672,10.262024832664931
20673,13.118585319963174
20674,9.2348252240236
20675,7.994638797333925
20676,10.428587996830649
20677,11.109383052411731
20678,10.604212660649893
20679,13.850840191867452
20680,9.968341611892468
20681,10.60517317831136
20682,7.129061669168305
20683,7.678539833536943
20684,11.220219094711165
20685,4.7606778870804245
20686,10.1874599476535
20687,7.7887690527195055
20688,6.322479836473791
20689,11.553607484932975
20690,9.58882415182041
20691,9.30336273834179
20692,9.759412985038274
20693,10.10945411862757
20694,9.779854831867105
20695,9.048277977282925
20696,10.456598558617051
20697,6.883718864328949
20698,8.47225776290554
20699,17.186284237785323
20700,10.314278758784253
20701,10.948779853505771
20702,9.315320628460784
20703,8.300015942769004
20704,12.229673109746086
20705,11.643374400126387
20706,11.49194741176624
20707,8.13952755385369
20708,17.45325757318293
20709,14.229882588309547
20710,10.955263320099956
20711,9.649397797737482
20712,10.976833783941665
20713,5.345670369313759
20714,9.850461412317546
20715,12.92284848231349
20716,10.872164226736729
20717,8.572617693111681
20718,7.531076147637118
20719,11.21609605878673
20720,15.933457270908665
20721,9.8216056329648
20722,10.634987423856419
20723,8.067962760538194
20724,6.639338208550084
20725,15.018569415336675
20726,10.021818124503092
20727,8.436252769230599
20728,10.69296452290001
20729,8.985044091000956
20730,9.448760908248586
20731,6.98704195565997
20732,6.788198947263685
20733,10.66074082451658
20734,12.825561206799362
20735,9.634695656273523
20736,15.365022680612036
20737,9.96971124416409
20738,9.00961206995408
20739,11.548128785383799
20740,9.800066391823817
20741,10.060986606000693
20742,13.584829371697104
20743,10.035474848223881
20744,8.578486593453183
20745,5.604158636848749
20746,7.270601462094163
20747,11.390914816492081
20748,16.42174137608547
20749,9.234325978354004
20750,9.931019858049272
20751,10.807675025866402
20752,6.559902078394129
20753,7.8484943559189375
20754,10.049191583090664
20755,10.772754403523379
20756,10.67085956017234
20757,9.359445142591193
20758,10.993496937477243
20759,6.45948498919942
20760,5.576482685159011
20761,10.944848265086504
20762,9.311881209307614
20763,7.8538045932060925
20764,10.724798400845202
20765,10.522819921594635
20766,9.116286444516433
20767,7.233789074928353
20768,8.772271057932159
20769,7.654465804237765
20770,10.220911272323384
20771,12.169637702830965
20772,12.04789210245268
20773,10.494693858980309
20774,17.17955831951486
20775,10.172599443315773
20776,8.772881964983512
20777,14.343499934399677
20778,10.810232926740616
20779,8.279457555530126
20780,7.0586797305370315
20781,11.4142083468559
20782,15.82724488599985
20783,9.28107295943528
20784,7.6007656228124
20785,14.204737332207763
20786,9.469584553287948
20787,11.610165782737395
20788,15.417130998511833
20789,10.442366177059395
20790,9.087883303709454
20791,7.795102366396107
20792,11.60865131800439
20793,10.767804247856104
20794,6.837176688308642
20795,8.28977601371353
20796,5.180796474358328
20797,10.176745872710868
20798,9.925043528699058
20799,6.418282967665237
20800,9.74957088725236
20801,10.206292129739225
20802,5.546795612030216
20803,8.785564739645345
20804,7.81939823853528
20805,10.129952376585731
20806,8.593721663895495
20807,10.268409920544762
20808,12.838493764467446
20809,10.921875149125615
20810,10.381137012496854
20811,7.879023144070695
20812,7.416227440023905
20813,9.528992383158695
20814,10.053341612259317
20815,7.625668997096077
20816,10.398966197257158
20817,10.60967961433687
20818,7.076251274383982
20819,4.353492262584069
20820,9.084874260390407
20821,11.494395537115517
20822,8.14492053266711
20823,9.00047734235516
20824,11.462536568178
20825,13.456231012670953
20826,9.334128342215323
20827,9.46100016626795
20828,6.756039377389748
20829,9.874708432826301
20830,8.621690737034832
20831,6.432397966045543
20832,8.753661767231897
20833,9.117200373521044
20834,9.330419286091024
20835,8.144332240721791
20836,16.39120558998202
20837,7.390284458806481
20838,6.994256539660542
20839,10.846708394615423
20840,10.823213255635384
20841,10.878361093514197
20842,9.92371691146807
20843,9.227029104946682
20844,10.28618894675273
20845,13.454495175660174
20846,11.653161168752664
20847,10.032087800642172
20848,10.817082924789577
20849,5.5306577244028725
20850,9.712888764475828
20851,10.321558533883918
20852,9.326975582989974
20853,9.871356502361682
20854,12.285359247278976
20855,12.22713198500761
20856,12.25313486577303
20857,11.398495635518085
20858,8.017482156439034
20859,9.858958684180195
20860,9.30585248427185
20861,16.236900094127883
20862,10.304865989822334
20863,9.60291035926344
20864,4.650584288978983
20865,9.541508550239826
20866,11.88654927801424
20867,11.722559257912387
20868,9.399886232963519
20869,11.00863429602245
20870,9.06651911157117
20871,12.410421807845298
20872,8.587237455396323
20873,6.532195358907985
20874,7.609131672461858
20875,12.960714204545855
20876,10.893485699581179
20877,11.742350794429532
20878,10.881146485088799
20879,10.159464266270248
20880,10.624790199613201
20881,10.449198803312242
20882,10.881976579268306
20883,8.357038457007606
20884,11.586662663427441
20885,11.922318211083603
20886,10.846478580962842
20887,9.30131286462201
20888,10.157527714521528
20889,8.795959028166749
20890,7.8692590706969145
20891,5.26216033077738
20892,8.218018220141598
20893,9.75805442042417
20894,11.487195165450718
20895,7.351108517847268
20896,10.614841209036479
20897,13.560026179050967
20898,6.421455442227998
20899,11.871405778995658
20900,9.73010742483164
20901,8.253523009864702
20902,15.28915213215847
20903,8.749804226339087
20904,14.387112496518862
20905,9.219323568821734
20906,11.97839836442483
20907,10.376162439453234
20908,16.985328557271323
20909,9.792415536382023
20910,7.744187885732211
20911,11.188126203651088
20912,6.060944814336212
20913,9.798506952160082
20914,7.826782486241012
20915,9.79344995659825
20916,9.966998403262279
20917,8.60870204223663
20918,8.752152846801296
20919,10.104835826854522
20920,8.670802389794261
20921,4.3501911273372365
20922,9.20590516010897
20923,11.63358980192945
20924,10.54605062046286
20925,9.444871785380599
20926,8.14833576453564
20927,9.789763184387196
20928,12.531139994336124
20929,8.282525535457728
20930,10.11214420138419
20931,8.252038356141053
20932,7.084130857966002
20933,10.233293579758556
20934,14.232147623209322
20935,15.09258372113639
20936,11.254486890075075
20937,6.224477778652732
20938,10.854189354563662
20939,5.874283698467124
20940,10.599972767545676
20941,11.056414524549929
20942,9.56973751501165
20943,7.623999076585077
20944,10.004724668445885
20945,7.192500411153259
20946,11.032638212431092
20947,11.022075415334008
20948,14.0927991924197
20949,9.80083427779201
20950,7.8680061135282156
20951,11.61012042115074
20952,8.014539151988583
20953,6.475114991675983
20954,12.080433644057573
20955,11.0026189611382
20956,10.903039096730893
20957,10.751024135680368
20958,8.006318974869806
20959,12.605593343134206
20960,10.673529093618818
20961,8.728081622420268
20962,11.778480917701799
20963,15.99363294380965
20964,10.195172514812896
20965,11.539464112933048
20966,10.078784482409972
20967,9.813873469675741
20968,10.97332066553765
20969,9.25961798359669
20970,8.382350634542462
20971,4.158665036476455
20972,10.725062420692225
20973,9.860330825267738
20974,11.259517477199068
20975,9.063187717619165
20976,10.920622288611039
20977,13.158440252635131
20978,8.27703019765982
20979,12.521730510898855
20980,13.007179617520253
20981,10.184594228378115
20982,9.689487006772218
20983,11.290471222465074
20984,7.071029883167461
20985,9.97585336192729
20986,7.212898730798893
20987,10.59620158123375
20988,9.809525804680055
20989,14.103311768495297
20990,13.947129570420017
20991,4.213759322987329
20992,10.546550398157036
20993,11.373127680220374
20994,9.883950338256861
20995,10.806952684601118
20996,10.807487182222804
20997,11.37269127535006
20998,11.276222173461846
20999,8.885412522670714
21000,6.991788724630494
21001,10.579360843284023
21002,10.727696026041947
21003,6.294234039584616
21004,8.6040542131407
21005,7.0863535355470315
21006,10.623823475359373
21007,5.235163586651098
21008,9.321143458277376
21009,11.51006575262176
21010,4.401738108751785
21011,6.252066019166025
21012,12.397735792479775
21013,8.250028380205215
21014,10.472545840281093
21015,8.486807160115509
21016,11.212684687077079
21017,6.5459703844392525
21018,6.537631313084155
21019,11.187301886941402
21020,11.66626705330386
21021,10.75021406987689
21022,8.389677951511636
21023,8.036008865661003
21024,10.25163754493709
21025,4.380827678242514
21026,11.289890784513979
21027,10.944546584094176
21028,10.999035483364306
21029,5.628923888265257
21030,8.192319065724949
21031,11.88412336169578
21032,12.58038738930238
21033,8.007100227321867
21034,10.1260917919929
21035,11.495663820509549
21036,7.573002612360702
21037,9.9273720239364
21038,9.710661996121782
21039,9.510696975455929
21040,10.688889955622706
21041,14.468331990779674
21042,9.067407161984502
21043,11.226342571623476
21044,6.4466553027004165
21045,7.488273372017975
21046,10.044488459566097
21047,8.52976117425807
21048,11.260524932198209
21049,12.022869422400499
21050,9.097990407326307
21051,9.126939829745492
21052,11.399669960150145
21053,11.016983106859218
21054,8.39026384098523
21055,10.679886747592876
21056,12.801764546981058
21057,15.291756640221312
21058,16.23470217901561
21059,11.261133943724515
21060,10.80895000396318
21061,7.904080607485135
21062,11.89865179432201
21063,12.355427023847717
21064,10.152709610225134
21065,10.331538496844917
21066,11.08819458353593
21067,11.694624602348618
21068,12.79214251332131
21069,10.101146047839347
21070,9.30794917243436
21071,9.634915115199506
21072,12.671721238127121
21073,10.179098151126269
21074,6.556835588049307
21075,4.54690137056479
21076,7.697229220297275
21077,13.93938978157285
21078,10.12887892521173
21079,4.525914265056537
21080,14.609794443764349
21081,10.06319916577909
21082,9.576942777224925
21083,8.956508237667244
21084,13.094552752004173
21085,9.570420673982765
21086,10.249323771370868
21087,8.882958959607894
21088,10.885041982573288
21089,9.330928199037618
21090,7.918893037418824
21091,10.908271353421242
21092,10.200520264077003
21093,10.921506834676254
21094,7.511218148373739
21095,15.361168195796486
21096,7.970787874892002
21097,7.419071077081362
21098,11.425447693307234
21099,10.992309654839843
21100,7.712364604795095
21101,9.03780798472879
21102,10.951734570208984
21103,6.045553388634673
21104,12.190665926806641
21105,9.579685934045145
21106,10.359592864019854
21107,7.272791976475605
21108,16.467082350716026
21109,13.127927889415375
21110,10.90938489163517
21111,12.760046528715081
21112,9.782349103651137
21113,14.302157638638015
21114,9.997355832902112
21115,10.401741283496793
21116,11.12182804757891
21117,6.681960464916038
21118,10.562287582265412
21119,8.718625342988378
21120,18.314760746169426
21121,9.000415486223572
21122,10.138873878305432
21123,9.29831160969192
21124,8.843995842176886
21125,11.868603405231857
21126,6.953027757746046
21127,7.539063368188698
21128,12.309480320188868
21129,10.94075714692147
21130,13.77858087356781
21131,11.107237659436535
21132,10.05605152494464
21133,6.956447879580625
21134,10.998181750738905
21135,6.32756987035296
21136,10.604628028568337
21137,9.497033574177378
21138,9.07303288091454
21139,11.097058793530547
21140,13.567066820570059
21141,6.422285224925436
21142,11.161220289879033
21143,9.015581536633373
21144,10.98270929803672
21145,9.461316266247026
21146,8.770808320256823
21147,10.798511692432427
21148,9.41576117961496
21149,7.660936025689553
21150,11.573107434188934
21151,9.663376453462034
21152,7.32473064860261
21153,10.485344302544782
21154,9.775460613808576
21155,9.483859109949485
21156,7.944701403924192
21157,9.616551315571932
21158,9.74720514282264
21159,8.649559137684935
21160,11.397706219901329
21161,12.036840955018516
21162,12.714780589031381
21163,12.20045522115997
21164,10.785933901807484
21165,16.47300009425967
21166,8.059646336172491
21167,9.016609618221715
21168,7.971265720343057
21169,4.522109969184735
21170,11.581670618959006
21171,7.080549755090924
21172,11.267122666415085
21173,6.703248978106178
21174,11.93669224594253
21175,8.71759490856306
21176,9.141257325928834
21177,11.99901621231514
21178,16.04522744055445
21179,7.02684783887676
21180,11.890360461019899
21181,9.970823662485833
21182,10.614957983529871
21183,11.719846259698626
21184,10.535219776491495
21185,8.826447510590985
21186,6.9375540823072175
21187,7.976336275084636
21188,9.817598705969523
21189,9.710162530350576
21190,14.478211577796205
21191,10.10770524712342
21192,9.924398844662239
21193,11.083829323175483
21194,6.9687589087226565
21195,12.403421168491525
21196,10.049738930915098
21197,9.716071687264716
21198,10.634576572342933
21199,15.148568849943093
21200,9.686585289561924
21201,8.903224337158955
21202,9.577471351815115
21203,11.010948257011204
21204,13.85851431254516
21205,14.99585852816136
21206,9.445512285508695
21207,10.24399587903462
21208,10.292239209223677
21209,10.829727935296834
21210,9.958291401180878
21211,10.046486770588633
21212,10.380660230778496
21213,11.128429648653643
21214,7.797263798487282
21215,10.073570407771268
21216,13.143680080430151
21217,7.703804557307067
21218,6.895940731174411
21219,13.968140083344826
21220,7.071406512896856
21221,13.571007814348238
21222,13.262747782259892
21223,10.775668604272877
21224,11.048516735485528
21225,8.940646371781195
21226,8.540029327458884
21227,10.759329026185775
21228,11.871897606978443
21229,6.001658862299136
21230,10.971652698041932
21231,7.841032575293566
21232,8.384318017657312
21233,7.910248962071428
21234,9.67417611900961
21235,11.249108359992153
21236,17.837488740437067
21237,11.288461590521964
21238,12.03946857884634
21239,9.197810687734576
21240,8.828654842556709
21241,8.327022032122084
21242,9.8273820601218
21243,9.03362596333666
21244,12.556943102502544
21245,9.741192099329934
21246,12.863913872447505
21247,9.747825752846925
21248,5.519159385355726
21249,6.754790226546723
21250,11.361122680061701
21251,8.054001273969604
21252,9.424222451142327
21253,12.233653549343021
21254,10.923909359895674
21255,9.795917940584761
21256,10.641983367560545
21257,10.48200021954817
21258,15.865173526675349
21259,4.099807197293317
21260,12.519673835616889
21261,10.599680873792567
21262,10.559132414102127
21263,11.067945526376242
21264,11.128244177334082
21265,6.356270235696012
21266,5.382843794116964
21267,11.00436338693568
21268,5.5337325945362466
21269,6.626025169610918
21270,12.420373304819694
21271,6.630839775740383
21272,9.519141413671946
21273,11.287858146530024
21274,7.6730445210873786
21275,12.514384797535008
21276,7.040345493156405
21277,5.890969037236475
21278,7.4853061003035135
21279,5.373084813954044
21280,9.002298981843792
21281,9.370906399337478
21282,8.302464030291684
21283,8.368229236660593
21284,9.465405626621695
21285,9.317603281331333
21286,7.085727670592633
21287,6.795816997579091
21288,4.279922438599242
21289,9.98441124835362
21290,8.777652882593664
21291,9.77300688926378
21292,12.126332797089528
21293,9.652708075538182
21294,8.015948082824583
21295,9.812935553160989
21296,10.089261159184918
21297,8.11569617921326
21298,8.282523051228196
21299,8.758222432385462
21300,12.460432489507607
21301,9.764130105068942
21302,11.55957891862914
21303,9.230322761759261
21304,8.451659378183386
21305,9.368313792191195
21306,12.117489651154134
21307,11.477380359358788
21308,7.353416222350175
21309,8.65360635695622
21310,6.3137677244253645
21311,8.953833047179721
21312,7.725806545902117
21313,7.276182167027309
21314,8.126313581069557
21315,8.6988964803367
21316,9.216845509560867
21317,11.150580067394886
21318,10.497405531398542
21319,9.144978763825463
21320,8.97754788066872
21321,10.787596414348481
21322,15.40122901072969
21323,10.434157967353215
21324,14.006785974293319
21325,11.01102889044053
21326,9.39446328247285
21327,10.370096269986808
21328,3.9873014655798107
21329,6.8375724446355814
21330,7.158408390376632
21331,5.369806344219386
21332,10.003041545484752
21333,10.608586936948456
21334,11.428410779805546
21335,10.173056967882966
21336,10.832853247838958
21337,12.787046169188852
21338,9.015511116127808
21339,10.575593575939603
21340,13.208664250205723
21341,12.393652044108814
21342,13.6209715026196
21343,7.769661486785859
21344,7.119515061167762
21345,8.224127399619482
21346,6.1928650682642035
21347,14.78168495114054
21348,8.246712092923003
21349,11.05008618204996
21350,7.181048224900531
21351,12.99735153528209
21352,6.993746271445058
21353,9.810582749218408
21354,5.19843656053429
21355,9.056220810244202
21356,9.689676963705304
21357,10.625991734797603
21358,9.884490290735087
21359,10.36294846881293
21360,10.500032883958276
21361,11.26528696299328
21362,6.605597822141828
21363,10.209121341901131
21364,6.473406817637935
21365,9.62059989247967
21366,10.896890999200123
21367,9.285279699023512
21368,9.89284853210016
21369,11.196908043448255
21370,7.51120795747554
21371,9.36778769069463
21372,6.330566307754161
21373,11.727265165611605
21374,8.972514145299566
21375,10.463648784330466
21376,10.085211535232274
21377,11.046164390528459
21378,10.815737857392929
21379,9.82050086055749
21380,4.47559129650237
21381,7.887781258621784
21382,8.47472816108257
21383,10.729288235270486
21384,9.618455355184926
21385,12.242752759229216
21386,10.521565853131394
21387,10.360126141023642
21388,11.332697297658427
21389,10.43310816730688
21390,9.18265628120912
21391,8.860737788443132
21392,9.297101884834976
21393,9.75671539476097
21394,11.35180372300874
21395,11.314544417981498
21396,9.265259245496576
21397,5.116292411676742
21398,10.830998777749603
21399,7.293423764565885
21400,10.238098734645527
21401,11.662376475856217
21402,10.245478609462001
21403,9.478872478425407
21404,17.591950376809688
21405,9.650661177212843
21406,4.7577583703921125
21407,11.556470814061232
21408,9.958187744997948
21409,8.05878836499293
21410,12.366538994001774
21411,10.832284589121848
21412,8.656519324662865
21413,10.829008998476446
21414,9.08713287029696
21415,7.161611443770601
21416,9.04839440778078
21417,8.358813392751637
21418,9.339575604691476
21419,11.871867491817273
21420,10.436767903587928
21421,8.845491469902086
21422,7.3299069422207594
21423,9.745298891590185
21424,7.33125123897206
21425,9.908189865776514
21426,10.019432866986236
21427,9.68032432373815
21428,8.678135179417453
21429,11.208435835835285
21430,10.553875560790747
21431,11.404533078303675
21432,10.401944676807567
21433,5.723915843779791
21434,10.122283098813753
21435,10.129548714694451
21436,8.092680849634611
21437,9.057142024842964
21438,8.523805707554985
21439,8.851784313141653
21440,12.528401173375158
21441,11.691217949692465
21442,10.64846893193081
21443,11.950089011986627
21444,11.334887614462668
21445,8.372688368426331
21446,6.884575288652423
21447,4.322988261388556
21448,11.22177133969135
21449,14.043006751480327
21450,11.373702604853678
21451,11.839025342446249
21452,8.975459605678608
21453,10.601061025086087
21454,10.56101147077224
21455,10.728547049852502
21456,10.614331515968018
21457,8.713310201452659
21458,8.995326834957893
21459,7.5890844484244475
21460,5.128354625029858
21461,9.92295715501439
21462,10.772400582182465
21463,9.660642251188278
21464,11.296834949920093
21465,10.681885371815353
21466,8.889102032559741
21467,3.9827832510860333
21468,11.27172750508321
21469,12.697289327423851
21470,9.493303159541927
21471,6.166359480071562
21472,14.211850415454373
21473,11.227621928296774
21474,11.514520068847728
21475,9.715411067302874
21476,10.868761573406527
21477,10.02365157462484
21478,9.457763593342754
21479,6.711061739735741
21480,8.735349846964773
21481,8.997247474726759
21482,12.049804717807897
21483,12.54082715694899
21484,14.687439867113891
21485,10.676385617470416
21486,12.019673002217433
21487,12.164660771639616
21488,6.269618841087685
21489,9.730359215315168
21490,9.032374460705526
21491,12.515991786100653
21492,7.84517995767267
21493,11.435989642302186
21494,10.443011793747626
21495,9.35247705931353
21496,12.068035306518311
21497,6.948151038321754
21498,7.344370639488537
21499,7.0419909989585445
21500,10.216177075827584
21501,9.762705078734108
21502,10.820250450247887
21503,12.955894989496464
21504,8.077175691813236
21505,11.028933203587341
21506,6.681287614373022
21507,10.963102724067252
21508,10.855127459685733
21509,9.447190039550815
21510,11.021634931497015
21511,10.264284802503571
21512,9.761886161882124
21513,10.840939433665621
21514,4.766470257593226
21515,14.194319422165075
21516,10.302576268046847
21517,3.9565986347726536
21518,7.9495407172166175
21519,8.168000252257624
21520,17.67316563574127
21521,16.14912072524367
21522,14.41549256312799
21523,9.465246424870248
21524,8.465779509180045
21525,13.427770590624057
21526,8.392105024621642
21527,11.718043820637197
21528,15.101447220450533
21529,9.251605375063594
21530,7.313645302939424
21531,9.110120576547118
21532,7.382741720302292
21533,6.72797514713439
21534,6.4521997882075635
21535,6.972677961860496
21536,12.782351488527175
21537,11.372602628109652
21538,7.830396195596137
21539,11.858330415480026
21540,11.263354472569072
21541,11.30973667401911
21542,7.749425210228446
21543,12.817939575781732
21544,8.120526537267148
21545,9.644641147710265
21546,9.902879752634908
21547,10.102034405962794
21548,6.967200917780274
21549,9.679692005243556
21550,7.622212514753015
21551,10.193649485116847
21552,7.5140506942081355
21553,7.999016537198024
21554,10.036564302237672
21555,9.593454571717817
21556,9.688059993359085
21557,9.691614410239813
21558,8.331160725862487
21559,10.165763864786207
21560,9.527056346166983
21561,12.183204599781973
21562,5.234776242922101
21563,11.766176363916923
21564,8.54412279971875
21565,5.521704437376285
21566,7.570886544711412
21567,6.812557344156416
21568,10.028436508522653
21569,10.45440140386375
21570,9.81277812826017
21571,6.165988516162683
21572,4.472780987138247
21573,9.252672556761262
21574,13.24579521536393
21575,11.460470243024744
21576,10.069828041324724
21577,10.837926574724966
21578,8.976615347918969
21579,7.017794619419451
21580,10.663656495185707
21581,11.261619650867834
21582,10.07454102032614
21583,9.725426449112454
21584,10.36510381798189
21585,11.291300924700103
21586,9.771386287582603
21587,9.722283310494834
21588,10.821960621541061
21589,11.02322096336032
21590,12.608465013514428
21591,4.469140548760251
21592,10.355625851465158
21593,10.646856480522558
21594,7.845549746770171
21595,6.277205325769614
21596,14.22631236603571
21597,7.2574762016383545
21598,11.580129084750599
21599,9.820922908864343
21600,12.395288610128485
21601,8.567360587932756
21602,9.911226500555667
21603,10.972070975862867
21604,9.782777611384407
21605,11.815325624089638
21606,9.410701075580018
21607,11.207700376400767
21608,10.077479411204509
21609,9.900440808740814
21610,12.800155729878773
21611,11.346077385085009
21612,10.901818593979357
21613,7.495259157236372
21614,10.530364815187713
21615,12.472407617972028
21616,10.388189398331711
21617,11.275500935559837
21618,9.597971223122684
21619,8.671277977519248
21620,6.5496122281592
21621,17.462298520477987
21622,10.150690164329175
21623,12.900927871882752
21624,5.676160152515363
21625,13.885656220720676
21626,8.948353194900111
21627,8.879871138001272
21628,8.471194817140876
21629,10.659628382186913
21630,14.155970514260133
21631,10.265722045609486
21632,11.01194186992193
21633,4.806478706943852
21634,8.692046250918672
21635,5.3863800163608415
21636,10.89067423492725
21637,9.2852453710575
21638,10.08552200287442
21639,10.328761945132534
21640,11.560062112666774
21641,10.190979853367981
21642,10.881879117518903
21643,12.382617715996314
21644,9.12531673097056
21645,7.151944953054006
21646,8.181310304448374
21647,9.891829387861755
21648,7.140992281083275
21649,10.70808644298269
21650,11.466860979326754
21651,9.886753462357866
21652,8.275218553822185
21653,6.830412318640715
21654,9.365042291861933
21655,7.113551686535261
21656,10.984172386286385
21657,12.95261865720272
21658,9.372481019936279
21659,7.463668424282838
21660,9.050940039611662
21661,10.39685320380001
21662,9.995339745253139
21663,6.215024179739994
21664,13.954477532148353
21665,10.434639269199971
21666,8.414275343762409
21667,6.515463693746035
21668,12.478099965152062
21669,11.667804492736808
21670,10.877396676367779
21671,7.862153765655144
21672,12.77211652008037
21673,11.614746949800747
21674,10.38837329651351
21675,8.327550437218221
21676,8.467858470115033
21677,9.719818644332863
21678,5.618156634934024
21679,13.118989313642722
21680,10.963944500966484
21681,6.203968757668173
21682,4.488467761512321
21683,8.028671623747137
21684,11.892729761358256
21685,8.707436320752684
21686,12.06576156109014
21687,11.528191129408581
21688,12.273556579771032
21689,16.242008733742573
21690,12.073526293722127
21691,9.412873154309608
21692,6.716703601301743
21693,7.012340100233134
21694,8.283981568993097
21695,10.489188978880222
21696,9.790965314526845
21697,11.560808452356582
21698,13.33765770024334
21699,12.764816404246183
21700,10.868928386384109
21701,7.068143057978052
21702,12.321396555114678
21703,10.432789276150919
21704,13.322336877141776
21705,6.361824377615089
21706,13.372383732926615
21707,9.36663115511672
21708,9.803113271108387
21709,12.47854240906153
21710,9.154231848685235
21711,10.794185934699275
21712,6.388677859986912
21713,14.456910394542795
21714,9.512806254343987
21715,4.968604905711141
21716,7.428963426821554
21717,11.876932482814825
21718,13.485682986307724
21719,8.54502095523137
21720,10.46154868685122
21721,10.0097329699777
21722,7.247308777252566
21723,10.483964796915945
21724,17.53146177882088
21725,11.788734489277726
21726,13.356558938270926
21727,10.052378457591782
21728,6.9911205269998575
21729,7.598915075665342
21730,17.525656809838537
21731,10.477629605958061
21732,18.81656999468445
21733,6.3152862020571625
21734,10.062398515471738
21735,11.280685991773415
21736,9.941139091808417
21737,9.950489034119645
21738,10.102337805576019
21739,7.754594128368544
21740,6.67153853279521
21741,9.35389639299609
21742,6.902610659559215
21743,9.669728051999988
21744,11.517320714028985
21745,7.847583440108558
21746,8.697591528037592
21747,9.95619826459388
21748,5.479720639368503
21749,9.576737428250675
21750,10.422210607691134
21751,14.845169687501636
21752,10.366443057117717
21753,11.379599558729224
21754,12.312142390978531
21755,15.570452321950283
21756,8.943362723046945
21757,10.940440915171525
21758,11.122154018439819
21759,13.338766876125856
21760,18.019039227071247
21761,9.849651569827403
21762,9.40300279323684
21763,9.847531614938235
21764,14.910659614100727
21765,11.658147783252467
21766,6.888591714686079
21767,7.051388393847503
21768,10.777863523096716
21769,8.109373381776365
21770,9.529293115435953
21771,9.038132693868548
21772,10.176004793222987
21773,11.180530926959843
21774,10.882205969625614
21775,12.69779410956757
21776,11.670206050503205
21777,7.687107237038385
21778,9.591525000349847
21779,5.8245684992506295
21780,3.9548475932455887
21781,6.906210535592788
21782,8.121566336189812
21783,11.20287111875437
21784,11.713815927792766
21785,9.111704747212698
21786,11.035089005129702
21787,6.20495983273037
21788,6.609977024302243
21789,9.479462342718783
21790,10.944610813811217
21791,13.07684949771306
21792,8.0342798582051
21793,7.305977126120642
21794,10.703125335313892
21795,10.685326866357723
21796,9.285295059246682
21797,9.881210906356
21798,10.843103004128501
21799,11.608373445768965
21800,10.505028605480842
21801,10.294284738649502
21802,7.174954340553617
21803,11.651818220350933
21804,13.523515937997466
21805,11.606734041588354
21806,7.329011855811789
21807,4.746802817527031
21808,8.510797806923602
21809,11.102063162579569
21810,10.64648036093028
21811,14.04406000494393
21812,10.79668776933676
21813,10.934276294191772
21814,10.979719455774775
21815,10.249385181795525
21816,4.97317981876245
21817,11.592703114756858
21818,6.905940602350301
21819,10.719778324606779
21820,9.130296529015794
21821,9.804394776730174
21822,5.554070050797924
21823,10.807060984823693
21824,11.895280225265584
21825,11.215924160869964
21826,9.7909903154504
21827,6.056018930248994
21828,11.102010925742272
21829,9.823922896220468
21830,9.764065759495628
21831,7.169831047894862
21832,9.733800037239186
21833,11.33931060657746
21834,16.03355324190252
21835,10.215596642939776
21836,8.263103448540686
21837,10.349114779010126
21838,10.19890441080105
21839,12.25539239999927
21840,11.629410694937551
21841,6.424955912821282
21842,10.844560440173169
21843,6.977344345965481
21844,8.112242922242583
21845,6.4889156474685485
21846,10.256196693602554
21847,11.85243066738316
21848,6.371366015822612
21849,12.204920421566367
21850,11.476811943879936
21851,6.853007208973141
21852,11.127747155823984
21853,10.01257730387107
21854,10.788954548094797
21855,8.151761317536018
21856,11.908420158600858
21857,6.979819802227357
21858,10.212618740273854
21859,9.900271573308462
21860,5.900396311878262
21861,11.967431321467098
21862,9.882805661186932
21863,8.395362142662595
21864,10.00503435738242
21865,9.048332362565004
21866,10.191105205146018
21867,9.093910718710745
21868,11.282807409894371
21869,12.186630519148974
21870,11.007089320007685
21871,8.185029668557327
21872,9.518630302755266
21873,7.554000180188908
21874,13.320735768232687
21875,10.536941350576155
21876,7.496829886221603
21877,12.244420784068954
21878,11.107438166456303
21879,9.633017448372177
21880,11.786268692393389
21881,14.542603393775424
21882,7.391973230654564
21883,12.465275457447868
21884,10.363141873399108
21885,9.953476320783604
21886,7.162534858237541
21887,11.317878215708838
21888,11.316534227921652
21889,16.566758563531245
21890,8.241329370995707
21891,11.455601199407546
21892,11.526427833680081
21893,4.044227179181487
21894,11.61529184166567
21895,8.837542230365093
21896,8.393451593719298
21897,9.046752100606607
21898,10.837363590677423
21899,10.539265891547034
21900,10.447574882589624
21901,8.3262981751157
21902,7.306983704499452
21903,13.419145009157418
21904,10.534200615870894
21905,6.83565527876448
21906,11.829607114500211
21907,9.487952022896854
21908,11.553415002012358
21909,11.681428901834805
21910,11.312686218315974
21911,8.782726473820144
21912,10.46816098293764
21913,8.063555285213983
21914,5.405125934405934
21915,9.44982877594008
21916,12.415211129243108
21917,9.832680958917912
21918,4.261415675749376
21919,7.122242343459216
21920,11.312808196905598
21921,11.18047767746164
21922,11.814623671349658
21923,5.4069668829048725
21924,5.947457459390765
21925,13.412259581461026
21926,5.177298015196454
21927,5.684220712630616
21928,9.761813393168659
21929,11.210698427929985
21930,10.856075125793073
21931,9.099454999239896
21932,3.971927006814111
21933,14.074201252092376
21934,14.020891268848873
21935,10.027706068882601
21936,17.572681439046423
21937,9.567345680453315
21938,10.460814608964794
21939,10.265175072875744
21940,10.31791475180372
21941,9.41567068780764
21942,7.5837905583977125
21943,8.808827473551952
21944,9.0085038658361
21945,9.975345630749553
21946,13.200521222017725
21947,13.554798836230669
21948,9.801289933670036
21949,7.688065891155139
21950,7.16033283839659
21951,7.705878595741528
21952,11.529042963501873
21953,8.21674002838732
21954,9.699333126609911
21955,13.252026959021727
21956,9.93627765139274
21957,4.4755588389908825
21958,11.996584318858217
21959,9.18922955438437
21960,8.34742369714454
21961,8.999225196681696
21962,16.56390881180161
21963,7.528412457902105
21964,4.788472335635959
21965,8.879843555664726
21966,13.211573967118358
21967,8.062867585809707
21968,9.995297629713376
21969,14.485231147548774
21970,4.812543955993194
21971,9.994545359447862
21972,6.989524723548871
21973,13.353891900644623
21974,9.108698879726754
21975,10.29004137285493
21976,10.955922806782443
21977,11.181474493628977
21978,8.613372820889067
21979,11.487975374643526
21980,8.49030794378422
21981,8.972250193536148
21982,8.914103295963459
21983,10.93936962886196
21984,11.42353267364059
21985,7.337215598411071
21986,6.439906911715939
21987,6.111663314092891
21988,13.032128154264946
21989,7.498816926908005
21990,6.055366123962214
21991,10.544395156735817
21992,9.404713900618306
21993,18.176825319295798
21994,8.644071982935563
21995,13.009226417868367
21996,9.53857344335838
21997,12.174056589054448
21998,9.72498642239069
21999,8.2000097889896
22000,6.337233012328427
22001,9.876541816668762
22002,10.317015997939968
22003,9.556651833417641
22004,7.7805624471584585
22005,10.295482675497174
22006,11.408835201973442
22007,10.493406418702786
22008,13.367892228302805
22009,9.858187821882366
22010,18.1168112109519
22011,7.595605069168276
22012,9.925063585240878
22013,9.811015300580525
22014,10.77673785746465
22015,6.553891350651078
22016,9.523817278672116
22017,6.066544214997302
22018,5.70128446921372
22019,11.901983801991442
22020,5.209212571191114
22021,9.183715646782426
22022,15.28958496062745
22023,9.381680196599039
22024,10.434403736750108
22025,11.238633357825144
22026,10.840801565432166
22027,10.550138154573709
22028,8.647892684546369
22029,10.529294021102572
22030,5.2084938908254355
22031,7.842722425172369
22032,9.474744127598802
22033,9.458977375858815
22034,8.919146393122505
22035,11.940793155509194
22036,8.912060133670668
22037,9.005940413266044
22038,14.173749529770834
22039,7.350507374631145
22040,8.836925067253986
22041,10.37402346203644
22042,9.248272611401745
22043,10.491101623247046
22044,3.984953367882486
22045,11.089607001515102
22046,11.229276606288984
22047,16.091247727104133
22048,11.101282008095502
22049,4.044393344365553
22050,10.882788080020704
22051,10.562267708955979
22052,10.26508067113139
22053,9.457960485101623
22054,18.338666450287718
22055,15.522966701425458
22056,7.380214052807077
22057,10.88391026620167
22058,10.577038281889642
22059,11.998937084272203
22060,11.762684490227857
22061,10.42804351556418
22062,12.975573167937771
22063,10.310283018977652
22064,8.635298030180206
22065,8.076144109132864
22066,11.554334241886336
22067,11.217855791646986
22068,9.548732886341973
22069,9.176769262417853
22070,6.7208236562314
22071,4.222315091084779
22072,10.776002727865745
22073,11.318788101136198
22074,11.118665455505315
22075,9.669879606538451
22076,11.352388627053115
22077,10.040199986011048
22078,6.753339250110158
22079,8.517479512634196
22080,4.0688304232090395
22081,11.309801767709654
22082,11.408160867990063
22083,6.223812721360941
22084,10.344147241403594
22085,8.779260840171823
22086,6.5848759355295
22087,12.689465786770164
22088,8.044485696794057
22089,14.34919658481775
22090,11.521817449523567
22091,10.960697181019427
22092,10.735297003580104
22093,3.8652455019385705
22094,10.227138119277573
22095,7.042859368924005
22096,5.699241427273587
22097,11.603672035353107
22098,8.542274887017225
22099,7.500935194496405
22100,10.2626337138713
22101,12.678210711379933
22102,5.276147073699792
22103,10.337674459545859
22104,6.537293314040015
22105,9.683712273373871
22106,9.925766867274788
22107,14.743952687849513
22108,6.66260001748837
22109,9.340571173062713
22110,7.746839585636716
22111,10.474942750986076
22112,7.773613664412837
22113,8.483000621526688
22114,10.13326694457712
22115,6.877266346733861
22116,5.615055815886758
22117,10.989236823138175
22118,7.719991527075222
22119,13.470280258231803
22120,11.064846167248678
22121,8.286024439012715
22122,8.463593255799672
22123,12.030091880534705
22124,9.965971368979677
22125,9.31339114169324
22126,10.525263757229082
22127,13.104072522614153
22128,8.784845633803275
22129,6.689552045402118
22130,8.076737569776979
22131,5.687750428203146
22132,6.437376314789475
22133,4.949221099059267
22134,10.077426605821032
22135,8.14702350341482
22136,7.9520572028560395
22137,6.994926476894701
22138,7.637986276281554
22139,10.300192347619788
22140,7.685918753009761
22141,11.588940604220797
22142,10.977902210431617
22143,3.90619375586005
22144,10.52682768425093
22145,9.517355739115125
22146,11.962028077839715
22147,7.90512897845613
22148,6.2412498150997004
22149,15.149732068556874
22150,10.962512162154301
22151,9.409306980574332
22152,9.706478798880369
22153,5.158141561329973
22154,8.820889426377196
22155,11.545165098948555
22156,11.05041286031219
22157,15.118955221096343
22158,10.305856299712165
22159,15.728122598312687
22160,7.795896183872497
22161,13.926984641429144
22162,13.520920165246316
22163,8.155595860316057
22164,13.853419799680898
22165,9.40156306637866
22166,18.17825736980867
22167,9.657806764531752
22168,7.2845293211093445
22169,7.595048321035289
22170,14.761418929860351
22171,6.9014542346865255
22172,10.176148335116718
22173,13.36720011597536
22174,9.99672780968443
22175,11.502523773870845
22176,7.497476328815445
22177,9.713150630512796
22178,9.735615675606367
22179,16.050678520645583
22180,7.739575448009541
22181,12.53174623966779
22182,9.378214273744387
22183,9.052519434313673
22184,12.223918640126406
22185,9.238167540672164
22186,5.384437241986273
22187,9.818769465575969
22188,10.390946726820555
22189,6.419164295152934
22190,8.460440355467833
22191,8.849170254093764
22192,7.46245479840288
22193,11.468894906649881
22194,6.239044442573174
22195,7.630236523128512
22196,10.427085763995464
22197,5.6688984509638605
22198,14.410191509894638
22199,10.67792295072457
22200,8.867212457130172
22201,12.019554315908831
22202,12.026226346196799
22203,11.167900960450044
22204,12.652278099745015
22205,9.761054314708671
22206,4.328663554767946
22207,13.096497193994107
22208,7.374249665228078
22209,11.490937097500058
22210,9.14521183693077
22211,8.996967157453085
22212,8.384312978400917
22213,9.360095835638285
22214,9.927664943534312
22215,17.10055413667384
22216,8.404763192692144
22217,11.258438549786723
22218,4.503867424605373
22219,8.359905118141608
22220,12.253281800114776
22221,12.449905480657076
22222,6.170956505793504
22223,11.757609432998562
22224,11.152902524307082
22225,9.663759658806242
22226,11.598764461484016
22227,7.041673761861707
22228,9.764935462896782
22229,12.645962730871869
22230,14.104319629711288
22231,14.153941506677453
22232,5.592629908722817
22233,6.835636551735937
22234,9.645436729347011
22235,8.791370055394989
22236,8.454639926885317
22237,9.376903375403037
22238,11.121078045593503
22239,7.115760729966842
22240,9.618994905739468
22241,13.608786786165
22242,9.443358629821091
22243,7.5626182918874365
22244,7.2173545528071585
22245,11.321537816259847
22246,11.173082469446285
22247,8.187888819799856
22248,11.452527833650926
22249,14.311026056112313
22250,9.645898412471036
22251,9.243000669987797
22252,11.836284174789903
22253,6.940315877553862
22254,13.29548428225662
22255,13.324915590503476
22256,7.56147837947867
22257,10.250447094328361
22258,12.237550974775239
22259,14.646926052459015
22260,10.024184016478213
22261,12.352258687999162
22262,11.542653443319685
22263,11.419871600050943
22264,10.011822769823251
22265,10.272832304506782
22266,10.157910137508262
22267,8.990048128623627
22268,5.252437948063493
22269,11.169933766362654
22270,12.726257258523166
22271,4.799380415070634
22272,9.346735255902061
22273,13.918415017845707
22274,8.345200521306332
22275,11.203787452335998
22276,15.092935125775254
22277,8.820995640270038
22278,8.029606219513788
22279,10.489630736202812
22280,7.000756759858517
22281,7.70775385840199
22282,11.396925674469692
22283,15.544566881155898
22284,11.90568292940059
22285,11.671639022779011
22286,11.458238922969556
22287,9.72400040553033
22288,8.477810109364416
22289,11.206239578521037
22290,8.793096766617538
22291,17.349547968196482
22292,11.550205028957041
22293,8.89967871749414
22294,8.974806375156524
22295,11.538568395217247
22296,11.152545935209892
22297,9.074404421190916
22298,20.45883364198138
22299,10.80635397523523
22300,10.123769231840244
22301,10.2923457383692
22302,8.44670414603494
22303,10.014788539885272
22304,9.310930604409211
22305,16.017370127616797
22306,11.145004498179231
22307,9.231386524536642
22308,10.430903946396738
22309,6.186135754935447
22310,15.399761524303235
22311,6.4762367145362765
22312,13.797052948824447
22313,10.009985440900362
22314,7.20920157807984
22315,8.314151972561897
22316,6.19446288296192
22317,8.515183469383308
22318,6.841197033385354
22319,9.058944555655483
22320,15.428354458802264
22321,10.393471618484478
22322,11.29159182523977
22323,7.568719234995404
22324,7.75431124513005
22325,8.274407548381031
22326,13.665815303062983
22327,14.785391375865988
22328,5.349189542213127
22329,14.657677454377035
22330,8.754380570546292
22331,10.913973273120476
22332,13.567322932625633
22333,9.064908849031443
22334,11.509083025071
22335,9.216007572330668
22336,6.592400476026795
22337,9.014015174812597
22338,11.723069154184817
22339,10.474190540860091
22340,8.607872939593289
22341,11.74840574378954
22342,12.943253849384476
22343,8.27005825083148
22344,5.66213063317609
22345,10.841637760727002
22346,8.640616845976508
22347,6.7531818479867916
22348,11.116587253250344
22349,9.523465329263896
22350,11.175237159950226
22351,10.24148621145702
22352,9.253084949920568
22353,7.249572235711453
22354,12.02062568831106
22355,12.279092533827836
22356,10.479355923608345
22357,10.734358211015678
22358,9.762436472855764
22359,9.544728537845186
22360,7.66102568225431
22361,9.344138607749343
22362,12.445762366941345
22363,9.43756314465293
22364,11.77185477036771
22365,7.805109084324455
22366,7.433766116634773
22367,10.705708562845054
22368,8.353760082595858
22369,6.284235704236411
22370,8.460619074150465
22371,9.069838171185083
22372,10.208006740771722
22373,10.674202305070995
22374,11.257326923040411
22375,9.80302837387613
22376,6.516800252543858
22377,6.882599539034492
22378,5.168392066309924
22379,10.371617157189128
22380,7.922395771794013
22381,10.500119253002653
22382,6.398220005509178
22383,6.910658748701097
22384,8.034476645623483
22385,11.209338646388224
22386,18.59549086604708
22387,10.549416008985656
22388,6.500762706633056
22389,9.583847500380585
22390,11.5206800718226
22391,8.89897629535473
22392,12.277263997025134
22393,14.397243392242089
22394,13.51051427748439
22395,14.031750728666937
22396,14.13353929890572
22397,11.849789587092625
22398,10.061803466730355
22399,12.096702140656756
22400,11.17086762689155
22401,10.535380203420672
22402,7.8734708607049395
22403,6.153508343670243
22404,5.28233072588383
22405,7.931040324347444
22406,12.717884064275971
22407,9.840713963436317
22408,6.68893600793484
22409,10.485691628880126
22410,9.84449756783124
22411,10.507519963332545
22412,4.568227356053538
22413,11.088679773722241
22414,6.847114482422553
22415,6.548760214100694
22416,10.818882541737924
22417,11.357629217009489
22418,9.60579822919983
22419,10.682938699308414
22420,9.930380925875866
22421,11.873629908443558
22422,12.746418479420639
22423,4.106006193407923
22424,5.123374143236235
22425,10.272759964140404
22426,8.680486635438509
22427,17.101149762588456
22428,7.1111907914194195
22429,12.015906420104258
22430,7.30429186482338
22431,8.121811007880522
22432,17.693701084752284
22433,11.152906155795861
22434,9.161274753633869
22435,10.249178729782283
22436,13.622074870339105
22437,14.639056858835447
22438,13.188912267804142
22439,8.240994727604424
22440,6.488779997351914
22441,8.587472088251683
22442,12.090916824207305
22443,14.886163729925222
22444,10.77130779645132
22445,11.434508864819755
22446,7.587384222764501
22447,6.651648724511007
22448,11.115889608491436
22449,11.804577494387885
22450,9.949845479236211
22451,4.2792894928487915
22452,13.001202930582826
22453,10.616283595868229
22454,10.633743624893297
22455,9.4984307185691
22456,7.971928186757594
22457,14.916922117514682
22458,9.083378384580817
22459,8.97420824344726
22460,6.462265520757315
22461,10.707501638695806
22462,8.146304855222812
22463,10.050030052523608
22464,12.978790140233308
22465,15.830324131297555
22466,8.253801986717889
22467,4.670498373193356
22468,9.255779142841883
22469,8.455631976133535
22470,8.901331701946102
22471,9.843232501109473
22472,6.692602775178786
22473,7.756179595055148
22474,11.34291825578057
22475,4.158665036476455
22476,12.738602155258892
22477,8.499582236437112
22478,8.929533527479727
22479,7.2385689347265
22480,12.237619398583172
22481,4.317569961807771
22482,9.967960132495731
22483,9.996984140175758
22484,9.486533814252748
22485,14.776705488100898
22486,10.98999348581732
22487,9.768395552295077
22488,10.95898481518822
22489,8.485713947844399
22490,4.385868958397902
22491,12.539625218231205
22492,7.989609001511807
22493,9.991188070657248
22494,12.226974928514267
22495,9.617414716581555
22496,9.354382701652941
22497,5.7132877769913595
22498,5.402510952514495
22499,10.148712646434536
22500,6.910524987518411
22501,12.342072098656077
22502,13.006680971606668
22503,11.87648701845226
22504,13.043537406390454
22505,10.838177443190641
22506,6.655737388557135
22507,11.842079524993999
22508,12.075748802273075
22509,12.994672021850345
22510,8.171002125894557
22511,10.486357459959072
22512,8.870469668092467
22513,9.390085876211518
22514,16.22384095436056
22515,7.6028011074193405
22516,14.31133577601667
22517,10.098149866023778
22518,7.903670472465031
22519,13.964931942935948
22520,10.614933568880605
22521,9.839096115030596
22522,9.108450890240125
22523,10.280316713913582
22524,5.597007931199012
22525,9.138196269645185
22526,6.934952564162892
22527,9.855428035223031
22528,10.233185392688611
22529,11.94753691076508
22530,9.826673850452272
22531,10.420093913097736
22532,11.913664854682633
22533,14.526467913889705
22534,7.270091717356024
22535,8.494075214823317
22536,8.784820644581732
22537,11.183015180473598
22538,10.316600664476793
22539,7.170577102892633
22540,10.466574157408036
22541,6.506830251032474
22542,10.758043179418664
22543,9.940939448996534
22544,8.912912944626473
22545,5.863881047855428
22546,10.270102413779188
22547,10.898352007155413
22548,11.179042821677253
22549,13.023450852322313
22550,5.952813263118376
22551,5.553223270392017
22552,7.388546147222386
22553,8.42476729560013
22554,10.183024188624715
22555,15.81710758436536
22556,9.424223435636899
22557,7.490736672771311
22558,10.03513148842072
22559,9.131268333957264
22560,11.11860880712502
22561,11.910712598894175
22562,15.449118917589937
22563,8.066609843839615
22564,8.616714166960334
22565,12.904229365031767
22566,10.903572077330704
22567,6.129591538846169
22568,11.451243727108523
22569,18.69298506226611
22570,9.495034458756912
22571,4.124978575108831
22572,9.726466429670177
22573,7.581958261246649
22574,9.909345003787747
22575,6.134954803020915
22576,9.247263983640412
22577,10.731178709913985
22578,8.974854688805229
22579,11.40860078791615
22580,9.6661611500971
22581,12.90327456246096
22582,7.252754550298841
22583,11.182808404111201
22584,11.727192273596959
22585,9.916132152224545
22586,5.70706100154554
22587,10.047153465351398
22588,9.022792226513532
22589,10.734299107703986
22590,10.310702540858761
22591,6.602511094076096
22592,10.064846908959346
22593,12.73973024550542
22594,10.928125021459188
22595,11.239419190508709
22596,8.684260456218338
22597,10.917371095621123
22598,9.618513363971209
22599,9.463322395922331
22600,9.465049775853226
22601,8.25912985794957
22602,5.945422829301004
22603,9.956691668928773
22604,7.373831534592154
22605,13.554014468944859
22606,9.201176757607652
22607,13.516757394599583
22608,11.303187644856047
22609,6.46820549094808
22610,5.643456993819531
22611,10.326739094425738
22612,12.75086633389826
22613,19.01265786520973
22614,9.97442614899273
22615,8.193289948369078
22616,4.440163938102952
22617,9.624666632582775
22618,11.344797658555887
22619,6.701929913145837
22620,11.721308109977429
22621,16.034986376044664
22622,10.364291087044833
22623,12.919012766647059
22624,9.708174159414352
22625,11.151366949464874
22626,11.47024251369487
22627,17.767831883519367
22628,7.713592042783901
22629,9.362241640648627
22630,15.468710947787022
22631,11.029054975457203
22632,9.8823378473142
22633,11.190243216081525
22634,10.96521176885897
22635,13.32007839359806
22636,9.708413001240286
22637,11.52293559643414
22638,14.493172346649914
22639,5.304629765293791
22640,10.105581220991244
22641,9.638688605339166
22642,10.260459448645332
22643,7.565229018093561
22644,7.228464965892248
22645,9.268755709424765
22646,7.91676897600799
22647,9.604779377834607
22648,7.092543376390489
22649,7.012087680602707
22650,9.367365366014884
22651,10.871346790521539
22652,9.730017395996473
22653,6.545520894275196
22654,9.329539486242874
22655,11.37385017870424
22656,7.917809154009053
22657,7.767161835586382
22658,9.504333327404137
22659,10.952932126524367
22660,11.882590876546892
22661,8.502637250962163
22662,6.981141385770622
22663,14.664457974415805
22664,10.45677799780573
22665,8.371723957223129
22666,11.803220454213998
22667,10.669123907526313
22668,18.726291866571163
22669,8.526838130272814
22670,11.325032716070899
22671,7.331165918579078
22672,5.398139847840734
22673,10.794394240723518
22674,10.904298415496944
22675,7.3242148417648485
22676,10.865205062077374
22677,8.983243242304827
22678,10.998073866888891
22679,10.154388562122804
22680,9.87736954855036
22681,4.368106545719874
22682,7.5573572908119
22683,7.880705516309256
22684,10.449846692255841
22685,9.445997311722326
22686,10.507849093221022
22687,10.18204025702934
22688,8.678781638681704
22689,10.020179620097819
22690,10.027449673606082
22691,8.912071201170797
22692,11.15585457537351
22693,6.118581820952306
22694,5.471435944195313
22695,9.968575982250032
22696,6.4399210968956835
22697,7.539716829652061
22698,10.200475887565446
22699,7.7455442860335
22700,9.265856988941396
22701,11.32713442384658
22702,6.890112797035029
22703,11.448180931158976
22704,12.905921883439976
22705,16.00444142491427
22706,11.296303532508205
22707,7.754100788148172
22708,8.951922741216185
22709,10.762720948507777
22710,8.389146529036688
22711,9.283321036122173
22712,6.088704394367763
22713,6.963066572920885
22714,10.84831745214342
22715,10.712226504607495
22716,8.583123191376638
22717,12.742671936750185
22718,10.333873684968466
22719,6.644833002236891
22720,13.081153510138542
22721,11.87736004459776
22722,8.34951060963143
22723,7.233661943787396
22724,9.86589676371322
22725,8.077292986733891
22726,9.15216770279363
22727,12.165622854080741
22728,8.135855293644145
22729,10.425858607514904
22730,9.751200963723479
22731,6.8549591825240554
22732,10.01437298509152
22733,8.773391464249025
22734,14.196689471820058
22735,10.106783560387836
22736,17.07004941022707
22737,10.115165436137886
22738,16.464509058924435
22739,8.967392389377306
22740,10.740341722705034
22741,9.548135376535258
22742,5.653904739186062
22743,6.493020626719302
22744,10.388087117994203
22745,12.00471845362901
22746,9.143328832810981
22747,7.93724661137324
22748,10.846170105106966
22749,8.269625232532844
22750,4.78975817388989
22751,14.599038447064407
22752,12.102395194486526
22753,11.216724065315459
22754,11.399504368286303
22755,10.488081585156246
22756,9.598057550667432
22757,11.563652111282726
22758,8.546598676894586
22759,8.90024104813569
22760,9.046128217607048
22761,6.273971481122279
22762,7.577709997519088
22763,12.706858572877724
22764,7.396512769991203
22765,6.561472356551304
22766,9.93498028188366
22767,7.107186540838518
22768,12.329465153018878
22769,11.328285611570562
22770,8.718164623859698
22771,8.026399673298165
22772,11.047709077692593
22773,14.846771580372415
22774,9.449551819965002
22775,6.464227749714603
22776,10.212053372531425
22777,7.984411211847096
22778,10.370648167771025
22779,10.378185999915122
22780,9.62371770646335
22781,6.068149388830608
22782,9.489143276679885
22783,7.551679065649751
22784,10.483291710259984
22785,14.274729034720156
22786,9.947787016362692
22787,10.352083245371235
22788,10.895991697928864
22789,11.63105368661719
22790,4.0548796638915725
22791,15.520131446914661
22792,11.650598484076156
22793,4.074397687239053
22794,9.662925263958313
22795,11.163152827587723
22796,6.673109598675557
22797,9.067256783113445
22798,12.252072108126516
22799,13.883368521110187
22800,11.565439022385505
22801,10.99419806558205
22802,6.006918749499821
22803,10.878681724822261
22804,8.952872899348545
22805,8.123795819372388
22806,11.87411589030844
22807,10.562092050321834
22808,10.247325596840545
22809,10.743924560956241
22810,5.934393023119989
22811,10.956880491717918
22812,10.117052920158667
22813,8.458773781172534
22814,10.412936097152206
22815,10.326838609004952
22816,9.928267831382547
22817,10.276866624367617
22818,14.280700662262841
22819,4.054874778586022
22820,9.600315698012745
22821,11.800402542967372
22822,11.732318581279293
22823,10.388041848227747
22824,12.0800264005093
22825,10.211442954922678
22826,9.778380024696238
22827,11.377469470050178
22828,10.807415782413308
22829,10.41333112025983
22830,9.388120771668431
22831,9.949264669711937
22832,8.843183110313335
22833,9.171522743554007
22834,5.079912505148217
22835,8.867165174237352
22836,8.568019888981816
22837,14.095475034498168
22838,8.718919088965091
22839,7.116659194917138
22840,10.20759194953345
22841,9.24680641834426
22842,11.399587311849878
22843,9.709862030284253
22844,9.018395845892517
22845,9.41152337431122
22846,9.085579306508794
22847,11.404076017675656
22848,6.368345508925817
22849,6.399612264921718
22850,10.078297998622975
22851,9.301370340231003
22852,11.05030373934494
22853,6.435703032615122
22854,10.717597986055566
22855,10.424089579098668
22856,8.06403787051407
22857,5.261245912162395
22858,8.53483145411755
22859,12.431405593181841
22860,8.872550859102004
22861,7.824111448002352
22862,11.5603929643526
22863,10.529572350786847
22864,8.949376036767397
22865,9.942690551551205
22866,9.737123804581984
22867,11.682900451505027
22868,9.916497314511844
22869,5.528759121018876
22870,8.938041656441403
22871,11.4774917668127
22872,10.353012431991694
22873,9.411528206972298
22874,9.219289727734534
22875,9.2329783386092
22876,8.020812847316462
22877,9.704783211262736
22878,11.43309897130824
22879,10.110051462097996
22880,9.73504524563044
22881,6.648609423073775
22882,10.120062611091928
22883,12.318194600876234
22884,12.028212546381443
22885,16.21691974781874
22886,10.0946367388816
22887,7.6262320263560746
22888,10.999474055845697
22889,12.116538896018302
22890,9.417253268244753
22891,10.88245002114833
22892,10.020771454869916
22893,13.79313204076907
22894,10.357635413309302
22895,7.927870462455914
22896,10.449130243985264
22897,8.007933191510256
22898,8.659990982474639
22899,4.193125060416274
22900,9.976626850743568
22901,9.152092189713102
22902,7.881402774295708
22903,9.168817942635261
22904,7.731876813086238
22905,10.882844315994392
22906,9.489259754028382
22907,8.25361316060347
22908,8.55176181586641
22909,8.987870002745018
22910,8.38517598571896
22911,10.63569797262319
22912,11.228503374680177
22913,13.646427721728825
22914,10.062215687538957
22915,9.387474004749393
22916,6.216030946811265
22917,9.27799433149307
22918,14.761339082797193
22919,11.264686007975872
22920,11.464180873814554
22921,10.540785917322495
22922,10.372876735204272
22923,10.051432986457156
22924,7.309137741324185
22925,9.153671774553898
22926,5.685719362616612
22927,10.962156170403846
22928,8.212143172888785
22929,9.142242415267848
22930,18.398895654515094
22931,11.46652299889432
22932,9.778815393065184
22933,10.470809739045244
22934,9.28622470618912
22935,8.291205401200868
22936,10.933559268660137
22937,9.830917248300103
22938,6.979462537809906
22939,12.822284316485828
22940,10.937281130326532
22941,10.261398349831664
22942,13.599443322993999
22943,10.535373510802987
22944,12.646005051157902
22945,11.075416113615626
22946,10.974476923304119
22947,4.05964087729611
22948,14.360568052225785
22949,11.684394489646307
22950,8.519818726018604
22951,13.121913390499113
22952,10.591207688499296
22953,11.479417552408512
22954,6.168088332598682
22955,6.758631384730997
22956,7.242751685464695
22957,9.048964007777036
22958,10.656854420395405
22959,7.196548091576138
22960,9.761634538660285
22961,6.88200306472431
22962,12.110712151102808
22963,6.560174146149718
22964,10.897005863665857
22965,8.539817717514785
22966,7.166098328444808
22967,7.836217417630133
22968,10.518476978534977
22969,13.562418301319683
22970,10.482785067868765
22971,6.58173526775102
22972,11.448449190762672
22973,4.665248078030156
22974,7.969236737860157
22975,7.024361086990925
22976,5.995172718780027
22977,10.656593231887642
22978,10.153613464289156
22979,9.49938529862704
22980,9.551909358167148
22981,10.450417835670613
22982,8.385184106567316
22983,11.392099299288084
22984,11.535311910492346
22985,8.705058914764969
22986,8.464990610749965
22987,6.646789148059386
22988,8.365610648330591
22989,9.189087084954904
22990,15.832953478593833
22991,11.793674613251573
22992,14.28828779362717
22993,10.686749829784546
22994,12.784641198833357
22995,14.76404254140335
22996,9.27571550916463
22997,8.030024723024589
22998,8.066404279718341
22999,6.4538047842793205
23000,13.127411989914478
23001,9.835219461910476
23002,8.18706207615884
23003,15.556435794120608
23004,6.348576656579832
23005,9.294727714902178
23006,8.655684442687823
23007,9.724089650004785
23008,10.080770624181461
23009,6.339881428348631
23010,10.624366017748219
23011,5.863794524720497
23012,11.55316772788429
23013,10.825435154372816
23014,10.127384608593552
23015,10.316634256036414
23016,8.497206396331073
23017,8.811755586773852
23018,10.709541481411687
23019,9.673370469173406
23020,9.82278294849684
23021,7.071122844727875
23022,7.303488497352275
23023,9.978448421105066
23024,8.929809133354368
23025,7.465407404463398
23026,12.286423316650811
23027,5.041342248557783
23028,8.123035704330974
23029,13.16054183611173
23030,11.312139238493842
23031,9.985967208664288
23032,10.746579444311562
23033,8.520651352443362
23034,11.060842305096688
23035,9.503402866948665
23036,13.163206567550372
23037,10.202106758385924
23038,8.470033706188692
23039,12.75241851842691
23040,6.264303435928587
23041,11.524873939210595
23042,14.043655244629278
23043,6.56937050795527
23044,12.417572114131051
23045,10.392981937184443
23046,13.322852120005642
23047,8.03081446418647
23048,7.7582728639233185
23049,8.383934860825219
23050,7.879275684554095
23051,11.48817585256614
23052,11.866917735496735
23053,10.29605549489677
23054,15.127490825927737
23055,10.217424977475927
23056,7.465161302503235
23057,6.8470841761200925
23058,12.03823447795026
23059,12.319270808464228
23060,7.9450328053474735
23061,11.609177704852549
23062,8.77257219096825
23063,8.938573919485098
23064,11.59123366556592
23065,10.039013881209208
23066,13.148483317984535
23067,10.555690450676217
23068,10.586126925329026
23069,9.819118946379104
23070,6.288309184505746
23071,7.747068232288891
23072,10.811569080510925
23073,11.692178877481037
23074,9.770725266419863
23075,4.4852881848249115
23076,8.684850137109102
23077,9.230772858930113
23078,9.364670867471242
23079,9.38458852128084
23080,7.389222408537669
23081,11.344330611091662
23082,11.46986105714057
23083,10.318927646902345
23084,11.372075781032507
23085,10.277157395020545
23086,9.71159250516169
23087,10.712017461490884
23088,8.579358129322287
23089,10.166534034964513
23090,10.429316991977927
23091,9.65534283312178
23092,9.098200910224381
23093,14.276198980859299
23094,9.338140786890113
23095,8.51990758438686
23096,13.285405445258545
23097,8.670667106624556
23098,7.775528098729216
23099,6.306914200490127
23100,9.973362597959982
23101,9.868151515774224
23102,10.903972673857037
23103,7.496699788880239
23104,4.490375446243096
23105,5.480383569889849
23106,9.113796862473825
23107,6.881266020003486
23108,3.9214744857802097
23109,10.88741597195753
23110,8.812641274797372
23111,7.862632564106061
23112,11.698243769235926
23113,10.922284772483646
23114,11.369461947765807
23115,11.07407671640122
23116,11.14926121795602
23117,9.949705082329306
23118,7.515425479398542
23119,14.584312948002639
23120,6.62958849979592
23121,9.592295920101476
23122,10.851896777320556
23123,6.5815192598858765
23124,8.382837252401778
23125,11.447875111871632
23126,10.556534568212427
23127,6.816597975116309
23128,13.90656061698548
23129,11.557933460024366
23130,13.559315810260152
23131,10.744067402938985
23132,15.925520595291196
23133,10.033098826281439
23134,12.323167279722384
23135,15.327894012828846
23136,12.547454242103374
23137,7.80626442126424
23138,11.059267760752661
23139,11.109606573975611
23140,7.558807723352584
23141,9.410318688672959
23142,10.78135325644205
23143,7.5514051708656975
23144,10.501473765498487
23145,10.729094438458189
23146,11.307559261407361
23147,10.574916335370114
23148,7.844723192424928
23149,11.166361599781082
23150,10.914349740780963
23151,11.918608245365682
23152,11.013709700568711
23153,8.504369005745207
23154,11.013190600972331
23155,9.97478278003922
23156,7.900765031792583
23157,16.267348181984083
23158,7.6027272405354
23159,10.197049797689974
23160,6.301108354571324
23161,7.9919557004867805
23162,6.81899450757166
23163,13.292319904393212
23164,9.50481467656295
23165,6.8391288694957
23166,12.12646810481725
23167,7.75405108508289
23168,9.186593584710526
23169,9.017579248665301
23170,7.074811340929902
23171,4.1404205488220445
23172,6.44833008689173
23173,7.0551948448761665
23174,16.657505036681005
23175,9.562488480332416
23176,9.929089986871329
23177,12.269974393482602
23178,10.61911392992561
23179,10.298639486610323
23180,8.094137923102426
23181,10.785775759221377
23182,11.375438011468928
23183,10.7889566157886
23184,5.698905283321469
23185,16.493411394670062
23186,10.857462854163641
23187,11.910353836649918
23188,10.59690908699902
23189,7.017911955338213
23190,7.434847964216185
23191,6.815885822799109
23192,9.454819851499327
23193,15.327531561963637
23194,10.888793124295434
23195,8.041974570929892
23196,12.29411306095997
23197,6.988022376504843
23198,11.182983946159007
23199,10.548709285480161
23200,7.789014992377221
23201,12.122178899133353
23202,6.649783958947038
23203,16.052235167318944
23204,8.656040051088283
23205,10.335018072428799
23206,12.908062865530606
23207,9.785289695381845
23208,13.423583378616824
23209,14.326322859676043
23210,9.977706236860367
23211,7.869385735549082
23212,10.769460976181453
23213,6.608558718069855
23214,7.039610255399422
23215,9.82631102130254
23216,9.21424932455806
23217,8.669106675259002
23218,7.59172619874757
23219,12.290404780406618
23220,10.171961961359091
23221,9.485716784466522
23222,12.520835696469437
23223,10.578457611486684
23224,11.998982670177723
23225,9.37599377906108
23226,10.208592755861812
23227,8.311259222708182
23228,12.203726752562915
23229,11.232705160952419
23230,6.733834323739009
23231,16.61803998396341
23232,11.704809433757898
23233,8.815678869978111
23234,12.040002266371445
23235,9.529154617124659
23236,7.036129570978694
23237,6.670335494445164
23238,10.665678787151979
23239,7.302678893131382
23240,7.457986131993689
23241,7.890296573164928
23242,6.33106836082824
23243,7.3310207321903205
23244,13.421158496663775
23245,14.06140941413851
23246,11.116876413241226
23247,10.59681305848444
23248,10.195550329471523
23249,11.05728736293499
23250,9.484264863323627
23251,7.608958180211761
23252,8.96165663993104
23253,9.59990421199948
23254,10.516549942133615
23255,5.41716576395658
23256,9.112683910020007
23257,6.837637816470257
23258,5.6867189374024445
23259,10.769858569953353
23260,10.94969402690682
23261,10.369026116262475
23262,9.261742547893483
23263,7.820305584978719
23264,11.31588960060536
23265,6.8947924109302114
23266,10.305644748287369
23267,7.5262746754245
23268,7.035894538349461
23269,8.858131399920854
23270,7.477413684298405
23271,11.548813423163887
23272,10.286379546327176
23273,11.418035179399677
23274,6.792128904554996
23275,12.783738441911437
23276,7.725953904139127
23277,9.08577008684427
23278,5.559882056080628
23279,10.985504022836468
23280,8.540898391884536
23281,10.005917172919002
23282,9.60962005483946
23283,8.729413363751657
23284,6.421092149771449
23285,11.05314153742465
23286,10.78724279035724
23287,9.40728508749937
23288,9.026519577296007
23289,6.635049681294305
23290,10.343930256503395
23291,11.399206003449695
23292,13.923924764625674
23293,5.3974014216987545
23294,7.213261660875023
23295,11.75661333089111
23296,9.31729002971944
23297,5.462646435487361
23298,12.033387407523673
23299,7.420718034020646
23300,10.07650778787361
23301,9.862200489461351
23302,10.692069963390566
23303,10.647577019363592
23304,13.311258724587121
23305,10.892694271575705
23306,12.560935415040513
23307,7.363853639481053
23308,11.644619822368629
23309,12.5496809476367
23310,7.786081014539375
23311,10.9923494399929
23312,10.211643864586541
23313,7.730505961975923
23314,12.072153880218213
23315,12.120573503487517
23316,11.069758402413019
23317,5.917178280146339
23318,11.602354144775958
23319,11.861234167074176
23320,9.074912161016535
23321,9.238578666689303
23322,15.306882632263518
23323,9.291628180943722
23324,9.363255078813589
23325,7.50006536937842
23326,8.611495448909938
23327,8.396644096562436
23328,9.234877485606862
23329,10.648871397020025
23330,7.056508261981419
23331,8.243991558699275
23332,13.799939977545446
23333,9.810709816876118
23334,9.691939559360891
23335,5.262408698744428
23336,10.084701476616235
23337,10.087817384129277
23338,12.765205501626244
23339,8.879559406113762
23340,9.008686635447873
23341,10.401699615328198
23342,7.538550771641109
23343,9.249795995087084
23344,14.25445691263607
23345,9.675799898146888
23346,9.144030677293028
23347,15.898059775087638
23348,11.955478628605686
23349,4.059993200992164
23350,6.185725508766765
23351,7.365428721795509
23352,12.86141027111363
23353,7.961572004005719
23354,9.171500027794384
23355,7.888535785325468
23356,7.505142322452464
23357,7.5346967413312775
23358,9.396169321607992
23359,11.076165686962124
23360,11.280083022373846
23361,9.313730391828376
23362,6.837338931514827
23363,8.55305803254522
23364,6.799238424884616
23365,17.361694703873283
23366,5.268114011311106
23367,6.833870745007748
23368,9.929389509319208
23369,9.259753695495267
23370,9.35215592984875
23371,13.611116322836637
23372,9.19722207441082
23373,7.097488924726447
23374,10.658096219159262
23375,8.705252419825099
23376,11.425977719382045
23377,6.635140433854086
23378,6.707923833817617
23379,10.74587602425225
23380,11.812998426553005
23381,10.516360937532468
23382,14.727452427372981
23383,12.977160980510996
23384,7.85589660860974
23385,12.997294011778799
23386,12.263051645498454
23387,10.705084008793534
23388,9.802330717376762
23389,15.953781484662333
23390,9.445189848449715
23391,4.3223836675381175
23392,5.440434417372464
23393,8.51986252705075
23394,6.68902770513751
23395,12.688845053818895
23396,11.07064863346622
23397,6.040224739769085
23398,10.507987812406618
23399,14.30713902690588
23400,10.579216992752366
23401,7.634530543790532
23402,9.732186782422865
23403,13.958916267918571
23404,11.161662129131045
23405,9.02371275314595
23406,8.046057136603192
23407,11.898124836471517
23408,11.440383653489135
23409,6.137692743755162
23410,7.077240054622146
23411,7.590340112322056
23412,8.204608282706666
23413,8.892910942606397
23414,6.659758569496898
23415,6.431286568553677
23416,13.9395126404562
23417,7.06034714601193
23418,10.933206041753479
23419,10.265772024193865
23420,7.176003644036559
23421,7.049602132370692
23422,6.80784068960806
23423,10.120121990691146
23424,9.705162582711871
23425,11.8083440228313
23426,7.425964817748453
23427,10.55710682734573
23428,11.742172094487332
23429,6.57869816179962
23430,12.162031389277722
23431,11.877478432284445
23432,9.478557392040763
23433,10.208270521407032
23434,10.247223043473326
23435,9.368683667755926
23436,10.158324677743444
23437,9.8291945282235
23438,8.390040428332739
23439,10.994975550602682
23440,8.023293196914972
23441,14.176209154385663
23442,11.223478319865198
23443,11.80893282437105
23444,14.274718759795597
23445,10.444913586246898
23446,7.175809016154989
23447,12.050355072825965
23448,9.30223044009606
23449,10.807034032146639
23450,10.925218759689514
23451,7.154563431118439
23452,11.61952272481719
23453,9.187385131580843
23454,10.804007093821745
23455,8.96804027013446
23456,8.566218844821112
23457,9.850682334879593
23458,10.311382951617976
23459,11.621133167781764
23460,9.86979088460263
23461,9.449434585603138
23462,10.171635897241732
23463,10.632865577712405
23464,9.374793791572419
23465,10.108781647537292
23466,9.260921473906487
23467,10.57200285619739
23468,8.707114680806278
23469,11.34047433653529
23470,10.529136460825022
23471,6.015930445087497
23472,9.590488126817
23473,8.741557500048746
23474,9.174538452161311
23475,14.219778926087336
23476,6.42785038631665
23477,12.334447262084216
23478,10.70267012346095
23479,8.992802228089474
23480,9.84981417178022
23481,9.481090487411377
23482,7.696406314302765
23483,9.178266872689415
23484,9.391410212201134
23485,14.719822518274972
23486,10.543511541909838
23487,10.003480665644329
23488,10.264552862360063
23489,8.432387998904833
23490,9.414498150786322
23491,8.955220575087264
23492,5.843882859976887
23493,9.238503122224813
23494,10.787047418238924
23495,7.497980401961646
23496,10.104891457177542
23497,6.5394128699412155
23498,12.427452365041693
23499,5.9597223349464
23500,7.572534747371758
23501,9.990338248519901
23502,13.901884454251654
23503,10.711504970690212
23504,14.81213061475271
23505,10.209623482464576
23506,13.198683539353295
23507,9.958557693236363
23508,6.6112904972349575
23509,7.387442749587237
23510,11.634433324215735
23511,7.738178823384055
23512,7.469218154111598
23513,14.615224137769737
23514,9.828251384167284
23515,11.040967913037882
23516,10.684894299291201
23517,11.250667169766045
23518,10.255302306352764
23519,8.633932445644835
23520,9.588607346811695
23521,7.647552370020547
23522,14.18695335903325
23523,12.275422834644571
23524,6.388020248967969
23525,11.590856036419028
23526,6.9749114868134265
23527,3.9822945665920786
23528,11.851412810033667
23529,9.007217725325747
23530,11.363432279968716
23531,7.221042507110114
23532,10.468708482225026
23533,10.193111330088259
23534,6.921436156581503
23535,7.613791781548499
23536,10.627620645989918
23537,10.918794692757112
23538,12.768190071546393
23539,10.528993291344449
23540,12.893830944434475
23541,9.298806109252604
23542,6.593144233121983
23543,9.824748593858619
23544,12.063771282894251
23545,10.444140831117297
23546,12.753877012639808
23547,10.877865195509786
23548,12.518759388404668
23549,6.84862581011872
23550,9.251639805667626
23551,11.732862305326442
23552,10.676578710399795
23553,4.922019468566155
23554,12.114471006182711
23555,9.904756846700389
23556,17.04558999937574
23557,14.058191331252516
23558,10.750216282761132
23559,9.574829334371476
23560,9.0185476005806
23561,10.999812681150594
23562,10.889266269655918
23563,8.057434837567584
23564,7.080821163653834
23565,13.736781278175274
23566,11.460031463617428
23567,17.030049459869183
23568,11.531862268610684
23569,5.935847661682483
23570,9.407036051360556
23571,7.46536488134368
23572,8.84097210721445
23573,8.059007072700172
23574,9.68298419096779
23575,17.677829981096018
23576,10.339048700468801
23577,10.307522390049826
23578,12.401930428563771
23579,16.323765375930037
23580,11.042537774835612
23581,10.0469849026132
23582,15.838134322479256
23583,8.34826245845619
23584,6.741603610571748
23585,12.514849150480536
23586,7.852389490183711
23587,11.553014388708135
23588,6.592980294924898
23589,6.76029617217316
23590,9.094489357486761
23591,7.4337962928670684
23592,6.657360991404209
23593,8.88625719130977
23594,11.182684248436836
23595,7.939414855671151
23596,8.32493302836917
23597,9.55883582604655
23598,8.56294747311184
23599,4.512418511400399
23600,10.936375580827965
23601,9.435822935231453
23602,10.006262383084977
23603,7.888709453771959
23604,9.68674771497797
23605,9.338815493316135
23606,14.857414017798648
23607,9.71220108164189
23608,9.848343912916814
23609,8.265570250688388
23610,10.751273514476434
23611,11.399797108416202
23612,10.632078533851733
23613,10.677468297806143
23614,9.337714439854746
23615,11.46319623220159
23616,9.609349051662251
23617,8.913363742431915
23618,9.477347207827986
23619,11.703221625159443
23620,8.37808099839203
23621,6.339113037112999
23622,6.794822840991952
23623,11.591340877519862
23624,12.136661271380861
23625,11.754329799063147
23626,7.500595419596808
23627,9.662773495974738
23628,10.72235158420931
23629,6.297431093121777
23630,10.689284883439571
23631,5.477980724171403
23632,9.795955803453943
23633,8.612281913345068
23634,8.700203595992214
23635,11.623633694501821
23636,10.011917940354156
23637,8.881012729274554
23638,10.35134614742658
23639,7.849235082147722
23640,10.487018640334323
23641,6.253234405340782
23642,12.296711940748935
23643,9.650995694282967
23644,4.617816617059336
23645,7.1820234644532475
23646,6.8635710596131965
23647,6.422449044318717
23648,6.729133579505346
23649,7.549067219925281
23650,11.148182405245834
23651,6.172497787022198
23652,10.977256572388608
23653,6.675684427342768
23654,11.347297249397911
23655,9.50782996838582
23656,10.991431782752693
23657,7.69223195646436
23658,10.005380772688607
23659,9.876544879512611
23660,9.190824728289716
23661,8.749883588875054
23662,12.0952020537117
23663,6.820219079065733
23664,8.60899936782499
23665,6.533687117031958
23666,8.57011586269369
23667,12.515129165447643
23668,19.046970214500355
23669,8.78101580819838
23670,8.357311397692166
23671,10.63219430158535
23672,10.620037405972921
23673,10.832020520181652
23674,9.624253652729644
23675,15.30881591079626
23676,10.711160528835485
23677,4.9968155099109985
23678,10.782909004302608
23679,14.149877300554518
23680,9.130373895879227
23681,9.220017749198856
23682,10.40114325837294
23683,12.259248271213629
23684,11.389633700351292
23685,17.331704824229174
23686,6.002418070244642
23687,11.311458431528052
23688,10.697098841636599
23689,12.295067432515662
23690,14.826032017212716
23691,9.428478374689785
23692,10.529071845006875
23693,4.776988508848239
23694,6.772484491468444
23695,9.300341819362718
23696,10.37529384204614
23697,14.860420804412854
23698,6.708534001787019
23699,6.322405945316298
23700,8.911380963107673
23701,10.566582510772804
23702,12.3333283273529
23703,8.94419877147267
23704,6.636042679284049
23705,7.5919727641921
23706,7.320540831249234
23707,11.418635548415182
23708,8.510408968598075
23709,10.456765827806073
23710,11.368931892671164
23711,7.152195200912782
23712,13.039875646534389
23713,4.739683135411113
23714,8.864227875110503
23715,8.257357668634066
23716,12.146901810390167
23717,12.821705125413448
23718,6.631713146892064
23719,8.357696404213991
23720,11.251882631120228
23721,7.776439767021179
23722,9.48148011379865
23723,8.800662065506037
23724,10.155283749112133
23725,10.64705446774186
23726,6.714467563454619
23727,4.6074393586703986
23728,5.904143696544184
23729,15.416687428182641
23730,5.537423862081992
23731,11.167029606717753
23732,9.017074048666077
23733,8.284082180581532
23734,8.41788060890375
23735,6.379890116397859
23736,13.326298456227715
23737,9.84956184806553
23738,12.04394482879053
23739,10.24046724862335
23740,9.176654371976465
23741,12.334712745501374
23742,7.196335232258017
23743,15.434988587583504
23744,13.192434701748606
23745,7.060721102622051
23746,8.6247802821219
23747,12.087257449112304
23748,10.141466045771608
23749,9.69743728779106
23750,7.747618269939273
23751,6.698222880769223
23752,9.446694142830648
23753,7.174917215669445
23754,7.6715889435311615
23755,11.286351400890243
23756,9.335151323542693
23757,4.1448662723466105
23758,10.483195946585539
23759,10.772921495754481
23760,9.365321133234932
23761,10.20670629204975
23762,10.477744495921058
23763,9.806290668542196
23764,9.209470532729917
23765,6.796799844082452
23766,8.874663692437139
23767,7.752326576259531
23768,9.172861137324972
23769,9.838908826670561
23770,9.98696111419461
23771,9.468661214443953
23772,8.384109271563748
23773,14.870092218436278
23774,8.518788545525325
23775,6.216090917951465
23776,12.179007682841142
23777,10.462193766490074
23778,11.834289553236335
23779,4.810627999002499
23780,16.426790173757364
23781,6.815908551141167
23782,9.13150351608969
23783,12.676718461710863
23784,13.13201421303109
23785,13.321176277313338
23786,4.5009549145959244
23787,10.535473725545383
23788,9.875496289747236
23789,7.421430077989938
23790,9.191345682828574
23791,6.057540790348916
23792,12.03949091628721
23793,13.791625801769243
23794,10.61750424546217
23795,11.58188393757144
23796,15.2129139788271
23797,9.383547269702987
23798,12.318150440142396
23799,8.484113987332515
23800,11.106426767616403
23801,11.55835522995121
23802,7.954118329922986
23803,6.276357275295867
23804,12.008903145019879
23805,10.776703462771309
23806,7.863998938939606
23807,8.40877984716191
23808,16.21604661794895
23809,12.447170150523284
23810,11.34361931914422
23811,9.706719294888963
23812,10.531878573677483
23813,17.77938351111011
23814,6.8406253499736955
23815,8.240934227765244
23816,6.034640462932638
23817,7.138325951541501
23818,8.261638232762037
23819,12.612394944693438
23820,10.247921891079413
23821,8.38323295473541
23822,6.942092159542984
23823,10.464469782501558
23824,9.93918328000947
23825,7.783266437597116
23826,4.121166441166752
23827,9.195876289824636
23828,9.051487085797202
23829,11.813705165844048
23830,6.620117201774842
23831,11.989819823139486
23832,9.341378501337678
23833,11.022656564465867
23834,9.71148779431559
23835,5.623890345077806
23836,14.427262461934697
23837,8.61026857142917
23838,10.64890039771776
23839,10.363804751383928
23840,9.02328473961283
23841,11.17569776798496
23842,8.0620371334927
23843,9.521950505099214
23844,14.741589718963331
23845,17.773018048262774
23846,9.37930549002407
23847,9.581123865044114
23848,9.01332328333276
23849,9.25405083119113
23850,11.0999866755465
23851,7.634432563089091
23852,4.793070240773973
23853,9.626575727154865
23854,10.119709409712517
23855,6.553559739880022
23856,3.90619375586005
23857,11.816637490853818
23858,6.525209994863271
23859,15.961811664536665
23860,9.714163828379377
23861,10.392363726162088
23862,12.897186376921724
23863,8.541973954505412
23864,11.105832437128115
23865,9.438422335298544
23866,11.668795881515383
23867,9.544018930834232
23868,6.091691639443643
23869,13.686466188894766
23870,11.414420864708918
23871,6.607902848954204
23872,9.553374771003753
23873,5.323871163736829
23874,7.137821236138247
23875,10.732443233274534
23876,9.074786021562431
23877,10.896609678003234
23878,7.666773956290205
23879,10.173769492839703
23880,7.496454501373604
23881,10.065672508664267
23882,8.7268394559396
23883,11.154089373589237
23884,10.01011787151924
23885,7.1219722091210045
23886,8.541075478205649
23887,15.32106457798695
23888,8.132460335131903
23889,8.168486130964773
23890,5.964682174095591
23891,8.80952015130459
23892,7.068964725848128
23893,4.178844768292882
23894,12.569817108894796
23895,9.42219446857113
23896,9.332903616593573
23897,10.842738657638264
23898,8.52436101603076
23899,11.265727725341712
23900,8.724867225759485
23901,6.071887915337888
23902,12.685084066025555
23903,9.6382904474806
23904,6.79164114284856
23905,5.362431518954715
23906,14.23749601732794
23907,9.051195031589472
23908,10.376569005777526
23909,11.82752446212806
23910,6.723944261247924
23911,6.443596654348604
23912,8.111801349260407
23913,14.084754844176878
23914,11.887399624431735
23915,9.60800912622382
23916,8.817318094359852
23917,9.805899957259143
23918,6.88705068528773
23919,7.535105547001919
23920,7.020579011151169
23921,10.807309605447188
23922,10.379364833271186
23923,12.111967553513821
23924,5.149783786380212
23925,10.851871980739357
23926,11.985026783392875
23927,10.19447859930662
23928,13.084342447537018
23929,8.06142737000399
23930,11.266967795935864
23931,6.763603801733219
23932,11.186560946954513
23933,6.50595634020979
23934,10.531845882386513
23935,9.802518164485193
23936,12.793963714885564
23937,5.98428945420779
23938,10.17024543716282
23939,9.985143270825493
23940,8.151942567218
23941,9.959015596444548
23942,6.967321142575393
23943,13.404791515591501
23944,5.935571751749121
23945,10.3834508647455
23946,12.758798158842644
23947,12.522594970049674
23948,7.070787968184781
23949,11.417401948822281
23950,7.843311811854827
23951,9.38371698079254
23952,8.901192230219806
23953,10.725850776793182
23954,5.549669730414361
23955,6.672694400293249
23956,7.787689127128793
23957,13.785434686384832
23958,6.296117531384559
23959,7.562417139884657
23960,7.0106309984424255
23961,7.360123132931841
23962,6.809798177688588
23963,10.556195877162093
23964,10.45806306045678
23965,9.398102532010615
23966,11.838627023777743
23967,7.0508665593931505
23968,11.333362878991709
23969,9.749935613840217
23970,12.574643506155244
23971,9.511453127263952
23972,15.769514178250885
23973,10.47274288459349
23974,14.728945776287105
23975,7.447498065570554
23976,9.018492722840472
23977,9.915521612477386
23978,9.097843155465235
23979,14.329960975271147
23980,9.678465800069578
23981,5.7302578279395275
23982,10.964252455839635
23983,9.510062566665159
23984,11.057299818622237
23985,10.235811769884183
23986,9.780882904168848
23987,12.094071248364259
23988,7.668908215138249
23989,8.833405548148209
23990,5.439968937513589
23991,10.635016831953955
23992,9.59873922949372
23993,10.23944797520748
23994,9.756350190002532
23995,8.742802054939851
23996,8.123953967453152
23997,8.293955711026735
23998,10.921343170368868
23999,11.405411975595868
24000,10.295643218778672
24001,7.0032511472843435
24002,10.634539722223812
24003,15.054457327486432
24004,11.626201666452882
24005,12.011876790033694
24006,7.267318087872793
24007,8.642682790115067
24008,9.600931445342813
24009,9.183972618512417
24010,10.373906283727758
24011,7.0725854941935395
24012,10.563360566936623
24013,10.711408390340951
24014,8.301418386913411
24015,7.059157824478493
24016,7.327859475147399
24017,10.210515688747476
24018,9.007977773548216
24019,7.9617766166790656
24020,9.866001979846853
24021,11.130812661835176
24022,12.262936617945345
24023,9.072801225178985
24024,10.614629958712873
24025,11.471521983324081
24026,10.648636196611697
24027,10.737665917079283
24028,9.707038489841992
24029,8.79368118463788
24030,9.965333104851691
24031,12.44132420057639
24032,5.2400971024700596
24033,7.248482917710586
24034,8.404936832562251
24035,12.16984808466271
24036,9.962489204965308
24037,13.25185150681899
24038,15.290166541004616
24039,10.7969682720212
24040,13.258624073753344
24041,12.07487902334007
24042,7.338682972298973
24043,9.420622873739086
24044,10.358346039377766
24045,15.693345833140626
24046,9.617758256524537
24047,4.895026526015534
24048,7.0714695203176765
24049,11.041186375416716
24050,11.084494165260407
24051,14.947571762795727
24052,13.780364503271425
24053,9.66477350486625
24054,5.74561702046797
24055,11.906355827674073
24056,12.59398435982818
24057,11.716714392701295
24058,15.58193401395768
24059,7.159967676724464
24060,12.92704705707392
24061,6.207208329947187
24062,8.957737764076551
24063,11.501405453529701
24064,4.4817265162223485
24065,13.699921998262099
24066,9.915198296128603
24067,8.66491607068905
24068,15.868638147960315
24069,11.842428208679532
24070,7.9105940312508345
24071,7.346714134066529
24072,9.339012215225004
24073,10.41022301218685
24074,8.967837291495794
24075,9.560356800268867
24076,9.669323292577355
24077,12.807218354161838
24078,11.984096468092165
24079,9.81316333259903
24080,8.080505385657995
24081,10.017778953440207
24082,12.498641204967932
24083,12.02034369864926
24084,7.94835324227321
24085,9.454530677868753
24086,7.194598352480344
24087,9.276198542014166
24088,8.379782193556078
24089,9.272407291270037
24090,13.179697338260326
24091,11.954241237592681
24092,10.561142037590344
24093,6.84263906958602
24094,10.815002636377244
24095,10.57089123525585
24096,11.582198604917654
24097,8.442279506126713
24098,13.188198041568175
24099,9.252156890539322
24100,9.697426005532064
24101,10.742484698682823
24102,10.01127600236023
24103,9.581616718845904
24104,9.09199667723962
24105,10.03484777998596
24106,12.816363768125733
24107,11.25221105510144
24108,10.370502069883358
24109,12.129551555301363
24110,12.92634181017746
24111,8.039930710922079
24112,7.101562181269772
24113,4.224571019278674
24114,12.736353632014952
24115,9.107261290052751
24116,10.975207413748379
24117,9.18899649315137
24118,10.879361529198054
24119,10.315131096294106
24120,9.490010365774939
24121,9.026690138407112
24122,8.355156276277423
24123,7.488266593049568
24124,9.48460466083201
24125,4.520625810019449
24126,12.502953704843831
24127,7.926503265619992
24128,7.746670243883912
24129,9.927822324252702
24130,10.631456609455096
24131,9.791940472529042
24132,8.66328337512045
24133,15.036098606723561
24134,8.938186858722903
24135,12.149682434897398
24136,8.226271400902112
24137,12.490358211122016
24138,4.111369893001762
24139,8.385933903267212
24140,6.094424392445521
24141,11.766420031812704
24142,9.438903172251141
24143,11.416677880857
24144,9.431154639157999
24145,11.361448952523098
24146,16.672393108781897
24147,12.89575483731597
24148,10.944348729882861
24149,7.287371366653037
24150,12.340101719044807
24151,8.150547188056748
24152,10.583029020814692
24153,8.11945910144659
24154,11.341426853615854
24155,9.667674740103587
24156,16.199215917383047
24157,11.4506016780206
24158,9.866323549564996
24159,10.215500404375259
24160,8.207895876349049
24161,6.882681811713319
24162,8.430048976538174
24163,9.14979724696386
24164,9.694605364768174
24165,12.301544690229253
24166,10.764533318625991
24167,17.459123692899926
24168,12.694847337502278
24169,7.572909182275936
24170,11.204845308768531
24171,7.051324354784651
24172,14.056362518777918
24173,8.752472286391535
24174,10.923008601062433
24175,16.458166752067903
24176,11.034017196538144
24177,7.647508180992242
24178,6.8061113061118785
24179,7.522212067932936
24180,10.26409629438399
24181,9.582880345451981
24182,13.581460671813653
24183,9.759186484755158
24184,7.588641337031889
24185,8.127313194528586
24186,15.578797616767012
24187,4.012889504982346
24188,11.485271597336757
24189,17.188693019024054
24190,9.432750689916398
24191,8.0296248281117
24192,9.494950574024685
24193,7.643255148819255
24194,6.635921730254665
24195,11.800127399496201
24196,10.25964584925985
24197,10.259516851475967
24198,8.154718326684703
24199,12.146960543618487
24200,11.554257347545377
24201,10.307170626706537
24202,6.561727033737679
24203,10.826307280641302
24204,10.343721187302828
24205,15.720243194207546
24206,7.480912492616814
24207,12.563037715123953
24208,10.989603590609551
24209,13.261959459355047
24210,10.51732580374616
24211,15.417432691026743
24212,8.94654034154732
24213,7.018451721466553
24214,4.92746542946988
24215,9.147483287474703
24216,11.067303488702098
24217,10.175672299367907
24218,8.72790755380122
24219,15.215346820157567
24220,9.371361331565561
24221,9.713667448820896
24222,7.64097999377984
24223,11.170861084485834
24224,7.146850605745479
24225,10.775336499966123
24226,6.104144611265337
24227,13.463681400115716
24228,13.328254210427012
24229,11.084033927831879
24230,11.569832012672652
24231,14.400556286365081
24232,6.295362513466725
24233,10.347291690888406
24234,13.421721695328436
24235,14.690500500652472
24236,8.531755413195842
24237,6.528121919288944
24238,7.847662243504052
24239,9.924630672041268
24240,10.756247757359233
24241,10.512360984878248
24242,15.074628318417862
24243,8.542766326909394
24244,11.471677718710373
24245,11.28188018640127
24246,7.426494006138125
24247,9.459960890246217
24248,12.664977024285129
24249,10.589150935337308
24250,10.252461323959093
24251,15.075512924881892
24252,8.716626708670239
24253,9.079685903661307
24254,6.796052404523133
24255,8.723684905088405
24256,11.061731707146183
24257,15.133146530048055
24258,12.433928297851406
24259,14.31717496738147
24260,6.306230343863433
24261,10.571211053531112
24262,12.377823162434849
24263,9.40754706351331
24264,7.720542483653112
24265,12.525411572698658
24266,7.433249177947527
24267,6.238805405737331
24268,15.646634027936546
24269,9.993293215472583
24270,8.746647199864624
24271,10.155307914934127
24272,9.507272378515225
24273,9.838725349049849
24274,10.674083698973718
24275,8.548426338248909
24276,5.855110362627265
24277,13.973993040392013
24278,8.698890784955173
24279,10.166255953892083
24280,10.71151230581063
24281,8.028669087581521
24282,10.886839450950243
24283,9.49531873684313
24284,7.9134666165286625
24285,11.894910020473771
24286,9.939400547589653
24287,8.299296784117303
24288,7.82147657769066
24289,9.796645217453772
24290,6.829290168942252
24291,12.057527518753039
24292,10.553217137668472
24293,11.478169956682557
24294,10.612956430579603
24295,11.599144394313493
24296,10.385788707216342
24297,8.499931526742836
24298,4.390388171539206
24299,7.33122034156097
24300,6.762852320085087
24301,9.234646076255094
24302,9.853291064398645
24303,6.288568307287772
24304,13.712494137434023
24305,9.841362188791356
24306,7.558804845105327
24307,8.199125950208533
24308,13.185011822545965
24309,10.996932435230459
24310,9.00944478881227
24311,17.893706163521486
24312,9.501424231768436
24313,10.077458144666876
24314,10.383959790319134
24315,10.688067081899632
24316,11.590944646739576
24317,7.818777230211147
24318,9.112128501144491
24319,7.079685400123786
24320,10.588504567517157
24321,7.107355906983168
24322,11.519862022711788
24323,8.824033595633706
24324,11.217758673164289
24325,4.010256089359682
24326,9.737568694855199
24327,9.537369883801725
24328,4.114710732810318
24329,10.592596512859883
24330,11.79876082514252
24331,12.035117979378267
24332,9.808162205711799
24333,4.257322293309494
24334,9.896585484395729
24335,9.375282570270532
24336,9.34653416321046
24337,13.019698035500646
24338,6.774581102043255
24339,12.77583847386282
24340,12.036102101990032
24341,10.56797432924407
24342,15.413256193347822
24343,10.1102679918482
24344,15.001136322270272
24345,6.65752269486776
24346,6.172205170052064
24347,11.7347053488433
24348,11.606708429733686
24349,8.941572342005927
24350,10.65395547931152
24351,9.087832492229161
24352,13.557024488529272
24353,8.19273038909081
24354,9.395764629930763
24355,10.603229372329292
24356,13.792498254511246
24357,9.95446506010434
24358,8.240204591309867
24359,11.898054966760606
24360,9.698447883976428
24361,6.061275012906126
24362,8.257182379302073
24363,9.826059097932896
24364,10.695431905561088
24365,12.184375270972986
24366,12.21451577155978
24367,11.17957272327885
24368,8.975666026390243
24369,10.09691991742991
24370,14.162674958220865
24371,10.539795051198404
24372,4.572594978230184
24373,8.098918887404878
24374,4.530336320136019
24375,9.65574535483399
24376,7.6554917096222415
24377,11.41873236511873
24378,9.586534176497644
24379,11.550164100357811
24380,10.44190055498349
24381,10.237930027426353
24382,9.944980659512936
24383,12.695553342174879
24384,5.878475184911191
24385,12.98128062538954
24386,10.490655929797118
24387,8.150421198569589
24388,10.59154910887887
24389,11.511407607003274
24390,5.638786471055743
24391,4.136452639263679
24392,11.958137885347789
24393,9.441754210468964
24394,14.779787336031747
24395,7.375864092905362
24396,8.953463850916254
24397,5.125116839449317
24398,10.193029145569824
24399,8.744894618876838
24400,9.345091331320688
24401,7.9380602524086505
24402,9.695490693898865
24403,6.751912056907146
24404,9.09252974134396
24405,6.980386880320589
24406,7.039735004997892
24407,10.665198078692965
24408,8.21924549265156
24409,13.684742015160353
24410,10.337116682333727
24411,8.603088779131706
24412,10.724750396464916
24413,10.14067397773734
24414,4.735158933025479
24415,5.584418721863967
24416,5.245030453259246
24417,10.022407693801062
24418,6.582210321472071
24419,10.658030746195974
24420,10.218474736093585
24421,14.9515766893298
24422,7.796384156553582
24423,10.651813083451177
24424,13.045795869119718
24425,11.905458665065147
24426,9.611306197478982
24427,14.977489173972373
24428,11.24445205856592
24429,9.704114696561632
24430,13.556356212541173
24431,11.084309261599692
24432,11.566301839838868
24433,7.794186923842121
24434,16.940019411235976
24435,12.834936668291817
24436,9.886448805689398
24437,13.730648640831648
24438,10.623692517206743
24439,8.986944461740801
24440,9.563177949528633
24441,6.781759883967483
24442,7.901494663792757
24443,6.48517192973238
24444,9.753941703949476
24445,10.509600837050192
24446,11.299433109761935
24447,11.520278267234414
24448,13.049785501253071
24449,11.98272390890594
24450,11.30966205542813
24451,6.902987232430974
24452,12.632528937478426
24453,7.2103238255974
24454,9.327179147855427
24455,9.273001833035366
24456,10.73720744901683
24457,9.339015305919757
24458,9.291039068135808
24459,9.177355136878424
24460,14.30859606500894
24461,9.35522576319015
24462,13.147081437146369
24463,9.330566965373412
24464,10.271430338595074
24465,8.41429893129723
24466,8.792448383677211
24467,10.666068691010405
24468,8.416702763291546
24469,7.174739609034628
24470,6.903242749051879
24471,10.03612096627001
24472,5.651916281158452
24473,11.528915858388878
24474,12.580794181442945
24475,5.581624182439553
24476,6.296890114378776
24477,12.815230263076208
24478,10.68915466553273
24479,5.295350251420183
24480,11.672408300368993
24481,12.222482785199777
24482,6.6333740934567125
24483,8.833993015139427
24484,8.546612171253356
24485,9.386739215182597
24486,13.345719096571685
24487,9.553130175407947
24488,8.947538835004218
24489,4.792135646232364
24490,19.71313855193653
24491,12.384663545103479
24492,10.294149511529008
24493,7.301560324244666
24494,4.695459478859922
24495,9.916218026327572
24496,11.543335747701134
24497,7.586116541699758
24498,11.8780712273694
24499,16.631787045969773
24500,11.499691639047374
24501,16.20609502665274
24502,14.634273755154105
24503,6.662582187919047
24504,8.03027711009169
24505,9.750107924257815
24506,10.883764357131497
24507,12.109451810303458
24508,10.173760250780504
24509,5.483557894672334
24510,4.237567484990682
24511,9.290599217725175
24512,8.935536675641401
24513,8.461335353133622
24514,10.793371189270253
24515,5.734154795274308
24516,6.51730906564578
24517,8.621056205360796
24518,11.604923502227003
24519,10.79991126434031
24520,6.856345831024727
24521,10.813757925216489
24522,6.9663795292764625
24523,11.067605587825799
24524,10.295297382432267
24525,10.340690880453913
24526,9.939016532314765
24527,5.3628526930918685
24528,7.446889623674578
24529,10.652440040182409
24530,11.894623590998329
24531,9.91726268150995
24532,6.5879697572774045
24533,10.451354012774488
24534,6.94942816809988
24535,11.749812479988112
24536,10.669262982819689
24537,8.936571717892857
24538,11.098730186270267
24539,9.864053656122726
24540,9.321947253521557
24541,5.508748523967146
24542,10.535056299553414
24543,8.22354963689065
24544,10.096740141276504
24545,11.587459140309377
24546,12.250150349146196
24547,7.818061572112477
24548,8.357917113807249
24549,8.84926155624448
24550,7.954514189477603
24551,8.007259589910488
24552,7.949567980073331
24553,10.776304578850223
24554,8.73272484298246
24555,6.871514784878581
24556,7.553312305903632
24557,9.530361326777637
24558,6.555223547361056
24559,11.561423497954696
24560,10.317374609338284
24561,6.157602798646656
24562,10.106604237679411
24563,8.751838477529425
24564,6.326456364640276
24565,15.174567452228997
24566,10.378271270184747
24567,7.456871566674861
24568,10.884404136276162
24569,7.818019561047551
24570,4.50329448888046
24571,6.872439933379002
24572,9.893091458605436
24573,4.659224090173301
24574,7.99810556249108
24575,10.998496053801388
24576,6.662095423897416
24577,10.845417533322202
24578,8.307407054676174
24579,11.607540982832358
24580,9.218902413096771
24581,11.61529153619238
24582,8.954100302175576
24583,15.446229682229218
24584,10.145954166742555
24585,8.090373696315726
24586,10.4958148662217
24587,9.267767336493169
24588,9.380531582291882
24589,9.206463253157501
24590,10.487327544624529
24591,5.631435337226899
24592,4.537251145842891
24593,9.173659118375205
24594,10.251220062760998
24595,6.401132972953532
24596,11.503508626343969
24597,11.305616313352129
24598,10.233176294945746
24599,10.580097607215741
24600,13.199929403797888
24601,8.577212991291177
24602,3.9456238530199546
24603,7.282824901488674
24604,6.997379164681447
24605,8.832705895820183
24606,8.395989511028564
24607,9.197592774385456
24608,10.318338145511852
24609,14.976255695475468
24610,10.982977461511442
24611,6.616536633391858
24612,14.04352140208057
24613,13.865741005165884
24614,11.265890260943637
24615,7.920354326274607
24616,10.323904272527514
24617,7.848822837896597
24618,14.18390857630133
24619,7.222482274134045
24620,10.956658158751711
24621,9.671270434180352
24622,9.317557343993421
24623,7.269756493663771
24624,11.033172016658195
24625,8.843490915364617
24626,10.153577312176884
24627,9.283002532784856
24628,8.858087699325077
24629,5.367040617237809
24630,8.882098403497308
24631,9.74968186869732
24632,11.91662244242353
24633,10.599434331215814
24634,4.1648753691142835
24635,10.97777684720663
24636,9.494026013218893
24637,10.426801984538052
24638,12.78700438441436
24639,16.86740470144013
24640,8.580190537395639
24641,9.481083934976297
24642,10.651527924849882
24643,11.847638239948466
24644,5.841611074302259
24645,9.423590930641808
24646,12.43018675875635
24647,9.600520909383334
24648,10.772601560243325
24649,7.382234203673212
24650,7.7504203079490885
24651,7.897463987917778
24652,8.559055954895321
24653,10.309629452811588
24654,11.728767715126544
24655,11.44382339822687
24656,7.127333246096905
24657,12.583830412060806
24658,11.953756672159447
24659,7.296860098762532
24660,4.847315045987239
24661,7.406271370790001
24662,10.860212047554711
24663,14.674548833355816
24664,10.006299905785209
24665,7.567647829401433
24666,7.098812690180149
24667,5.52913126497853
24668,16.531823254081054
24669,12.685333349069692
24670,10.16554300021133
24671,9.63654760934225
24672,9.147842127667966
24673,9.684117710159294
24674,11.31610285776489
24675,6.264150369187971
24676,12.177974891024476
24677,10.975316633142759
24678,9.673028813380252
24679,10.855675496633193
24680,6.994313681800611
24681,10.303525802572645
24682,13.41175218271841
24683,10.805768146625159
24684,9.49852615112357
24685,9.646664500328777
24686,10.530773065473888
24687,7.77603372046794
24688,11.138328507205582
24689,11.533698873159013
24690,9.207645887787198
24691,7.980825695127525
24692,6.744942300359459
24693,9.84353096514312
24694,9.69160987539597
24695,7.928221025381177
24696,10.089632141993153
24697,7.791973528944567
24698,7.752965891943578
24699,14.036364006299944
24700,10.635169181408976
24701,10.812954282534756
24702,12.063034898830795
24703,6.6172799559777244
24704,12.829185301134327
24705,9.309043777090842
24706,11.429214296228698
24707,4.895502844356585
24708,7.1806004714136105
24709,11.001427798550449
24710,8.377078004765075
24711,10.828939226923495
24712,5.597819167326872
24713,9.864287845638746
24714,11.420775377557076
24715,7.343768219723337
24716,9.908294723104374
24717,10.48238803083876
24718,15.221592055095892
24719,10.133225817926222
24720,11.395261312582793
24721,9.756570608327902
24722,9.794760023198199
24723,9.174179583564264
24724,11.983033587348537
24725,7.129973186900054
24726,17.119704537167017
24727,6.872288845046711
24728,10.848061168959962
24729,10.630407968755197
24730,10.456025511252461
24731,11.686249184098322
24732,8.449684399420509
24733,14.957770664134117
24734,11.358352797147333
24735,7.977353784491669
24736,6.65490043667145
24737,5.474306360875694
24738,7.725510228265087
24739,10.548503061282572
24740,6.977294623380519
24741,12.337567225907081
24742,10.612359576329702
24743,10.97445467577463
24744,11.038566215099564
24745,13.536466762903064
24746,5.452790386425287
24747,8.675741054334228
24748,11.325742814824514
24749,8.067849902854745
24750,9.607631418297611
24751,11.629323248934575
24752,9.31485595758545
24753,9.37154914346128
24754,11.01888873930725
24755,9.493247047713417
24756,11.31862071585076
24757,4.556541804714275
24758,13.413413823545831
24759,10.216583488173246
24760,7.545415257761003
24761,12.103905439342078
24762,13.3300924582839
24763,13.78961994671233
24764,11.628131479509419
24765,4.552956223603186
24766,13.079907552523506
24767,5.677753773008558
24768,10.616561445365864
24769,9.729168031743491
24770,5.2975040595322405
24771,9.430602117001664
24772,11.418698031778634
24773,11.58247581636485
24774,13.18793057590805
24775,17.1521283397324
24776,10.732082446628162
24777,9.239012414162062
24778,10.033389807202841
24779,7.779708502375065
24780,11.075811229870865
24781,12.146025254473313
24782,10.973433935065163
24783,4.315590908167161
24784,10.412966144785985
24785,11.202529799015114
24786,9.992630732691381
24787,11.464139623589887
24788,7.38705791851139
24789,12.22426115855123
24790,11.443825519459997
24791,10.40684677286486
24792,13.659514660482527
24793,11.285727464431114
24794,6.301169935277853
24795,10.714989334291634
24796,11.717893323265484
24797,8.103604131646115
24798,8.592212481798185
24799,11.994625788575895
24800,5.239986651944093
24801,14.436115980806537
24802,12.299142171289692
24803,11.432877225983978
24804,10.142275429237037
24805,17.613565701011304
24806,10.35311252110305
24807,7.290275762382871
24808,11.176339272840877
24809,10.044817262070675
24810,9.002321094159367
24811,10.713926557738946
24812,8.713765436414075
24813,4.609991342006601
24814,9.903010588682024
24815,12.390258521462922
24816,7.8969787356291
24817,6.646003485864214
24818,8.524021058776288
24819,10.213241900752495
24820,12.444401086690773
24821,10.604953331613812
24822,8.321471876452168
24823,10.644025247754563
24824,6.652714706676189
24825,10.039365436017398
24826,9.069987610478965
24827,5.685496873925889
24828,9.170840351358002
24829,11.881481857210556
24830,8.072479420413694
24831,11.56988334547838
24832,15.049396979395812
24833,8.724035605336262
24834,11.112577670426408
24835,12.52866070152848
24836,12.923919615636704
24837,8.010280185062092
24838,6.301818782465333
24839,8.68796456642551
24840,8.943363370582663
24841,8.042324897623743
24842,10.80578618053906
24843,9.051641247394372
24844,9.17989869380811
24845,6.489514792128007
24846,11.230381143798606
24847,9.203203133788374
24848,8.305562010004445
24849,9.294638091422001
24850,8.977460204921652
24851,5.396792601527702
24852,9.680413958160731
24853,11.104010789474291
24854,10.5730716228719
24855,10.708986791778905
24856,5.45134931433907
24857,13.641392679179706
24858,11.494589229770662
24859,9.274051605619515
24860,6.542724561160913
24861,6.419317409240982
24862,11.884731941481586
24863,12.562195867086363
24864,10.013333830322923
24865,7.4215736858342085
24866,10.131221271896944
24867,8.858554865104047
24868,8.695169278847542
24869,7.04509685010194
24870,10.155912521326346
24871,4.141650756094957
24872,10.301988551437846
24873,11.371151073018556
24874,9.969683758761434
24875,10.01646237434895
24876,9.940392606625702
24877,12.59520390000607
24878,10.907654558145314
24879,10.268996257897445
24880,9.692852809655196
24881,10.983701969467466
24882,9.978546045608056
24883,9.55222727508982
24884,7.979581276038562
24885,12.386129495537695
24886,6.436742887983547
24887,7.961036359080442
24888,13.327415887882822
24889,9.824925644638576
24890,12.261469001186123
24891,8.54365049306643
24892,8.972900123442871
24893,12.169701122789085
24894,7.895098140487775
24895,4.812099413813218
24896,7.018299290104897
24897,6.242589699555509
24898,11.389678020350658
24899,7.731409761763919
24900,5.494186466530721
24901,12.813767479728195
24902,8.22911071899275
24903,11.245099879591974
24904,9.34724825708735
24905,10.71021784582858
24906,12.324532742612679
24907,15.831654716557168
24908,11.437127167797573
24909,10.796066294880477
24910,11.234541402193315
24911,10.07803652489093
24912,14.610350129040336
24913,6.455886064382247
24914,10.176054538675778
24915,9.953560038291732
24916,11.258713845812611
24917,10.638835086341235
24918,10.864999980832675
24919,8.155650736694
24920,8.48646066879787
24921,10.412566362720833
24922,9.110312058347146
24923,8.511744873666602
24924,7.311085715620241
24925,10.400894245565212
24926,12.969967145727152
24927,15.742101630958228
24928,8.133258579981472
24929,6.662980344940973
24930,9.47176340121222
24931,10.999536575893432
24932,7.3758507557470345
24933,9.943673312066846
24934,11.40528409674997
24935,6.79381425665745
24936,11.402946708705196
24937,18.317641567522358
24938,9.296088475845007
24939,5.181394318413826
24940,9.1322774201075
24941,10.66888926065656
24942,7.8897760620506965
24943,12.669192076008974
24944,8.363154281589487
24945,5.5064126196032674
24946,8.74989746267332
24947,10.153669214381802
24948,10.587028437516917
24949,6.385346608452785
24950,9.196236665339342
24951,9.663387543551819
24952,8.62339916806523
24953,7.005766913215511
24954,11.828915273854198
24955,6.958873000858716
24956,6.814101010080094
24957,11.620378776756386
24958,8.592539873508702
24959,8.270206544455
24960,17.543558393589542
24961,10.806250269543291
24962,12.081516303477486
24963,6.372553370137129
24964,10.84797082341175
24965,11.081859905671372
24966,12.038424110087814
24967,9.274409801141362
24968,9.902876744411408
24969,11.399085082473132
24970,9.549874374447489
24971,14.307016142718378
24972,8.879197845917737
24973,4.2555211634007115
24974,11.381619274722386
24975,19.31733448637752
24976,10.60883635291037
24977,4.158617576254695
24978,10.90125415175628
24979,7.544005679995931
24980,12.729019052187466
24981,4.480182885793628
24982,13.909686500279706
24983,11.264717840660666
24984,8.845320613663187
24985,8.270174500607974
24986,11.17441433457024
24987,11.264337343165392
24988,5.052998098919415
24989,11.04980776639951
24990,10.380462994026217
24991,7.483328966044009
24992,9.893422738181616
24993,11.082832688350752
24994,10.358118598839166
24995,10.81195462456617
24996,10.351804585680537
24997,9.50481594394318
24998,10.864319099122238
24999,7.551795821423635
