id,Age
15000,13.137551267011347
15001,11.751847707702446
15002,9.14510019060258
15003,10.779487856610555
15004,8.870668812066201
15005,9.517639603736935
15006,10.08514279686949
15007,8.233742303112999
15008,10.247546522129147
15009,10.924894863357597
15010,10.004174617742903
15011,10.119175784700815
15012,11.423046696173847
15013,16.937834794876927
15014,11.360359750675478
15015,7.624440771916721
15016,4.851517413673552
15017,10.20175911226809
15018,9.030032005586676
15019,10.390617377442105
15020,7.018064347538293
15021,11.143969160092176
15022,8.062670105699096
15023,3.888130152221204
15024,9.14346616028443
15025,10.920949716507954
15026,6.257322546961417
15027,10.874675887358663
15028,7.993480297365365
15029,11.204295775796648
15030,7.030358344524106
15031,10.166978783026957
15032,11.589287170821716
15033,9.254068669458874
15034,8.357199726728458
15035,9.856341286128867
15036,9.128760983380536
15037,10.467647293912986
15038,9.812121211336313
15039,13.241538720874171
15040,16.729862387009305
15041,6.830855084971887
15042,8.34317265190138
15043,6.980319992584933
15044,8.626513378270268
15045,12.741928683101275
15046,9.485341000500238
15047,10.345080146822717
15048,12.685499861149056
15049,9.219319552054705
15050,8.910879074015869
15051,4.295720803524173
15052,10.83225518185374
15053,10.843467517031032
15054,11.389462807960061
15055,10.335102931809601
15056,6.233065641968556
15057,17.081118986447574
15058,10.653279129532628
15059,12.286940446927787
15060,10.433893113869784
15061,8.132091773654322
15062,9.746238314245538
15063,8.441647783152064
15064,8.547278358807368
15065,7.6077716937693385
15066,6.7515678311321725
15067,11.087071371465196
15068,10.257415524900615
15069,6.977703215646143
15070,11.410010170896353
15071,8.859804108047243
15072,9.108112761476008
15073,6.531374924884716
15074,5.493118075697185
15075,5.7798548375802845
15076,9.668600758649815
15077,9.85381746386721
15078,10.525258445454488
15079,10.076985589555338
15080,8.326153898643538
15081,11.183911827237747
15082,9.502393107555807
15083,10.070568460879354
15084,7.5093591517912
15085,10.132776808478056
15086,16.21019764058071
15087,7.3186586928417725
15088,3.946220225395183
15089,10.09220854146037
15090,6.859062901004846
15091,6.987307607334923
15092,9.381663712698298
15093,9.985441435001789
15094,10.838575318569145
15095,10.590299321696437
15096,10.230587710634053
15097,9.02737110302365
15098,5.031567774674407
15099,14.543210014519131
15100,17.075955598471317
15101,5.194426419659873
15102,9.987844010316033
15103,10.322553560695185
15104,8.755384901444492
15105,10.084354680015698
15106,9.407841701517121
15107,9.10560548749659
15108,9.771096902886406
15109,9.806866825446551
15110,9.996467540152498
15111,16.69969821040908
15112,6.047241249528668
15113,12.99260891453906
15114,8.543135528443148
15115,7.45160539252301
15116,9.363051439863643
15117,9.894627845669289
15118,8.82853527176825
15119,6.045640513375803
15120,12.794047428715036
15121,8.752335951244962
15122,8.57716706898229
15123,9.796791077538774
15124,8.449957421500416
15125,9.911559702904364
15126,6.797118979599549
15127,9.901807096633759
15128,11.956064003470084
15129,10.039339463652986
15130,7.014901246126386
15131,8.40110166848378
15132,12.12426104518066
15133,5.705928558550282
15134,8.470626438173142
15135,10.207786479139688
15136,9.077077228347019
15137,9.887219776129438
15138,9.301205296948746
15139,11.077264758823599
15140,9.787984399032032
15141,8.570099443058863
15142,9.52907071183679
15143,7.353972014255602
15144,9.833619516487765
15145,8.443582282662806
15146,11.164523438340437
15147,6.061623644388082
15148,7.558754664573305
15149,10.503268844131895
15150,10.061229395676813
15151,10.589535751866496
15152,10.091681972958826
15153,9.261430931023375
15154,6.636747968050631
15155,9.749329077882434
15156,9.846421227118878
15157,7.836311908070052
15158,10.651337406576694
15159,10.33860839440151
15160,10.089387983358865
15161,10.252503396515905
15162,10.100271596361473
15163,11.754993227023594
15164,9.92560749104061
15165,9.39722257784575
15166,7.867294381811089
15167,7.004054009179732
15168,6.952944793808728
15169,10.93464507169448
15170,4.772195915164196
15171,8.894099726741661
15172,6.0054395818877495
15173,7.838258848238657
15174,9.49462853934373
15175,8.00172463687996
15176,10.266111841006158
15177,10.174272264996906
15178,6.0654600006282084
15179,10.730135243622978
15180,13.890991002191749
15181,6.490064615609456
15182,14.427532126767748
15183,6.971024359128417
15184,7.937739785355176
15185,9.808257730919644
15186,11.678209050367066
15187,10.438855783712908
15188,10.877809747102123
15189,8.532928937233715
15190,7.894442617098084
15191,11.585678454419861
15192,5.2879148771723745
15193,12.131469619844486
15194,9.316192370512994
15195,9.174881464665846
15196,9.799441378981287
15197,10.070884108650738
15198,7.672459521024409
15199,7.6857050187206255
15200,12.81033221366798
15201,12.446954653019723
15202,9.974332330763707
15203,10.214198846664166
15204,8.609952976135574
15205,12.060853742870464
15206,7.024289891527737
15207,11.029274688409558
15208,5.311634815100795
15209,13.515093288265707
15210,13.087516447043424
15211,9.693018472460455
15212,9.790288586759177
15213,8.171703160154893
15214,8.346050500124168
15215,4.334547986986965
15216,9.60794617151392
15217,8.574613998193064
15218,8.774240639044015
15219,11.312117712926128
15220,11.282231381324976
15221,5.452542763214174
15222,10.057090533897709
15223,7.9039922009654395
15224,10.729267728213344
15225,10.23361755927191
15226,12.544443623593608
15227,9.804712552977739
15228,8.99634305462441
15229,9.7019204435158
15230,6.013702545658155
15231,12.618745825880847
15232,8.722289436774112
15233,8.792790070296792
15234,5.7212935331976285
15235,11.936573898021567
15236,10.327951763221765
15237,10.289078444713358
15238,11.145835751715518
15239,8.224786448400204
15240,11.810798262155188
15241,10.252670432684537
15242,11.247489388751081
15243,11.724150970222084
15244,5.7792505158076555
15245,10.065539910063611
15246,9.956624081210188
15247,7.103146304863725
15248,10.629969408361445
15249,9.510512353994066
15250,8.17573869752011
15251,7.4221393647560365
15252,12.382194215291122
15253,6.226915367843449
15254,10.08902680213987
15255,8.482900849299096
15256,10.75454717165975
15257,9.316372642352771
15258,10.05083218234384
15259,7.43886287448277
15260,10.894217403856064
15261,9.172661445818978
15262,7.2312477992542945
15263,8.069418863543346
15264,8.453910030658287
15265,9.688492593570949
15266,10.105235465597879
15267,8.829324601782472
15268,7.083260574065355
15269,9.925022986429305
15270,4.6988217024784005
15271,9.857846112481035
15272,12.764723645015557
15273,9.194474829627815
15274,10.424160554907465
15275,14.924631586900183
15276,6.844508760231824
15277,10.616381609158186
15278,10.035831334616494
15279,9.849802667588557
15280,6.676178248240096
15281,10.918908267658573
15282,10.199959646423011
15283,9.194756708634824
15284,10.149870650696064
15285,11.172566912318572
15286,7.6066855082717435
15287,7.0400607577610765
15288,10.353871316261099
15289,7.92972116355151
15290,10.860150340499594
15291,9.587594339513291
15292,7.037560281024426
15293,7.4090908951501735
15294,6.0387985133680315
15295,9.436200898808888
15296,11.030657096305077
15297,8.104732832773191
15298,17.710978095690194
15299,4.056344258988735
15300,6.038340662252333
15301,6.3255853849441035
15302,13.974164683815424
15303,10.662203671869747
15304,10.578104708502082
15305,8.140648383224887
15306,9.57644981901105
15307,5.927556593550882
15308,6.638286496090783
15309,9.9475039955223
15310,10.811189668035322
15311,9.153432978671034
15312,11.338845949150947
15313,6.087526596054545
15314,11.082379263286686
15315,10.797764449006781
15316,9.890449561028701
15317,10.115199599818826
15318,10.122733451269497
15319,9.358021061182153
15320,10.835294788594979
15321,12.31878219621667
15322,5.53656528967143
15323,11.779993359707845
15324,11.702604402564198
15325,4.8799701944474245
15326,7.109888014588367
15327,4.4538930264563135
15328,12.671283046436322
15329,6.8757153903079296
15330,6.503366646127416
15331,9.802760552462772
15332,7.424555195700245
15333,11.497886166453224
15334,10.653071990237589
15335,10.183711479774132
15336,14.526585071397971
15337,10.322048044165454
15338,9.151020287343016
15339,11.131295194058989
15340,12.22207032557506
15341,9.210347943994897
15342,9.86097874391951
15343,6.894477326905985
15344,4.389481998893226
15345,11.215265359173374
15346,10.785273476296606
15347,11.799427793422776
15348,11.099082874887273
15349,12.14727618361828
15350,9.974804087137123
15351,9.740646013412006
15352,15.222970748126144
15353,7.590185983280172
15354,9.984761434193226
15355,9.296602305421587
15356,12.722797298704162
15357,11.44462686663244
15358,11.28014517345505
15359,12.012425052318644
15360,10.325713927621509
15361,4.059173944416022
15362,8.660453631153729
15363,10.240537191938856
15364,7.71185885029783
15365,6.166635052583816
15366,13.33759473534119
15367,10.097714160288444
15368,7.01230383670061
15369,14.776441739747874
15370,7.962831942203165
15371,7.689405039013639
15372,8.052250496930021
15373,8.234001084028924
15374,10.211651987063725
15375,7.808351428707213
15376,9.538847064827646
15377,14.943635340886448
15378,7.885289160369342
15379,9.984545303314322
15380,9.0740267094961
15381,10.060637327584699
15382,8.285006721014998
15383,10.035472746890935
15384,7.8404872729959125
15385,8.864767948780898
15386,7.794947790068031
15387,8.305539604150608
15388,7.228865853083497
15389,12.113021240538178
15390,8.227786554003156
15391,10.272226441162921
15392,10.069039783615278
15393,9.042747575284709
15394,18.26782441876669
15395,5.490067599172767
15396,10.844307812540308
15397,8.173276052902729
15398,10.667985266483011
15399,14.56069903411023
15400,10.380052495948789
15401,9.001592954706442
15402,6.2257384031487515
15403,14.748203631352583
15404,8.761778881905615
15405,6.53942498786887
15406,8.745460618928462
15407,8.71097210409591
15408,9.925703257815716
15409,7.744790655661838
15410,11.476589619416831
15411,9.509709483708864
15412,13.225321020255777
15413,9.918844088811674
15414,11.904121916340928
15415,9.936733733685832
15416,10.483300687606713
15417,11.059872437809481
15418,10.675418579888753
15419,10.403677910655784
15420,11.658086321515128
15421,15.071368324533328
15422,9.390077994639215
15423,8.326688071594308
15424,5.332238082577037
15425,9.368392446532638
15426,8.699210636600966
15427,10.093477776421144
15428,10.543604845275699
15429,7.616243534734897
15430,12.640444460683382
15431,6.945155950287857
15432,9.41630502584182
15433,10.453144820906196
15434,9.297788216228888
15435,7.821285069445323
15436,7.044116862810653
15437,9.991520854251547
15438,9.541538261148899
15439,9.904573117124325
15440,10.45185733287127
15441,9.253126734066822
15442,7.297539638408486
15443,12.173824861460378
15444,10.029613912410984
15445,8.37232429748008
15446,10.618877234166312
15447,6.428147698232246
15448,10.181609231070945
15449,5.250208646024586
15450,8.500783723957301
15451,6.157280365124743
15452,9.984460361657757
15453,6.972824148727932
15454,7.543394319301406
15455,8.933108359458119
15456,12.014836312680895
15457,13.540090423852625
15458,10.042966568847584
15459,10.7224894091501
15460,5.941831580275915
15461,9.779019423563454
15462,12.036157159388758
15463,14.706484853200296
15464,9.868165183830358
15465,9.291138836527923
15466,6.767490104919549
15467,7.06884989846832
15468,14.654217290078428
15469,10.359881002947224
15470,7.093196929149325
15471,10.568703343153707
15472,7.974046543629646
15473,8.062926820093985
15474,6.653723848963749
15475,11.602073562947991
15476,14.220511598944555
15477,8.552723336100836
15478,11.391593235844775
15479,9.567834410689416
15480,9.950278394403473
15481,10.94374074794901
15482,7.04410404706004
15483,12.7541356616383
15484,9.006360190945637
15485,9.38827482422816
15486,7.416982155527247
15487,10.502938552295575
15488,8.06029255392204
15489,9.95578480208991
15490,12.017799079083034
15491,8.967699629593831
15492,10.392113278049152
15493,10.008766516415537
15494,5.722439008347248
15495,8.118731458713388
15496,10.724445228064942
15497,10.072380113260492
15498,9.247728989744735
15499,9.928718753378181
15500,9.838885016945886
15501,10.425648419222055
15502,7.382823797304612
15503,8.619388845264458
15504,5.1170793660454255
15505,6.6214089740049875
15506,13.12162875273453
15507,12.720469862772251
15508,12.470121894388003
15509,9.4494545235396
15510,10.703798494164992
15511,8.688994690928883
15512,9.456525572802553
15513,6.892992195670841
15514,12.680290499292791
15515,7.008637999349618
15516,16.746864924067108
15517,10.055736668890011
15518,6.803162889006989
15519,8.909198117591822
15520,10.389935526955757
15521,8.89375147831018
15522,13.262825579343456
15523,7.259209910726012
15524,9.889807475731827
15525,9.564672192032944
15526,11.631193205695071
15527,8.626009462948709
15528,18.006949302170565
15529,10.081794717355994
15530,5.19920491142514
15531,10.228768519746502
15532,10.555589599336013
15533,9.534997927107892
15534,9.750830994055956
15535,4.813292284526524
15536,10.09395835534381
15537,12.92061722180156
15538,9.707125389137904
15539,13.04353049351699
15540,10.124300647567487
15541,9.923706174420747
15542,8.878299958805409
15543,9.80452712453792
15544,9.375710177142796
15545,10.50552607406387
15546,10.080858398358945
15547,10.95776258336495
15548,8.597930357900625
15549,9.443273864096971
15550,14.99364492182108
15551,12.604462967512626
15552,11.496757617684572
15553,9.932335045770515
15554,7.3481057898594315
15555,6.7132628788443185
15556,4.276169511387514
15557,7.733724517872787
15558,9.54929937237225
15559,7.346336323579765
15560,14.064830795022324
15561,9.965209382027957
15562,12.597961850379058
15563,11.321722908438364
15564,10.327961970742777
15565,6.4260943724410104
15566,9.879325227740665
15567,10.943495425049159
15568,16.219511679429583
15569,8.581019092495712
15570,9.62868530813854
15571,9.940566427216268
15572,8.764114825141773
15573,6.994535046816938
15574,9.04072537148944
15575,11.009586826266183
15576,10.549524603394357
15577,15.91968632207234
15578,11.304413251793939
15579,14.816917184477859
15580,5.853884028853168
15581,11.302877453668566
15582,11.173285567471282
15583,7.42643825985716
15584,11.405510247795304
15585,8.905304229738455
15586,12.209413944936912
15587,10.099504021968047
15588,14.666783740609292
15589,10.330170572414996
15590,10.975190672892884
15591,7.211771509652805
15592,8.746079535925606
15593,8.760472184193256
15594,10.01679606110983
15595,5.883238928676685
15596,7.112866534736392
15597,14.055977238101953
15598,9.568652391812131
15599,9.120952413389547
15600,4.308310005910662
15601,8.573099169840006
15602,8.742030678639772
15603,6.963605197071113
15604,8.760360477898613
15605,10.221055177721354
15606,5.9554308420034765
15607,10.369975658209718
15608,9.393651985137195
15609,6.842364297524242
15610,6.072555750368613
15611,7.413933174054554
15612,13.307266759425296
15613,12.32538332912134
15614,8.798854296924588
15615,8.444360985038099
15616,6.828492053485137
15617,10.261870693375435
15618,13.760972739000785
15619,8.352216547577056
15620,9.90090268071776
15621,6.0688869659031095
15622,6.143229624838495
15623,7.561054073937353
15624,7.857986477567463
15625,11.563499820838297
15626,10.12887342126546
15627,16.724574110298516
15628,16.651944630745447
15629,10.34414943069655
15630,9.23313926864374
15631,8.305186238068389
15632,8.686179255307014
15633,6.026403136092201
15634,10.04209222349452
15635,16.48849175581467
15636,11.323626231194808
15637,7.2803968648975985
15638,8.181680222880829
15639,9.932808939972332
15640,11.140779433138079
15641,8.557716507911527
15642,8.94520139150939
15643,6.597151508294639
15644,8.15166171490633
15645,10.360442079965626
15646,8.96234229638582
15647,10.04561926779207
15648,10.994366615708065
15649,10.957146154132783
15650,12.23663167849686
15651,15.714612877022411
15652,7.766585622109563
15653,9.460419667940862
15654,6.877391032599207
15655,9.926247714914723
15656,9.337411557303323
15657,8.824695631178765
15658,11.085807319296888
15659,10.335529918916835
15660,10.582890453851045
15661,9.860976880144582
15662,7.9590646599261206
15663,11.05541976927464
15664,13.273728641596685
15665,14.561786274025891
15666,10.322658095044826
15667,9.597741181192124
15668,8.909032303600817
15669,11.997203522072668
15670,10.385642234789723
15671,10.191678363930025
15672,8.042325804522205
15673,10.314499879745131
15674,9.864368679805326
15675,9.77964996078929
15676,12.187702457422214
15677,8.855795155154562
15678,10.92423478394155
15679,8.886951710372681
15680,10.172205294649256
15681,7.99248533730616
15682,10.109708125416482
15683,12.283024390409432
15684,6.19386196050618
15685,8.27375802121018
15686,12.375814687802336
15687,6.342163608286054
15688,7.487988340244117
15689,7.9929287002020395
15690,11.535709457093606
15691,11.244221455311076
15692,14.134713193469642
15693,6.635309896009064
15694,9.553176890051919
15695,6.991277790180456
15696,10.220557565783935
15697,11.325785265173122
15698,10.171681721105903
15699,9.392997227689497
15700,9.566074444652255
15701,9.715295508924388
15702,9.036180799526896
15703,10.581440862286057
15704,11.24774260548862
15705,7.050915646150688
15706,8.95946504139304
15707,10.781333928548602
15708,9.895892432911912
15709,11.805102104112361
15710,15.292876521294781
15711,10.0603225351533
15712,10.274497322733012
15713,10.01347074822871
15714,8.395208772826464
15715,6.818786871152219
15716,6.630425812456387
15717,7.977843216015925
15718,12.332316773846724
15719,7.244287954362926
15720,10.224332076639385
15721,11.25482332996534
15722,6.013342147225939
15723,10.48470458782148
15724,8.166621160865644
15725,6.0240937713839955
15726,11.103373532031826
15727,10.24879544073843
15728,6.013996488800791
15729,10.64208736579575
15730,8.791064077581172
15731,8.396885758255841
15732,10.241898357258446
15733,9.16523949489403
15734,9.046535077559076
15735,6.021904111323092
15736,9.978097280285308
15737,6.6143587932084085
15738,8.82389404596052
15739,10.13898319887008
15740,8.265343457744528
15741,9.920352633031317
15742,9.792228216371452
15743,9.592754321535054
15744,10.064874301716982
15745,13.947996632154421
15746,5.630736867935673
15747,6.947545346423317
15748,9.585485555601426
15749,10.214301202079163
15750,8.678634542776164
15751,8.018363204709669
15752,9.964550950287748
15753,6.913084776372666
15754,10.685323913477568
15755,10.351361337493216
15756,9.292149890579221
15757,11.461407058711147
15758,10.00614327937971
15759,10.612354937715024
15760,8.28663214297713
15761,9.324848059152963
15762,14.363893469857377
15763,17.146888243813763
15764,8.899829606559496
15765,8.20151582286011
15766,13.239749302423858
15767,9.910416458338583
15768,8.527376229870796
15769,9.764618921848719
15770,9.05791584228689
15771,8.772665427869962
15772,10.921475012179412
15773,9.296659958792965
15774,7.184564710110596
15775,10.448124632759592
15776,13.621116819790714
15777,6.977334870550507
15778,8.06627218171278
15779,10.908675557716998
15780,6.982805653813569
15781,10.588357804079305
15782,9.774365267714243
15783,5.666398484507505
15784,9.953902748937399
15785,7.869470733940283
15786,7.417874842373249
15787,10.032758147006387
15788,10.40639940586232
15789,9.208534302431008
15790,7.0918212113039925
15791,8.635808602984287
15792,9.814790645035192
15793,5.08344743508567
15794,10.293072052825103
15795,9.836816936851461
15796,6.109884368636159
15797,9.89695609501251
15798,9.972803418661456
15799,7.010472142115336
15800,12.229785049198881
15801,13.008584690182918
15802,8.36818869904621
15803,5.120367357684421
15804,6.841082863394567
15805,13.021662205151792
15806,9.370832953548856
15807,10.065361088247814
15808,14.85577943886134
15809,10.419413580783926
15810,11.74662303671885
15811,10.767673002058268
15812,10.423070173275464
15813,8.376320730282929
15814,6.39113496655443
15815,6.897034755011579
15816,10.465453615594821
15817,9.567102004026228
15818,10.24482604950715
15819,10.008387782568402
15820,17.077895891417047
15821,9.450059416576465
15822,10.004730941836513
15823,8.72157947093153
15824,10.045296974095626
15825,9.12299985153866
15826,7.174683081046782
15827,7.630906901865791
15828,11.197626467171213
15829,10.319787994758485
15830,9.299939194908688
15831,9.842884685801048
15832,10.912134317240696
15833,15.557614881481731
15834,15.323767512315866
15835,9.958187708387305
15836,14.123531028519206
15837,6.8314076635998155
15838,9.669681529844965
15839,8.470425767165409
15840,7.66535229025169
15841,13.61106957764433
15842,7.185452926823837
15843,11.069997877375584
15844,6.945261596255625
15845,14.942718031190058
15846,9.314099751425928
15847,8.952743189080152
15848,9.760052566933004
15849,10.020028007164118
15850,5.059774701703741
15851,10.108326655880909
15852,9.104706201144491
15853,8.764067387514396
15854,8.346487318169677
15855,16.042797147521043
15856,9.582094620410118
15857,8.529736369028207
15858,10.09382327231084
15859,10.862948300353237
15860,10.35129140048873
15861,9.588090399631637
15862,8.005053010260625
15863,9.465455663979702
15864,10.818638986162734
15865,10.072125399274576
15866,5.986588016878891
15867,10.73306040721185
15868,8.882437597062165
15869,7.177149758778389
15870,12.588077970461214
15871,15.652272592574041
15872,8.557463151561478
15873,9.66393243715109
15874,10.078098209264054
15875,8.611527126663859
15876,9.009477765973003
15877,10.022853183561532
15878,9.887513122257744
15879,10.255522271081025
15880,10.282413251149073
15881,10.319219678514004
15882,6.934441869903884
15883,6.9795928905764
15884,8.383117356653202
15885,10.957647345132262
15886,8.862464738273362
15887,7.286223331704619
15888,9.024350199464127
15889,9.993069034850974
15890,11.225000138807221
15891,12.991039102182265
15892,10.044633486056505
15893,6.996655923322533
15894,10.173012551953306
15895,10.092216334165478
15896,9.597391315812411
15897,10.719854731719556
15898,9.677793941072474
15899,9.637109016141176
15900,6.473734968387847
15901,11.157415514705798
15902,10.391229316383706
15903,8.35181927772382
15904,8.77123702906495
15905,10.615829061122437
15906,13.130240081870479
15907,8.319407724906302
15908,8.600331081874547
15909,9.732364621848479
15910,12.125991458702932
15911,8.446543766261039
15912,10.08984430036907
15913,6.057271477730887
15914,9.222467193173896
15915,10.132628115222406
15916,13.72159335079643
15917,9.490614142140261
15918,10.918828789514766
15919,9.100336047288813
15920,10.829462825304573
15921,8.76154594516528
15922,7.062807479247603
15923,10.881149080088987
15924,9.65203632187552
15925,10.084808454138107
15926,10.823132354924006
15927,11.296725461174026
15928,6.414167965630612
15929,9.817573943089982
15930,5.887388898372253
15931,7.842857176788286
15932,9.231926842253436
15933,4.910769202539749
15934,10.635724428638689
15935,14.881155639482188
15936,9.755111322747393
15937,10.305871134161361
15938,9.920345836597978
15939,4.6691153968562125
15940,7.0225384565663855
15941,11.853274114131814
15942,11.016607578014476
15943,9.24577225072105
15944,10.141979914337632
15945,9.79470062871643
15946,9.374615700237465
15947,8.131160179787074
15948,7.970363347664367
15949,8.655845018472274
15950,12.58471199192575
15951,10.0720313619697
15952,6.70566774546941
15953,10.244336174872096
15954,10.311730753920763
15955,8.899949335009676
15956,5.96173803913043
15957,11.47812047259486
15958,14.206239378608265
15959,5.787919842027046
15960,9.7379320953206
15961,11.070501218885692
15962,16.402701530509635
15963,9.334074154490043
15964,10.24512992590852
15965,7.796101778682173
15966,10.03027261445607
15967,7.06800331375157
15968,10.084266460946484
15969,10.130944764795569
15970,10.470622234358146
15971,10.228395945572133
15972,7.995299556047795
15973,10.583677311024303
15974,6.147079117006747
15975,11.337997730597747
15976,9.918597747155038
15977,10.630750520860403
15978,10.968969851370634
15979,6.898683281311012
15980,9.460042700795658
15981,8.01683701505749
15982,10.97092546115761
15983,10.849466852792535
15984,9.796972402417977
15985,10.972684065553914
15986,8.020070147382873
15987,9.270171571149806
15988,9.862244913546215
15989,10.75406999370716
15990,9.855807614563494
15991,8.333349212048244
15992,11.008097007760604
15993,8.026830208598158
15994,10.207925274478455
15995,7.788438794694956
15996,9.564010026711374
15997,11.85050771098149
15998,9.943890174413019
15999,11.139709642229372
16000,10.630456757112945
16001,13.264778901089148
16002,9.932272756910523
16003,14.80778013769512
16004,10.249997952894086
16005,11.444437039298023
16006,10.704617096875047
16007,9.714568714318151
16008,9.628676740195733
16009,5.498020605847614
16010,13.96333046924742
16011,13.144463240549438
16012,6.054953556299305
16013,11.119331870856708
16014,7.026921675746224
16015,13.060067576640588
16016,13.655775176286848
16017,5.978981357045643
16018,10.558657529741929
16019,7.393820901831843
16020,10.195341703670243
16021,10.967028433188226
16022,13.964291510919246
16023,12.333214360633589
16024,9.698259573663528
16025,10.652433031085364
16026,14.264052288307159
16027,4.012558305259229
16028,5.483777758535906
16029,8.97265231035652
16030,18.933546939272407
16031,8.793424290230538
16032,12.062108874609414
16033,10.358523575001552
16034,13.427710206984713
16035,11.338725952291085
16036,9.356784249950566
16037,10.62924450263209
16038,5.581639219469217
16039,9.223294413410194
16040,10.746852028809599
16041,6.98374700140481
16042,6.99952911101081
16043,10.331059495131717
16044,10.173158478889915
16045,10.948838084597977
16046,13.14500147593196
16047,8.891672097540217
16048,9.421831871688003
16049,10.826612038612565
16050,10.719511819807362
16051,7.0877966586881085
16052,12.147881838454929
16053,14.125059858455447
16054,7.978762563326244
16055,19.176272138340753
16056,10.259137808909598
16057,10.267596778323686
16058,18.16185946799819
16059,9.993216579185265
16060,14.080123418295514
16061,6.493429411786304
16062,4.445807424042603
16063,16.748088002859816
16064,9.631570771655223
16065,10.125385800098385
16066,8.720822953458113
16067,9.331425229431701
16068,13.173311087741357
16069,10.240041526268143
16070,9.099960642331077
16071,10.327661973002757
16072,7.246701469460966
16073,12.670790051219218
16074,10.73450171630102
16075,9.743236539576632
16076,9.834573437348256
16077,8.066827136391
16078,11.327410281122626
16079,9.494537962670309
16080,9.85233456259338
16081,9.56679154082906
16082,9.533924511711529
16083,4.3135691867127015
16084,8.87696180324954
16085,8.303105487560629
16086,6.186877605219971
16087,8.004371006716472
16088,7.983966206409205
16089,7.8837991245504115
16090,12.17659982026984
16091,10.376244027513573
16092,12.370830595315477
16093,11.867135755482673
16094,13.298466929301373
16095,6.555047807553684
16096,8.01609230752128
16097,5.944242129646506
16098,9.517050421027129
16099,9.183597732018951
16100,9.978286331290034
16101,12.83983079620199
16102,9.561978528809904
16103,6.203089987271744
16104,7.911757040826599
16105,8.028042228233728
16106,9.652047013293108
16107,9.262129442241989
16108,10.903549663928066
16109,9.458826912792064
16110,8.09591247314443
16111,7.305329236621494
16112,7.981746314906271
16113,11.234429989378114
16114,11.146486799049026
16115,4.347205373649349
16116,10.586375905875611
16117,10.073085026673933
16118,12.634039280925514
16119,11.957697402503925
16120,9.123808488210843
16121,9.973659482330909
16122,10.139057205137595
16123,6.97351531032189
16124,11.122508013550569
16125,5.722908226752837
16126,10.829310814510846
16127,9.575575164169155
16128,10.92761024923485
16129,9.527765750516695
16130,10.830152578839673
16131,10.727663005531891
16132,9.796223726781179
16133,9.10339611108749
16134,10.823017777169458
16135,6.957869539395002
16136,8.985742482659349
16137,11.248604460361786
16138,6.969408205160791
16139,9.051048951943148
16140,12.608205605488852
16141,13.811620666538046
16142,13.279546622705979
16143,9.492263123244998
16144,11.156142300617612
16145,8.462314940345596
16146,10.07179567919908
16147,9.53405958834264
16148,5.015974746674332
16149,9.843911158543333
16150,7.990723007179584
16151,9.070557969542579
16152,9.988922442772294
16153,7.067381710209929
16154,9.235134885287017
16155,9.702901958042519
16156,11.759477716501747
16157,14.023926241087313
16158,8.09406458233893
16159,6.86281744450798
16160,15.222373739408308
16161,8.012996227527646
16162,14.549762212548924
16163,8.098443764109597
16164,11.188218836329618
16165,9.640599161192767
16166,8.011261621769643
16167,9.525341609538188
16168,8.478826315551618
16169,10.349027111653868
16170,14.216515715022854
16171,5.887033063132334
16172,15.030534944450775
16173,10.39938230074218
16174,6.9152081733371515
16175,12.078525641357249
16176,4.940763905665948
16177,9.96364869097551
16178,7.035700434008527
16179,5.333330813227807
16180,8.62728005722057
16181,9.899661069448449
16182,10.195719189768667
16183,10.153138605347316
16184,9.219933135904089
16185,6.651545937116717
16186,9.940551938441756
16187,9.149565923712354
16188,10.1815427355307
16189,14.822126605407824
16190,4.341012363932325
16191,9.926507865444268
16192,9.210936257996059
16193,9.892673101944611
16194,8.025447787191359
16195,7.511196104039409
16196,12.128010636534942
16197,8.295151716742316
16198,9.873828877331338
16199,10.053343351229564
16200,11.47435555898954
16201,12.450847007126029
16202,9.057001045168608
16203,11.32585945000622
16204,5.188329844734061
16205,10.509613577807531
16206,9.628823949952608
16207,13.145071690894428
16208,10.129699906450366
16209,9.01627552857897
16210,7.309136254661087
16211,4.038852059836866
16212,6.86143709365904
16213,14.602047940747227
16214,4.911522857844208
16215,9.133137216015498
16216,8.210917464856625
16217,13.03882683922959
16218,9.399073414625297
16219,9.80769386937426
16220,7.740120710932129
16221,7.6237578499983085
16222,10.137121737490377
16223,6.16975902725431
16224,10.86869772072885
16225,10.356105177272047
16226,6.0843214495195
16227,10.411505951093417
16228,7.846302969673621
16229,5.071708601985637
16230,10.314019745270192
16231,10.959910821664007
16232,6.960903579164964
16233,9.97548994396803
16234,6.862247632243093
16235,6.102697070667375
16236,8.869013423777847
16237,11.33693536018824
16238,9.014112784265155
16239,10.055663299610272
16240,6.102117765683332
16241,7.298433825731976
16242,8.339290699805613
16243,9.827267186583292
16244,8.000587436126944
16245,5.365836146056431
16246,11.656013407607379
16247,6.327700038851538
16248,13.077474396321962
16249,10.505675402371727
16250,8.807995950197121
16251,9.844995976443077
16252,8.427643098452224
16253,9.942035185033108
16254,9.988856002378327
16255,8.499105478688607
16256,11.339267074591632
16257,7.762922454910534
16258,11.137816387420028
16259,13.707647423371352
16260,10.231345647854114
16261,19.856115682223017
16262,9.54745416473555
16263,13.177821673206786
16264,13.508727662524558
16265,11.418733482981267
16266,11.001398563413797
16267,9.948949132988142
16268,9.853471481910363
16269,11.082335361786566
16270,9.109900147481948
16271,15.280745174699826
16272,8.333804323849382
16273,10.004610443015808
16274,8.72170154489947
16275,9.07014855287369
16276,7.034380418361081
16277,6.842470123411967
16278,9.543593122168032
16279,13.80706955148553
16280,10.912368102163752
16281,8.052208710112541
16282,9.054192104289562
16283,6.987788686990314
16284,9.143243619263128
16285,11.632374732175023
16286,7.684085949309845
16287,6.76883523508889
16288,9.738363985277921
16289,9.408443040041435
16290,10.172313480569354
16291,8.919328299034044
16292,5.993148305611623
16293,4.129145493914278
16294,9.550377500742995
16295,6.241930402194732
16296,11.761894222887722
16297,12.447872060901961
16298,10.262231662201
16299,10.126921971312255
16300,7.928399605736127
16301,7.7314538923906095
16302,11.159756460125227
16303,6.082415713523907
16304,10.469217953233251
16305,10.647217870810987
16306,4.027406239505292
16307,13.439550271100302
16308,9.856437338605396
16309,6.973423690667033
16310,7.052556854345727
16311,8.434735389758757
16312,5.876947641715823
16313,10.838504111735407
16314,7.638648620637461
16315,10.048055102653434
16316,10.093905224171689
16317,10.013359740991472
16318,6.266506705803586
16319,9.422794418833766
16320,9.9339897674623
16321,12.728506296149835
16322,10.078589620376533
16323,10.019109851162614
16324,9.222710032925084
16325,6.207000590920812
16326,11.22588090324363
16327,11.78518741164915
16328,7.618795389576013
16329,6.147111265116907
16330,8.370325376358052
16331,8.547991194107983
16332,10.987158379932993
16333,11.894043249933166
16334,12.409352974454228
16335,12.43113026568343
16336,10.231700713098302
16337,5.928359866209017
16338,8.642285887356522
16339,10.191552159247626
16340,9.755522348892072
16341,7.604281479405399
16342,16.2955756244143
16343,10.133749323120792
16344,9.839581474875006
16345,10.42379738502241
16346,9.938836105516911
16347,10.198563139993723
16348,10.467717727211193
16349,16.77103456087515
16350,12.173639820544484
16351,8.833150628448172
16352,11.152783740497016
16353,8.510663114469509
16354,10.031636314195712
16355,8.916938695861775
16356,9.154526016444574
16357,10.64702231279694
16358,10.708145720775901
16359,9.220724803071686
16360,10.312956658254757
16361,6.510689768656136
16362,9.336753572424946
16363,14.72806559478007
16364,9.949440735302732
16365,9.924000554649098
16366,9.039376658103865
16367,9.81932573620636
16368,7.360711916774167
16369,14.213499610078804
16370,15.11100919156424
16371,6.505448987909208
16372,10.94287815505238
16373,8.167034377177773
16374,13.26618050570212
16375,9.045752896427565
16376,6.4364369535914765
16377,9.96954174874901
16378,6.11038032152211
16379,10.375141419960473
16380,13.51602193010503
16381,9.308647074335848
16382,11.620854824268905
16383,9.535450235699127
16384,8.037049072049138
16385,9.948634246882673
16386,10.941582641068333
16387,9.38857855039462
16388,7.96151633748106
16389,8.00461730294023
16390,8.68909826949428
16391,11.31626634154336
16392,10.871936871891537
16393,9.747025038369205
16394,10.402372493199458
16395,8.9694033427538
16396,11.814490482959545
16397,8.026056349450766
16398,9.797613559184859
16399,6.132469074758161
16400,10.932476911254469
16401,14.522018169963548
16402,10.008148213647802
16403,10.588194026269068
16404,12.69645411820439
16405,7.076266950058857
16406,15.530548451008984
16407,10.379189354520989
16408,11.015315670563501
16409,10.048096875892307
16410,10.737661067348961
16411,8.859219511186764
16412,8.668596897219095
16413,10.00545712582284
16414,14.773344370199336
16415,11.064059436736532
16416,10.821211398407849
16417,10.22011957232636
16418,8.309778360117209
16419,7.098264846831951
16420,5.977999072114073
16421,7.708843356414511
16422,8.702090210310443
16423,9.860119213109709
16424,16.065254199679394
16425,7.07274666618621
16426,10.302010267300927
16427,13.025178323761224
16428,11.550406861418676
16429,5.061818464780988
16430,7.8556814237330945
16431,10.371277925358324
16432,7.002196150929538
16433,8.38276862516518
16434,5.12143279418906
16435,7.235053864092407
16436,7.6797145389447135
16437,5.248845650701641
16438,9.449685499849576
16439,8.601716910228111
16440,11.017659697279559
16441,9.976228150482509
16442,8.546914469784554
16443,11.136706822957718
16444,10.880569335789783
16445,10.593628768771016
16446,10.517310687778473
16447,5.0620121767796356
16448,7.876898246320256
16449,9.868602124579686
16450,4.868000414450604
16451,8.004061457543601
16452,9.637380459738722
16453,9.609679524929787
16454,14.193768867232418
16455,13.011158092214666
16456,14.468983126028878
16457,8.483131769128931
16458,8.664402561769048
16459,9.717799612171014
16460,14.399585805346813
16461,13.363264596720395
16462,11.374295466758916
16463,5.6540140936706145
16464,7.040087810576078
16465,4.9937491814454775
16466,10.24049210798453
16467,9.618233197629618
16468,11.132180116557814
16469,10.319548718258323
16470,8.082460489547868
16471,9.972944866884315
16472,14.168969911325417
16473,7.006908267468285
16474,9.839389890653528
16475,9.330090879327624
16476,8.97328927321545
16477,6.006156787433957
16478,9.900610344013199
16479,6.077127510561176
16480,10.469706575745235
16481,8.170608634425278
16482,10.273799058719248
16483,9.388842193577892
16484,9.563761492837354
16485,11.51062149521836
16486,10.161673272668226
16487,10.120157837693302
16488,8.18522049766965
16489,10.034438138467642
16490,8.94368974578126
16491,9.546700597832487
16492,9.110723540289964
16493,9.998954622949888
16494,9.941434316421734
16495,9.760410532017465
16496,9.992575305460976
16497,8.71055375085563
16498,9.428035942301152
16499,9.839690329621687
16500,9.993620562242796
16501,11.537807239233338
16502,9.765202652093983
16503,10.637627814270108
16504,15.887480858661004
16505,8.163054162811337
16506,6.38216028220946
16507,8.068323971283593
16508,12.990810955160265
16509,5.615819636790487
16510,10.131916687323544
16511,9.81270496232008
16512,8.795685653986391
16513,12.891362599843927
16514,14.061647396751322
16515,5.3287905006899665
16516,11.094961925096827
16517,11.534065896196113
16518,9.074778228695143
16519,7.108815219128024
16520,11.941377214318951
16521,7.02939104351386
16522,12.446522055393263
16523,11.22101950402126
16524,10.726712623237946
16525,5.102691252083967
16526,7.153016584233496
16527,10.748600153579668
16528,13.500656123295766
16529,10.539818599503466
16530,6.990797777206321
16531,10.77260765645351
16532,11.86296142165645
16533,11.815393291865455
16534,10.150190663951669
16535,10.070312117879121
16536,8.431826788983397
16537,4.925371514620304
16538,7.829596366795453
16539,6.612771974679752
16540,5.502302551098712
16541,9.992451934848175
16542,5.961714083569149
16543,9.003906186743796
16544,7.43813351648312
16545,7.363291692546278
16546,7.167875418236381
16547,9.129576054761113
16548,15.16894087506246
16549,7.69700239703354
16550,8.624072242317492
16551,10.772333581849374
16552,9.844782280344683
16553,6.1561313969721505
16554,5.681054769510233
16555,11.036486184221204
16556,9.101280797503009
16557,10.170829739194449
16558,14.466425202960767
16559,3.997284138198377
16560,9.34893225178314
16561,9.941582733796793
16562,7.299139391444621
16563,10.907415442418054
16564,9.542529046193724
16565,13.826754496835255
16566,11.7399613250145
16567,6.948194284696467
16568,9.650624315650193
16569,9.664514609182593
16570,6.891888747138269
16571,8.201914215104377
16572,7.862681835543965
16573,8.83380266943822
16574,8.607689109990673
16575,9.694296309678162
16576,12.898083413435042
16577,8.165168141535357
16578,9.602455915267358
16579,9.238445076822178
16580,10.782133424563366
16581,17.69394467336541
16582,9.346631807116097
16583,8.678560946115784
16584,12.929511647036705
16585,9.127263335534586
16586,10.099014760266277
16587,6.766107879776387
16588,10.085018700250984
16589,9.707907125464864
16590,6.021801564559615
16591,11.40084394630155
16592,11.802283490635865
16593,8.196531674729478
16594,8.86696023802289
16595,15.538652348179339
16596,9.897149273434792
16597,11.384043395010615
16598,17.89744117129942
16599,9.110786407230545
16600,6.130066417421139
16601,7.040714854444719
16602,10.437323503681961
16603,8.0137665394172
16604,7.890260985296504
16605,8.67954065569017
16606,8.505800138119806
16607,6.056781356798844
16608,15.161270038080804
16609,10.15529753546661
16610,10.937277231861373
16611,11.436736069609688
16612,10.770565492296736
16613,6.606278331262019
16614,9.26469854676359
16615,9.136382449483872
16616,13.409166743564242
16617,9.57415062403384
16618,15.05659871865953
16619,9.711742838608389
16620,10.00827968515675
16621,9.251135980837292
16622,9.204548903211144
16623,12.651090489079165
16624,10.904653959536628
16625,12.222262943563527
16626,13.658340707862152
16627,11.583128171093115
16628,10.05154494327011
16629,10.436188666136967
16630,9.975127720060238
16631,6.914465159732705
16632,10.83546602574192
16633,9.468846687531595
16634,11.17017053678255
16635,7.958406804646905
16636,12.389952231448934
16637,16.325934439083756
16638,8.62895320725473
16639,12.390694692251104
16640,17.070564762786272
16641,9.473570901091813
16642,10.152242690218397
16643,11.203536561230383
16644,8.900173491301262
16645,9.80030276132004
16646,8.667983937579393
16647,11.0151008297589
16648,7.764533969346333
16649,6.9734504152345185
16650,10.43205416048432
16651,12.01322239021075
16652,10.817186863890406
16653,10.069584523640334
16654,7.137920493765861
16655,12.05717009086004
16656,12.158055073378796
16657,5.244342939780306
16658,17.427059599981703
16659,8.925750770148735
16660,6.802229391752006
16661,7.008944305926194
16662,9.594831395252506
16663,9.925892131626796
16664,10.973529471765016
16665,10.355360317630472
16666,11.44301284058398
16667,9.306903234946661
16668,9.639442342218002
16669,8.88621917660225
16670,6.108474920551109
16671,9.050091659912553
16672,7.9756219257101835
16673,7.8898080463624085
16674,12.714464046225357
16675,8.810070558379994
16676,11.13054030919838
16677,10.327370397526945
16678,8.662554840582498
16679,6.810420349515906
16680,11.48243724833542
16681,8.069341700103868
16682,7.991880699946233
16683,8.626125381455084
16684,12.909071184585962
16685,11.098210071353378
16686,10.076633791214856
16687,14.551286175619389
16688,9.963687699350064
16689,10.304915153161833
16690,8.38784649213573
16691,6.03365543972755
16692,9.303788478330217
16693,7.020068133597769
16694,8.987761919188648
16695,14.342120774937367
16696,7.771639718273745
16697,5.107822763737268
16698,17.351528340954662
16699,10.784905482603325
16700,7.443710571001143
16701,4.983887761465102
16702,7.1382093012148395
16703,6.26179514841207
16704,9.289607953443081
16705,9.192664041369218
16706,4.505825350010976
16707,9.478422774213207
16708,7.69131382145714
16709,8.737991974345508
16710,10.082309590886908
16711,10.128611160243945
16712,12.41437916072515
16713,10.497199443048288
16714,9.965337456753794
16715,5.737038161374729
16716,10.428351247828722
16717,11.108831418237148
16718,10.942305564405151
16719,14.103823106266546
16720,10.962504787742068
16721,10.131727536533937
16722,16.46739744614668
16723,12.761292171038308
16724,14.006730647808343
16725,10.483136388755714
16726,8.979110165255548
16727,14.29192585275856
16728,15.095646804137637
16729,10.607261172603028
16730,6.91634360016237
16731,11.61828330844457
16732,14.20933027154468
16733,8.22522660431304
16734,9.62041410258936
16735,9.974809137721905
16736,9.184942122824564
16737,9.154486921710674
16738,11.843275818496597
16739,10.103606775007979
16740,11.009351097978653
16741,10.414349105041804
16742,8.12537766125601
16743,10.207418749651916
16744,6.93490054060635
16745,9.121074578408031
16746,9.539263766106771
16747,6.958227711919408
16748,9.940617001590102
16749,9.978387782946633
16750,8.226638173430157
16751,11.89017945070061
16752,7.722032894815966
16753,5.434970529458589
16754,9.266708987466567
16755,10.168405095217308
16756,6.05303013646696
16757,10.156981664749672
16758,9.233976616167189
16759,10.103988654916872
16760,8.04653389047971
16761,9.873466549973566
16762,11.118463785193573
16763,9.65544653653307
16764,4.865921550286304
16765,10.615665868848039
16766,6.248472428985027
16767,9.445602657995346
16768,8.810420704892245
16769,11.905999065590462
16770,15.141737317717014
16771,8.888955846105459
16772,6.1426972903979
16773,11.792937470923322
16774,7.781945910520823
16775,11.650619909854516
16776,9.351933968212954
16777,6.384308832820831
16778,11.216782959954108
16779,8.185604511246568
16780,6.951792111635047
16781,7.02184505443173
16782,8.284873040804497
16783,8.780210301875124
16784,14.171260758090568
16785,11.257822871249353
16786,4.922324501458633
16787,8.638323349207212
16788,9.108678422244148
16789,6.326159096200755
16790,9.394050566563779
16791,10.279700566270236
16792,10.757711544922273
16793,9.8988122062062
16794,10.08081596456491
16795,8.485291187251264
16796,10.638426205044743
16797,9.959502598755124
16798,14.075671450940998
16799,9.874948322411846
16800,9.973901295775278
16801,14.068866576286519
16802,7.086691843057195
16803,8.849828879836549
16804,8.184737835474435
16805,6.6853939990122395
16806,11.245478489275325
16807,10.732280555517397
16808,9.863973389724254
16809,7.2824760045656385
16810,9.971142544055796
16811,9.853721925663905
16812,12.780497135512576
16813,10.78921546704192
16814,9.334540400149885
16815,9.78018769246158
16816,10.74174434451037
16817,11.93988574443964
16818,9.4046310493903
16819,11.208954650906026
16820,7.977837695230596
16821,10.195696806278766
16822,7.108494330198418
16823,7.155372449436214
16824,7.389616762615697
16825,10.432233832784963
16826,7.945510115305413
16827,7.523423656293465
16828,9.68139106652826
16829,4.765998003915028
16830,10.073835080226084
16831,10.236781412663921
16832,11.313036747668171
16833,7.331939512528418
16834,9.74317472990796
16835,9.864447198920043
16836,8.28394216944993
16837,8.647374331866999
16838,8.586627258169905
16839,8.764657514681753
16840,11.43549957008972
16841,12.990422260864506
16842,10.086811909362236
16843,11.04042193232112
16844,6.648587479107072
16845,6.144977350636234
16846,7.37949814357445
16847,7.839383093344093
16848,14.667564212117867
16849,10.267095682265628
16850,12.504250398359124
16851,11.689542337393693
16852,12.957293031411657
16853,8.368238656910988
16854,6.186919877143812
16855,12.393521625974685
16856,10.158229022733913
16857,14.74591091964663
16858,12.877029694502244
16859,7.0078740428666855
16860,9.365925509548351
16861,4.411868736087196
16862,9.866526814745809
16863,4.420460927501344
16864,8.069955640976648
16865,9.364860209448013
16866,4.1733860260691875
16867,9.53534361716067
16868,8.901555166519364
16869,9.39984991863739
16870,14.14461048015618
16871,5.064512298002061
16872,4.974979604686508
16873,7.93206667028171
16874,7.062037289408664
16875,9.33440751122053
16876,8.758534034031667
16877,8.993149627005675
16878,9.857692559745718
16879,10.203932459955837
16880,8.479193672936717
16881,4.632667115918562
16882,7.540954926671002
16883,3.992907759113927
16884,11.111337623995208
16885,6.19743806776964
16886,13.48677001332301
16887,15.579380892586597
16888,8.091489851830232
16889,17.890787408766247
16890,7.817339873448468
16891,9.297538829302445
16892,11.169428734457231
16893,17.092920990821508
16894,10.61680564461354
16895,9.94163219823534
16896,10.302451936472135
16897,11.534113539731454
16898,9.228012189154457
16899,9.814383463190268
16900,12.460895192998343
16901,9.22083759591315
16902,8.763817085909453
16903,4.7164235536293555
16904,12.28983270264118
16905,7.59567405374214
16906,10.550783635282905
16907,12.14769897347795
16908,7.144133532857829
16909,6.3961618366023725
16910,6.908718109886716
16911,6.769325277234399
16912,11.238571191443182
16913,11.056152358100414
16914,9.222587538509396
16915,6.96605910782826
16916,14.788624668526802
16917,15.628599829559382
16918,7.302698794297646
16919,9.75591416287014
16920,7.106807338617699
16921,10.086269154662723
16922,7.049028036370958
16923,9.755446552496604
16924,9.994658668440803
16925,11.217317386620714
16926,9.765181612764827
16927,12.35019440404157
16928,6.979020394904488
16929,7.063634070063292
16930,10.730990632083303
16931,6.00759282688888
16932,8.65157374038294
16933,9.008271280335553
16934,7.3073249628302275
16935,15.011684880340596
16936,9.123086183585993
16937,9.866800547769836
16938,7.678944187108151
16939,6.80656110514861
16940,9.724948022611823
16941,7.976218158247695
16942,8.216678993080846
16943,11.826498675781622
16944,15.264342145599057
16945,9.764095150828458
16946,4.399314847291942
16947,10.609329129197429
16948,8.348965790454704
16949,6.992926711510915
16950,13.783461128399235
16951,9.75491927467455
16952,6.931586766951561
16953,11.23193603951109
16954,7.399234571151112
16955,14.555561509547255
16956,10.363179546447784
16957,12.49240117994439
16958,13.353228813919863
16959,9.597396290327893
16960,8.314044635289154
16961,10.51400447925644
16962,11.699372032150826
16963,20.270882144885174
16964,8.81821831162353
16965,10.925600681690836
16966,6.099527408110157
16967,9.756022665708233
16968,12.06956356879516
16969,10.482375232161894
16970,10.959593719042271
16971,16.42215325815934
16972,10.462670047747977
16973,9.933767523450866
16974,10.441361960555131
16975,8.931687857075993
16976,10.642410436740192
16977,10.813730659849345
16978,10.747856978839067
16979,10.214545306380536
16980,7.747401104029976
16981,10.787373835243137
16982,9.939408138048584
16983,11.76357797419095
16984,8.833026424367283
16985,7.06174438740989
16986,7.005437389579633
16987,9.929741525763182
16988,7.562508665448377
16989,9.076230808571909
16990,10.657645840408556
16991,8.901530181221961
16992,9.410608636361808
16993,10.465786748364682
16994,11.269684535862616
16995,9.8274262034479
16996,10.178423027265705
16997,10.104964346543952
16998,10.241072392557085
16999,13.409982353957885
17000,10.016698072583718
17001,13.049850929850862
17002,9.971551711842512
17003,15.221407291849225
17004,10.942176064590077
17005,10.494423728119656
17006,10.105948911105902
17007,5.094328854879983
17008,11.113134427270108
17009,6.033634194048323
17010,14.445100388000064
17011,7.307295490945997
17012,9.02469291927279
17013,6.496487458619441
17014,8.526174388498319
17015,7.897787265173629
17016,9.302407899211545
17017,11.207856126923376
17018,9.469832599561634
17019,9.572656218631664
17020,5.627452052098934
17021,7.2447503317270545
17022,13.369981803778053
17023,5.929155129034987
17024,11.37714521343872
17025,9.289586790698575
17026,9.25492803234814
17027,10.059518241087108
17028,11.01593837943039
17029,8.741889553129123
17030,14.986230841076857
17031,5.694242436115555
17032,8.880379100308538
17033,9.928920174069232
17034,10.815844262544601
17035,12.71844082923024
17036,7.631095763883198
17037,9.756554966469054
17038,10.659588186599695
17039,6.14446315221242
17040,10.037420196308258
17041,9.435211770774409
17042,10.098577380810243
17043,10.553429720645756
17044,11.259125557938075
17045,9.893908081708812
17046,9.886814268811877
17047,9.057753361866148
17048,7.0311733259620155
17049,10.44923225416954
17050,10.313020180203939
17051,10.05246939588295
17052,7.073558477821711
17053,15.225034947916258
17054,8.905310574846842
17055,10.213709562092152
17056,8.534119436315887
17057,10.283325049339654
17058,10.393479704145584
17059,10.79090586884158
17060,9.880083803904382
17061,4.927612967222269
17062,12.27919162794461
17063,15.81615621736002
17064,9.573051407125984
17065,8.687285925931711
17066,8.999039035250746
17067,8.620810090098546
17068,5.022076553667431
17069,10.213412843260713
17070,9.91788349140115
17071,7.943784665719865
17072,9.88947211645269
17073,10.0914285354604
17074,11.349588268782803
17075,10.818945062072839
17076,10.265544903362098
17077,14.344014261941417
17078,7.86715234391149
17079,9.764040467442356
17080,9.855286973239247
17081,12.603632641000784
17082,7.296538084203973
17083,10.010531258527742
17084,12.626611162172587
17085,7.750597400184487
17086,7.502333217719023
17087,8.329460602618486
17088,6.984762844041964
17089,8.984161842516583
17090,9.630508972752937
17091,14.746065300654731
17092,13.790398323269677
17093,9.518461386154359
17094,10.547232044097331
17095,7.749599976365596
17096,8.009584732805619
17097,8.082249885560529
17098,4.946144964591986
17099,10.78528283787094
17100,9.900875340501546
17101,9.072272120309588
17102,5.974763578023558
17103,8.103985133972749
17104,5.070822328980306
17105,9.00091911654005
17106,13.328353833609214
17107,10.366432945970793
17108,10.654028484046252
17109,10.277448804755924
17110,8.003064712786802
17111,10.757756208272083
17112,10.404438038216224
17113,6.419002588401705
17114,7.077601122068019
17115,11.570645532325036
17116,10.4788655841937
17117,12.045922750348154
17118,7.339053627121983
17119,7.955884933313106
17120,19.246653082220043
17121,8.861443430666263
17122,10.329707685325777
17123,6.702030395051082
17124,8.602838784996234
17125,9.209587281864811
17126,10.832696407767912
17127,9.71349790673954
17128,9.306354886179765
17129,7.559843296779215
17130,8.378233869999232
17131,8.043317516399831
17132,8.873572219647322
17133,10.750890797430348
17134,8.063061751841182
17135,7.080577172174124
17136,10.899995243410931
17137,11.312563205798646
17138,11.97210252580139
17139,11.708250064359781
17140,9.944253074935613
17141,14.802938411192166
17142,10.311857496334003
17143,6.925182152983933
17144,8.203273739795867
17145,7.019290524290303
17146,11.674556165927573
17147,13.730058488919088
17148,10.208490239845775
17149,11.134973290467649
17150,5.047100296472857
17151,6.227376749395286
17152,8.119784340385392
17153,8.307776600138254
17154,15.675385128920873
17155,8.166959100477253
17156,5.59083149971752
17157,8.393031103967086
17158,11.21662886675559
17159,9.882871619631848
17160,12.61892104414472
17161,5.150151059141628
17162,5.168572595829657
17163,10.068393531893184
17164,9.652694414066573
17165,13.672990475991657
17166,7.741469024892268
17167,8.587200480850852
17168,9.060969418528861
17169,14.496348267100378
17170,8.860427105415349
17171,9.259181387076332
17172,9.924755423222205
17173,7.8354085218916
17174,4.410979358939228
17175,6.114193465368864
17176,9.80234172130488
17177,7.793680844113131
17178,5.182646000521639
17179,9.242290124001892
17180,11.452917507744017
17181,6.054848823778573
17182,7.620664886929703
17183,7.936222844536223
17184,11.856138759860567
17185,14.529112479617185
17186,8.731362260424266
17187,6.301175559292803
17188,5.139699816709773
17189,8.816422745887587
17190,10.834614643605732
17191,7.676296025867748
17192,8.753109975694452
17193,8.935175608702822
17194,7.507206087798268
17195,10.091457677302227
17196,10.785234483130807
17197,6.1715365297718865
17198,9.970120375438244
17199,8.991212221533353
17200,9.935893137427685
17201,6.972858428320981
17202,9.842706350464205
17203,7.848735507532856
17204,8.012499825842795
17205,9.129775945982836
17206,7.746883625925783
17207,9.193423298960028
17208,7.95097597722955
17209,8.956009625199762
17210,9.490000839799789
17211,9.664299118015734
17212,11.078629897719942
17213,9.74276101754024
17214,10.096876528818159
17215,9.826103099582392
17216,9.137607344099465
17217,10.187816062753011
17218,7.1401032776508675
17219,7.930869019460892
17220,11.96861654353156
17221,10.146008941166937
17222,9.489250413994439
17223,11.484059979346998
17224,7.23194213759551
17225,9.97692785359546
17226,6.058311458198496
17227,9.139778534085616
17228,12.704388431504944
17229,10.410064487909858
17230,12.358188604642368
17231,15.160858228014481
17232,9.725427768852208
17233,10.59395101438
17234,6.446301647955238
17235,10.21814917547207
17236,11.08548925221342
17237,9.595413206812406
17238,9.021982089447524
17239,10.262180390671961
17240,6.9901801932778
17241,9.956834273185235
17242,10.282695286293803
17243,9.030055664114316
17244,6.914700155499055
17245,8.375030290370825
17246,9.780685346412895
17247,9.07488439892989
17248,9.205406187228435
17249,7.965464897979024
17250,7.00979788050352
17251,10.687550062890917
17252,8.593333633852328
17253,7.050868565061036
17254,12.799270702014624
17255,17.251624379040873
17256,7.0676524273769425
17257,11.129814056130137
17258,8.927217872184176
17259,7.384001549490023
17260,12.938419537853719
17261,10.145305376390029
17262,9.971239330755132
17263,10.512603358454118
17264,9.979445488312113
17265,10.348117288586336
17266,11.82139408722551
17267,7.037084871484649
17268,10.895793581194786
17269,7.184306428772253
17270,10.118582387286075
17271,10.133796341599924
17272,10.161979238108886
17273,6.040399879057404
17274,5.098041895008152
17275,9.895192473238016
17276,10.005825090092873
17277,10.210128979821476
17278,8.984837152630593
17279,8.533734714912738
17280,12.694050542275978
17281,11.441446390548917
17282,10.591266355746185
17283,8.900573928723459
17284,10.157544512971949
17285,6.6971921254649605
17286,10.649770702692814
17287,12.015552638410611
17288,7.229031995669205
17289,6.71855129936967
17290,8.135364671866533
17291,10.47509672989607
17292,11.94937408637225
17293,13.645530874229163
17294,9.74451262995553
17295,9.70567195363862
17296,10.018535959354658
17297,10.88432151230224
17298,8.850795807098345
17299,9.048009864682413
17300,10.92964048542451
17301,9.590525599332873
17302,11.424238583780257
17303,9.736293473203009
17304,10.26416586898432
17305,7.978988200457044
17306,6.9742357197440334
17307,9.833807322905862
17308,9.452067484531996
17309,9.78043341877769
17310,6.7776059449889345
17311,10.071189728199908
17312,9.961755281283375
17313,9.80504149659264
17314,8.926053991433811
17315,6.391939688778207
17316,9.683656681093131
17317,6.996362890868461
17318,9.125498398021861
17319,9.213338502132892
17320,10.355999189074256
17321,10.669929396532924
17322,9.728949677049009
17323,10.67115515968013
17324,9.534014827663967
17325,4.043853533427881
17326,6.0493145633685685
17327,12.065960392824998
17328,13.824411563100629
17329,8.436795572903161
17330,9.952169324926334
17331,6.979237616743973
17332,6.534571648345545
17333,12.84664935625598
17334,8.581185224439142
17335,10.86292802681698
17336,13.259751081140358
17337,8.863427952255577
17338,17.472422157758025
17339,10.56180493139373
17340,16.73157611098673
17341,9.879900828676474
17342,13.391829254993436
17343,10.2461639992792
17344,9.886357945878833
17345,11.63233567388029
17346,17.987352971941085
17347,9.334342862175534
17348,10.275099603617665
17349,11.793641758268723
17350,9.787004495484025
17351,5.997327557193579
17352,12.004441307551119
17353,8.483806877500582
17354,5.594881113416104
17355,10.203066653293543
17356,10.085739393317539
17357,11.125685352700032
17358,9.683033474035957
17359,9.597764074836153
17360,8.900581770756416
17361,14.118726966100063
17362,9.885502509366129
17363,13.498892674785601
17364,11.098345109065795
17365,10.45102758918165
17366,9.309084563085285
17367,9.557377757989453
17368,6.185362378862472
17369,11.59678704309379
17370,13.82937315636158
17371,7.300638335157396
17372,16.893442048036356
17373,8.328892808364694
17374,7.045679503773705
17375,3.997284138198377
17376,7.682309204589771
17377,6.928770659948143
17378,16.637132323411187
17379,10.456735535211337
17380,8.36547032447378
17381,8.883114185290141
17382,15.242023645812349
17383,11.50444956263394
17384,4.182620433669678
17385,8.368492255655912
17386,6.419436987908867
17387,8.729285555650938
17388,9.842060012815914
17389,8.282261039309358
17390,12.956995204809392
17391,10.318268478243336
17392,7.034200375197245
17393,9.107718811306608
17394,8.256326894265264
17395,10.08228481044058
17396,5.717182147805451
17397,10.631985646664159
17398,11.626641053898222
17399,11.305552411495118
17400,7.158958176982988
17401,11.984346555153685
17402,10.694398624504743
17403,12.397637490082829
17404,7.96715029756589
17405,7.93644761370456
17406,9.38947197238867
17407,13.51410578061488
17408,7.810775789456007
17409,10.00274043726334
17410,6.055704874497213
17411,8.027456000800248
17412,10.651770237803406
17413,7.3507366608491935
17414,9.308715083367762
17415,9.90166401561109
17416,5.048722121374235
17417,9.109414251246697
17418,11.355851166119031
17419,8.613973261510164
17420,9.328127088352428
17421,9.085961641676596
17422,8.280475480292797
17423,15.290756682162552
17424,8.139825007009872
17425,5.049361539782652
17426,8.584957763210424
17427,9.32985175219304
17428,6.172606458552319
17429,10.409509758926925
17430,8.120303124300326
17431,10.109751707787474
17432,8.885922931708606
17433,9.241434485579445
17434,9.670019994210266
17435,7.970379429105527
17436,9.734040339695877
17437,12.18026475663848
17438,6.585436709154635
17439,8.590087687011213
17440,12.201678433425162
17441,10.390599959767972
17442,9.88380202647095
17443,9.80710290358231
17444,9.867754888593035
17445,18.507824789742294
17446,9.619911756674622
17447,4.2990367005309675
17448,11.223156302521474
17449,6.929420624030886
17450,9.746521064486492
17451,10.725424448402208
17452,7.088400844826441
17453,10.777644657989033
17454,4.990326893471953
17455,11.666809717296964
17456,7.889291085997602
17457,9.839812705806416
17458,7.019248126512705
17459,9.012612486327829
17460,10.17208616948486
17461,10.517146462036566
17462,9.754812991739607
17463,10.915925917161402
17464,6.019823601572012
17465,21.724208472841344
17466,10.332971050485234
17467,6.987064099796242
17468,8.808602905121939
17469,10.249586019571348
17470,9.742120662830244
17471,7.008878429408687
17472,10.391955076747257
17473,9.856030126687523
17474,10.103220036899335
17475,11.376461559370366
17476,10.706913179839773
17477,10.724687903663218
17478,8.099700180817583
17479,10.662316316203103
17480,9.175395814088887
17481,12.038525410187031
17482,10.731718894585823
17483,18.626040798832374
17484,8.881173096567125
17485,4.0812348006287245
17486,11.51031269810503
17487,8.772506919014562
17488,6.304428529341189
17489,11.271255005272192
17490,9.626463434261657
17491,9.743784219563059
17492,10.307420590196323
17493,9.97555581447326
17494,9.509280788980204
17495,6.917946195893574
17496,7.705934864417361
17497,10.235582470791883
17498,6.263211116507245
17499,11.724140602885049
17500,9.77420715139956
17501,7.708758468408467
17502,9.830389534942908
17503,9.034563387995703
17504,12.797892764272902
17505,10.268357821342525
17506,6.97351367228973
17507,14.984204708770427
17508,9.440072636000625
17509,6.452095836164016
17510,10.589365816489279
17511,11.264898415355592
17512,12.622956156428689
17513,7.802194121769538
17514,8.899618279699114
17515,8.202503285435595
17516,8.91927171040942
17517,13.49002696591479
17518,10.092667850248453
17519,7.331985604274563
17520,9.93120524019215
17521,10.723269614618964
17522,7.124070651663869
17523,8.625519653288421
17524,7.79303068549153
17525,6.998586811467499
17526,11.101316420121192
17527,7.089882652707407
17528,6.97554753937889
17529,9.96918681825062
17530,14.399132046682231
17531,11.54640492233556
17532,15.521739637982165
17533,9.018822606199322
17534,8.479626964383876
17535,12.06064871465426
17536,10.876215178325328
17537,7.589742031790575
17538,4.120101714129926
17539,10.051909704570411
17540,5.269436905490711
17541,10.552623501278623
17542,8.202273591995866
17543,10.034179441375192
17544,9.707623807262543
17545,9.841125556498973
17546,10.11572172795446
17547,11.146959812465061
17548,8.712581003626923
17549,8.489145088634407
17550,7.892022020941434
17551,6.037629280870013
17552,8.208879871555716
17553,8.26058182594806
17554,10.751474883396295
17555,12.929355514820838
17556,7.9520945028862515
17557,6.991125732952524
17558,12.162830201743876
17559,9.844213044777629
17560,11.486220376550463
17561,10.115396017178577
17562,9.718080288261447
17563,11.404581222207907
17564,8.875869643064608
17565,9.766951026752698
17566,8.478787064100237
17567,8.020359577794714
17568,9.04974430198937
17569,6.604065056445119
17570,13.312950565181435
17571,8.255111078621336
17572,7.928690567445665
17573,10.679151768548202
17574,11.767715536815054
17575,6.088806719913962
17576,10.097411286445036
17577,10.114923575268191
17578,7.612253170771805
17579,15.531534806101853
17580,7.834569287376199
17581,9.640810082906455
17582,10.481087405990914
17583,6.920838809463427
17584,11.127410215817093
17585,12.392740677677228
17586,9.170491706561219
17587,10.67849890310377
17588,10.441448471787323
17589,9.479246599028912
17590,12.254845101766051
17591,13.298571618568033
17592,9.828020491206912
17593,6.726475079532067
17594,10.314040413811753
17595,10.050618842378558
17596,13.34640168081866
17597,9.830388946125485
17598,6.0740848766244175
17599,12.937760925978939
17600,14.269913701399894
17601,9.169691893493498
17602,8.643011510526598
17603,9.820514311761814
17604,7.713542455897821
17605,6.586785335410108
17606,10.52945927659489
17607,10.120269562562973
17608,9.888639708240797
17609,3.990524792666913
17610,10.110331409059071
17611,9.515912711240697
17612,10.256083348265076
17613,10.511392631621456
17614,6.845151119459944
17615,11.620568514666164
17616,12.998349632685631
17617,15.716312488080934
17618,8.520267899264374
17619,8.604624290955304
17620,9.534649556784217
17621,6.435022054779474
17622,10.927951930891904
17623,10.184814389653988
17624,10.791671139305382
17625,10.037445930464273
17626,11.196179639654526
17627,12.835209284892773
17628,11.501164454754942
17629,7.896185180939591
17630,7.951638174914345
17631,7.0411944283119325
17632,9.534285038827793
17633,9.736727869073986
17634,5.578462193355132
17635,10.682837325221003
17636,8.788382447227576
17637,9.845960566775126
17638,17.882115675716708
17639,10.009492134267528
17640,8.735846716624188
17641,12.148484771711855
17642,15.444730185393215
17643,12.05797688900587
17644,9.844531052912306
17645,5.857581436401066
17646,4.545737354572034
17647,8.572900385239858
17648,10.239943791573227
17649,11.44140153751528
17650,6.940627704489248
17651,11.113088507030774
17652,10.227835788378961
17653,10.103424177512693
17654,5.339367312365179
17655,15.355221382086004
17656,10.813782081676706
17657,10.9661134792276
17658,13.956951868624351
17659,7.821114521194985
17660,9.428992630052953
17661,9.956526365914392
17662,10.167907725326915
17663,11.94372924122915
17664,9.690614357376273
17665,4.378169350334122
17666,10.10220242858277
17667,9.208708243382398
17668,18.132869980261198
17669,12.6674049890143
17670,9.910841133580764
17671,8.383885817430142
17672,11.243922870968886
17673,9.104229085854714
17674,11.13744712195441
17675,8.63878625321917
17676,10.024241026163267
17677,12.666215524508342
17678,9.099581706902743
17679,10.975005178666951
17680,13.226730978451759
17681,9.758185744088525
17682,10.252561755556577
17683,8.079611560742357
17684,7.418113154774209
17685,11.591354256282346
17686,9.41569839568142
17687,10.59574950278873
17688,9.20393084872686
17689,7.89466804755186
17690,10.40740625067302
17691,7.596737996323217
17692,10.552250094192248
17693,8.206235631102764
17694,8.898311120717668
17695,10.13703298258708
17696,13.793390093078255
17697,9.84567883416885
17698,12.073246006406947
17699,10.120176324919981
17700,9.239028157428523
17701,12.514655672689644
17702,9.912195766391061
17703,10.98547150314098
17704,6.9309609163551205
17705,14.035569122328162
17706,11.203340142842436
17707,6.975902773819758
17708,12.38986239483366
17709,9.827662862985214
17710,12.800765842684445
17711,6.952069408840835
17712,13.138590227087802
17713,6.902750861175858
17714,10.62395625870902
17715,4.510510801268399
17716,8.845917086696108
17717,9.67445758625698
17718,11.425199780070209
17719,9.21406447687948
17720,10.850650473157208
17721,9.91708937213374
17722,6.019220104012901
17723,12.639795911035655
17724,13.08639295216594
17725,9.707067180506877
17726,9.369151349093817
17727,4.837231460309947
17728,9.977087011263274
17729,12.220221139830137
17730,7.858282022109369
17731,15.862426464858185
17732,10.60390033964314
17733,10.883191141898028
17734,12.962142498412947
17735,6.949458884446001
17736,10.238062130696363
17737,10.178672479468949
17738,10.536688851102554
17739,9.348204916512087
17740,5.991571689533096
17741,12.328397457746913
17742,9.431066595444932
17743,16.82496338863153
17744,8.515470778559905
17745,10.571087312279879
17746,9.405727514861967
17747,9.77089632584816
17748,6.965856022995801
17749,6.640854396210557
17750,8.947080550244294
17751,10.68145864103608
17752,11.836162176733112
17753,13.459261212003824
17754,9.67190347235304
17755,13.721305675895756
17756,10.000729121270682
17757,12.0288894371906
17758,10.673155284439442
17759,6.972087050375135
17760,10.02082976219328
17761,9.596655778933938
17762,8.657923322193446
17763,9.792633084505978
17764,9.312676143633546
17765,6.6179059901893105
17766,4.310677505776005
17767,10.847573036028566
17768,9.922473332939862
17769,10.560427295727928
17770,10.054666979436934
17771,6.099791775661856
17772,8.552685014530589
17773,8.395202439157949
17774,10.499003462340555
17775,12.995036930602351
17776,9.917812291683187
17777,9.061794511165084
17778,11.701238109791664
17779,8.168330908753378
17780,13.236736440750686
17781,10.109903493320507
17782,6.854510965040271
17783,9.580374746140755
17784,11.787641487855428
17785,9.790114541000964
17786,16.413851104283594
17787,8.395130423993933
17788,17.297024339279186
17789,8.740034635207497
17790,14.407124154509237
17791,6.019174067986174
17792,6.216058708823964
17793,11.289246335826203
17794,8.568790866051797
17795,7.463670122773308
17796,9.426328510681232
17797,11.386336631647
17798,9.825884048810545
17799,10.578782774649515
17800,10.855009731799491
17801,10.642778038898953
17802,8.491866937227147
17803,10.144458782231142
17804,8.135293934316445
17805,8.11943471218121
17806,10.163034648730036
17807,9.69897606098219
17808,8.782836527049277
17809,9.943749749042887
17810,5.8177498112253785
17811,10.989758923075982
17812,6.977116318149923
17813,7.962264916581171
17814,8.013621053054326
17815,10.255570564756987
17816,9.268050746220096
17817,5.0556139449096715
17818,7.922882527530588
17819,8.871121713592755
17820,9.755367872590112
17821,5.473079640938371
17822,7.941646397346192
17823,12.020300588958335
17824,9.625418878284416
17825,8.634798511893592
17826,16.359631761376896
17827,8.322713503125316
17828,10.260800348702293
17829,6.997365512616543
17830,9.135647700341366
17831,7.067577609666693
17832,7.485444088640358
17833,6.010819412376022
17834,10.232357516263097
17835,10.857546605924602
17836,14.14509277423374
17837,9.505977351822906
17838,4.008259320254804
17839,8.109834833509236
17840,9.006103703128396
17841,7.957275082492009
17842,7.417496204481738
17843,9.679819065782146
17844,9.465853278475729
17845,8.936244871264428
17846,10.88969053187839
17847,13.656328388106928
17848,14.669796871101445
17849,11.079523182596276
17850,11.359082431124065
17851,5.770374373283445
17852,10.37698682106642
17853,11.193818195458256
17854,3.9854743816906137
17855,8.754110362937038
17856,8.315091924577226
17857,5.0802750744447565
17858,12.021994270114327
17859,14.391238731864854
17860,8.639160377817795
17861,13.365377026393976
17862,9.717462628727752
17863,10.14039967334258
17864,5.629162584479324
17865,10.789721577049386
17866,9.126337466175285
17867,6.927992253466308
17868,6.64102655702151
17869,9.33146866247087
17870,9.904851952216996
17871,10.347043308683967
17872,10.712693349708951
17873,8.28280058319174
17874,10.597272266052544
17875,10.782514495216104
17876,10.31556636866848
17877,10.20537358215439
17878,10.107772722033783
17879,9.993329806000549
17880,7.763580691100129
17881,9.22687246537078
17882,7.677593068393918
17883,10.50373685282743
17884,10.148665735458197
17885,16.55768695199982
17886,10.240856167904719
17887,10.694190388365104
17888,12.48423166676355
17889,11.089509886848138
17890,11.127021896113128
17891,6.981332960298983
17892,8.531816353702329
17893,8.90318163416513
17894,10.10801841657084
17895,10.349224626565293
17896,14.04111194071871
17897,13.726033434626569
17898,9.94775937112092
17899,10.033843642236377
17900,14.7138945550359
17901,9.188185911847633
17902,9.806329644305835
17903,10.834309368076575
17904,8.214437303157997
17905,10.787980814808131
17906,11.504355861699008
17907,6.059295574427048
17908,10.0715323081693
17909,6.603206341296837
17910,10.956490798326813
17911,5.01830113967161
17912,10.718274051984716
17913,8.720218059019412
17914,8.279270736735194
17915,11.324432665171768
17916,10.950417680582891
17917,17.118503131824564
17918,9.39973787980086
17919,8.330284836794725
17920,10.512988937231238
17921,12.573448092339273
17922,4.093290167906274
17923,13.502661675538995
17924,10.750905874409598
17925,17.205410433210247
17926,8.248618264742591
17927,10.308624160972062
17928,8.701746849239425
17929,9.52670083450721
17930,8.213298635280319
17931,10.21340025058474
17932,10.317801742379173
17933,11.719311161810886
17934,9.89373577778631
17935,4.980465800737159
17936,15.696607488764883
17937,7.529987856487297
17938,10.08366415810146
17939,7.284739165823222
17940,16.589709730138164
17941,8.081149820601162
17942,10.901493726559622
17943,10.340261720552029
17944,9.987485510799893
17945,9.368168345918189
17946,15.667951152623193
17947,17.521689063471385
17948,10.693372466409292
17949,6.358878429004953
17950,8.678559296180163
17951,9.704116196182246
17952,15.366158556501603
17953,10.244596320084307
17954,8.922932246688616
17955,10.628957896951457
17956,8.332322571651943
17957,7.002197612020046
17958,10.127357990481988
17959,11.554789203397739
17960,9.142882505585007
17961,6.764437335765935
17962,8.751681868145301
17963,9.900198647099561
17964,10.69973141716749
17965,13.064670937534379
17966,9.832245824919342
17967,9.741365855563556
17968,14.36585831856643
17969,8.197811991524986
17970,15.335339336773616
17971,8.741787942264057
17972,9.831812406076729
17973,9.803616501862221
17974,9.774090320269607
17975,14.906897279926138
17976,6.160544504491772
17977,8.327462332527185
17978,11.466521834318485
17979,16.27853187873166
17980,11.065427758029863
17981,10.90411650181647
17982,10.148078812590107
17983,8.071234803831402
17984,8.589711798910331
17985,8.737426389726084
17986,11.812158668949664
17987,9.031193524099846
17988,9.672533961176947
17989,9.752647297161593
17990,6.13053853385415
17991,9.969950400850335
17992,4.701897594396433
17993,14.182860482321102
17994,12.182654027125832
17995,10.433289303226257
17996,11.325414799885564
17997,10.671450112773098
17998,7.9473106082669
17999,8.692842093788999
18000,7.670777807532377
18001,6.636657990176445
18002,8.343224144967827
18003,8.929106462583805
18004,6.9128475143539845
18005,5.967443219851467
18006,11.390850682939915
18007,7.004554117051104
18008,15.542394323698122
18009,9.669192861207723
18010,9.634749934318181
18011,8.360175827238812
18012,12.38505758461915
18013,6.3648698293570956
18014,14.541929831454564
18015,10.117457571416073
18016,9.586425727932095
18017,9.855633380081505
18018,8.577943081198473
18019,9.667066272138937
18020,7.502457788743023
18021,7.845703836331328
18022,9.50242451082491
18023,6.786150471304946
18024,6.7585978991852915
18025,8.216836901703333
18026,6.936116207296185
18027,9.830993502553312
18028,9.633977163693043
18029,10.296421307915649
18030,10.907771692971872
18031,12.412656811475038
18032,9.65075901167761
18033,10.09941371687216
18034,8.998197685914782
18035,3.94335147935457
18036,10.019329985984939
18037,10.372520369742753
18038,9.378384464473843
18039,10.749133898142713
18040,6.242299605229764
18041,9.862445808308275
18042,9.305236449392718
18043,12.685762395294368
18044,12.340841387633736
18045,10.706803352995852
18046,10.954690922697077
18047,10.146605962868566
18048,13.303422815226572
18049,8.693270794967502
18050,6.525281949927117
18051,15.381119907363392
18052,10.12730914492417
18053,11.581471772666557
18054,8.069721791855976
18055,9.67708869270357
18056,10.07581985439159
18057,12.220794493109114
18058,16.801945874468693
18059,10.372345986179559
18060,9.599431944456738
18061,11.214718750933214
18062,11.801351596112449
18063,10.66053843624452
18064,10.312204903743991
18065,6.140294850873847
18066,13.971922540279518
18067,10.627657689115155
18068,12.669295030474686
18069,14.019800132327722
18070,9.824530540226858
18071,4.107193631748398
18072,10.000107814678703
18073,12.686708373009058
18074,11.75326009548945
18075,10.668219167969202
18076,10.95284347874704
18077,6.627304143204688
18078,10.260585171182951
18079,7.528946710370654
18080,9.164744171262708
18081,9.925025134580103
18082,10.097912717431655
18083,8.489788161663036
18084,12.220546955820797
18085,8.547442486812997
18086,10.339302785708016
18087,4.970753247464656
18088,8.371960907007434
18089,13.703525806264778
18090,7.747798701986698
18091,9.387205315186522
18092,8.239274405622535
18093,3.9990027785258304
18094,8.443107750102179
18095,10.901179439626272
18096,10.28782314010327
18097,10.623788767505944
18098,6.907527318300945
18099,3.993113303180219
18100,8.66156061963641
18101,10.991429529739136
18102,6.515631947696202
18103,6.181841949927172
18104,12.277036973856507
18105,11.887751505092094
18106,10.375621807182878
18107,7.459617028824804
18108,7.968560006782971
18109,7.772423784651725
18110,10.201490773153296
18111,6.745558793649007
18112,10.868366298807693
18113,8.789007543238824
18114,12.212354894697079
18115,8.110793548862038
18116,13.235483548631999
18117,9.983391828356993
18118,7.423689793474459
18119,10.99866870047833
18120,12.74038326486221
18121,7.455778884178391
18122,9.36530732303883
18123,6.979785627509106
18124,5.351986301155836
18125,11.110322514593653
18126,5.025554605586696
18127,10.88245915147569
18128,10.203549321081203
18129,8.785425748541234
18130,9.033722287796916
18131,11.490128485413859
18132,8.82033452436723
18133,7.638105469947068
18134,10.292176654215435
18135,8.665046100733447
18136,15.658640883641116
18137,10.368356228948926
18138,8.767699281354876
18139,10.059862260496963
18140,11.156453705059352
18141,10.169279001175845
18142,6.9336809122809075
18143,5.958937047871663
18144,9.576335941426827
18145,10.24676363192804
18146,6.935620673462775
18147,7.2437304146635135
18148,14.06212935749619
18149,9.367443727537317
18150,11.044956837070464
18151,10.365070986907243
18152,8.247895289035027
18153,15.387621990293063
18154,8.145480931142417
18155,9.820237312362675
18156,8.007893308529889
18157,11.413785391934134
18158,7.919223179026217
18159,10.078335053645562
18160,15.220560509685086
18161,9.897549839526967
18162,14.375020888829381
18163,12.422209663560086
18164,12.622921481153929
18165,10.842423434545822
18166,6.67704730953583
18167,10.705323804749607
18168,9.682831491687562
18169,7.137764938309517
18170,9.604222541801725
18171,10.587111831446922
18172,11.06011430002895
18173,16.583181192475706
18174,12.60843944173299
18175,10.01290839252372
18176,8.30966172581851
18177,6.965869010505158
18178,11.313472498363375
18179,12.758134590760235
18180,11.470105148034705
18181,8.70544670548356
18182,9.738518163525146
18183,5.206773388695387
18184,13.83688674318763
18185,9.55309068719577
18186,8.633111804813456
18187,7.766140130813394
18188,6.400859379444909
18189,6.393293183171559
18190,12.208558728964475
18191,9.755417817518234
18192,10.855565492259776
18193,4.1845617503868064
18194,11.95715424309687
18195,10.455937931115038
18196,7.000597688058626
18197,8.615861068468744
18198,8.959594263268592
18199,7.990830604854683
18200,10.087266990226071
18201,12.24389580163142
18202,9.802130385151658
18203,11.472128339847071
18204,8.463426691275597
18205,8.924789955356054
18206,9.706141863012448
18207,5.519334688819712
18208,11.21589611142029
18209,14.951706213958783
18210,10.876645212518461
18211,10.843097780506621
18212,12.92757637350265
18213,9.979575521885655
18214,4.670826185320456
18215,11.431994389427867
18216,9.824054392502733
18217,9.033436502370426
18218,7.251943627168714
18219,10.829047945050917
18220,10.733463727426559
18221,8.982004628345967
18222,9.14706324161517
18223,8.183779520327738
18224,10.943123299218815
18225,14.340209934640317
18226,10.073332792217819
18227,5.8564066679364135
18228,10.167467570655818
18229,9.293942615094196
18230,7.402094953862678
18231,12.56748263245036
18232,8.049837255523643
18233,9.496506204994976
18234,3.725695991511823
18235,8.770256275839602
18236,11.491832310676626
18237,8.85458488694987
18238,10.933592208434598
18239,9.89304238288599
18240,9.894202672962871
18241,8.054116339413891
18242,8.96725168599318
18243,8.479327443882855
18244,6.473228388043931
18245,12.156044286812115
18246,9.822529783646567
18247,14.576366790182359
18248,6.4991163054303875
18249,8.785260123299356
18250,5.914356257322835
18251,9.930383610872092
18252,8.945565883006918
18253,9.14588897701487
18254,7.946402424910148
18255,10.312370510859575
18256,7.679828560729232
18257,9.301079958420935
18258,4.322570758301752
18259,7.714081248491994
18260,10.13365218027213
18261,11.302256564419428
18262,7.3136124963276625
18263,10.861630795326477
18264,8.916265264783526
18265,11.527445517450921
18266,8.588508187739102
18267,10.106420771772637
18268,6.291967358221942
18269,8.748853775846648
18270,11.180366519036536
18271,8.044623264155113
18272,5.132499110552621
18273,10.552735692825626
18274,9.869990452521435
18275,9.224401752839567
18276,6.195493397205484
18277,6.054590510445674
18278,10.14331428981982
18279,7.873491155669726
18280,15.270176432197307
18281,8.182151202218247
18282,14.321732330407812
18283,8.763064660804325
18284,10.237582295957985
18285,9.451615093370293
18286,10.058879794810975
18287,10.341330406863468
18288,11.882949887427742
18289,12.528986934385202
18290,12.934168057351243
18291,8.05591803523733
18292,10.014181226240888
18293,9.291107297528061
18294,6.020703934191927
18295,8.738796608700625
18296,6.441247251935753
18297,11.288215683315142
18298,8.954781731683509
18299,7.835552681199339
18300,10.235955791405168
18301,10.417769352137608
18302,10.95189165673708
18303,9.953229715627838
18304,7.0708646711423775
18305,9.228055242336486
18306,9.949741199694397
18307,10.059440195862194
18308,11.300937454803217
18309,9.531748753144347
18310,6.960761367448673
18311,6.138849619898629
18312,10.187169910712703
18313,10.844658704870572
18314,8.107812048375397
18315,11.258732553709983
18316,11.827475933252348
18317,8.432115085637161
18318,9.035303368755272
18319,6.9579366285712165
18320,9.980675390993706
18321,9.812222698824446
18322,10.996731887380417
18323,10.115324945803508
18324,10.137264288512737
18325,10.375775365378585
18326,8.78514019391655
18327,5.0909361063433
18328,11.236558932089146
18329,8.134208799034159
18330,8.47848373492186
18331,7.235523694146671
18332,10.780239350248934
18333,7.624249613116813
18334,7.717741550039915
18335,7.806494113016871
18336,10.324604482906942
18337,6.047886473953971
18338,11.267980838684299
18339,3.7008152842478763
18340,7.108037422909343
18341,12.144951798238315
18342,10.17050197151415
18343,9.209092118802957
18344,8.047787645090459
18345,7.591176096722327
18346,8.546820089249714
18347,11.334493110088367
18348,9.021160556018854
18349,11.216449392633207
18350,10.982659519697691
18351,8.587153176357091
18352,18.340875171158014
18353,10.349976780125168
18354,10.113769309336167
18355,10.054637988015292
18356,12.781045437910313
18357,10.18116246264859
18358,5.382684698800125
18359,9.1302566760277
18360,9.700362606733353
18361,9.699381460296905
18362,10.814082948504383
18363,11.034609346663037
18364,15.509553348628277
18365,8.062328589027821
18366,10.621136433700862
18367,7.720222457837693
18368,3.971582496161939
18369,9.632997248068827
18370,8.93413217453866
18371,10.729391573837015
18372,10.399958144505371
18373,8.068553660460605
18374,10.331838137076272
18375,9.938297693794004
18376,9.918250856044837
18377,10.131043526981028
18378,9.929150735843947
18379,8.617743816008725
18380,11.770798936151735
18381,11.016048586813634
18382,10.84838753166115
18383,9.934372130588779
18384,8.63687349858245
18385,11.46573532591534
18386,9.430448355489439
18387,8.149780180803859
18388,10.20514864318623
18389,5.433354862337913
18390,6.292573877816313
18391,9.262950253977028
18392,9.052174680450555
18393,9.96753689548147
18394,6.2881914847749565
18395,10.154041753430242
18396,16.03502759525787
18397,10.659110153116579
18398,11.209122753967627
18399,11.440067708926659
18400,13.369832926443195
18401,9.813418277291266
18402,7.07216330898609
18403,10.310308385116176
18404,8.743082331630914
18405,10.104377907856131
18406,8.975398014229299
18407,11.139168580666098
18408,10.41554293837993
18409,8.754637791579254
18410,9.10084102942119
18411,9.185766545738204
18412,8.94041913321599
18413,8.079669958463928
18414,10.743416633043925
18415,10.249533310218643
18416,10.764123483052076
18417,11.911733573383257
18418,10.941956161118364
18419,10.326291054479555
18420,7.85419748529443
18421,11.157208842638543
18422,12.274266755816933
18423,11.9898803627278
18424,6.7052628424394065
18425,9.597843207368339
18426,10.54488116024103
18427,6.92476793543911
18428,8.368911807691585
18429,6.998445777120093
18430,16.691437817515727
18431,10.379175878080389
18432,9.304498716956594
18433,9.07412825419104
18434,12.09341514384122
18435,7.203418395049567
18436,12.123214766838665
18437,15.514662015503593
18438,9.12485813168149
18439,8.550015565997645
18440,5.968069166828607
18441,10.175989909251156
18442,6.814312339617805
18443,8.538634610969517
18444,10.1855561382722
18445,6.9544011137365995
18446,11.137913539831912
18447,7.967177203214238
18448,10.862728575297183
18449,10.81567093477937
18450,10.840379346322406
18451,10.238113592877292
18452,6.972396750586395
18453,8.90097972102853
18454,5.890296080029694
18455,8.928707842945062
18456,11.163494920246865
18457,10.761409773393318
18458,10.16602135100285
18459,9.864914431085253
18460,10.401280124925613
18461,10.773952899912931
18462,6.877656781089186
18463,9.447212675977543
18464,11.652194605261307
18465,9.582405144796512
18466,8.146446555922477
18467,5.661261029637325
18468,15.2617948093124
18469,5.016330738221878
18470,9.555302475162728
18471,4.889172670446259
18472,9.065229086203253
18473,10.11150649432086
18474,11.254153252031086
18475,3.569454932208539
18476,11.407830259410257
18477,7.315342805095845
18478,10.272878628146248
18479,7.992136820128701
18480,10.020455368422025
18481,14.068972872940282
18482,11.086012089677926
18483,8.854075891215848
18484,11.361565626153508
18485,10.04293453382011
18486,10.383857719456474
18487,10.014482550833542
18488,10.547200047635258
18489,9.280100443541846
18490,8.89822550349707
18491,10.852822335535995
18492,10.294504907362164
18493,10.73596171882387
18494,8.635277048167072
18495,11.953471469139672
18496,9.816253407404004
18497,5.107139096461031
18498,10.397607017820649
18499,10.300236797103334
18500,7.554715676757841
18501,9.86367900705957
18502,6.143760497845673
18503,9.894370953740617
18504,6.152353631690422
18505,10.45196693621082
18506,6.379894173095952
18507,9.76536372410779
18508,7.55484979235871
18509,8.937666222126563
18510,18.556022553994225
18511,11.831280860536738
18512,10.103484009274698
18513,9.68415501549396
18514,11.889558749234862
18515,11.737878595501435
18516,6.390855265669841
18517,9.3940969216046
18518,4.913343780063018
18519,4.976453949811923
18520,6.4394709138577575
18521,7.803348015380475
18522,10.225276809735453
18523,9.99450633666901
18524,16.621788146620467
18525,8.81965999301856
18526,8.991286098959348
18527,9.782404985500797
18528,13.65685029727003
18529,8.797157811410955
18530,10.052161906946068
18531,12.17410872977553
18532,10.283379584446232
18533,9.898945893127156
18534,7.240458405317851
18535,9.410056392245231
18536,9.08400877150936
18537,10.593965948397535
18538,9.585689056344194
18539,9.976320794147325
18540,9.820500882857456
18541,8.00416472818755
18542,7.858556111859787
18543,6.9968347725230835
18544,9.90333094999188
18545,8.359092186696866
18546,8.295676736320653
18547,8.963845888772983
18548,11.166214706450571
18549,6.47910837840035
18550,9.820402613063257
18551,10.17833392418072
18552,14.868314118537818
18553,10.320566049325645
18554,13.22980512223667
18555,14.889579436187436
18556,10.2281001883402
18557,6.997295119733062
18558,8.915136790099968
18559,9.817827110075482
18560,5.7862519302633295
18561,6.4282145038565845
18562,7.076122408038714
18563,12.186143863026896
18564,10.134434614102243
18565,10.685380541118851
18566,9.048165605925458
18567,9.884476614118103
18568,10.084592004494176
18569,11.849811221175239
18570,6.6591794201499015
18571,4.942413580184029
18572,9.857031698173056
18573,8.543703461652507
18574,10.74570032058574
18575,8.310238536762503
18576,8.064090667550104
18577,12.92914291229804
18578,13.497831774697012
18579,10.135468812708364
18580,9.662342126451655
18581,9.876401465861512
18582,10.489166860223307
18583,5.958999919889344
18584,10.898532932189227
18585,9.295252692295268
18586,10.625966116655482
18587,12.556065798258913
18588,6.941325981446329
18589,9.795872420669363
18590,11.502826743897083
18591,8.164768773022328
18592,10.587950008072013
18593,9.819180026024341
18594,4.188435770317631
18595,12.019990940634292
18596,5.067619963360824
18597,10.032019697673459
18598,9.062932584027976
18599,7.225073426920806
18600,9.878945412627106
18601,10.023732103295359
18602,14.525659661556471
18603,12.034706540134653
18604,10.95705383950186
18605,13.390190623320265
18606,9.939851664443855
18607,6.435999946764535
18608,9.781591635532761
18609,6.981887170509429
18610,12.30948353675155
18611,15.548567262098784
18612,9.184168559866135
18613,6.069679294174087
18614,10.57930141013099
18615,9.420746634953954
18616,6.007207703444621
18617,8.54211980692553
18618,7.013116941906782
18619,9.905597100520854
18620,11.03256991580535
18621,5.237214021446226
18622,13.450516928637999
18623,10.25372502043556
18624,16.412476184219777
18625,11.092908671051571
18626,6.833065203870698
18627,9.863605980176008
18628,5.274581017987299
18629,7.994295007279096
18630,10.352969839116046
18631,10.500619724744038
18632,5.225707594881998
18633,14.882439618003342
18634,9.775565925970318
18635,9.718488671020813
18636,10.222774208308962
18637,11.083669037003073
18638,11.01352411662788
18639,7.321502024862232
18640,10.79975022633754
18641,10.793166009472644
18642,9.81215904757536
18643,8.166255295789988
18644,11.09865634141969
18645,8.006392320124304
18646,10.702205590536082
18647,7.031151962624321
18648,14.195996286993724
18649,7.866545788058653
18650,15.061879436608514
18651,10.034277497314307
18652,9.9371154234028
18653,10.061771996997129
18654,12.00070585507939
18655,14.70296636517877
18656,6.134178069753197
18657,16.374039218821423
18658,7.960509395022298
18659,8.201662920751184
18660,8.097118896532146
18661,10.23672109218843
18662,10.003927387307872
18663,12.89757371126565
18664,11.208102331002998
18665,8.595253794889818
18666,5.935743241509195
18667,11.75211641049293
18668,7.689126927517398
18669,9.871860389822045
18670,6.246011210021299
18671,8.974259401697644
18672,10.397402945666936
18673,10.507162424294265
18674,12.677322278638602
18675,10.677864960714302
18676,14.372498016028764
18677,9.308528548363102
18678,7.24457087290527
18679,12.22061504812852
18680,10.550213268588333
18681,10.330030581035771
18682,9.920250065472894
18683,9.473449759831563
18684,10.162892407954041
18685,5.157338493223946
18686,6.306224353034997
18687,11.984142587808556
18688,13.3848555120484
18689,5.291042722344715
18690,11.346197989498918
18691,9.857812487469827
18692,7.053422764393421
18693,10.641468616184213
18694,4.653834326656099
18695,9.829395167308146
18696,10.171646117152184
18697,10.222594112950015
18698,9.082211393384792
18699,7.947265489140571
18700,6.120578537576527
18701,7.090992389771953
18702,5.914545568975505
18703,9.652505878351198
18704,9.068817957885017
18705,14.239110985068521
18706,5.849483335516195
18707,10.172492288557123
18708,11.000218813020425
18709,9.150542661928096
18710,9.947186256285308
18711,6.938464228162706
18712,11.951829448913593
18713,8.034350259756918
18714,11.520229489668647
18715,9.70639371911835
18716,7.131650367614011
18717,7.747669917459829
18718,9.994861837761984
18719,6.662898021324576
18720,8.742622129078326
18721,5.678722098986754
18722,7.025714965222225
18723,6.598659645576108
18724,7.0099496605281715
18725,8.80539954558597
18726,6.001000930759966
18727,7.915548767766186
18728,13.316362963431414
18729,9.529662453621366
18730,10.775954229854525
18731,6.3837439327968735
18732,10.9521860453145
18733,10.331742818164074
18734,9.620211264894913
18735,8.95220778280224
18736,10.137616368475399
18737,11.422322207727326
18738,7.804494407891612
18739,10.231088841711186
18740,6.9848417384786226
18741,9.54691106517373
18742,11.38390584602545
18743,6.025410340946008
18744,9.85436686207906
18745,10.707918219861583
18746,12.069115337460975
18747,8.82029402540747
18748,10.513135294472367
18749,8.213556181146949
18750,10.483804539158195
18751,9.660845252252564
18752,5.034317267083205
18753,10.027347141615241
18754,9.125874280227745
18755,6.985869237011917
18756,8.115093871602607
18757,7.188038267230574
18758,9.818922393814592
18759,9.59519270464579
18760,10.013116608888343
18761,5.4669202874130125
18762,9.994269814336128
18763,9.559202122432303
18764,15.750040812359916
18765,10.174412228669643
18766,12.619567457518883
18767,10.30057667541104
18768,8.755600929642409
18769,10.105233323304809
18770,10.42907075702185
18771,10.14647997380203
18772,6.037231779483362
18773,12.088154098618759
18774,12.250900318315473
18775,6.2801610937714685
18776,10.098445030868916
18777,7.480963654045652
18778,11.520812755439868
18779,6.984504878705456
18780,5.30979941347267
18781,10.578694918093971
18782,14.141497289466013
18783,11.1833249719121
18784,9.283430019443314
18785,10.154887540657253
18786,15.50694063226829
18787,11.069903658868665
18788,10.185419684644655
18789,5.10984934256623
18790,15.108739932367463
18791,10.03623062670032
18792,10.624408222599639
18793,5.036338735260031
18794,10.060027544391684
18795,10.958652884663655
18796,7.22973273619375
18797,8.5970389162441
18798,8.954239028930466
18799,7.587877135540432
18800,7.6893836943930935
18801,11.418417008849339
18802,5.237461855498652
18803,9.275860602112058
18804,8.118255290855044
18805,10.766858029188718
18806,14.194320044691633
18807,7.534492403403216
18808,10.874210308171326
18809,7.183219582339023
18810,5.407405776094703
18811,10.745245850436268
18812,10.871375957204801
18813,10.36609479915814
18814,5.329007628119954
18815,9.83195909177697
18816,4.678508120781798
18817,10.624048239757151
18818,10.089603756728863
18819,7.012111103929332
18820,8.855885813055954
18821,9.999541878982441
18822,5.924537500135852
18823,3.994744256401938
18824,11.636305872182366
18825,12.009176532700163
18826,10.080980553989715
18827,4.357828696935087
18828,8.961292675514628
18829,8.216513889079287
18830,10.2225372184997
18831,10.260390374347713
18832,6.904085590544659
18833,7.021394865288206
18834,10.560777414742589
18835,4.899696926686016
18836,9.042232609551176
18837,9.550417849296117
18838,10.481572987150248
18839,11.30707565776443
18840,14.204632812484306
18841,6.826000391778752
18842,7.252754915186475
18843,4.04799028634596
18844,7.71201487589259
18845,9.768632999854981
18846,7.875474762653418
18847,7.722326661464177
18848,12.882804917516104
18849,6.940691063399958
18850,8.210335465349125
18851,12.39819797769089
18852,10.446862071998423
18853,7.041053588661984
18854,10.446748898423532
18855,11.623927472278602
18856,8.94312762438404
18857,8.734990386173111
18858,8.877201512847886
18859,10.017238235332904
18860,8.538280914500678
18861,11.136803283165417
18862,6.028259911695456
18863,8.799957009704915
18864,6.071293766581055
18865,11.627540966866142
18866,8.27203958197616
18867,10.871442703154266
18868,8.806204642307023
18869,5.832975201843413
18870,6.965072309907027
18871,9.204458727242104
18872,6.128365298580308
18873,11.4694170907322
18874,10.57608821945614
18875,8.892441364786519
18876,11.015968580995017
18877,11.084667775337234
18878,9.739225333663232
18879,8.899790237141634
18880,7.925668271048647
18881,10.680167316330476
18882,13.427925362604157
18883,11.075014423288298
18884,9.32353384796795
18885,11.133800875439608
18886,12.772726052657276
18887,16.002333146512264
18888,11.153355647695006
18889,7.932373100340984
18890,9.876035163256006
18891,11.488348153140818
18892,14.329842525132378
18893,10.735676453769752
18894,5.535758351343133
18895,9.717702916050445
18896,10.49119800218659
18897,9.031847803680213
18898,9.89502265755572
18899,10.227967345784451
18900,9.814258060103548
18901,10.492183383920478
18902,11.605333855989059
18903,7.570517590596061
18904,10.383085221490662
18905,11.070104012647459
18906,10.811984046486154
18907,9.846484692135288
18908,10.055539543365514
18909,9.538340203360539
18910,6.200517138756355
18911,8.642916070299497
18912,10.21937149116128
18913,10.000528375744697
18914,9.795132083474266
18915,10.136920713296266
18916,17.003544785505696
18917,10.506331912872902
18918,11.303821502537971
18919,10.331195410291873
18920,6.8555448802953975
18921,9.775782185779574
18922,4.072965986118523
18923,9.240343384645005
18924,14.417927729981521
18925,12.115244780081547
18926,6.983218272773055
18927,6.622326477514112
18928,6.953814003265499
18929,9.187118327512636
18930,8.483356684043263
18931,6.965729380061146
18932,12.679816871948727
18933,9.992433370637734
18934,11.59177812843921
18935,6.098352096853533
18936,5.376553735104089
18937,10.790699214108631
18938,10.003266023073214
18939,4.860424874261097
18940,9.758491499724407
18941,9.808574476774865
18942,9.91414419430187
18943,10.05886897506332
18944,12.604617814554523
18945,7.966698024348871
18946,10.69073334584357
18947,9.290252438901396
18948,7.757315644969142
18949,10.009758301875111
18950,10.99925452745051
18951,10.72641271619587
18952,9.070816684369925
18953,10.042137886100306
18954,9.131749978300165
18955,9.391115412240563
18956,11.285322423805242
18957,9.168134081208219
18958,11.18429749883817
18959,7.414475657926213
18960,10.985923675056524
18961,10.099215416607628
18962,10.720780786747252
18963,12.216377800545853
18964,8.882323277059186
18965,6.723060368770076
18966,11.37216048829196
18967,10.689432859941645
18968,8.614968669495312
18969,10.731823065610575
18970,14.125401117152474
18971,10.586377544379232
18972,12.290371421870422
18973,6.986032663930791
18974,8.679957539567411
18975,12.68183902580617
18976,9.651062284131541
18977,9.459961300594399
18978,11.002083871696376
18979,10.791460236611835
18980,9.321626984299066
18981,9.817845969377895
18982,16.62374983469094
18983,9.147009431278834
18984,10.086683888969977
18985,14.450389206567305
18986,9.891494915805195
18987,13.266212129785021
18988,10.809018136068637
18989,9.995319014179023
18990,10.891102856471328
18991,4.905672754102135
18992,9.821534952614096
18993,12.944103154560192
18994,8.995013656084
18995,6.097890060811933
18996,7.004707638594407
18997,6.330328967010647
18998,10.299094971350641
18999,14.724467740380376
19000,9.941045568619424
19001,10.517481068462967
19002,14.559264465661007
19003,8.221031190687206
19004,9.930660414077789
19005,9.960908627186218
19006,7.42380899083606
19007,10.069817489435579
19008,10.820785841150988
19009,10.008215323865878
19010,6.732655920254643
19011,7.066704292103975
19012,12.866349360053157
19013,9.252423876276612
19014,9.142596482159636
19015,9.960565472973931
19016,8.985711293762677
19017,10.03234195989766
19018,10.85246237013977
19019,9.83256219713847
19020,5.5607559845688606
19021,10.677953499660193
19022,9.955203505613815
19023,10.280594332651638
19024,15.913422704794028
19025,6.068422466158668
19026,10.794261120271425
19027,11.475376685755942
19028,10.719122366545207
19029,9.678609392062544
19030,10.408480250606972
19031,7.948867594951497
19032,7.150912471589255
19033,10.310290871958099
19034,9.925187277559342
19035,7.9778986261782565
19036,9.888602841592135
19037,8.296075365955767
19038,7.17224767877666
19039,10.297536443603047
19040,6.152606800017918
19041,9.92280312907267
19042,11.240869011837146
19043,8.17066199195585
19044,11.092176920514252
19045,6.8863996994867716
19046,17.958609000508332
19047,17.397716130773308
19048,13.651351914458871
19049,10.118061952157335
19050,9.049309263537152
19051,11.451090712580587
19052,9.057579415222243
19053,9.854244847707065
19054,6.942053282574294
19055,17.694740291255833
19056,16.97304463079607
19057,11.542852778041558
19058,7.175322712918659
19059,6.87789013281236
19060,7.433351944149537
19061,10.790939756857021
19062,17.6906903286962
19063,9.169241619283042
19064,10.426501284906916
19065,9.839205428097763
19066,8.662043155894054
19067,9.674182990806795
19068,11.410285422218452
19069,7.0765130054335685
19070,8.357698939509714
19071,11.55366338492188
19072,9.049657040468624
19073,12.877234026441641
19074,13.544034502237867
19075,11.428874107175297
19076,5.998634048353406
19077,10.382350424978156
19078,9.793435505303432
19079,7.0699923546094805
19080,10.678959323035489
19081,6.006330019045161
19082,8.512234896235594
19083,10.154772504606768
19084,12.324846861055
19085,11.217823836913631
19086,4.969376258417871
19087,10.419445233745453
19088,11.464541335493125
19089,9.691423777025719
19090,7.552270969733122
19091,10.102109227512035
19092,7.059483199561097
19093,11.271032589779239
19094,6.991821389766968
19095,8.268852479059802
19096,7.236546559961812
19097,9.231583910330185
19098,8.107109121440192
19099,12.13782484750973
19100,9.766625495858849
19101,10.474893204821846
19102,13.494787678268498
19103,11.008198593168062
19104,8.988972810999822
19105,15.897421620469348
19106,10.13967471578486
19107,8.643867136764452
19108,9.947369273978396
19109,9.344792683766258
19110,9.155485992523285
19111,9.120110191180588
19112,8.220960722490327
19113,5.916021868350198
19114,6.326554948874602
19115,8.974101020393151
19116,12.276968250543913
19117,13.691405653035744
19118,10.154797231125215
19119,13.43482217872488
19120,4.537893193194232
19121,14.70344548046317
19122,5.8043352590097985
19123,9.59452220385856
19124,9.330573030242984
19125,5.977198065994333
19126,8.014316757677086
19127,11.660880726439425
19128,11.74914136289121
19129,8.714453301480575
19130,11.502135249726875
19131,9.430040103236262
19132,7.0181641154026675
19133,13.036720740342492
19134,11.01241996212688
19135,9.758708924558421
19136,13.293768662784668
19137,7.971781447413209
19138,4.607762752871357
19139,6.70841499339954
19140,7.097396557468647
19141,10.430842146091472
19142,5.2371265368008935
19143,10.542068756423143
19144,5.9950818050344505
19145,9.523624685346771
19146,8.915866504466123
19147,10.299738713385782
19148,9.948202928977421
19149,9.366570321575669
19150,9.544413833327338
19151,10.110969337305955
19152,9.598791086462187
19153,9.068535444173769
19154,16.60001441769042
19155,14.344887023417767
19156,10.691887746878358
19157,10.858064896359116
19158,6.013172001657088
19159,10.086034019759651
19160,14.16722371610155
19161,7.514282906475026
19162,8.980497409020284
19163,7.123929739189953
19164,8.94187516503135
19165,11.058676783195164
19166,4.455976700933066
19167,8.94155022079698
19168,8.792249371221878
19169,9.038869894261872
19170,10.787592792486299
19171,9.76103044549935
19172,9.786257027186172
19173,7.589707135051155
19174,11.328089131579688
19175,11.171997460218545
19176,6.1005543998282015
19177,8.971497787037064
19178,11.46482020454632
19179,6.706789924517992
19180,5.265191468492327
19181,9.86038668869496
19182,7.045243970442108
19183,15.209219548602558
19184,12.201558641368745
19185,6.497264087511592
19186,9.599464400477718
19187,8.24107072269686
19188,11.37739456370918
19189,12.083762019444675
19190,8.146940546340513
19191,8.530335531411744
19192,5.236134528053983
19193,9.555706966882676
19194,11.34713760225382
19195,8.074154639514743
19196,5.037326146804862
19197,6.9986343173104135
19198,9.506529400742107
19199,7.030215157094686
19200,16.050266095818984
19201,9.995164797297118
19202,8.832502760300656
19203,10.150303781283574
19204,11.961601083191995
19205,10.002210990759629
19206,9.304840546241344
19207,8.503741075312298
19208,13.884446021699166
19209,7.606071793691131
19210,9.048070656146749
19211,6.01166966947506
19212,9.089384349939108
19213,9.81494732909205
19214,8.718775543149086
19215,8.895322960250745
19216,7.0882183062204085
19217,9.044358581250542
19218,6.671993701688557
19219,10.51049633479086
19220,11.695967475782457
19221,7.844148113117681
19222,13.868481099784638
19223,9.940575604917724
19224,7.135058110953079
19225,14.428555488558285
19226,7.066571472017161
19227,10.04169708774759
19228,7.172018264390673
19229,9.922324606463745
19230,8.18300293256898
19231,6.313566237068503
19232,6.895343380228076
19233,10.333782784104912
19234,10.921377994198501
19235,8.903993956582104
19236,12.801584947938325
19237,11.339451945234716
19238,7.019185545062543
19239,8.061132043717839
19240,7.767364469857659
19241,7.641253413342458
19242,9.547554335690482
19243,8.727472032176863
19244,10.864851316983476
19245,9.832635828647504
19246,9.845384702932474
19247,7.002193812620327
19248,6.700415183712414
19249,10.743934488828067
19250,10.18484030600496
19251,9.122679094773465
19252,14.585474033724468
19253,10.558219982856242
19254,13.319708185002753
19255,8.14691808865883
19256,9.889008860339434
19257,8.965929468941253
19258,10.10328158665436
19259,9.937890504378556
19260,11.985056727649159
19261,10.484520771285723
19262,9.449363234095316
19263,8.634610953900966
19264,11.576220770889648
19265,10.726143132442484
19266,6.53998846737287
19267,9.797949595560654
19268,8.19646558341638
19269,8.139443254857072
19270,9.258688426358287
19271,6.923038701598095
19272,11.104748830897766
19273,12.834246466041407
19274,9.436139316773177
19275,9.414102006993195
19276,9.683482540859128
19277,8.667945077332961
19278,9.95055443828345
19279,10.167742743697588
19280,10.362531671417692
19281,6.934387594574861
19282,6.053529675443171
19283,10.209410340033672
19284,10.864847196218491
19285,16.397040728070984
19286,9.697387179327443
19287,10.363378904880896
19288,8.460124714282644
19289,16.480806930289212
19290,8.01153295295782
19291,8.587071613744914
19292,10.318424297423697
19293,9.098377528553659
19294,12.294483995483578
19295,8.421010299438652
19296,8.232225247486356
19297,11.707532320920947
19298,6.970268166392103
19299,11.279752981288034
19300,4.8329253540612775
19301,8.259382227384414
19302,6.997371866091527
19303,6.981095271404641
19304,15.532953789263578
19305,8.788076513559549
19306,10.16298908168322
19307,7.135542930663654
19308,6.629646242951296
19309,10.57972321189427
19310,9.687185095080261
19311,17.974789151698698
19312,11.586066288532125
19313,11.537931538134917
19314,9.79638616132503
19315,9.314910479893397
19316,11.709459515729057
19317,9.69138402764161
19318,9.703692707458615
19319,9.36642443928861
19320,7.113602661434746
19321,13.53735398837053
19322,9.97360552290611
19323,9.296539417593479
19324,10.18295326729623
19325,9.530754234453696
19326,6.94828128113257
19327,8.77441095167356
19328,13.79630984493157
19329,11.986235255142992
19330,5.524822850852717
19331,10.028278363237934
19332,10.378235478866792
19333,9.726264201163751
19334,12.734048964885572
19335,9.593407669785751
19336,13.797225474389712
19337,8.015113010402786
19338,9.232959225006681
19339,10.675104649964775
19340,10.354953875974477
19341,8.997549150698154
19342,10.057377226435559
19343,6.984483140057451
19344,9.453525898359274
19345,11.469291786725119
19346,10.716348535218387
19347,6.226666412018485
19348,9.989194280021096
19349,10.86312332570348
19350,10.908122530011724
19351,11.069961012511826
19352,9.045133229544167
19353,10.769212588480759
19354,5.031410618155451
19355,10.477948259660451
19356,9.881062421738024
19357,4.293905568657149
19358,11.830441200118358
19359,6.989892983313981
19360,9.727739030213261
19361,8.994266402623627
19362,9.22628387964117
19363,9.993361724407444
19364,12.156609186073446
19365,5.12796249453374
19366,10.119363725756607
19367,10.044888819335938
19368,10.261320261640375
19369,11.335734954558193
19370,8.541147842890727
19371,12.680479486000582
19372,10.099576140119506
19373,10.987155248507174
19374,5.0790608211940755
19375,4.527233183172441
19376,9.732350329907472
19377,12.775595060420045
19378,10.90821350361858
19379,5.10938253734972
19380,8.873377871807271
19381,8.586469158363194
19382,7.741352877037924
19383,8.02138996081722
19384,7.727399017729496
19385,6.871587551826739
19386,6.650731150480001
19387,12.267474910471677
19388,8.234148913696488
19389,11.45436772974004
19390,11.41698421451425
19391,9.682747447784605
19392,8.878725224858094
19393,11.277040070315202
19394,15.374856820466007
19395,11.003578755156889
19396,8.81246231776621
19397,10.679432350177034
19398,10.197812188384
19399,10.621022264484978
19400,11.096309017464563
19401,11.62674642490818
19402,10.729748206917549
19403,11.060328062355158
19404,6.5906769331777575
19405,15.240995537237788
19406,10.276184671578749
19407,7.300215274208901
19408,6.395790235893552
19409,8.412588547792677
19410,9.189073225212312
19411,10.044390960623835
19412,8.894531355795333
19413,7.6014595712717625
19414,8.50437547540318
19415,11.350433870961808
19416,6.994801029955876
19417,9.210454131121937
19418,10.431669320286138
19419,7.913142624842914
19420,9.783538428319225
19421,6.021224754038114
19422,9.981680006198841
19423,14.682068567514811
19424,7.888575505600208
19425,8.879663140591322
19426,9.696614997995637
19427,6.404979010457501
19428,13.022190403636932
19429,6.069724665223497
19430,10.154270219296341
19431,10.22642278813014
19432,10.36527175226071
19433,11.359387747456804
19434,8.646889687153385
19435,6.95582171757965
19436,11.272160450579385
19437,10.840090406129624
19438,7.043695223143412
19439,8.549043637571692
19440,9.746287183225762
19441,9.077450706214584
19442,6.263948873879092
19443,9.936560602380997
19444,13.039728261542976
19445,15.745223416500657
19446,13.664356484889739
19447,8.049418434510043
19448,7.616422920853925
19449,9.05609953172884
19450,10.530683633073574
19451,6.102296617425072
19452,13.564356543191446
19453,10.393205073754718
19454,10.831722587987882
19455,7.651310537335441
19456,10.537792451237248
19457,11.178080967200248
19458,12.45116257812135
19459,10.340747864816676
19460,9.018570524839912
19461,9.595179142417617
19462,10.04620541490797
19463,9.959412738144842
19464,6.929537148899582
19465,6.995565568887141
19466,8.703131719869791
19467,10.963227966761982
19468,15.281600877946387
19469,5.50346246198509
19470,9.764118365878817
19471,10.517387411397829
19472,10.212818932378363
19473,14.414591223976185
19474,11.778935679068905
19475,11.141013813020837
19476,9.968809008676875
19477,9.848827941351798
19478,7.1182731958743855
19479,10.025974232571567
19480,9.724705791501943
19481,10.03060004747035
19482,13.00951287535976
19483,11.40111301801069
19484,11.34047021261439
19485,8.965346629834567
19486,13.064925982871728
19487,7.10834818819661
19488,8.660654437299717
19489,3.9633526444392215
19490,10.406323005860605
19491,11.392023433028793
19492,10.286883339284888
19493,5.705352524949827
19494,10.70376982810685
19495,8.01899292398155
19496,10.368420695208155
19497,10.042508670580844
19498,7.221377656238861
19499,9.447531011236572
19500,10.906863875212188
19501,11.885216580522329
19502,15.500900081273585
19503,10.351819518044623
19504,10.547717214582622
19505,14.968521656042265
19506,9.953046937017689
19507,8.759587982368952
19508,19.97055809186998
19509,10.301260145777636
19510,10.444408364412492
19511,9.904553489568329
19512,9.827969123824417
19513,10.202764256992001
19514,9.923514034935438
19515,9.442612620337934
19516,9.277609644433568
19517,10.219710301639516
19518,7.384336448637255
19519,10.78323352773099
19520,11.973468631974661
19521,9.932363291673541
19522,10.314809567172041
19523,10.606888037444689
19524,9.65162386284903
19525,11.529325177894606
19526,13.520922184640707
19527,10.738884077773784
19528,11.056396467257484
19529,10.628823200840527
19530,8.578548585466732
19531,7.542682081500537
19532,10.914993067405245
19533,9.753181256668942
19534,8.642904369330937
19535,13.208630388415806
19536,8.013133895407343
19537,10.590176185490273
19538,12.855338150397827
19539,10.645941412783895
19540,13.447461181891644
19541,7.8374673554727075
19542,9.886301731030786
19543,11.286087261358395
19544,9.170075190043107
19545,9.667710194483417
19546,13.90757374394115
19547,10.708959932608153
19548,12.287788237386259
19549,10.922631083420143
19550,10.233488627927956
19551,10.121933424643945
19552,12.308916795634659
19553,8.287446604851006
19554,10.06977976700885
19555,9.573961982089884
19556,7.971130249129379
19557,11.810874931066046
19558,8.958491953440374
19559,9.694796332127957
19560,10.913750759440779
19561,8.02378298616354
19562,9.184669313663642
19563,7.186786560841679
19564,8.950006035905348
19565,8.840485956055149
19566,7.0357442654227675
19567,13.083735364477148
19568,7.804741644265991
19569,9.993098254494392
19570,10.364113626665132
19571,9.716540019892463
19572,7.0843178419052855
19573,10.055852564215492
19574,10.686547341412194
19575,8.851409478978072
19576,8.966523285545247
19577,11.858048814119952
19578,6.73243478181892
19579,4.504676330879359
19580,10.203471999590551
19581,10.292040618068265
19582,10.65704942894296
19583,9.43164816556629
19584,8.957803474221311
19585,10.148563333935247
19586,11.16175624267396
19587,4.0738727604983955
19588,8.915280704099986
19589,8.808456342308851
19590,10.632523983231124
19591,6.810190460397578
19592,12.785188116272899
19593,11.79769961315679
19594,10.009960757754676
19595,10.888116074457193
19596,9.53443911351214
19597,10.410798047789523
19598,6.39248646510484
19599,9.34326137537277
19600,7.385008447979489
19601,11.298166851600381
19602,20.326460907671063
19603,10.112797649733533
19604,10.879608736299883
19605,11.451737136604406
19606,5.078190132376532
19607,8.646090412937214
19608,10.396831248959622
19609,9.441736889168366
19610,6.008796466661135
19611,18.186772952603512
19612,7.01889130128736
19613,10.81914511049952
19614,6.020163129436371
19615,14.061380764359749
19616,6.1970615289537765
19617,8.133157529154328
19618,5.994745374079702
19619,10.141803501721178
19620,7.8852900782655455
19621,11.02094499193737
19622,11.117338304227221
19623,7.044586932873587
19624,4.38643212173466
19625,15.186028862128385
19626,14.00172534646406
19627,10.647751516002689
19628,12.488370984800646
19629,10.44722248803661
19630,9.403711894353133
19631,12.79073166719254
19632,10.206962293154026
19633,8.797316184192404
19634,15.142854612001598
19635,10.45486914844857
19636,10.939653286325111
19637,9.55262096440883
19638,7.140468984006741
19639,7.725433484483141
19640,6.955850529933935
19641,10.888834020445419
19642,14.39064505712075
19643,4.400119333618728
19644,12.283876876510696
19645,6.992178166589327
19646,10.186711439935277
19647,9.531588796593796
19648,11.485181076970672
19649,10.555927955432086
19650,4.376564970950117
19651,7.279898491673931
19652,6.603736117209477
19653,7.94589902687283
19654,9.848842443144086
19655,13.804434437447181
19656,10.233141677520242
19657,14.169101764467008
19658,11.441258411515054
19659,8.961668943695903
19660,9.53688663782081
19661,7.773520391653457
19662,10.253834760948106
19663,10.034461092116189
19664,10.14506977005134
19665,7.0966196484070245
19666,10.081094528361241
19667,10.890732965373234
19668,9.250501764544538
19669,9.35105952547326
19670,8.668422526202804
19671,7.946014327435085
19672,9.48566051854629
19673,11.169020222017414
19674,10.817594887494925
19675,9.87161760187381
19676,11.149332199901302
19677,5.038613906359027
19678,10.128584652843843
19679,11.344253731125852
19680,11.113154002146082
19681,9.542371083180683
19682,9.7846323827588
19683,11.425256798069938
19684,9.312107357979475
19685,8.860365565729051
19686,9.96617338129123
19687,10.193081290700686
19688,11.455905284374557
19689,9.021431236469075
19690,8.400074763344584
19691,9.423628852590713
19692,9.977579541083637
19693,5.929700106344085
19694,9.406970488791478
19695,9.26204401464096
19696,8.577857303136954
19697,5.163699094837561
19698,5.146941223369625
19699,5.680020132666083
19700,13.469824288141943
19701,9.08386791288706
19702,10.542844662092914
19703,9.52777971701551
19704,10.455533143580448
19705,9.745618554526384
19706,8.809040730682836
19707,6.928700384498434
19708,5.9886193994252555
19709,10.746074615627212
19710,6.958761929923877
19711,10.433363860564544
19712,5.137175634008534
19713,6.0173556545454066
19714,9.8764191913901
19715,11.253144889366055
19716,10.323869312529162
19717,10.580141475736294
19718,9.773410622421288
19719,10.934758994885858
19720,10.373988373651088
19721,8.476193547991617
19722,10.280163947120549
19723,7.174592688857265
19724,9.506111137668892
19725,10.316397023464031
19726,7.760644910728043
19727,10.161412071598608
19728,6.355721609390077
19729,8.08081045629494
19730,11.619826853695269
19731,10.308519444160417
19732,11.911825219058592
19733,7.580357534914231
19734,4.102579044796033
19735,10.177944569485753
19736,3.9334362176835427
19737,7.201401833876721
19738,15.230762331953738
19739,8.988275115412325
19740,11.432311673868034
19741,6.92353596860198
19742,4.927030503636734
19743,9.696450259387703
19744,11.037890461519488
19745,6.283157865649723
19746,15.926586955870023
19747,4.014838540549756
19748,10.97533464573815
19749,13.25928739975455
19750,16.106933845430046
19751,10.008276101500899
19752,11.518992668172597
19753,10.070405005573926
19754,5.154628091146025
19755,10.197112073197104
19756,9.301172062240372
19757,6.9668214211404464
19758,12.17088524141515
19759,8.212036044214672
19760,6.97469956577025
19761,7.013405164168384
19762,8.509341915484997
19763,10.256704255688994
19764,11.328600384094168
19765,10.076490591676986
19766,9.390945454579853
19767,7.983593010096914
19768,10.970324027258837
19769,10.534698360720666
19770,8.022911567809908
19771,10.817790103534628
19772,9.827837434984168
19773,5.030970286058669
19774,8.75265451246147
19775,8.488140182323402
19776,10.233908013118372
19777,12.2798006246063
19778,7.0110400073080426
19779,11.008239142381706
19780,9.612685892052541
19781,11.273096542487028
19782,10.456120160021312
19783,10.205668842875573
19784,10.01273385347063
19785,9.080780299826827
19786,9.635590368074816
19787,9.251957075912692
19788,6.129593872006228
19789,9.112918472174304
19790,7.0451012154631965
19791,4.158482788954962
19792,11.667002437650574
19793,7.954997737580957
19794,9.982864977508415
19795,11.060556952937596
19796,10.881560880771353
19797,11.662315291748687
19798,7.932243300647375
19799,9.21273562996674
19800,8.789353241234434
19801,7.77502287468118
19802,12.688355978126982
19803,10.105068294508538
19804,7.50398603724692
19805,10.865043114735304
19806,13.668184805460287
19807,7.05112012044732
19808,4.716465713553583
19809,12.296027538887653
19810,12.179510612166943
19811,9.112535302210347
19812,6.980930622463692
19813,10.052230382607412
19814,10.24622123684646
19815,9.984728704467987
19816,10.29319519668777
19817,7.963087399576358
19818,9.532328826832654
19819,7.364229274473557
19820,5.242192204422683
19821,7.999391810372708
19822,7.695853135424446
19823,11.155232481913712
19824,5.100993486380943
19825,12.162406624473018
19826,9.244869828400022
19827,9.863771668962297
19828,9.928425500908684
19829,11.408537778737836
19830,6.927376860751467
19831,9.672223025819768
19832,9.700256336669353
19833,13.657595395023938
19834,6.52616087074926
19835,10.190296079428467
19836,9.955652945893682
19837,9.169886145921737
19838,6.063733405257134
19839,10.972204436255879
19840,9.900572883929222
19841,8.084510360654692
19842,8.064521873149683
19843,8.944934055974702
19844,14.923052087372046
19845,9.067960207843118
19846,8.675202741976271
19847,8.915809390019803
19848,6.98089617050012
19849,9.50852224766934
19850,8.406936659281413
19851,10.219775836647605
19852,9.571557415553203
19853,7.291332352875424
19854,9.7254768977648
19855,9.870918921654463
19856,9.072110954479546
19857,7.290717932454324
19858,10.758436735939787
19859,10.597660857590252
19860,9.73430270408469
19861,10.58862466541731
19862,10.014559474465878
19863,8.861836381218108
19864,9.142199991276447
19865,10.468981714858561
19866,9.174743367371061
19867,9.950802547199835
19868,10.236552589094913
19869,6.267120984904567
19870,13.100032702675716
19871,8.321691556222806
19872,10.233251165042333
19873,9.628941166277961
19874,11.450006513597785
19875,12.69724674283189
19876,8.751955539036913
19877,6.631352789944318
19878,7.7459158939876795
19879,10.958476261546444
19880,10.499029494699062
19881,10.106298958567052
19882,6.903742165094224
19883,9.172909758946304
19884,9.781237103183797
19885,7.019207972037126
19886,9.481117281798982
19887,10.206352287061451
19888,11.15917397234476
19889,11.015021143176693
19890,11.902367309334561
19891,9.44337601629493
19892,11.657815242870981
19893,7.304083446060092
19894,10.221068710422712
19895,10.167478723112703
19896,10.02070601587683
19897,6.011999912305638
19898,10.142988333730175
19899,8.862472632394619
19900,11.223557357124424
19901,9.32118028589333
19902,5.045796860331488
19903,7.622450791318125
19904,8.066547328002306
19905,9.859171947821906
19906,9.953453948440593
19907,6.267418423582834
19908,9.953344766136441
19909,11.497431247330473
19910,8.765716119424571
19911,9.034170497400028
19912,7.927774506206358
19913,9.496471745484024
19914,10.839772021406482
19915,8.904386627790831
19916,8.165051015057347
19917,6.80536177292343
19918,7.064102198986108
19919,9.76853122328718
19920,6.0118126993035474
19921,9.439108408926058
19922,10.155717152614585
19923,9.704519733554559
19924,13.106217117200085
19925,6.691036507298269
19926,8.82412112238376
19927,14.864584706217075
19928,7.033414434682271
19929,6.55026963181338
19930,7.866811087362116
19931,9.300902557475109
19932,8.741445407988543
19933,7.0483909349235905
19934,9.997674380628222
19935,9.9173990623853
19936,9.51328911918301
19937,10.040023681304572
19938,14.494060610496597
19939,6.9827270547449505
19940,9.925838209846336
19941,11.019959264453124
19942,8.986395581033003
19943,10.14692533144671
19944,12.701399957173503
19945,6.923801863996898
19946,12.082398202106987
19947,9.8809489405399
19948,10.734718357527886
19949,6.047029703761598
19950,9.3042127028063
19951,8.999364087909132
19952,16.425696381739733
19953,10.093236341042061
19954,12.587026668646946
19955,7.755169997231777
19956,9.710654422610366
19957,6.042315496763433
19958,4.751756226098877
19959,8.86886495379888
19960,7.370702277706199
19961,6.020393878547065
19962,7.196247801640492
19963,11.624388321122355
19964,10.152102658501622
19965,10.124240582213144
19966,10.290492260497768
19967,8.35946412680304
19968,14.142501143402049
19969,9.140928516617205
19970,8.603252549426363
19971,9.848577858102392
19972,11.929576043430135
19973,9.293516804915647
19974,9.424135361048853
19975,10.202167045140591
19976,7.055355775830851
19977,10.670536898916424
19978,9.902443014096063
19979,8.860310095179312
19980,10.490491262130474
19981,9.53751471282208
19982,8.824688465877442
19983,10.825487641851
19984,12.996264538435398
19985,13.536645992875574
19986,6.9410171762277475
19987,10.989191490089894
19988,11.415835432743563
19989,9.110312224438978
19990,8.793930190001301
19991,6.0364750638156845
19992,7.2662081976938175
19993,11.16359075837611
19994,11.318294168047874
19995,8.066896120298333
19996,10.059794564203692
19997,6.974650785027661
19998,6.187468803302123
19999,8.953930417885294
20000,9.979794418538251
20001,8.261689572149221
20002,9.836874688816966
20003,5.053148564950403
20004,10.153969134031492
20005,7.07271472532396
20006,9.607367686723151
20007,10.281602368291043
20008,10.947975858853914
20009,14.092074240824587
20010,12.887214875304927
20011,12.321396584394014
20012,12.875010828549748
20013,10.244443738342156
20014,9.925282764320688
20015,9.892681157047475
20016,12.949459640718896
20017,8.536438926737286
20018,9.534210490738277
20019,12.392428448885862
20020,9.000633287941685
20021,10.113462863625433
20022,9.834133640710785
20023,9.821142665488837
20024,16.35819442618481
20025,5.805508843817407
20026,13.392545330832755
20027,9.292184539594267
20028,9.058855375510998
20029,5.461995392864475
20030,16.146049858626974
20031,12.856716641755163
20032,9.167015968543769
20033,9.152953363380348
20034,9.079865768159271
20035,8.432471376214298
20036,7.006867501147237
20037,15.331359029369839
20038,11.884492880925531
20039,6.680837877572025
20040,9.396181769743745
20041,15.009846305033587
20042,7.252577461816118
20043,16.579306669260546
20044,4.3366089365786396
20045,11.02151662026574
20046,10.564325862709211
20047,11.457587119098001
20048,10.8287021442819
20049,10.360643960706774
20050,10.06897188709469
20051,8.86025284753225
20052,9.70952176435192
20053,10.655532682156917
20054,5.839958359276585
20055,9.576796008543372
20056,10.90289804030127
20057,8.077169226292323
20058,9.319449878989833
20059,6.111081434679121
20060,9.118842774893059
20061,9.126906416424859
20062,9.768172050041741
20063,9.76095522194663
20064,6.0377711668302325
20065,10.057031020397396
20066,9.975812263129715
20067,9.155100128816192
20068,5.550423884175551
20069,15.512224607877343
20070,10.202755377451139
20071,9.980402337971336
20072,10.188259152015846
20073,13.510499535012546
20074,13.17254143115101
20075,7.005203880426677
20076,8.943124258586128
20077,8.768590819459282
20078,12.590714765759135
20079,6.993492914049014
20080,8.999561339264401
20081,9.651684144047175
20082,9.776394008209051
20083,7.134867067505391
20084,9.473805515566871
20085,6.936355234127802
20086,10.91174302117231
20087,9.854320259253555
20088,8.189662390808698
20089,11.11576128374333
20090,9.930003983352528
20091,8.92846828025206
20092,7.3201858928095165
20093,9.78922942032267
20094,13.883152176943742
20095,9.209696134448924
20096,10.717629678927212
20097,11.18763896379896
20098,12.84199526297455
20099,7.243615685185791
20100,6.496060421275661
20101,7.721002524774965
20102,9.970354710897618
20103,12.717337635469303
20104,8.516230727010498
20105,9.949992955857216
20106,9.877920659949448
20107,7.920273365486258
20108,8.046485936213934
20109,9.97732700592141
20110,10.060932987958829
20111,6.9587428430388485
20112,11.84034641357436
20113,7.012041721462319
20114,10.423180639408866
20115,9.342346738844924
20116,5.928284337189185
20117,11.227398648097346
20118,14.704988221694212
20119,5.930400363733979
20120,5.058023037012812
20121,10.763179083085252
20122,10.033117187459265
20123,9.28567473296208
20124,8.26297002108666
20125,13.851121263102392
20126,8.077633218806481
20127,6.688701160644786
20128,7.580426449922819
20129,6.696996050232017
20130,10.156562644361056
20131,10.420741881118156
20132,10.894657092463632
20133,4.74400315530875
20134,10.767836621863019
20135,11.880082240586297
20136,7.999616751415831
20137,7.886694224989518
20138,11.092352997059951
20139,6.930214633468027
20140,6.959146874480635
20141,6.9863719254497605
20142,7.690012419137592
20143,11.95005771146937
20144,7.958889995832655
20145,9.699738238211758
20146,10.328015185978543
20147,7.443181151657688
20148,10.979155637622291
20149,7.336903298968988
20150,11.069941974260335
20151,6.276594364586437
20152,9.605086528867712
20153,9.506266533971536
20154,7.025711734107674
20155,9.103907150670343
20156,9.323452178739323
20157,10.970322610499116
20158,8.564608408323386
20159,11.243749076306207
20160,9.979969817777615
20161,11.861623020794816
20162,8.729050837371066
20163,10.202307686523989
20164,8.741297537566814
20165,8.014137211457768
20166,6.147174706617749
20167,11.715226657012384
20168,10.206694131692226
20169,17.52967978362494
20170,10.865161750520933
20171,11.83537994966833
20172,10.058174851439635
20173,10.9612583146291
20174,10.072281718432855
20175,10.031977347208155
20176,13.317171644146288
20177,8.047437171437176
20178,10.441927521627772
20179,10.963029424324551
20180,5.204984074409547
20181,11.60734558832119
20182,6.5866991670991
20183,9.453457215413648
20184,10.916088299460483
20185,8.07301960344868
20186,10.276055358749518
20187,11.56468723097493
20188,13.314161826677921
20189,4.827502527164464
20190,11.050666290686085
20191,10.506540179870397
20192,7.917383730138145
20193,11.0640715396901
20194,9.01359000484867
20195,11.52650549862668
20196,10.159729820466332
20197,6.232153162639409
20198,8.689706167809918
20199,12.460703553818634
20200,10.280988738886677
20201,9.618498224256058
20202,3.9816075205760013
20203,10.310968606587249
20204,9.949194506766096
20205,11.16038682432292
20206,11.62196177737902
20207,10.902943783940014
20208,12.180931833870464
20209,8.694477504478739
20210,13.173948207218812
20211,7.508458742077984
20212,10.67119689217021
20213,6.879718602585253
20214,9.968160239798094
20215,10.365679601594541
20216,9.735738911872856
20217,11.218860553488762
20218,10.43720446406341
20219,12.200356671999076
20220,5.269158953449182
20221,13.525165011037682
20222,9.711976167329746
20223,10.777683950281745
20224,7.735396635777446
20225,10.077476194736875
20226,10.793768030129549
20227,11.174010688518006
20228,6.940202635027148
20229,10.037980093516445
20230,10.782367503648986
20231,7.70646475262245
20232,6.973849020522129
20233,11.915622561511766
20234,8.428061189708252
20235,15.093444555700058
20236,7.4452581772637565
20237,10.919188888332314
20238,10.40768802200177
20239,8.727142160866748
20240,11.596671751211334
20241,11.15215307582402
20242,9.693585599387973
20243,8.02142810811107
20244,8.664816182227
20245,10.924894795740006
20246,6.242527635914614
20247,8.536974187245097
20248,6.128245405214637
20249,6.9428854513922875
20250,9.902246596152427
20251,10.813044440265188
20252,9.311281734371196
20253,6.177451934390225
20254,7.956257105893753
20255,11.267173850933924
20256,10.038972630165116
20257,8.989862616347004
20258,9.131797913271075
20259,11.930804445272067
20260,12.858120190477258
20261,9.288742298325111
20262,10.816363307080099
20263,11.489954233389447
20264,10.093660136371751
20265,7.98821682928764
20266,9.797430941835193
20267,10.595981936825341
20268,9.293443829429874
20269,9.702399283144612
20270,9.08523448757153
20271,8.952778868750395
20272,9.335066619700367
20273,9.882603466740072
20274,8.83503872557884
20275,8.480096120558574
20276,11.709973792768977
20277,10.672966784509581
20278,10.349829084623265
20279,9.459305346470725
20280,7.071149251025526
20281,4.145354087187792
20282,7.967090576552894
20283,12.880048608899212
20284,6.264719333591711
20285,9.608496617525944
20286,10.029601153223176
20287,12.951941816501527
20288,11.390451196677983
20289,8.078176599921594
20290,8.780723526539212
20291,5.404558554032971
20292,14.340489424586828
20293,7.0155388977164534
20294,7.0575225920997475
20295,6.649374784429721
20296,11.05115341828321
20297,10.434101296432228
20298,6.964894551535465
20299,9.040868926646146
20300,6.036488209440648
20301,9.234522232388533
20302,7.945264642221447
20303,11.295293961362395
20304,6.827479452999422
20305,4.51231423815649
20306,8.273167222228984
20307,10.272645178334214
20308,13.686810575310833
20309,8.49630953104528
20310,8.770548195454628
20311,9.51636033217985
20312,8.30892308340489
20313,9.05064250953696
20314,4.765896550348959
20315,10.135647064791634
20316,9.135996071062243
20317,7.757456108842986
20318,10.37822404845658
20319,8.494566362077375
20320,8.147837596468879
20321,8.009163125976443
20322,8.171284722313928
20323,8.196830323793378
20324,10.824086355294902
20325,13.976581347423819
20326,8.141736976284715
20327,7.963142155016765
20328,8.21188243594873
20329,10.318309626683678
20330,9.755580417086144
20331,12.51200406202911
20332,6.14478695884676
20333,10.437522398394874
20334,10.844433639620252
20335,15.32036170371531
20336,7.021503847344032
20337,5.3092859082362125
20338,10.580608396600905
20339,9.970689714855638
20340,8.203651711867664
20341,8.068265765564924
20342,9.968412022423038
20343,11.763019594712205
20344,4.183270955081464
20345,13.177846129193455
20346,13.06315322121294
20347,10.967889256501556
20348,10.270083599959268
20349,10.308379606155926
20350,15.000760633940988
20351,10.4680894700635
20352,11.437039726666342
20353,10.585129815551305
20354,9.609183957140715
20355,7.016374626820809
20356,4.6218119000836975
20357,9.828825725660469
20358,10.981016073601374
20359,9.32293128511959
20360,10.996031376366854
20361,8.773231474984456
20362,9.393351753627753
20363,6.99328199083892
20364,10.283719329787592
20365,6.510045930375396
20366,15.659397094259804
20367,7.9445140450278675
20368,10.19820314313915
20369,9.075752039674274
20370,7.956422435242711
20371,8.035076345688164
20372,13.61874394403577
20373,14.210648315687376
20374,6.145421235335213
20375,8.91084860444222
20376,9.875883807395919
20377,9.032904093384609
20378,15.784969886514551
20379,13.317612204545327
20380,6.951404276758894
20381,9.845980726116984
20382,9.770819231621717
20383,8.18634945704469
20384,10.078053761816713
20385,8.4434391643264
20386,6.770182429388557
20387,11.100506786098302
20388,8.586063480670777
20389,5.993781405359813
20390,14.708927966369556
20391,10.791513745333644
20392,9.62258079537823
20393,10.524796892768085
20394,10.340469277699299
20395,10.673396876835094
20396,9.79402989965266
20397,10.06755137562494
20398,7.987705583605495
20399,10.114038818808025
20400,10.114689938950773
20401,8.44101788542887
20402,9.678428227810087
20403,7.204001026382832
20404,12.870877145663497
20405,10.391170559021372
20406,9.43393132918711
20407,10.350671088245052
20408,10.888404365807341
20409,9.934371553069994
20410,9.319086898549298
20411,9.8213940861686
20412,8.987845255846935
20413,8.89099518682276
20414,9.794356455701056
20415,10.331201759978375
20416,11.369690592723034
20417,9.677872291819469
20418,15.575087563149932
20419,10.385572577044542
20420,5.331993576383298
20421,8.041788822234361
20422,9.786601645640117
20423,7.114842878401048
20424,10.174468978964606
20425,6.268313101453194
20426,10.094325472965142
20427,14.631805063707812
20428,7.401438711168253
20429,9.008681194041682
20430,9.872471925105245
20431,10.191430935781474
20432,13.032655480751963
20433,9.74521945751411
20434,6.040042451740458
20435,8.831897567235027
20436,12.720638193982994
20437,9.880456067117326
20438,7.500123502186373
20439,10.11749159600357
20440,10.490366521785965
20441,10.07365885974664
20442,10.080542716710239
20443,10.11547244722676
20444,9.37813163971124
20445,5.151437501951347
20446,8.442477243264173
20447,9.73276688546968
20448,7.003933837248555
20449,8.08984548333483
20450,12.649490379782083
20451,11.028050298893412
20452,14.808915988365017
20453,9.819481459483125
20454,12.370602590664912
20455,9.962223879853752
20456,9.50450755977932
20457,6.921782594330476
20458,11.827757974643635
20459,9.603808478376298
20460,10.006387757808302
20461,7.368036813999334
20462,6.107298459902243
20463,14.6201984291773
20464,10.013761453936597
20465,9.657434388218572
20466,9.110558021391263
20467,7.577567058023803
20468,10.12702651037841
20469,7.963696857756172
20470,12.75638850829052
20471,9.948789382895914
20472,5.618198411054308
20473,9.473454428100833
20474,10.64713197208826
20475,8.059971891441693
20476,6.90524034648095
20477,9.717331532911588
20478,7.412918937798246
20479,10.404037146061164
20480,7.801211266975099
20481,9.793417454184121
20482,15.86237354824372
20483,11.969713468155058
20484,11.12580363352723
20485,11.214316576476612
20486,9.56703758879777
20487,10.360319362681583
20488,11.298336547900373
20489,15.738189615691919
20490,9.09652581795503
20491,10.238263334020761
20492,9.174922163368517
20493,11.058595573429079
20494,9.909339530298492
20495,7.844095841818591
20496,10.425658486000698
20497,11.227730966832606
20498,11.369353908787552
20499,10.57912081076579
20500,7.01047206592418
20501,9.62216497182369
20502,9.887657700777627
20503,11.284119106535634
20504,8.419666430606487
20505,11.828536198457147
20506,15.575025153752414
20507,7.796467931768295
20508,9.792877095544865
20509,6.466036520034682
20510,12.262040766673852
20511,8.904104280424887
20512,10.227598352514786
20513,5.040835762259889
20514,8.34135372381702
20515,8.157872338416864
20516,8.014623996198697
20517,10.39102605252081
20518,15.239039260639686
20519,13.927078254548192
20520,10.154538793761501
20521,12.65269569910016
20522,14.18757460467884
20523,10.589457890621384
20524,9.55025652338142
20525,9.70321531572482
20526,5.881561009348337
20527,13.569383833664375
20528,8.903664574356561
20529,10.465975236837746
20530,9.679412402982246
20531,6.174187986199218
20532,10.931724883082115
20533,9.702126622719753
20534,6.021271540576725
20535,9.534474571294211
20536,9.60280990641367
20537,9.67277613045784
20538,10.433362821723971
20539,8.967254546618946
20540,11.209234562235878
20541,10.53331510525061
20542,7.79673466174068
20543,6.043123711053401
20544,10.769399511939632
20545,15.092711821440126
20546,6.063258558191312
20547,4.9841062166788666
20548,10.752847515492
20549,6.924599415426588
20550,9.63087023223138
20551,7.935827895071141
20552,10.57619540030607
20553,8.614873230550003
20554,4.347977574428297
20555,9.994881190278601
20556,10.824700491473008
20557,9.580052013536056
20558,8.194240308232725
20559,9.951407187008284
20560,10.212614136586419
20561,9.275070048413813
20562,11.382205427177507
20563,10.919663687847828
20564,10.154524995258196
20565,13.483985981101913
20566,10.121187926210803
20567,10.015079188200598
20568,9.380882082066348
20569,7.873703680803192
20570,8.139679778286173
20571,11.124214627866037
20572,11.499022279115518
20573,10.450324533343771
20574,10.431850773688236
20575,8.28719378778268
20576,9.132890855811816
20577,12.826750004481475
20578,11.493885158894555
20579,6.057889774133275
20580,8.500204988020707
20581,10.155372978598809
20582,10.299927714092785
20583,8.717721671897245
20584,13.655965537122503
20585,8.94023138232309
20586,15.765545602483297
20587,10.22012561162596
20588,7.679914790360227
20589,7.931538384273351
20590,8.334915878555929
20591,7.962578663533558
20592,8.621514975544862
20593,10.779118904929774
20594,10.238766256715651
20595,6.96209065894164
20596,7.075639078760013
20597,10.60359456853317
20598,13.65552038632163
20599,10.288005208493932
20600,8.515205575478067
20601,10.914479549303447
20602,9.705322429642525
20603,14.716865956226616
20604,6.384745602170682
20605,9.400245023851788
20606,8.256976467396992
20607,9.542292885087415
20608,4.746603928533586
20609,11.056961840298317
20610,10.332325267907667
20611,6.718851873175717
20612,7.0529473677480325
20613,9.049515760387404
20614,9.881955303548704
20615,9.885828600705075
20616,7.93310464443576
20617,14.810189508755478
20618,10.484069947717263
20619,10.763300433426025
20620,7.680920931456216
20621,9.293031323352103
20622,5.041336374552605
20623,11.998960025342924
20624,5.015288001192381
20625,10.626159734109157
20626,4.012140470490726
20627,12.180899544752268
20628,10.245850385955897
20629,9.956195845408635
20630,10.638078126939984
20631,9.628154486597726
20632,11.866276281408592
20633,8.01978108229038
20634,9.471349997889531
20635,10.366782749318842
20636,11.240629308713302
20637,10.018033692287528
20638,9.345079813412811
20639,10.99876107696211
20640,8.89433531697383
20641,11.731871815641208
20642,3.9628418510017136
20643,7.973939701468398
20644,7.997493301021969
20645,10.841783672024222
20646,9.500485277120795
20647,10.125284174089128
20648,8.901374554817343
20649,10.3226405702193
20650,9.665349228626031
20651,13.980588831175648
20652,8.793749941414914
20653,8.459810471756771
20654,9.87463844731308
20655,9.701015128527882
20656,8.64210756045401
20657,9.300234104569144
20658,9.261863406694612
20659,8.850063069462937
20660,6.971542913227508
20661,10.188329625774351
20662,13.923864830696662
20663,10.00863575919844
20664,16.29219155108696
20665,9.158304223792607
20666,10.026460791021224
20667,9.793077703043515
20668,9.038514547665557
20669,10.358154302491137
20670,8.551311423753061
20671,6.151649577283755
20672,9.565895195325776
20673,11.933630514632142
20674,8.980389756142076
20675,7.967770542981716
20676,9.627591455009302
20677,10.857696001637514
20678,9.89686240741095
20679,12.860778630479295
20680,9.734474237814695
20681,10.045646064456605
20682,7.034998073135895
20683,7.33363286266853
20684,10.223930962726326
20685,5.00915260319411
20686,10.132060553189737
20687,7.844818777291781
20688,6.137032660243557
20689,11.398925324980109
20690,9.363365801514842
20691,8.959401141996594
20692,9.674862939808717
20693,9.978485707384161
20694,9.568055852364747
20695,8.862332440629793
20696,10.233839817035184
20697,6.907435659498468
20698,8.514246192615524
20699,18.38720482446272
20700,9.949968771770507
20701,10.50580816378256
20702,8.991398154603774
20703,8.960441380905877
20704,11.379585712172297
20705,10.16393114565972
20706,10.785502968285922
20707,8.020193740187084
20708,17.65765516085618
20709,14.447392876389827
20710,10.3583029802101
20711,9.640383529368593
20712,10.976051536467684
20713,5.363932882246234
20714,9.785980463499332
20715,12.816771223353786
20716,10.863672202310518
20717,8.627042303999914
20718,7.115073018282989
20719,11.121229666444716
20720,15.766939093841543
20721,9.918826589693733
20722,9.964228527343879
20723,7.965106220900333
20724,6.415085910209543
20725,14.091542705924404
20726,9.564258641858778
20727,8.115570121129725
20728,11.123784719005652
20729,9.086604038303843
20730,9.0812280617809
20731,6.955976425809997
20732,6.561814494572122
20733,10.120190767627468
20734,11.704282437444107
20735,9.507836593083303
20736,14.459200013553763
20737,9.365022498753095
20738,8.575556943856963
20739,10.771359344281503
20740,9.874824295714483
20741,9.79016858398263
20742,13.461672554910773
20743,9.995346926186713
20744,8.645644272370863
20745,5.091793814174724
20746,6.94096160837616
20747,10.64166087020303
20748,16.002518926599027
20749,9.004033725264048
20750,9.762224874644769
20751,10.075506672526709
20752,6.068451243267747
20753,7.858502175767575
20754,10.191810399381033
20755,10.799179938872005
20756,10.064530454691276
20757,9.508690186243745
20758,10.314121332177622
20759,6.305655863137542
20760,5.634695774055137
20761,10.089891642739758
20762,8.902830449344354
20763,7.951669626343817
20764,10.172625089632348
20765,9.883677186340764
20766,9.354853938833841
20767,7.645777856132257
20768,8.578121400143807
20769,7.287974500477631
20770,9.915617831691556
20771,11.721860532404467
20772,11.125252936426397
20773,10.436942685936605
20774,19.162604779624594
20775,9.725467910311242
20776,8.299346710909305
20777,13.667418957059585
20778,10.370829660366248
20779,8.194079842425683
20780,6.960654435819236
20781,11.75786066801859
20782,16.2802392355632
20783,9.17381629479366
20784,8.048095558583064
20785,14.087124109415196
20786,9.599384317855296
20787,10.84415752549044
20788,14.514822087268348
20789,9.91591505424147
20790,8.97801849595573
20791,7.392587115277438
20792,11.25257397400016
20793,10.740459134550054
20794,6.635412183654754
20795,8.221590727284212
20796,5.0100379625987514
20797,9.677139083549886
20798,9.52488285281127
20799,6.052063499852979
20800,10.055084577301178
20801,9.309091377613164
20802,5.450268774161228
20803,8.946960604164286
20804,8.856137812160734
20805,9.907139262222826
20806,8.475150787395526
20807,9.970396225233637
20808,12.255827435500109
20809,11.099647840447254
20810,9.986545747855542
20811,7.827441549092611
20812,7.084883171191558
20813,9.201111318145621
20814,9.662024666981335
20815,7.209393267835782
20816,9.95097646708305
20817,10.053154040862536
20818,7.013062829184181
20819,4.271498957652302
20820,8.948368446979716
20821,10.892628360265396
20822,8.10626179646843
20823,9.005955208773397
20824,11.062003960762024
20825,12.522873145873591
20826,8.848136974873796
20827,9.46807482320513
20828,6.512177014826132
20829,9.856908436804261
20830,8.414825008102213
20831,6.508396396877668
20832,8.545007234438893
20833,8.526626711113714
20834,9.058198824254088
20835,8.10340482758183
20836,15.793906386798769
20837,7.119912878478589
20838,6.953256612516363
20839,10.554159115219981
20840,10.089682695764278
20841,10.907115094533188
20842,9.374551834450031
20843,8.79939072563987
20844,9.819353037227877
20845,11.7237331359546
20846,11.782076219416858
20847,9.867188641915904
20848,10.146961598476434
20849,5.247818315165499
20850,9.097152854200042
20851,10.2817350859041
20852,8.80509362537369
20853,9.615077832498214
20854,12.283661238045953
20855,11.606896597963761
20856,10.86841713906146
20857,11.13242778213026
20858,7.971220129692336
20859,9.978638745486412
20860,9.32312946668386
20861,14.891735640729834
20862,10.409309641468228
20863,9.686152002756094
20864,4.894011065937548
20865,9.59203564288158
20866,11.640708276817861
20867,11.300041350021592
20868,9.664428831056043
20869,10.28670760853866
20870,8.966367621234852
20871,11.675048487153223
20872,8.43733874346431
20873,6.752660241759452
20874,8.42674370529771
20875,13.038768625889176
20876,10.785333425680953
20877,11.67756909117511
20878,9.82260289443871
20879,9.717238703598808
20880,10.45504396538043
20881,10.38626110431736
20882,10.750920992576342
20883,8.280136560430716
20884,11.038186822060847
20885,11.116485197761802
20886,10.466537751261471
20887,8.853151182368133
20888,10.003518210122133
20889,8.642144994691417
20890,7.859129221082304
20891,5.235666841944278
20892,7.600837349435631
20893,9.453350046899669
20894,10.851567996743329
20895,7.117853154670776
20896,10.41268268803136
20897,12.260845884525345
20898,6.0002157523684
20899,11.420004951780218
20900,9.618604661406609
20901,8.244704195648124
20902,16.20864245376665
20903,8.5454956698443
20904,13.711046052261489
20905,9.064227151241234
20906,11.375179947968649
20907,10.141470603378949
20908,16.135919557079177
20909,9.570200381591917
20910,7.574180161687438
20911,10.814043776721558
20912,6.058764269628165
20913,9.757670199104593
20914,7.604665180772624
20915,9.976451676570244
20916,9.70108946684639
20917,8.097596463886472
20918,8.349674650593595
20919,10.199202164549112
20920,8.256013435139673
20921,4.348034822791594
20922,9.128738692714593
20923,11.27634894024101
20924,10.74173930458213
20925,9.182878422163439
20926,8.059976453725806
20927,9.708041695606008
20928,11.833482314208947
20929,8.495495916381813
20930,9.705787783273191
20931,8.036098980427568
20932,6.77951192071288
20933,9.885302299149961
20934,13.563783266942387
20935,14.321189910671926
20936,10.634109919083686
20937,6.08577217904549
20938,10.988621098948654
20939,5.793982806937228
20940,10.436101081636028
20941,10.370569856263188
20942,8.89101125205067
20943,7.609431191351952
20944,9.801288038830316
20945,7.022390520060175
20946,10.59926688656213
20947,10.7138444242073
20948,13.441993791563032
20949,9.365541234326319
20950,7.989086837932961
20951,11.206754882758018
20952,7.994373058028883
20953,6.228091470610439
20954,11.16527358776094
20955,10.470882126873919
20956,10.016773224738307
20957,10.20060520426076
20958,7.954906254724159
20959,12.4585378256783
20960,10.160831629717444
20961,8.501059319232514
20962,10.478493572956287
20963,16.88118092866005
20964,9.825446520988109
20965,11.645752589650765
20966,9.766919556076333
20967,9.406595180351065
20968,10.441567222294022
20969,9.027287628373161
20970,8.1696501190608
20971,3.9519775152163517
20972,10.228479602248008
20973,9.914312054218865
20974,10.974316606947502
20975,8.795002884793
20976,10.452302862648033
20977,13.394577441321813
20978,8.437111885568228
20979,13.010895674532573
20980,12.471066812708095
20981,10.018823163198146
20982,9.923773798895056
20983,10.33576287604062
20984,6.974025941613727
20985,9.88188798762281
20986,7.004709887930352
20987,10.031184032133117
20988,9.86311742719462
20989,13.46773523748849
20990,13.263303461882286
20991,4.209336915815042
20992,10.361215409510384
20993,10.471284111455077
20994,9.251600005687276
20995,10.214306073524778
20996,10.019113690650336
20997,11.194010007173535
20998,11.249990767730456
20999,8.552880683728741
21000,7.137063907863727
21001,10.499529470233037
21002,10.061452574790833
21003,6.056021414142304
21004,8.276257848403468
21005,6.986175035745492
21006,10.552273010322715
21007,5.340070818985432
21008,9.239604522459436
21009,11.330713316399276
21010,4.202657266075842
21011,6.030214493495482
21012,11.481614004119693
21013,8.056487681861817
21014,9.869402030576733
21015,8.138859814585462
21016,10.456106756615323
21017,6.35280358233629
21018,6.187983460184752
21019,10.915449684014405
21020,11.55011271218917
21021,10.441557440737247
21022,8.07407954772356
21023,7.998759486930075
21024,10.19845503283901
21025,4.344203056473234
21026,11.325675134655983
21027,10.15732100074849
21028,10.278771480899554
21029,5.431213831599408
21030,8.037783042461779
21031,12.201938301868907
21032,11.685019597130015
21033,7.970290633181735
21034,9.737678046295839
21035,11.266524143274381
21036,7.415767960943843
21037,9.778842477584874
21038,9.498641102349996
21039,8.7422026939518
21040,10.292583269485668
21041,13.778893831712509
21042,9.011506176141706
21043,10.193438251116774
21044,6.608547172117057
21045,7.467695712134075
21046,9.950532183550973
21047,8.101275930540556
21048,10.816995080824839
21049,11.597561652709794
21050,8.696937043608196
21051,9.084685029964858
21052,10.884642136228683
21053,10.476332148906588
21054,8.223522435874104
21055,10.188059618552396
21056,12.487240555409056
21057,15.64642263430397
21058,15.261535720630704
21059,11.282115033066967
21060,10.220024562401266
21061,7.878598897261762
21062,10.641948510197413
21063,10.31114071094315
21064,9.76383939311388
21065,10.157061095863089
21066,10.120353457287084
21067,11.270082193998471
21068,11.738160720093026
21069,9.79723100257615
21070,9.159068803726974
21071,9.609866381664602
21072,11.60885509600191
21073,10.108105496053366
21074,6.300815856195133
21075,4.729744229895918
21076,7.836874785326765
21077,13.756595349768293
21078,9.83522731166591
21079,4.725710565387914
21080,13.602789467753848
21081,10.037200667814815
21082,9.314561546932214
21083,8.887194299669513
21084,12.100814470939547
21085,9.389085489606074
21086,9.7565669216997
21087,8.788418566924204
21088,10.825515224650594
21089,8.961062412330982
21090,7.73393985984962
21091,10.303789978711034
21092,10.139824145852428
21093,10.269551165833617
21094,7.6053875667009905
21095,14.797092074630598
21096,7.785086702289217
21097,8.319284481403031
21098,10.147638431288062
21099,10.62115634200878
21100,7.677170521316865
21101,8.830799043532824
21102,10.168899648810498
21103,5.994331000922517
21104,11.320006457300444
21105,9.512516744510505
21106,10.000807444222731
21107,6.996847340803994
21108,17.117506631255267
21109,11.173508871340285
21110,10.705331740555112
21111,12.179653570473711
21112,9.684761665203794
21113,13.872645802623644
21114,9.884084396244667
21115,10.270152575289515
21116,10.4973110256241
21117,6.588874034559572
21118,10.059589558665316
21119,8.636387064119212
21120,17.629196596630464
21121,8.683051240413805
21122,9.894858366240136
21123,8.92872923490403
21124,8.288949061696169
21125,11.547556839143407
21126,6.924670374265227
21127,7.6716415799013244
21128,11.113505941844476
21129,10.163984256782046
21130,13.492858945111305
21131,10.712998106367847
21132,9.519539416771675
21133,7.013164983475136
21134,10.504752563464688
21135,6.119513865591671
21136,10.297332043985156
21137,9.165481277224641
21138,9.062688174748567
21139,10.282368071470538
21140,11.926775769595721
21141,6.025847119425846
21142,10.514782925751433
21143,8.31727566029336
21144,10.432916826034337
21145,9.203997125408574
21146,8.710935108243548
21147,10.197871996325341
21148,9.339315988711215
21149,7.682602841102691
21150,10.881613117955984
21151,9.541128118190612
21152,7.12776686778156
21153,10.292620489053025
21154,9.79049940233531
21155,9.275184960008538
21156,7.798682346807746
21157,9.636082045277469
21158,9.702455687528824
21159,7.778523098112322
21160,11.250322987298734
21161,11.542321531857645
21162,11.80971383579595
21163,11.440067274106369
21164,10.129655562437414
21165,17.129860137304444
21166,8.158823749423586
21167,8.9279680709462
21168,8.0968300137873
21169,4.894915393383461
21170,11.64493825378695
21171,6.89170650819727
21172,11.1361849438337
21173,6.401676786901087
21174,11.233809228277988
21175,8.822824815806095
21176,9.173276932928761
21177,10.823114592878545
21178,15.128637980546447
21179,6.999412345486905
21180,11.34095403446313
21181,9.696258421695923
21182,10.271206729234072
21183,10.506978140479015
21184,10.068393008456633
21185,8.345779435529899
21186,6.887691071297226
21187,8.034443447117207
21188,9.027625771521066
21189,9.424895099051891
21190,14.161493636957562
21191,9.963165948238078
21192,9.964953936758448
21193,10.302491708710855
21194,7.002290148989826
21195,11.77850254087645
21196,9.755868490309329
21197,9.6491499974522
21198,10.173715011701088
21199,14.99700424243196
21200,9.614743122121604
21201,8.72541654899129
21202,9.802133112062045
21203,10.26287889328381
21204,12.953265117863833
21205,14.92513754730134
21206,9.162071263296307
21207,9.833922679813837
21208,9.95968802703996
21209,9.885175783166627
21210,9.712461851730314
21211,9.88948996688889
21212,9.965732377987983
21213,10.85564432272316
21214,7.9986432374992305
21215,9.867375609931479
21216,11.643587741142726
21217,7.734734099477517
21218,6.683483683592659
21219,13.594297250250747
21220,6.983383257031784
21221,14.254334250020047
21222,13.215091145966952
21223,10.539854982446684
21224,10.505962650666637
21225,8.879344493679294
21226,8.51101528316105
21227,10.655226723103404
21228,10.8148545963732
21229,5.974078737500053
21230,11.104967634652127
21231,7.993064285546467
21232,8.375647362872453
21233,8.069875664882973
21234,9.854141244500639
21235,10.68084362669086
21236,17.676952416993103
21237,11.130785423123093
21238,11.493471060478733
21239,9.235682187238336
21240,8.581153292121705
21241,8.460315705097457
21242,9.093107960737582
21243,8.651218969700956
21244,11.504605010215137
21245,9.52539358130473
21246,12.986999214298987
21247,9.823092578173119
21248,5.640499222916183
21249,6.282861809836098
21250,10.512022773202741
21251,8.417228973180809
21252,8.802127579186415
21253,11.950219373921982
21254,10.732673860385594
21255,9.737685843491771
21256,9.72529702386865
21257,9.976420002978362
21258,15.908870349257121
21259,3.9407051665377004
21260,11.367715823683014
21261,10.076795149941507
21262,10.245560838190158
21263,10.639551774261367
21264,10.901325380802847
21265,6.12820953394835
21266,5.0013707915017065
21267,10.536725515062507
21268,5.502341079165796
21269,6.325106936264238
21270,11.862900608594938
21271,6.227889486182108
21272,9.765772430706848
21273,10.479210460731622
21274,7.885528656692099
21275,12.062727606987941
21276,6.991502128778792
21277,6.298325886092734
21278,7.4559301105189135
21279,5.208488199471674
21280,9.038968300005564
21281,9.48121028940725
21282,8.238372793580972
21283,8.357033499317605
21284,9.70999341018927
21285,8.812403222868399
21286,6.932814608883923
21287,6.944070002286188
21288,4.2751238311116
21289,10.17966355122806
21290,8.615321138107975
21291,9.899104964561374
21292,12.595197476478738
21293,9.899766129565952
21294,7.974409522377074
21295,9.250824970846775
21296,10.17775608274139
21297,7.968374890330894
21298,8.113164265661958
21299,8.668040411544256
21300,12.179684530546787
21301,9.651531063694087
21302,11.299592377376072
21303,8.960856560861258
21304,8.549807449736289
21305,8.742539095568743
21306,11.699481661979046
21307,10.68464630367643
21308,7.019981790912521
21309,8.515075160851271
21310,6.007790948723379
21311,8.776093891984459
21312,7.8522034705830706
21313,7.400110324179498
21314,8.006302672162104
21315,8.59487141742991
21316,9.23183549759557
21317,10.360455801202667
21318,10.294125436325832
21319,9.129448571244652
21320,8.673596208627298
21321,10.629659735571703
21322,14.495217445457339
21323,10.146346120345829
21324,13.60078198398519
21325,10.399449283546481
21326,9.010213895205982
21327,10.931557533141474
21328,4.040674412246228
21329,6.613431568411793
21330,7.183554295421892
21331,5.256792239727737
21332,9.783015460775784
21333,10.115068446569735
21334,10.097361735860352
21335,10.003701389270597
21336,10.45636866533372
21337,12.8056288919509
21338,8.589136690050474
21339,9.96784212550778
21340,12.963474294665485
21341,11.656447359906156
21342,12.402231986303505
21343,7.937487864987012
21344,6.985915324347429
21345,8.009629035260415
21346,6.059979537953588
21347,14.29463466689323
21348,8.248711362174316
21349,10.2573325295689
21350,7.0611951757860485
21351,12.306797837973573
21352,6.9147590775825245
21353,9.710367033148392
21354,5.041233819835817
21355,8.922377675487876
21356,9.794913263815245
21357,10.381562675418035
21358,9.882907394056051
21359,9.953507125389994
21360,10.105010872777171
21361,11.304560288880417
21362,6.133670201656805
21363,9.947147791934366
21364,6.149177987721593
21365,9.234041995461173
21366,10.04018174921653
21367,9.013632367966053
21368,9.77741856247423
21369,11.13782728395444
21370,7.17903482668793
21371,9.204128668470604
21372,6.113570133370103
21373,10.947354811783683
21374,9.058622031959626
21375,9.952585850820196
21376,10.136443273307098
21377,10.659682350524331
21378,10.720479664229874
21379,9.79382155795258
21380,4.83972734210862
21381,7.925525923741747
21382,8.22474900497387
21383,10.589492884990403
21384,9.211915765600011
21385,11.665305760790357
21386,10.142174532911955
21387,9.99700831628423
21388,11.098878574957608
21389,9.775476490276349
21390,9.124115853554335
21391,8.801216465528139
21392,9.146734229585295
21393,8.816850761649317
21394,10.316944679400784
21395,10.184456465579377
21396,8.925013394610149
21397,5.136614031938405
21398,10.947722695869565
21399,7.003133731823155
21400,10.211579059539151
21401,11.03780678389361
21402,9.899427958820723
21403,8.655050035148788
21404,16.488501835478694
21405,9.4978730077789
21406,4.9663612254735146
21407,11.189323055258686
21408,9.955694660486614
21409,7.9886793596297005
21410,11.879207322142875
21411,10.424051670059642
21412,8.336551077841264
21413,10.32498018281363
21414,8.85289004067573
21415,7.014743214835864
21416,9.071433138515824
21417,8.25713918735629
21418,8.693677128758805
21419,10.84736311479745
21420,10.211355198934804
21421,8.676279676143007
21422,6.9796850237066135
21423,9.824434003450488
21424,7.444883022573473
21425,9.33347586444468
21426,9.714923758020849
21427,9.708086226579443
21428,8.560065000001844
21429,9.945225784808574
21430,10.375518753383604
21431,10.703843849558233
21432,9.768983541324635
21433,5.45602397359613
21434,10.122638229243663
21435,10.009185185992795
21436,8.100717670419595
21437,8.91340204201217
21438,8.461208576192503
21439,8.899141813586484
21440,12.107438101671757
21441,10.549962346856201
21442,10.20976948565608
21443,11.428790602918074
21444,11.114580629871444
21445,8.213590719551158
21446,6.703180436583484
21447,4.661145356248021
21448,10.604859945379157
21449,14.556101050951522
21450,10.248462696997713
21451,11.711837015916952
21452,8.459950977957105
21453,10.294684241864417
21454,10.5011249634045
21455,9.761915487477381
21456,10.527280476563773
21457,8.83353323028263
21458,8.67830226726499
21459,7.735532134074408
21460,5.029760209923795
21461,9.503304448586464
21462,10.09090358180417
21463,9.724624912444405
21464,10.904306477233867
21465,10.106925117779873
21466,8.797782409014655
21467,3.9496176481204044
21468,10.913783222773159
21469,12.672981841108408
21470,9.302087762796194
21471,6.036866669251662
21472,13.840733185848384
21473,10.477398429097045
21474,10.46984613699598
21475,9.665824518801468
21476,11.102715793195461
21477,10.231786523495538
21478,9.746316393567373
21479,6.616745924727379
21480,8.825204930340625
21481,8.691331729687796
21482,11.73495779302016
21483,11.948238176587687
21484,14.702628676882009
21485,10.075288333001142
21486,10.794608689513408
21487,11.860406226460103
21488,6.041620621793207
21489,10.050885867116495
21490,8.933586756125342
21491,11.423669129435794
21492,7.604273217473226
21493,11.22337061100011
21494,9.971365680901464
21495,9.206326194729346
21496,11.43177083892681
21497,6.684822258434634
21498,7.2382217347403355
21499,7.010280159664028
21500,10.192946624345954
21501,9.005535219594869
21502,10.690766501802493
21503,13.076411294298659
21504,7.68838551396917
21505,10.785663472901149
21506,6.745032084485454
21507,10.279002692614728
21508,9.99020399195641
21509,9.246996614870334
21510,10.499807205933381
21511,9.451639418247384
21512,9.213457542375911
21513,10.530807684577695
21514,4.976714680954726
21515,13.851732517859826
21516,9.972311497559794
21517,3.888130152221204
21518,8.123579240841831
21519,7.881891235122104
21520,18.292190399145362
21521,16.415753426689434
21522,13.576076018970117
21523,9.244069714935398
21524,8.198629178879921
21525,13.22112146519173
21526,8.216133221781384
21527,11.521278981817167
21528,14.693999162012915
21529,9.111461199666543
21530,7.036548870165523
21531,8.79160895796544
21532,7.0479526039257205
21533,6.590939040426077
21534,6.095983017826114
21535,7.05058207051567
21536,12.888707169081957
21537,11.201154564905433
21538,7.422038847322975
21539,11.888928196841558
21540,11.151794733278749
21541,11.00010978722454
21542,7.7577610318441925
21543,13.590206045986283
21544,8.022337950982617
21545,9.159163452777314
21546,10.207263312796895
21547,9.942040196773494
21548,6.966119650296929
21549,9.704914898393408
21550,7.705554306478218
21551,9.837829347828857
21552,7.5183110288809125
21553,7.959772939771524
21554,9.917200941725541
21555,9.424293218048177
21556,9.486442343886885
21557,9.427457853289726
21558,8.10636763120101
21559,9.822417786328886
21560,9.419839504907507
21561,12.326784946614675
21562,5.181260662480173
21563,11.950950576121667
21564,8.039042645706227
21565,5.611685561719604
21566,7.4547616218065516
21567,6.586218460639611
21568,9.847971688529183
21569,9.84334929580994
21570,9.695385002386512
21571,6.046476399503566
21572,4.790363397092214
21573,8.949747896176525
21574,12.863070133981989
21575,11.56642275946285
21576,10.028581546596524
21577,9.916225399639721
21578,8.96938518194877
21579,6.9906986973967555
21580,10.092384124621484
21581,11.044836969861313
21582,9.641387563571103
21583,9.601364210455408
21584,10.027304657907896
21585,11.004173707752468
21586,9.787898398955571
21587,9.757394863371859
21588,10.225621694897896
21589,10.158347046118072
21590,11.596805953824187
21591,4.519298981756196
21592,9.46516955418874
21593,10.056516829548423
21594,7.946914891652696
21595,5.997161997833569
21596,13.96604512651593
21597,7.267959889699924
21598,11.440528298341789
21599,9.896341298328593
21600,12.37189404640208
21601,8.405442484837534
21602,9.99070783562678
21603,10.664333060198498
21604,8.9350902715009
21605,11.931923099058654
21606,8.899504754575496
21607,10.310427286037958
21608,9.612262684400356
21609,9.29397293683039
21610,12.481979339792229
21611,11.236330814527845
21612,10.88427904723338
21613,7.292450615607322
21614,9.85667757167594
21615,12.166022018194099
21616,9.943122628160596
21617,10.71727922685021
21618,9.602604706960815
21619,8.419723778987233
21620,6.275214644398685
21621,17.182204072486044
21622,9.95380701857244
21623,11.960006089669363
21624,5.543226028564167
21625,13.804942477088982
21626,8.677265824577683
21627,8.890299541210501
21628,8.329138432006472
21629,10.248591653278684
21630,14.306323676471528
21631,10.264717804086278
21632,10.97182301643178
21633,4.994394902628478
21634,8.509447295152814
21635,5.034750441229093
21636,10.423238572993776
21637,8.968795842137865
21638,9.621417408469432
21639,10.125017363701717
21640,11.765463657802258
21641,9.763721722252908
21642,10.489274408761586
21643,11.313909622007701
21644,9.031496022687787
21645,6.962200648785785
21646,8.134970358746859
21647,9.772223227349446
21648,7.000107912883092
21649,10.058170739865052
21650,11.396896068386212
21651,9.612740718462828
21652,8.124848075999559
21653,6.566028948178863
21654,9.544450044088743
21655,6.986261407682713
21656,10.515531553996476
21657,12.415359464278929
21658,9.049941505425112
21659,7.298756004657923
21660,8.827611187229813
21661,10.118998667624924
21662,9.560352965537684
21663,6.075912302230029
21664,14.025279952353316
21665,10.46887087365032
21666,8.018756226354753
21667,6.215979836107233
21668,11.014490698484963
21669,11.076844863838016
21670,10.329739291138091
21671,7.9548060954016515
21672,12.032292999903913
21673,11.049306596998827
21674,10.175747398582695
21675,8.0032005261276
21676,8.492745986157436
21677,9.49772736989662
21678,5.6085830669439
21679,13.03413280219932
21680,10.605368483816921
21681,6.081676958439971
21682,4.818394603452482
21683,8.072272834262273
21684,11.992655957757059
21685,8.756484597731129
21686,11.103197344664654
21687,10.697013381558008
21688,11.837783983052992
21689,15.28887773354123
21690,12.08685991355447
21691,9.521833630285158
21692,6.814540639920715
21693,7.077496912423874
21694,8.465180820584834
21695,10.283811995944365
21696,9.671772175266298
21697,10.747803867884203
21698,11.587642440669477
21699,13.16198102935931
21700,10.34035474692324
21701,6.9592765225110105
21702,12.018626641929028
21703,10.45337884753281
21704,13.149852608477827
21705,6.098658822309797
21706,13.59442853888897
21707,9.347195389623359
21708,9.68436160946615
21709,12.226165971377965
21710,8.76423386597414
21711,10.442682854900497
21712,6.03835935459789
21713,14.062715756014228
21714,9.701820203618182
21715,5.01526475593833
21716,7.209243159529693
21717,11.132017454114369
21718,13.066450675589081
21719,8.397227298918697
21720,9.905904168665385
21721,9.949827959678146
21722,7.045948242219669
21723,10.09882727528834
21724,15.919364465257468
21725,11.176903608781462
21726,11.921447798272741
21727,9.936160807278547
21728,6.929103318717427
21729,7.372304623140393
21730,18.243760090907855
21731,10.125268893826568
21732,18.02854009648788
21733,6.072305177885105
21734,9.690536872062207
21735,10.89801877357175
21736,9.805899673115478
21737,9.524755714121575
21738,10.163915294686259
21739,7.919798006766616
21740,6.888290688441578
21741,9.401913942448514
21742,7.237903692675399
21743,9.110855522624643
21744,10.967966450746003
21745,7.926966690802928
21746,8.560874442381872
21747,9.898910899342352
21748,5.5054844480541645
21749,9.392686938606586
21750,9.890845190219158
21751,14.260238585080991
21752,9.97820004209079
21753,11.108777723435523
21754,11.768246497154944
21755,15.449207647486297
21756,8.766767911938224
21757,10.811416636827586
21758,10.339353634361697
21759,12.795336675474095
21760,18.571914760793824
21761,9.827577088537407
21762,9.408588624058495
21763,9.730492219122903
21764,14.452656333643668
21765,11.68477880484333
21766,6.936366335300223
21767,6.997880697589839
21768,10.705202769923073
21769,8.072133932406373
21770,9.632665315018436
21771,8.93881580333872
21772,9.841583084244762
21773,10.025866116631633
21774,10.121144385643406
21775,12.814390736238103
21776,10.710880337325857
21777,7.61608241840627
21778,9.591919329750151
21779,5.71201563538125
21780,3.9983692827834885
21781,6.709774614234799
21782,8.04388949847271
21783,10.642835134213763
21784,10.80494397444681
21785,8.905482694173035
21786,10.53991535545442
21787,5.987581236510206
21788,6.3064231180868395
21789,9.424142904061505
21790,10.689382681482542
21791,13.00458150446481
21792,8.004903940664056
21793,7.006997954824855
21794,10.202707686830745
21795,10.670671814706768
21796,8.96393977378164
21797,9.951594614486753
21798,10.119147661787073
21799,10.045602227097993
21800,10.271436616532874
21801,10.187587083076744
21802,6.9808330685857936
21803,10.598161308730415
21804,13.811003358237196
21805,10.546066299906531
21806,7.013787460332087
21807,4.883896677073959
21808,8.532419727421182
21809,10.282037403946845
21810,10.140375483655887
21811,13.26032460132479
21812,10.416707815381848
21813,10.258485964048164
21814,10.158724786933455
21815,10.089478237072353
21816,5.027921187378206
21817,10.817839124505573
21818,7.01265092408612
21819,10.227470902479464
21820,9.097201343515524
21821,9.934366718059842
21822,5.4421228522387
21823,9.901227121402151
21824,11.403160020778733
21825,10.569921913556207
21826,9.730602920664854
21827,6.028556357911036
21828,10.592858517639824
21829,9.934982977089913
21830,9.535380771310633
21831,7.06450334669525
21832,10.000815108230935
21833,11.06466288851694
21834,15.529802365788964
21835,9.660306922756867
21836,8.400710807463135
21837,9.896570020402397
21838,9.847243501915578
21839,11.885975563025173
21840,10.877010317318202
21841,6.266458352109283
21842,10.141316573538015
21843,7.007831296856068
21844,8.270871859207231
21845,6.063937687195734
21846,9.771713646127278
21847,11.461836128453529
21848,6.094104889507748
21849,11.820684950881805
21850,11.63810238702516
21851,6.903197272110373
21852,10.242710182264442
21853,9.80766627528862
21854,10.1060451684491
21855,8.00996707119204
21856,11.157127825527851
21857,6.8675394369074105
21858,9.745408630209354
21859,9.989904268804185
21860,5.926638906234372
21861,10.851027250467203
21862,9.334868676673313
21863,8.507747900955758
21864,9.922599728258424
21865,8.908225108696678
21866,9.901168721857022
21867,8.86374644230348
21868,10.803478567318217
21869,11.30821089557513
21870,10.246689118666039
21871,7.944099117287124
21872,9.313198106458188
21873,7.100674386441124
21874,12.131949517042521
21875,10.098802850079313
21876,7.1094267567097305
21877,10.522327033316316
21878,10.797795380017536
21879,9.693906164782566
21880,11.472513016279752
21881,14.224881089915902
21882,7.094463077761858
21883,12.481782160154506
21884,10.087237892322468
21885,9.63968597461183
21886,7.071573058429257
21887,10.841618732002818
21888,12.680682444906044
21889,16.526840146451303
21890,8.026212278594867
21891,11.293267496946319
21892,11.051595648142136
21893,4.244384444996434
21894,11.408111823361823
21895,8.924964719729534
21896,8.00421656101462
21897,8.59836934083734
21898,10.852190654136763
21899,10.223099471653963
21900,10.163996000569238
21901,8.262296640314053
21902,7.111320646576042
21903,13.833387009514293
21904,9.891948472534255
21905,7.022242696672254
21906,11.970430219182521
21907,9.413268164763151
21908,10.944154566812418
21909,10.970071517762559
21910,11.314589181616503
21911,8.663897019398764
21912,9.946358000606825
21913,7.979401202938171
21914,5.012230246016924
21915,9.248092563578986
21916,12.358679840901
21917,9.744267057251932
21918,4.582365410116547
21919,6.985715411229554
21920,10.31592765312054
21921,11.008109780219675
21922,10.995263737182
21923,5.823337674876239
21924,5.881686725450235
21925,12.361203289478414
21926,5.143264442133707
21927,6.029404671430921
21928,9.582998991819952
21929,11.094184113588904
21930,10.523174737065137
21931,8.892748534780756
21932,3.93812164067793
21933,13.633919692353135
21934,12.63547128580545
21935,9.863973222529356
21936,16.6873565833023
21937,9.679306782785826
21938,10.012114811574225
21939,9.795247670473664
21940,10.187825287586977
21941,9.345823160779533
21942,7.504772544829256
21943,8.685259911076258
21944,9.05555343884385
21945,9.74955665583081
21946,13.354487191713616
21947,13.072611300272921
21948,9.648288366913867
21949,7.632788850258345
21950,6.996267443789528
21951,7.65377283566018
21952,11.375892586773116
21953,8.398598027764011
21954,9.822671122036784
21955,12.933899072940836
21956,9.765378712814922
21957,6.615784638908938
21958,11.501899407989061
21959,9.34253374336922
21960,8.199900023979353
21961,9.05660846193342
21962,15.56600739534427
21963,7.659365879375625
21964,5.0487615518620235
21965,8.398177736785836
21966,12.208343396073108
21967,7.946328287270905
21968,9.79303191426064
21969,14.068603925260172
21970,5.011423280468405
21971,9.97871602985742
21972,6.8652314478545655
21973,13.740581381562386
21974,8.837539963580992
21975,10.23057537889512
21976,10.592519881405966
21977,10.760248359004152
21978,8.324753054556139
21979,11.508389096319496
21980,8.525429518137749
21981,8.861812805565172
21982,8.519305731100571
21983,10.894442700305792
21984,10.481826125250269
21985,7.0685950780173386
21986,6.3923399726210395
21987,6.093499705058238
21988,13.047752080417109
21989,7.3403353154591
21990,5.775436011096546
21991,9.856458312107748
21992,9.743032005925771
21993,18.340367710924568
21994,8.61349134362692
21995,12.016304729755866
21996,9.338772441940655
21997,10.494579382981488
21998,9.841973986930583
21999,8.001297188472824
22000,6.154880246388931
22001,10.114140926387327
22002,10.04292982765746
22003,9.50402937016854
22004,7.715637932029095
22005,10.206461760812685
22006,11.138788287190193
22007,10.045283616086216
22008,12.794474783381162
22009,9.854995345274732
22010,16.378818828318153
22011,7.398345733057028
22012,9.884835401380432
22013,9.753777080893077
22014,10.361165471443087
22015,6.684572200066112
22016,9.514110083299514
22017,6.0279974173681685
22018,5.481982404139703
22019,10.872834737710221
22020,5.094016436914299
22021,8.86273267933456
22022,13.306803752545534
22023,9.01709838607795
22024,10.318259139007171
22025,10.96716394797287
22026,10.466998093460758
22027,10.691535712245837
22028,8.511925316181685
22029,10.207027253773102
22030,5.038613906359027
22031,7.789542423721345
22032,9.712432510902053
22033,9.630577144816334
22034,8.653487080822313
22035,11.560684160080863
22036,8.73218617532331
22037,9.00836140595763
22038,14.327705813756562
22039,7.106481434876224
22040,9.013522804807742
22041,10.02272836686682
22042,9.400809658697922
22043,10.010338993226746
22044,3.9384091138796817
22045,10.758563371139788
22046,11.07167737338779
22047,15.459687360576034
22048,10.755713334870187
22049,4.030012483951705
22050,10.092009479060067
22051,9.972521927611465
22052,9.931855295009505
22053,9.429585147272695
22054,19.36223691381322
22055,14.80393517424325
22056,7.015722741002531
22057,10.12774996794651
22058,9.95344008548366
22059,11.318884033629711
22060,11.214347562843438
22061,10.0455715362837
22062,12.184425377957957
22063,10.14508628174208
22064,8.317808527409518
22065,7.74930373439863
22066,10.20092882149212
22067,10.851256426856974
22068,9.308066404999467
22069,9.06079789680354
22070,6.695691671632942
22071,4.117504602612248
22072,10.310165715329825
22073,11.51289400740444
22074,10.768523061629073
22075,9.128334476512151
22076,11.148433812964402
22077,9.652718927878329
22078,6.595406781510989
22079,8.041951736765741
22080,4.079377138610364
22081,10.797623363338895
22082,11.206235089364295
22083,6.012099059578945
22084,10.97299951219318
22085,8.700855445486695
22086,6.390889153840486
22087,11.417393684022723
22088,7.983016313622178
22089,13.580824154054042
22090,11.026664981703043
22091,10.046208330419196
22092,9.969157482789587
22093,3.9246064066843998
22094,9.995301704293988
22095,6.9857728506592975
22096,5.760137407389866
22097,11.262339808938904
22098,8.363737006149165
22099,7.296433378600763
22100,9.767832978463105
22101,11.666969968430195
22102,5.275400806023375
22103,10.180314988866472
22104,6.154617557852934
22105,9.668721435022526
22106,9.623730764392269
22107,14.338499208904931
22108,6.335401368465253
22109,9.069512127459134
22110,7.593559722144134
22111,10.178015597889232
22112,7.5016212872221555
22113,8.43365077946424
22114,10.059605599794342
22115,6.96735568264337
22116,5.778071253964704
22117,10.370045771619338
22118,7.531335216211605
22119,13.474625292658402
22120,10.394809878527482
22121,8.007513797684936
22122,8.523792509706304
22123,10.676298134067075
22124,9.374318323562106
22125,9.42236408421907
22126,10.460543448767249
22127,13.287972116760876
22128,8.612545895082167
22129,6.668859520488127
22130,7.705515017088425
22131,5.169694603809617
22132,6.506226443662406
22133,5.020967365368708
22134,10.082759970769839
22135,8.009749192405568
22136,8.036579252023952
22137,6.969366419830208
22138,7.669632939532775
22139,9.974740554007816
22140,7.566360743046784
22141,10.689803367432939
22142,10.692855093949328
22143,3.725695991511823
22144,10.670338701633149
22145,9.473244415419867
22146,12.004909172272457
22147,7.919958503352377
22148,6.051929649049277
22149,14.415215432342798
22150,10.301232772977274
22151,8.746447173546985
22152,9.792274835461908
22153,5.036196612905892
22154,8.697946213152397
22155,11.855279061006822
22156,10.461386142490309
22157,14.246151361737759
22158,9.713007288163423
22159,15.642284377386577
22160,7.898190962163369
22161,13.65662606499243
22162,12.696936487577243
22163,8.26956369460947
22164,12.61516626645347
22165,8.949041423329517
22166,17.825615802778067
22167,9.414463396146523
22168,7.062081192883719
22169,7.329591019939574
22170,14.20492597307383
22171,7.041053609368992
22172,9.787358094248399
22173,13.866091850937103
22174,9.848290099259344
22175,11.71711721103569
22176,7.349112060917349
22177,9.727770689245299
22178,9.61024175234737
22179,15.204861524756385
22180,7.896634718778956
22181,11.621640698380636
22182,9.102697820301858
22183,9.027505556139324
22184,11.292208812138027
22185,8.724565719894352
22186,5.238060750762354
22187,9.670036448276266
22188,10.076345283232909
22189,6.234117366131544
22190,8.239758998697432
22191,8.485327597452203
22192,7.2434844149688935
22193,11.518749792765668
22194,6.056076708739896
22195,7.530646520176871
22196,9.930939404793628
22197,5.878372516315128
22198,14.529035854368194
22199,9.97768774947026
22200,8.61121544346051
22201,11.223446870310111
22202,12.087010834926868
22203,10.179481721595915
22204,11.680669216056913
22205,9.601458848877654
22206,4.635347445523008
22207,13.497732829488093
22208,7.248783143981674
22209,10.831623719290864
22210,8.912234741174657
22211,8.933748585886992
22212,8.378260508771518
22213,9.395837084114
22214,9.760646150367965
22215,16.75265416172985
22216,8.232504596549765
22217,10.89006711316756
22218,4.747042947739084
22219,8.127119225036425
22220,11.076496297747719
22221,11.533169118538975
22222,6.119214598417042
22223,10.920195281565922
22224,10.843554581831713
22225,9.908573005251272
22226,10.859825689110034
22227,6.919643351974367
22228,9.82569760905633
22229,11.730734150963045
22230,13.286282951307175
22231,13.875228467322591
22232,5.520346764349764
22233,6.931340870612509
22234,9.766821447666727
22235,8.632753295362686
22236,8.236995008136486
22237,8.939672899249132
22238,10.312576997016613
22239,6.971422807428361
22240,9.001294809166872
22241,13.28484137380375
22242,9.15969264852844
22243,7.3192949160064265
22244,7.062407805279802
22245,10.296461742031468
22246,10.700962954195324
22247,8.194073435585336
22248,10.635362890882655
22249,14.500361557224299
22250,9.412504030755318
22251,9.20542290997263
22252,11.991617640904376
22253,6.656967145421017
22254,12.925053462452144
22255,12.259642866204983
22256,7.3340125782839785
22257,10.122391814579874
22258,11.990619940066612
22259,14.042592557121333
22260,9.80884858554642
22261,13.79992628223204
22262,11.348372807925662
22263,10.898900041404818
22264,9.733121899863551
22265,10.00721655676276
22266,9.851051678159843
22267,8.827645919199302
22268,4.996833080936373
22269,10.469181688515988
22270,12.289130705945844
22271,4.989397093123252
22272,8.815032029943982
22273,12.150963149464577
22274,8.139934789733829
22275,10.90355393228064
22276,14.895626655356725
22277,8.54328328929066
22278,7.986518148326158
22279,9.628234943866754
22280,7.003331576164227
22281,7.955024416284949
22282,10.95900628206347
22283,14.339040431997184
22284,10.96113683702482
22285,11.364637502210075
22286,10.88825310517454
22287,9.723696696493391
22288,8.286196109316297
22289,10.873567720150566
22290,8.598664173374557
22291,16.108766034739407
22292,10.841214128091359
22293,9.015226850109984
22294,8.686252590635842
22295,11.302924181761359
22296,10.408655223776451
22297,8.836883901119581
22298,19.26714805509777
22299,10.4340167617151
22300,9.594236009746444
22301,9.970771083550432
22302,7.985497910480652
22303,9.822593733777383
22304,8.988650058812668
22305,16.410592482021023
22306,10.769835968937706
22307,9.217225944761992
22308,9.71899710438289
22309,6.050621127850567
22310,14.202845227623431
22311,6.135883603919266
22312,13.525097449576789
22313,9.555137646144932
22314,6.958806825780542
22315,8.501774021726852
22316,6.055111780539599
22317,8.32693336234398
22318,6.935064840410096
22319,8.708225477173173
22320,15.175927072346017
22321,10.060275378597177
22322,10.989927143455036
22323,7.4666501679032535
22324,8.45158707085389
22325,7.98807162508399
22326,14.044055761090625
22327,13.775188323173687
22328,5.080843220604278
22329,14.437985729544335
22330,8.713860362114591
22331,10.342459944305688
22332,13.024414669351597
22333,8.909476733775275
22334,10.316691624060535
22335,9.044873678525972
22336,6.215864359497436
22337,8.82471517283045
22338,11.498365696516135
22339,10.12403492684913
22340,8.349952912710563
22341,11.777354149675743
22342,12.551890638782938
22343,8.00478724896103
22344,5.645671197015012
22345,10.152173355437705
22346,8.548077410309471
22347,6.683100929503096
22348,10.251605880404902
22349,9.584936157722808
22350,10.309592316968002
22351,10.235414755766094
22352,9.221266021031845
22353,7.001265330863619
22354,11.518332930259112
22355,12.142866717074053
22356,10.196874609460682
22357,10.758977974530053
22358,9.775586346313812
22359,9.577605121755173
22360,7.402699428479508
22361,9.24270538388754
22362,10.742490754008658
22363,9.207997975096571
22364,11.401836783799652
22365,7.526996135765834
22366,7.313252649366193
22367,10.251405033877667
22368,8.184313505496885
22369,6.053698385428438
22370,8.200735504265895
22371,8.947834975963609
22372,9.346934084346401
22373,10.066827002518837
22374,10.660736144471262
22375,9.796970160335102
22376,6.613965368721514
22377,6.963390519474029
22378,5.049779517833154
22379,10.076846541163524
22380,7.490833181339095
22381,9.975100664485089
22382,6.36540032203694
22383,7.001076336197521
22384,7.92186905057884
22385,11.432835700977469
22386,18.944213521055236
22387,10.50434701175566
22388,6.431603157273018
22389,9.793123550586866
22390,10.488013708684448
22391,8.666439464803506
22392,11.244505821492162
22393,15.351530909844357
22394,11.780712048824935
22395,13.196873318218945
22396,13.651922205659274
22397,11.316598304296958
22398,9.90902897217373
22399,11.764840561693084
22400,10.519456784139258
22401,10.405758395136267
22402,7.555704485049397
22403,6.0557903483525095
22404,5.012189177847098
22405,7.418232411788146
22406,11.233295106703027
22407,9.428293592273116
22408,6.710995566504009
22409,10.059413952492868
22410,9.83480703505413
22411,10.101648378698691
22412,4.918292303312585
22413,10.906161898931757
22414,6.777197616067775
22415,6.292996575108287
22416,9.902121333843972
22417,10.751188817259678
22418,9.383963838018936
22419,10.260594931722064
22420,9.840539095929534
22421,11.660339428327909
22422,12.46721560138488
22423,4.01805522441435
22424,5.046162794251588
22425,10.077480725175688
22426,8.634783268566853
22427,16.558003335387447
22428,7.091404486703048
22429,11.188172460522996
22430,7.101490720175208
22431,7.9424905383413
22432,16.46424701487365
22433,10.56507335301685
22434,8.47044925310855
22435,10.06269043878088
22436,14.07208751970801
22437,12.531325938284962
22438,13.205165159591278
22439,8.532432933412586
22440,6.07879013012693
22441,8.451674538804824
22442,11.452366967806196
22443,14.912923697725557
22444,9.816843357683428
22445,10.233013798650003
22446,7.666882791668077
22447,6.5609112984691365
22448,10.183543273347237
22449,11.406839755686319
22450,10.124041947523551
22451,4.186259371514083
22452,12.581879209890172
22453,9.82673561403434
22454,10.176483810010302
22455,9.016675397626608
22456,7.991655817616504
22457,14.614418857240118
22458,8.935409994576755
22459,8.794980075894209
22460,6.092045737448886
22461,10.105713110075406
22462,8.157622450811118
22463,9.818685023008404
22464,10.949706646165176
22465,15.341626075766008
22466,8.1189841140164
22467,4.801656466724456
22468,9.118598574027276
22469,8.5377599682506
22470,8.430100897732249
22471,9.775004470439905
22472,6.4852471356770165
22473,7.8150331803215
22474,10.821547942273963
22475,3.9519775152163517
22476,11.342880254496727
22477,8.56218784344587
22478,8.972007587780325
22479,6.879661123770015
22480,12.064748296510489
22481,4.323668317072764
22482,9.830748463505191
22483,9.504310864940233
22484,9.310020191304034
22485,13.540839632430057
22486,10.262101397973984
22487,9.675959148177597
22488,10.065154537952093
22489,8.45335737526987
22490,4.460827225301377
22491,11.703202186304146
22492,8.013496255322831
22493,9.64546336761068
22494,12.200908420283422
22495,9.75465625523951
22496,9.138191914754646
22497,5.683684218595785
22498,5.103344536149416
22499,10.152182641521097
22500,7.0274462180741555
22501,11.487482182759521
22502,13.575996611263923
22503,11.162389512648746
22504,12.47620756616731
22505,10.630964748888918
22506,6.550481275110016
22507,11.239441052701517
22508,11.677374945245091
22509,12.521934196132532
22510,8.10795380449959
22511,9.876826632562143
22512,8.576185477385314
22513,8.943621279633216
22514,17.31195587276624
22515,7.203854742717874
22516,14.593804497499214
22517,9.380166861635066
22518,8.000730674680373
22519,12.889787604692014
22520,10.170707543675313
22521,9.858263950656305
22522,8.729344740116332
22523,10.011052110042407
22524,5.356553625550296
22525,9.209985474632546
22526,6.969218615543423
22527,9.705883821782425
22528,9.808132849677364
22529,11.00029848369721
22530,10.086001874968133
22531,10.142690722279697
22532,12.514769914670586
22533,13.409597440336205
22534,6.904437397800464
22535,8.345532950840198
22536,8.09775080839336
22537,10.768515530375975
22538,10.129383297209987
22539,6.9604683179774
22540,10.069888607074615
22541,6.353339554016104
22542,10.53022779837267
22543,9.602632564321214
22544,8.806991475020222
22545,5.928937583138505
22546,9.870739882371387
22547,9.656675884530026
22548,10.98448907171399
22549,12.040925236730576
22550,6.054675569090313
22551,5.56508895914595
22552,7.1417423277002285
22553,7.91934135732185
22554,10.103308191303299
22555,15.249065571203241
22556,9.347306012880988
22557,7.1879890169425575
22558,9.890900225464733
22559,9.364501249872436
22560,11.022692817069029
22561,11.456585050865675
22562,15.824066663734541
22563,7.957577035705999
22564,8.777986393758965
22565,12.348162838916302
22566,10.310856517635644
22567,5.9760990424116365
22568,10.869396457178707
22569,17.96573009855145
22570,9.584298491417961
22571,3.994536433463685
22572,9.25438610534253
22573,7.46521569560466
22574,9.568594406453428
22575,6.094805664228512
22576,9.018748921405232
22577,9.971592727232933
22578,8.727656975967834
22579,10.675738131752466
22580,9.881130964637187
22581,11.840304792133464
22582,6.9780261229450335
22583,10.467751110050047
22584,11.086800709066539
22585,9.347719479556458
22586,5.659123266051803
22587,9.840146049423918
22588,8.950573495940155
22589,10.448133382806791
22590,10.621769585087858
22591,6.267114119559121
22592,9.715857252310276
22593,11.727179008242175
22594,10.238294145489967
22595,10.760937094641971
22596,8.476178131541266
22597,10.625364364913718
22598,10.019527414595899
22599,9.669989070398074
22600,8.974424257962127
22601,8.062222829967522
22602,5.9604937339974615
22603,9.58047217499578
22604,7.049645602014925
22605,13.126960391126431
22606,9.336673983420608
22607,13.303229444678207
22608,10.312072326896159
22609,6.13346416077882
22610,5.687904268049756
22611,9.79449710583399
22612,11.863578455304573
22613,18.349618725306943
22614,10.017911095288646
22615,8.154009250975461
22616,4.4128270092559205
22617,9.265065761241274
22618,11.511877186624396
22619,6.443673165272665
22620,11.3520393646102
22621,15.239429801771337
22622,10.549913134543054
22623,12.242010225031361
22624,9.26873674333697
22625,10.421197439756948
22626,10.245233661146392
22627,16.891123672942932
22628,7.85007757318287
22629,9.309325648254745
22630,14.100733671507376
22631,11.321856080250141
22632,9.097413346330447
22633,10.880363710641493
22634,10.463964199168089
22635,11.940935600642499
22636,9.733558334700282
22637,11.416688962658
22638,13.758015342202865
22639,5.187192599452776
22640,9.886598748109515
22641,9.62491196455808
22642,9.84707964554983
22643,7.851094343902183
22644,6.976244994652257
22645,9.086161525718875
22646,8.837541820766706
22647,9.539688464116985
22648,6.821591346148207
22649,6.98576637109154
22650,9.372285869416377
22651,10.824761871100378
22652,9.971104588248155
22653,6.769920526774364
22654,9.37929164920001
22655,10.256492484032224
22656,7.5054115810284046
22657,8.316353141841976
22658,9.3366475110751
22659,10.177299701218406
22660,10.951732667446379
22661,8.000438029769391
22662,7.015942251506907
22663,14.403575787526648
22664,9.89610267004975
22665,8.239567084020567
22666,11.263368126541117
22667,10.567932250405164
22668,17.147350998295522
22669,8.453472004617746
22670,10.31894297096909
22671,7.008802243878372
22672,5.109768081327255
22673,10.592633987565197
22674,10.180035755956105
22675,6.997648104630354
22676,10.577577010004191
22677,8.399530972085504
22678,10.316011999040297
22679,9.817824681275148
22680,9.94861247862961
22681,4.352747906263647
22682,7.420628735414905
22683,7.980652260849226
22684,10.250235180263108
22685,8.971272659886477
22686,10.179945043235934
22687,9.844219415246348
22688,8.273202346438392
22689,9.20173625873337
22690,10.021749399149972
22691,8.530851116229384
22692,10.670045476648864
22693,6.009102989926436
22694,5.2772815966347
22695,9.98870302182985
22696,6.142351365182121
22697,7.626697489667663
22698,9.711575508792736
22699,7.484232739732499
22700,8.850440341180153
22701,11.086247532323501
22702,6.936150526980233
22703,10.989757569110614
22704,12.064793811873603
22705,16.517357278487367
22706,10.540924816454446
22707,7.9814544774496206
22708,9.021056453524379
22709,10.042773258771017
22710,8.094574038861595
22711,8.966852560137532
22712,6.076542914670651
22713,7.010818716288343
22714,9.986532341708818
22715,10.296778946306693
22716,8.37513091814498
22717,11.931076485041086
22718,10.04400902500674
22719,6.412305332921614
22720,12.3048130742857
22721,10.708580156768265
22722,8.627694074255253
22723,7.004156115776756
22724,9.97865128220676
22725,8.116918630413208
22726,8.980701296856605
22727,11.137966705727818
22728,7.9064831315395745
22729,10.292409020736041
22730,9.455853350571974
22731,6.521803950661701
22732,9.95874568239693
22733,8.532565965574534
22734,13.052452545580167
22735,9.801268511612596
22736,16.145533813203564
22737,9.978330718403882
22738,16.458967472398676
22739,8.80011090485226
22740,10.44896691701297
22741,9.188603846389357
22742,5.785612392514789
22743,6.557147971332217
22744,10.066238312998962
22745,11.084354725286884
22746,8.966105001722134
22747,7.848106310364829
22748,10.976939077552245
22749,8.007925271887474
22750,4.814840044814849
22751,15.01433148574548
22752,11.18346091626375
22753,10.907665033421363
22754,11.068309443153698
22755,9.934262615107198
22756,9.304969187558811
22757,10.96749683319568
22758,8.397730117952758
22759,8.837197129216321
22760,8.638399684355395
22761,6.041162437664268
22762,7.433396921424075
22763,11.607162278250142
22764,7.106101453676191
22765,6.180390537880062
22766,9.787699012576777
22767,6.830237765694536
22768,11.830468326920066
22769,10.79499545472505
22770,8.828301772494816
22771,7.69425556022539
22772,10.497875393842897
22773,14.457262252450786
22774,9.56563969853933
22775,6.096570141753782
22776,9.912826000001491
22777,8.709208833000293
22778,10.002953150120437
22779,9.889981411201308
22780,9.558424354549285
22781,6.033683017690185
22782,9.074696907689852
22783,7.175125503262464
22784,9.858375270245604
22785,14.72304834609393
22786,9.548823965385669
22787,9.946826712194216
22788,10.747986873013264
22789,11.714011947056349
22790,4.036234283442975
22791,16.25201857269222
22792,10.824592098288901
22793,4.009935402865888
22794,9.362814097089526
22795,10.175746056611196
22796,6.627520480936868
22797,8.816370637327605
22798,11.243510534765395
22799,13.216877634009645
22800,10.948849828336922
22801,10.521690047641613
22802,6.024504032991688
22803,10.230589477135531
22804,8.832777694295725
22805,8.06316689271684
22806,10.575105905808197
22807,10.678704211485412
22808,10.103104467346785
22809,10.057041237797254
22810,5.964268591181954
22811,10.54179649942745
22812,9.915644214410953
22813,8.047749608971836
22814,9.950971751648439
22815,10.146544313482192
22816,9.980518819565845
22817,9.969804714075842
22818,14.058574081896591
22819,4.385051480047827
22820,9.08821332936536
22821,10.37911563801638
22822,11.631709281004536
22823,9.935644754166866
22824,11.519736935601703
22825,9.81289761073212
22826,9.355246277157423
22827,11.375527284281876
22828,10.034221263445687
22829,10.446446881524166
22830,9.28273459585722
22831,9.568780677031866
22832,8.846379322402742
22833,8.876916241290523
22834,5.474128654906242
22835,8.962526422324341
22836,8.026897326767807
22837,12.973991013808524
22838,8.925095981137446
22839,6.99305345136233
22840,9.928616946503626
22841,9.777053759607275
22842,11.65268077312119
22843,9.305756932250874
22844,8.875231977949744
22845,9.353646330746017
22846,8.940097967041645
22847,10.684743404761871
22848,6.13758643804187
22849,6.113094379062509
22850,9.97155251814236
22851,9.18850647903604
22852,10.8575297829277
22853,6.359910266222358
22854,10.749774216261459
22855,9.99241043801758
22856,7.82545848167504
22857,5.009954507306048
22858,8.685238885768268
22859,11.869417152265562
22860,8.734205033589902
22861,7.460381929902346
22862,10.629050979628998
22863,10.047238981820612
22864,8.934421120346979
22865,9.542481658775499
22866,9.443778280475424
22867,11.542026761861239
22868,9.84421243300721
22869,5.224083321486283
22870,8.988926804315334
22871,10.878084554252712
22872,9.388403846492764
22873,9.29491615167996
22874,9.013100768558946
22875,9.167633880016945
22876,8.928679981939856
22877,9.481690652171642
22878,10.615810229871496
22879,9.86536277382011
22880,9.404944535436869
22881,6.595779149040926
22882,9.609896402578773
22883,12.294706067115735
22884,11.132755384928299
22885,15.929203029209315
22886,9.667109223633954
22887,7.1095366146822006
22888,10.392954155243606
22889,11.68780260795252
22890,8.985184909186515
22891,10.176648205108224
22892,9.97585064503492
22893,12.802073668608532
22894,10.116146163246349
22895,7.992694494998389
22896,10.04616793660906
22897,7.906961497005534
22898,8.614863718917182
22899,4.242784743762517
22900,9.544589501794672
22901,9.248090590869275
22902,7.601758072905348
22903,9.055706382787896
22904,7.424989647587466
22905,10.212573292372982
22906,9.381365285899609
22907,8.25909959186307
22908,8.352152833246635
22909,9.09618687238165
22910,8.251414333085963
22911,9.967178985490715
22912,10.819714074879156
22913,12.428573301825352
22914,9.790610868183997
22915,9.052835616302506
22916,6.056091010436374
22917,8.844298256730822
22918,13.152811997929206
22919,10.734545617819546
22920,11.124372058284731
22921,9.926978552012839
22922,10.431842280102458
22923,9.92980508757323
22924,7.054790174373785
22925,8.880183012243949
22926,5.61096725762955
22927,10.644605210048443
22928,8.203948280562173
22929,8.969685668568136
22930,17.14995580257509
22931,11.152091547765906
22932,9.453769091465054
22933,10.09303152647142
22934,9.13973803841786
22935,7.818889410779216
22936,10.066925724330021
22937,9.8642154301398
22938,7.046338771916824
22939,12.440460306748262
22940,10.70712144662736
22941,10.450287446365877
22942,13.544203882852893
22943,10.039227616956568
22944,12.758212544671519
22945,10.815941241516446
22946,10.314785135487195
22947,4.320277787491398
22948,13.793553228815252
22949,10.801812230533884
22950,8.572758957277054
22951,12.866429303038352
22952,10.74738146623952
22953,11.078424631987529
22954,6.151045973988351
22955,6.581601006573779
22956,7.030307302795718
22957,8.991432525551689
22958,10.283736910476318
22959,7.047561827086228
22960,9.841759231023076
22961,6.791647871179158
22962,11.152417018281485
22963,6.316913036741166
22964,10.437037235689939
22965,8.507483619036588
22966,6.977470138778726
22967,7.618937596448507
22968,10.1851860710428
22969,12.518511111251481
22970,10.062832697838935
22971,6.392877943786148
22972,10.773566227093982
22973,4.874725765913065
22974,8.069827727260764
22975,6.535878410762847
22976,5.937794117349841
22977,9.971000381719488
22978,10.155121368885183
22979,9.15086213743505
22980,9.45051106328479
22981,10.07281417265796
22982,7.927049358158315
22983,11.251176722838615
22984,11.052623423446903
22985,8.461171041454403
22986,8.436918463999948
22987,6.729424632051688
22988,8.160446891403652
22989,8.843247689704024
22990,15.268358504632594
22991,11.39783855898448
22992,13.316279720865456
22993,10.631468924262494
22994,11.563082320946457
22995,14.39380473872824
22996,9.054456485109824
22997,7.606677562408674
22998,7.555630145096849
22999,6.398535379741109
23000,12.506202308905179
23001,9.628282748805713
23002,8.100233377763862
23003,15.061370776992721
23004,6.101045542909351
23005,8.978724386536811
23006,8.434894332778814
23007,9.638355268684968
23008,9.732620777414837
23009,6.012028407124454
23010,10.454818414748136
23011,5.955143457155168
23012,10.991830729527281
23013,10.895981596599066
23014,9.812640169292534
23015,9.92996695648507
23016,8.092447622314749
23017,8.472673241047982
23018,10.628386371963005
23019,9.054093398726188
23020,9.695341755443986
23021,6.988417887792478
23022,7.12588292729578
23023,9.607515196737182
23024,8.662525611754644
23025,7.029505683130949
23026,11.364670537264956
23027,5.172889944619588
23028,8.068180552696525
23029,12.434718398201383
23030,11.276327934430473
23031,9.571968177625912
23032,10.380883855224964
23033,8.468382290000136
23034,10.428307073316404
23035,9.365330388363251
23036,13.425840413923506
23037,9.531366978337454
23038,8.319124478397717
23039,12.179868879766458
23040,6.13344715934717
23041,11.310631000423644
23042,13.944226429889849
23043,6.2251856381913635
23044,11.771101929504194
23045,9.852516613100043
23046,13.361045114685261
23047,7.968525105728176
23048,8.931611158483687
23049,8.687657038609323
23050,7.515235973691324
23051,10.44946331164782
23052,11.143250341087874
23053,10.329160913591565
23054,14.577535393856355
23055,9.976121847882748
23056,7.3402191525698814
23057,7.084183500970638
23058,11.437807607746583
23059,11.695694482753101
23060,7.854014095252898
23061,10.783216805694108
23062,8.484681062089942
23063,8.753057595914747
23064,10.836928648892172
23065,9.45983062432397
23066,12.261479432128624
23067,9.953285181598622
23068,10.035083012626465
23069,9.767189718680536
23070,6.074832402105258
23071,7.6150921500512485
23072,10.225977069712291
23073,11.67989655751926
23074,9.81179670599927
23075,4.647570398282113
23076,8.343068115886876
23077,8.960521464745728
23078,9.09398637815822
23079,8.994602259819892
23080,7.019147403541602
23081,11.157248740674044
23082,10.06193007842072
23083,9.854008774474792
23084,10.71360785647125
23085,9.91897252688851
23086,9.356248585766544
23087,10.210682864420908
23088,8.453166236885533
23089,9.819890362073892
23090,10.516965844323101
23091,9.551722583416135
23092,8.900040081479418
23093,14.18167707403008
23094,8.956479628218055
23095,8.274891144761773
23096,12.12745114187084
23097,8.470115088598583
23098,7.993000609042058
23099,6.0169519164977885
23100,9.878264238558378
23101,9.311737369887211
23102,10.645921218172164
23103,7.190397940420906
23104,4.70465052778912
23105,5.698203483204906
23106,8.947330635892609
23107,7.022942598304422
23108,3.994954967494489
23109,11.10338544224896
23110,8.88787943977127
23111,8.039446999837686
23112,11.321987737459418
23113,10.867396857447424
23114,10.616334877342213
23115,11.098127448766654
23116,10.863463665315626
23117,9.581542731816945
23118,7.146291643240637
23119,14.494061563019288
23120,6.649642687170356
23121,9.697595070695535
23122,10.236736219914958
23123,6.120272963813431
23124,8.383107898668037
23125,10.614054438919457
23126,9.708343969556454
23127,6.772843987045745
23128,14.036375944628762
23129,10.786970219392717
23130,13.7022897418162
23131,10.041476488191638
23132,15.061656690217522
23133,9.801205342310565
23134,10.812774201094891
23135,14.35892466038145
23136,11.659700946475155
23137,8.06060836325097
23138,11.20653114331866
23139,10.699955339004001
23140,7.189322028303096
23141,9.189576661023999
23142,10.048849574513111
23143,7.051927029413198
23144,9.868016861116436
23145,10.699854545657493
23146,10.211711057868648
23147,10.181930657510925
23148,7.944691488872565
23149,11.030377882550452
23150,9.985283380515822
23151,11.171574242939473
23152,10.419436857833537
23153,8.341423078900704
23154,10.570849050137834
23155,9.270447616459855
23156,7.745631461743681
23157,15.640949769694672
23158,7.499241423485714
23159,9.79597192864166
23160,6.225863760148115
23161,7.9743030280867515
23162,7.018067222087369
23163,12.672990452465353
23164,9.311071397729846
23165,6.841426320351614
23166,12.846662466134294
23167,7.554909623912101
23168,8.939494041911068
23169,8.64918095389903
23170,7.0026274589434925
23171,4.055953937750811
23172,6.422200172494908
23173,7.014370470136143
23174,16.306045423607355
23175,9.300926906728428
23176,9.639216458097172
23177,10.361119069691128
23178,10.18748756936975
23179,9.93825106032201
23180,8.01315403028012
23181,10.338189975839063
23182,10.472859755646246
23183,10.309420117592545
23184,5.736549364181443
23185,16.1019404549893
23186,10.26024276607436
23187,11.88454430639327
23188,10.12885822694655
23189,7.025229119070714
23190,7.382916232053386
23191,6.736806736800059
23192,9.257307736899522
23193,15.579707583304714
23194,10.560530475495298
23195,7.634718513539021
23196,11.080788988775758
23197,7.013933570270138
23198,11.104690670369388
23199,10.280207954774344
23200,7.797386574291933
23201,11.10907107744426
23202,6.578801767534388
23203,15.990258429669007
23204,8.186069048157151
23205,10.191981311595509
23206,11.76392325466151
23207,9.32948559612512
23208,12.652321280968335
23209,15.089736664882846
23210,9.355006709661811
23211,8.140548648193032
23212,10.54138265324774
23213,6.713127568765911
23214,7.042119110990178
23215,9.995538935327257
23216,9.367054955921414
23217,8.107728242090829
23218,7.7909717996159635
23219,11.73897333502391
23220,9.959514846271846
23221,9.377266451873247
23222,12.28130426590479
23223,10.020078412910516
23224,11.535816358641332
23225,9.464230709255055
23226,9.5678033562119
23227,8.357166186648133
23228,12.048950636380352
23229,10.821672113808578
23230,6.971953925441448
23231,16.04372033985276
23232,10.793348697260814
23233,8.63117020247274
23234,11.71259123434437
23235,9.781180192747927
23236,7.077452656697131
23237,6.416310623981302
23238,10.36998686395527
23239,6.99635828977576
23240,7.395043310034911
23241,7.960801808070064
23242,6.024222576509706
23243,7.235213459361186
23244,14.32118200281203
23245,13.897723377017961
23246,11.132715014130163
23247,10.050768145506872
23248,10.122798002770717
23249,11.178817764498264
23250,9.532785814992478
23251,7.538732421509267
23252,9.201972299873518
23253,9.83855886625421
23254,10.78649114846191
23255,5.835314981434257
23256,9.032354385719202
23257,6.920506350708793
23258,5.311059357369418
23259,10.571153324680555
23260,11.301398610950312
23261,10.725340244542913
23262,8.889535121639717
23263,7.901169515300917
23264,10.885932810634586
23265,6.972496147452679
23266,10.19739438776664
23267,7.277798388723589
23268,6.9828234900284265
23269,8.63931826374506
23270,7.416103762997469
23271,11.060962720380473
23272,10.429808566345253
23273,10.94507143934907
23274,6.671918260843263
23275,11.924140889086935
23276,7.860414254614802
23277,8.834271231228104
23278,5.662202390823907
23279,10.765399452214734
23280,8.120968827635531
23281,9.846153494095061
23282,9.493550194135508
23283,8.354242867453188
23284,6.0999605693458125
23285,10.672257373755226
23286,10.250096329403316
23287,9.167029179297526
23288,9.109631249824119
23289,6.476704851261539
23290,10.215987715556356
23291,10.490772908572286
23292,14.058450125905212
23293,5.23089142335133
23294,6.969768935395498
23295,11.461831104223638
23296,8.767570202643212
23297,5.770384037833555
23298,10.895703185201409
23299,7.42529545758199
23300,9.7977205569372
23301,9.911075741133649
23302,9.855711816361294
23303,10.225572730393973
23304,13.066896897198447
23305,10.518434349765169
23306,12.030773328740377
23307,7.42155283319659
23308,10.874244424606118
23309,11.935692733312429
23310,7.6015901178066745
23311,10.722445311948745
23312,10.002844371264924
23313,7.573452870156743
23314,10.813979704410507
23315,11.759560962860654
23316,11.145155609954806
23317,5.942207125896733
23318,10.527356788060876
23319,10.625701919982962
23320,9.314813224676701
23321,9.407511092747878
23322,14.616246105737492
23323,8.908724302453185
23324,9.34769775054759
23325,7.121244995356425
23326,8.281146595139248
23327,8.465896384106479
23328,9.03173258465316
23329,10.095889863790461
23330,7.029793350905264
23331,8.234171662767526
23332,14.111164550757813
23333,9.471854492418528
23334,9.372808745765255
23335,5.136814985732869
23336,9.484523296418258
23337,9.994715068662646
23338,12.523966220229662
23339,8.832760795649374
23340,8.945977510331693
23341,10.100867710004993
23342,7.40267108983628
23343,9.251008164389486
23344,13.936755279386272
23345,9.522741933803523
23346,9.53635193557363
23347,14.609572923179572
23348,10.471682698563122
23349,4.279918052002507
23350,6.036560766721779
23351,7.1118132110257175
23352,11.171842552352665
23353,8.06590194795444
23354,8.630007005922593
23355,7.986954997400392
23356,7.43296108628571
23357,7.513703672516356
23358,9.200919077210107
23359,10.61796312688794
23360,10.57579674168047
23361,9.100160501450862
23362,6.91944191661614
23363,8.712170018248866
23364,6.866535492616247
23365,18.406301561090714
23366,4.864411553788574
23367,6.9897071757016835
23368,9.83989360101393
23369,8.753364541113068
23370,9.16586289919356
23371,12.94960039867977
23372,9.039387978454624
23373,7.283994842790404
23374,10.034855789314427
23375,8.411676782800024
23376,11.274296988275779
23377,6.553286653854321
23378,6.655756862877924
23379,10.495787834467373
23380,11.1050101767852
23381,10.339450915732176
23382,14.440592634112956
23383,11.421965098828885
23384,7.986224424848968
23385,12.873886440385622
23386,11.985116650706797
23387,10.221236435171695
23388,9.959454137480854
23389,16.28420607443678
23390,9.998826745922244
23391,4.317304966411055
23392,5.059246259951591
23393,8.425707289022682
23394,6.5259503292896035
23395,12.54199920646674
23396,10.525410215338589
23397,6.095065694561465
23398,9.895445272860332
23399,13.963382612492385
23400,10.217177967498637
23401,7.497749785075984
23402,9.816654329661702
23403,13.310178249931582
23404,10.552397924875827
23405,8.98766438938935
23406,7.94821062449115
23407,11.68773489912926
23408,11.279455183264783
23409,6.0592817096763625
23410,6.966619935836762
23411,7.4557977739165375
23412,8.184787826851068
23413,8.744418252554354
23414,6.517769879774174
23415,6.019127481071075
23416,13.119511515161594
23417,6.944156664745858
23418,10.62595554823929
23419,9.97343554957318
23420,6.953291253265311
23421,7.065150127399629
23422,6.624582893995442
23423,9.992809979754787
23424,9.614927156035268
23425,11.041315033171049
23426,7.560980586016331
23427,10.339140891819088
23428,11.435374500348832
23429,6.4877587257165175
23430,11.876800657810684
23431,12.035263437593768
23432,9.568378377288537
23433,9.758276744047432
23434,10.123245434357058
23435,8.692226646377101
23436,9.792141323119694
23437,9.879188307595689
23438,8.27538590215401
23439,10.083935032539898
23440,7.705550849437296
23441,14.010458677541537
23442,10.727372109196027
23443,11.735653171200013
23444,14.54865121647115
23445,10.035052897246928
23446,7.019390268359399
23447,11.275080392258365
23448,9.013269174115612
23449,10.341326165199213
23450,10.18020994422863
23451,7.125595495775967
23452,10.962887164069452
23453,8.934345518305332
23454,10.213943060080176
23455,9.01596999570065
23456,8.728445892962913
23457,9.798588001781477
23458,10.233916509907306
23459,11.010674891985651
23460,9.329393869253575
23461,9.79326940574316
23462,9.516845105927816
23463,10.498261898770272
23464,9.32838973945744
23465,9.570437738740136
23466,8.68363138143241
23467,10.105515904199306
23468,8.585311483661098
23469,10.466757376970783
23470,10.223178848768482
23471,5.872395704918426
23472,9.668041061534536
23473,8.390423010963362
23474,8.881694061599541
23475,15.125083286751352
23476,6.336810570790961
23477,11.049745961683696
23478,10.126685197382153
23479,8.739070213290887
23480,9.939427985160515
23481,9.497959196937082
23482,7.723202592060028
23483,8.834507279941322
23484,8.785690731859093
23485,14.488580884267158
23486,9.857127091904932
23487,9.790876469067092
23488,9.972994792464124
23489,7.810743499939616
23490,9.182412234682706
23491,8.684783899542388
23492,5.4423903315711
23493,9.30263906364595
23494,10.51854292586479
23495,7.414583328491831
23496,9.70293020448079
23497,6.235914985650138
23498,12.305002680167984
23499,5.889691433889377
23500,7.65504742124541
23501,9.95383924774848
23502,13.529212454843101
23503,10.457859162777725
23504,14.260135247193828
23505,10.305477879869708
23506,13.119565422137295
23507,9.763693858898112
23508,6.3832330232122025
23509,7.017090826871034
23510,11.343983685537662
23511,7.21023139491751
23512,7.126179308628851
23513,15.057045400840764
23514,9.650916688025275
23515,10.719772577703122
23516,9.393475709806276
23517,11.319431950457155
23518,10.200786520698855
23519,8.69085858665975
23520,9.57977245706087
23521,7.361625941638097
23522,13.654358615087087
23523,12.5651559867043
23524,5.986678905315288
23525,10.836196473065833
23526,7.007344462242051
23527,3.9625048279719364
23528,12.00941749978601
23529,9.145532315580077
23530,10.414615858705325
23531,7.0474467452357
23532,10.057685759435579
23533,9.948979499368338
23534,6.930840490646318
23535,7.763557274607617
23536,10.596559618367934
23537,10.079410664485446
23538,11.374947637519282
23539,9.863107314339283
23540,13.122326820902902
23541,9.236772867132181
23542,6.60091384739057
23543,9.657554264909363
23544,11.016151129123832
23545,10.169060358744773
23546,12.284914930635296
23547,10.469400026770884
23548,11.388032033091799
23549,6.571147924330768
23550,9.212302127622443
23551,11.663910721111382
23552,10.232141777574384
23553,4.978093340281098
23554,11.529423515685993
23555,9.78679367359181
23556,16.73362868201897
23557,14.141570764617569
23558,10.345171247720593
23559,9.845143956702206
23560,8.81373884890378
23561,10.230588562289967
23562,10.568688812298872
23563,7.685779984188843
23564,6.7832710525680895
23565,13.047376793680504
23566,11.441965758970788
23567,17.31322078513095
23568,10.75381121166507
23569,5.91209671456558
23570,8.769125309003009
23571,7.3880317957717665
23572,9.008159242126855
23573,8.139232680819607
23574,9.574939574472529
23575,17.289467757126772
23576,10.101195767197114
23577,10.246896249999438
23578,11.075588694355488
23579,17.479670811450514
23580,11.320149920523047
23581,9.934854708451692
23582,16.4462956077511
23583,8.262868980094586
23584,6.937197655868681
23585,12.214909422978762
23586,8.075846603508541
23587,11.075970748075868
23588,6.61813714973043
23589,6.43814928077146
23590,8.724668555398564
23591,7.438347025142394
23592,6.272114287484348
23593,8.800930708374176
23594,10.865534041274815
23595,8.012799642281859
23596,8.22781158760159
23597,9.45684437675125
23598,8.677101465170846
23599,4.35044108562434
23600,10.621212862528305
23601,9.033697299303585
23602,9.899255176740882
23603,7.957341232273581
23604,9.58742997786188
23605,9.45132469817072
23606,13.802126801315266
23607,9.588229954386286
23608,9.636868447258493
23609,8.257030870418236
23610,10.35366057714628
23611,10.970493743588682
23612,10.390224666869265
23613,10.301668335451694
23614,8.947804143644765
23615,10.785807341703709
23616,9.433075310628038
23617,8.874226088080459
23618,9.014760648042465
23619,10.924229999530116
23620,8.145703397504729
23621,6.0001359231943185
23622,6.766396991362216
23623,11.326483247406372
23624,11.63512795733094
23625,11.33998899082759
23626,7.4402931506778955
23627,9.354743438526395
23628,9.975457121625604
23629,6.022602620617601
23630,10.11121569305458
23631,5.520422286230108
23632,9.901186951212583
23633,8.123467080804136
23634,8.374706887374792
23635,11.324736685947702
23636,9.537507826727275
23637,8.678678054091462
23638,9.3480442067247
23639,7.9684464887506525
23640,9.896654891971002
23641,6.147082429649975
23642,11.654859183903735
23643,9.083430401331828
23644,4.885533371877465
23645,6.999073093968738
23646,6.881468112513935
23647,6.027449910452479
23648,6.578087731468392
23649,7.345565402164407
23650,10.706906894468515
23651,5.873921718415085
23652,10.768535611906277
23653,6.209018042105239
23654,11.13357040841116
23655,9.143715346372147
23656,11.154365833455149
23657,7.9854542901314955
23658,9.765040415493344
23659,9.393870409482018
23660,9.239874662657877
23661,8.656341011130309
23662,11.530966285227045
23663,7.007171409523032
23664,8.374430630523754
23665,6.630450625246176
23666,8.909805315776435
23667,11.881699634446544
23668,19.132779489327454
23669,8.672089283540545
23670,8.309955370823769
23671,10.06603188881693
23672,10.158818181061504
23673,10.216177072936771
23674,9.775559946674555
23675,12.945061083739848
23676,10.142343165829157
23677,5.13561244638356
23678,9.85951534962241
23679,13.859505153772911
23680,9.282617748243169
23681,8.897656236962522
23682,10.083714639781547
23683,11.273971965692596
23684,11.146892656819627
23685,17.704687650619896
23686,5.924044495073989
23687,11.55318407427366
23688,10.046626536937135
23689,12.17235645126026
23690,14.73033343298853
23691,9.472773747323577
23692,9.961267228947628
23693,5.022617543478419
23694,6.718793668695659
23695,9.053402852467899
23696,10.180684580248748
23697,15.365918484251182
23698,6.1206629218857955
23699,6.154736845191886
23700,9.04386272831848
23701,10.176135999710493
23702,12.100663637979926
23703,8.808447576701722
23704,6.658859727793393
23705,7.567696850915921
23706,7.123950840680427
23707,10.47200686296777
23708,8.216663987239151
23709,10.039925394602683
23710,11.778949732580118
23711,6.992033648983053
23712,13.202335908531595
23713,4.918899429254483
23714,9.004167941860532
23715,8.134384649232185
23716,10.396682715134919
23717,12.236592387633635
23718,6.333430577902741
23719,8.12630903509691
23720,10.596664404452804
23721,7.564427773273701
23722,9.7710552824676
23723,8.278383095037253
23724,9.826472637172605
23725,10.449909907502441
23726,6.729331281451325
23727,4.93884861400725
23728,5.829532653783598
23729,14.60883198895096
23730,5.447964072657695
23731,10.195580981849425
23732,8.681162159450675
23733,8.324217614274067
23734,8.040442806372052
23735,7.527072488251145
23736,12.730111127065328
23737,9.306879725843878
23738,11.830689046307413
23739,10.213878499210326
23740,9.005513603446616
23741,11.465606541488603
23742,6.897915895844708
23743,13.703843430511931
23744,13.670609553320066
23745,6.99817794935317
23746,8.635388054701991
23747,11.053161199193097
23748,9.97003049571732
23749,9.04046635528744
23750,7.73750299049236
23751,6.945566224433714
23752,9.183619202068625
23753,6.87985384117575
23754,8.768123857657557
23755,11.095588773174125
23756,9.789028572964623
23757,4.072153501612255
23758,10.075871685706133
23759,10.34040913204079
23760,9.568842428453856
23761,9.859930302960858
23762,10.262406867441236
23763,9.983277389437893
23764,9.434056885011257
23765,6.370821035835299
23766,8.573051964962286
23767,7.931246057036033
23768,8.960334830350709
23769,9.769023200380524
23770,9.816746194068436
23771,9.608630179939288
23772,8.474485667573203
23773,14.385952056356363
23774,8.22545397931542
23775,6.004822686020071
23776,11.46480828046602
23777,9.880703547216651
23778,10.619002995400976
23779,4.9042295923638735
23780,15.511759296303921
23781,6.937289300055459
23782,8.886666694450959
23783,12.289627338953904
23784,11.47711451789749
23785,12.66738271641555
23786,4.542108445519058
23787,10.21878944753426
23788,9.81549888388093
23789,7.233656299574916
23790,9.195571566496383
23791,5.983065299402654
23792,11.258265376485834
23793,14.154489760997308
23794,9.81300938693824
23795,10.647712374676658
23796,15.013646125365987
23797,9.073014300152417
23798,11.941758395844854
23799,8.533737485926181
23800,10.627094697498595
23801,10.882809203384333
23802,7.566575314212827
23803,6.070886860783785
23804,11.11336410732562
23805,10.299293474494473
23806,7.963100239537818
23807,8.533098476446149
23808,16.106994080839534
23809,12.069946199523487
23810,10.983279087410981
23811,9.87017677493647
23812,10.635142107312705
23813,16.490280581058435
23814,6.679363309441996
23815,8.218187473706534
23816,6.055187443377126
23817,7.139533219090293
23818,8.090807334180905
23819,12.385723834054556
23820,10.158720411245222
23821,8.146831337212914
23822,6.994751923655203
23823,10.055817441069534
23824,9.668702042080554
23825,7.784289658984845
23826,4.017893484515772
23827,9.061084506991065
23828,8.919038733891846
23829,10.459223021240081
23830,6.68418903850948
23831,10.971587190682365
23832,9.241370064209743
23833,10.956053815077864
23834,9.692324945757482
23835,5.51722152805371
23836,13.407560741903202
23837,8.304311494920142
23838,10.357454412346694
23839,9.800724703469886
23840,9.000329154362168
23841,10.777049176263546
23842,8.00361904589281
23843,9.407818336078309
23844,14.828734109414196
23845,18.276514342535897
23846,9.524592064160482
23847,9.374848447906643
23848,8.84684083529914
23849,8.902334484278919
23850,10.160253538449172
23851,7.671788281767002
23852,4.9451150963991335
23853,9.24554181495488
23854,9.90446960066771
23855,6.2246834799201345
23856,3.725695991511823
23857,11.339077846376549
23858,6.226633059025339
23859,15.858981443954395
23860,9.85826994823185
23861,10.160246464940727
23862,12.3470898660769
23863,8.845785469936882
23864,10.399219225775893
23865,9.604893644150472
23866,10.844066469036687
23867,9.62075005001116
23868,6.057577362506198
23869,13.027105949620376
23870,10.727217660915294
23871,6.268338041231109
23872,9.63050649916618
23873,5.060023334003445
23874,7.00647215079748
23875,9.959491809767664
23876,9.191281801177595
23877,10.255620242530199
23878,7.610993676871029
23879,9.77837024468818
23880,7.3541160349599295
23881,9.088436341927055
23882,8.645891359722587
23883,11.22187261896063
23884,9.780880208204618
23885,6.992517427377394
23886,8.370780667322375
23887,14.396539278937755
23888,8.163589108740295
23889,8.018415181626853
23890,6.397990982658932
23891,8.614046238797066
23892,6.9670201279168555
23893,4.086700315830367
23894,12.524255883128436
23895,9.418347137201424
23896,9.325960808536033
23897,10.383937700426685
23898,8.124399012008752
23899,10.836403750643026
23900,8.418732828833523
23901,5.997599115368388
23902,11.621899337687015
23903,9.622294718024698
23904,6.965054032226545
23905,5.315123281038391
23906,13.522154745286498
23907,8.901427965997527
23908,10.055189229200487
23909,10.301884230361171
23910,6.463851354829199
23911,6.044832331654315
23912,7.730965658614272
23913,13.935282384165658
23914,10.521045927389366
23915,9.135787865874631
23916,8.199896561853937
23917,9.699075349588412
23918,7.034749879422728
23919,7.428570761618811
23920,6.914808794138128
23921,10.06296357201369
23922,10.212507918229228
23923,11.165644511088122
23924,5.058600693826092
23925,9.941059653507198
23926,11.036387271121978
23927,9.995984081149242
23928,12.650901276708264
23929,7.563754738650362
23930,10.724403608890682
23931,6.603521067016825
23932,10.680190370894454
23933,6.403793831232628
23934,10.214816498981392
23935,9.423604470939559
23936,12.648153495663575
23937,5.962743665067473
23938,9.684780509413404
23939,9.624919308087357
23940,8.080000294881156
23941,10.092664736253958
23942,7.000105641422865
23943,13.694640673172518
23944,5.7861088354180925
23945,10.050875679660342
23946,11.411491414264782
23947,12.164670273363928
23948,7.35447253533248
23949,10.481575062265785
23950,7.873178437471049
23951,9.713247216745827
23952,8.690264687381397
23953,10.061056591191972
23954,5.439543334675609
23955,6.515548172009858
23956,7.626569341469315
23957,13.11194398447267
23958,5.9887800383872465
23959,7.2298447267309305
23960,6.965054732672133
23961,7.02875916622259
23962,6.3859303445896085
23963,9.955338651830214
23964,10.171512297096267
23965,9.331109637959289
23966,10.592106063295107
23967,6.863687176720926
23968,10.85240930105229
23969,10.041034611551506
23970,12.574995073963384
23971,9.49512566574521
23972,15.376421878619272
23973,10.212495291476232
23974,14.711341669362609
23975,7.392572266022544
23976,8.747358444709361
23977,9.806902528492673
23978,8.836176134707971
23979,13.220122851605426
23980,9.466763667572582
23981,5.474588926851757
23982,10.2885142001229
23983,9.42373399778738
23984,10.236688698150441
23985,10.008623443379955
23986,9.687015892463474
23987,11.315768164780122
23988,7.831665752671077
23989,8.37430245182853
23990,5.491848195641917
23991,10.20658778019866
23992,9.73484906064789
23993,10.236050414580617
23994,9.358344835662056
23995,8.920198565802904
23996,7.932168402141608
23997,8.510123903810442
23998,10.408400862148548
23999,10.397652441254602
24000,10.344407236602631
24001,6.944905241743886
24002,10.304502782328628
24003,14.204272997657032
24004,10.944957690131297
24005,11.16237082449466
24006,6.986484509258793
24007,8.8755850154705
24008,9.165652432281659
24009,8.978210251504402
24010,10.079507969324295
24011,6.985069800232725
24012,10.249818627274514
24013,10.942321921070214
24014,8.385346521265477
24015,7.021333015156291
24016,7.033847256932316
24017,9.90382068225047
24018,8.694067693231029
24019,7.94603213240633
24020,9.366117631874754
24021,11.136061544959379
24022,11.75495979133714
24023,8.91848317034947
24024,10.137049591958501
24025,11.465969785786983
24026,10.033198727470955
24027,10.079484074086082
24028,9.476099394872682
24029,8.598154098138735
24030,9.925284511826018
24031,12.36207468781671
24032,5.182935407331445
24033,7.085460561187222
24034,8.262434355973355
24035,11.534828916492941
24036,9.89827388810909
24037,12.703976635888772
24038,15.56050930439147
24039,10.057775460562638
24040,12.464214358633965
24041,11.116956069618558
24042,7.182170398354635
24043,9.470114459581644
24044,9.687250535446239
24045,15.08658670260715
24046,9.06689826458155
24047,5.001643676379281
24048,6.96481670466159
24049,10.560515944887827
24050,10.74406734192762
24051,15.062619278790388
24052,12.802736097838165
24053,9.617872237293899
24054,5.855785177717408
24055,11.767135374423152
24056,12.487188166771446
24057,11.202250058520004
24058,15.209629842275085
24059,6.9963741673657065
24060,12.61249265462375
24061,5.994633933759285
24062,8.552356154410251
24063,12.351099923114013
24064,4.820647954436362
24065,13.727023186132232
24066,9.841186734134993
24067,8.672511782425856
24068,17.356512637219375
24069,11.326660697131848
24070,7.957481503894054
24071,7.113527746063829
24072,9.567676138543327
24073,10.105523833638406
24074,9.522944465115227
24075,9.448532251113889
24076,8.791130428914556
24077,13.276180261938837
24078,10.698951080525386
24079,9.866765509442537
24080,7.450592713392681
24081,9.992511571681586
24082,12.165500316630684
24083,10.976642723934129
24084,7.502493500017612
24085,8.78739139634052
24086,6.9662946715579315
24087,9.190384160472941
24088,8.250714436447517
24089,8.96536525889546
24090,12.677653763852504
24091,11.68220573506581
24092,10.01260989108664
24093,6.87749283187041
24094,10.565747640466453
24095,10.255225571781542
24096,11.309162725764935
24097,8.632470732877078
24098,12.81593011759536
24099,9.020732791625843
24100,9.474315088067542
24101,10.510172307719007
24102,9.968843506285086
24103,9.58880041127097
24104,9.042880617478355
24105,9.759593634184577
24106,12.421382855625037
24107,10.438935006426478
24108,10.049052326479131
24109,12.280079159860543
24110,12.955667259325326
24111,7.691214919660782
24112,7.121616293027263
24113,4.058295412512411
24114,12.22149897117403
24115,9.118835936116293
24116,10.174659098436393
24117,8.94440410969397
24118,10.169614177893585
24119,9.942182978846326
24120,9.21507335263843
24121,8.86812836049123
24122,8.883211914701647
24123,7.621720371548584
24124,9.648810960927243
24125,4.911802564548463
24126,12.333776153188673
24127,8.006886493213097
24128,7.8131396811645875
24129,9.882603917401209
24130,10.057038936273049
24131,9.576166281578011
24132,8.257555526911771
24133,13.929958736123247
24134,8.868137089409927
24135,11.006919990745576
24136,7.958368127225938
24137,11.452682840225433
24138,3.936612274601041
24139,8.150966300798952
24140,6.060472262189453
24141,10.72804994522986
24142,9.264303778637297
24143,10.847764572520738
24144,9.077585800720566
24145,10.605366270055534
24146,14.784265009433334
24147,11.221441022470309
24148,9.880698104054115
24149,7.292957444995335
24150,12.014399386293508
24151,8.00385418886207
24152,10.09587868174026
24153,7.996274139070684
24154,10.48017419954737
24155,9.836977866362577
24156,15.864574376118593
24157,10.377426457052582
24158,9.07110561785424
24159,9.738715060875514
24160,8.113810336225068
24161,7.123317221169341
24162,8.07337488751863
24163,8.85302815240021
24164,9.84432886130003
24165,11.768380372212253
24166,10.105671137650297
24167,16.25130947671704
24168,12.146013979547195
24169,7.499192313931044
24170,10.82440084355391
24171,7.058249229337941
24172,14.657529498333762
24173,8.559747181626143
24174,10.503969545759556
24175,15.970409705687509
24176,10.49979828251272
24177,7.917141300924827
24178,7.025288970740036
24179,7.21873069570837
24180,9.982789106256233
24181,9.56293748711727
24182,13.516173425606251
24183,9.55096511877057
24184,7.426494490731441
24185,8.390698619259108
24186,14.870319329551666
24187,4.004372143741132
24188,11.324463915139082
24189,16.537635989135346
24190,8.990547037682688
24191,8.291008467660443
24192,9.418945638649634
24193,7.655557911336046
24194,6.804656100215989
24195,11.459615930101958
24196,9.947160537911898
24197,9.753771219066957
24198,8.115525147328364
24199,10.874105190935442
24200,11.383312465370825
24201,9.978320607223148
24202,6.2304395353448605
24203,10.466585037302268
24204,9.8108398311974
24205,15.400929959286264
24206,7.801729365769093
24207,12.122454625442165
24208,10.446883208155484
24209,11.72360649397337
24210,10.229863662615589
24211,15.474669951608231
24212,8.736126148443585
24213,7.003654173964283
24214,4.994901013474058
24215,9.362622462200799
24216,10.556879439962453
24217,9.959582086983799
24218,8.312959917662225
24219,14.825845644171082
24220,9.50716320066523
24221,9.95432879642665
24222,7.284714687005177
24223,10.403599358220873
24224,6.916804256283843
24225,10.279386018179682
24226,6.007642192997951
24227,13.851821769789712
24228,12.9535924071061
24229,10.659287912200128
24230,11.103797706314593
24231,13.900641875545038
24232,6.064505590268795
24233,10.011299853977013
24234,12.88515980845174
24235,13.920036860472592
24236,8.623488616466425
24237,6.392656473151168
24238,7.9883043357947
24239,9.828491956119358
24240,10.065476579611621
24241,10.441023283660648
24242,15.305087009958598
24243,7.92851296935951
24244,11.380556661475055
24245,10.833382288214942
24246,7.205681933623282
24247,9.520721872803334
24248,12.286359193623309
24249,10.314460768808486
24250,10.043812704259519
24251,14.82963000411268
24252,8.591726445876947
24253,8.841891440156434
24254,6.284599958018171
24255,8.858599589015949
24256,10.575047852288806
24257,14.943302418383578
24258,11.776296794062016
24259,14.068002343882378
24260,6.117750156953234
24261,10.41176816673866
24262,11.602767417530778
24263,9.265031494674457
24264,7.943544173066378
24265,12.434573209753443
24266,7.424394986603097
24267,6.011056697223161
24268,15.771668407603592
24269,10.110750708382747
24270,8.36927609311174
24271,9.862793702461564
24272,9.073540950649452
24273,9.54073019465214
24274,10.288764690488303
24275,8.49081546431577
24276,5.3990925030628105
24277,13.423457332636875
24278,8.844635849225668
24279,10.19603014321061
24280,10.2444904450169
24281,7.700592209462572
24282,10.643360656802122
24283,9.037481479687333
24284,7.9076412307269255
24285,11.569366459841447
24286,9.074760818849489
24287,8.133529608073193
24288,7.921586964058214
24289,9.880414251276733
24290,6.729536144497859
24291,11.33987772279411
24292,10.782648887746351
24293,11.032838202187456
24294,10.448625465132638
24295,11.058922895540384
24296,10.071755828802036
24297,8.565255563965998
24298,4.664946272773026
24299,6.982437383381466
24300,6.868387261940572
24301,8.990283633191094
24302,9.569392875484562
24303,6.107869913842569
24304,13.490241374040139
24305,9.542442392194957
24306,7.606579640577432
24307,8.010466808330719
24308,11.974716851106226
24309,10.715344718401237
24310,8.711155335626204
24311,18.562653905178042
24312,9.470101927772573
24313,9.65352376297722
24314,9.741390441638561
24315,10.950887594661701
24316,10.97414210352617
24317,7.74228648227515
24318,9.15830196458408
24319,7.235613100750422
24320,10.162134414836158
24321,7.0271622673049325
24322,10.285216525284254
24323,8.708257545463384
24324,11.05178130761178
24325,4.067575776572705
24326,9.81488586959404
24327,9.50491499957992
24328,4.197634871922163
24329,10.06465487960002
24330,10.96262925487331
24331,10.60947416527403
24332,9.79757648236233
24333,4.171607615421648
24334,9.82442080770496
24335,9.376609100025055
24336,8.685666345860604
24337,12.343693508875921
24338,6.573792856401489
24339,12.259925238227442
24340,11.619876480747472
24341,10.100333408229712
24342,14.672627359207004
24343,9.83477769940763
24344,14.148519528925775
24345,6.646597494196751
24346,6.035688268656848
24347,11.456323726859548
24348,10.88831214249148
24349,8.695644480152204
24350,9.766434731752085
24351,9.168572922577912
24352,12.546947719054668
24353,8.008773683295978
24354,9.18956900499184
24355,10.103641396345731
24356,13.388123548420047
24357,9.697873599622337
24358,8.038786782321548
24359,11.340475495809846
24360,9.178238538485482
24361,5.907880743087875
24362,8.044446380800665
24363,9.682980650613919
24364,10.383030948161432
24365,11.649915556430074
24366,12.080279244494442
24367,11.472413752995156
24368,8.749654970390937
24369,9.52638908983093
24370,12.193880019443597
24371,10.17996875917068
24372,4.512977520563446
24373,7.596750055165887
24374,4.601903111095478
24375,9.23444887916263
24376,7.7867823274964225
24377,11.081986184111768
24378,9.05054106216534
24379,10.619720630553594
24380,9.919090605901316
24381,9.957314031690036
24382,9.80889279663012
24383,12.720470429521207
24384,6.037793424075333
24385,11.836308992794722
24386,9.900835266691216
24387,8.083837386790591
24388,9.939243075108632
24389,11.338761655238612
24390,5.586038595034149
24391,4.102721952980913
24392,11.008330746669891
24393,9.657825151178699
24394,14.384876997212746
24395,7.139782171258214
24396,8.7716296157157
24397,5.012965226719949
24398,9.97355564448244
24399,8.519315473117949
24400,8.717199087874953
24401,8.030568405186063
24402,9.966364780730084
24403,6.559991695845705
24404,8.898844327583898
24405,6.984442355711614
24406,7.088803539365379
24407,10.002816296188179
24408,8.082726380956949
24409,13.31704580421818
24410,9.9493509726736
24411,8.95794868553416
24412,10.551584371979631
24413,9.66164862061903
24414,4.749290367034067
24415,5.500324827555584
24416,5.055657209222715
24417,9.97779988893162
24418,6.23424408373059
24419,9.575787373023367
24420,10.001783114505894
24421,14.344305269707746
24422,8.865244803949517
24423,10.012542896509691
24424,11.70844711157331
24425,11.175627964453788
24426,9.878352798104283
24427,15.076497381051283
24428,10.77253667599027
24429,9.508218757397483
24430,12.894920662229929
24431,9.857016317945046
24432,11.348841604765731
24433,7.901277820940882
24434,15.85947005208103
24435,12.909386413988551
24436,9.678976214642566
24437,13.34508657498531
24438,10.829603930423877
24439,8.926233884108678
24440,8.80049013697622
24441,6.70822228415067
24442,7.882415801158514
24443,6.489779871319024
24444,9.857220004555852
24445,10.274370034253245
24446,11.040439351237879
24447,12.002945475430568
24448,13.139552382544597
24449,10.923252603993813
24450,10.656118438040929
24451,6.9019080314688175
24452,11.376231886940701
24453,7.021947802372452
24454,9.140657602850043
24455,9.382125723813717
24456,10.618676736557273
24457,9.180672996502182
24458,8.923820021012904
24459,9.134120909042977
24460,14.454481402121937
24461,9.396785277975166
24462,13.196242626851422
24463,8.993258700326331
24464,9.7575955628348
24465,8.14766238892342
24466,9.139572230654347
24467,10.026292553449053
24468,8.30143823658477
24469,6.9946651019434185
24470,6.7943066704711335
24471,10.106921682036814
24472,5.61061933936782
24473,11.19923665870677
24474,11.77650657715952
24475,5.286814165648145
24476,6.048778551480729
24477,12.371236034132494
24478,10.149258840403297
24479,4.953547826450538
24480,11.527338525953642
24481,10.42242196709471
24482,6.499792049375157
24483,8.39162099599248
24484,8.26167506296021
24485,8.802049015283494
24486,12.277444073585535
24487,9.468300043279275
24488,8.787388056970261
24489,5.0298866121786885
24490,17.997189725277828
24491,12.329532623141402
24492,10.127880244064082
24493,7.304033609834072
24494,4.803765125442667
24495,9.894195706590523
24496,10.695933747064561
24497,7.416981983097119
24498,10.99628307643735
24499,16.825262481814864
24500,11.028268507712411
24501,14.842542330616993
24502,13.58142126530148
24503,6.250385699415277
24504,7.959251818204939
24505,9.555560644222478
24506,10.265712232714835
24507,11.602901080355407
24508,9.886370741763127
24509,5.51075510126554
24510,4.022707258528525
24511,9.150984186108017
24512,8.748772233571033
24513,8.40425645134577
24514,10.495944023883462
24515,5.773980079597442
24516,6.298857648063311
24517,8.403008166074484
24518,11.51403534737835
24519,10.726928166297943
24520,6.969062792475141
24521,10.315219098517183
24522,7.02174177750218
24523,10.754076952453694
24524,10.059263702716663
24525,10.20175936832927
24526,9.598494170169003
24527,5.0574067599153585
24528,7.059456424424563
24529,10.115284131089213
24530,11.504541273969709
24531,9.953915553701911
24532,6.189068366971549
24533,9.413110237585872
24534,6.9602459033577
24535,11.400946126663655
24536,10.049667704611798
24537,8.7625992691874
24538,10.48515084472756
24539,9.804545457463458
24540,9.44641654267714
24541,5.189488819934207
24542,10.250755791194793
24543,8.069625808964997
24544,9.886387944324909
24545,11.414337323002222
24546,11.396341728456726
24547,7.855125576523998
24548,8.309198794451248
24549,8.516257830920745
24550,8.002483076126751
24551,8.04839735877647
24552,7.850218272696681
24553,10.483227763444404
24554,8.681959683712655
24555,6.938372387161955
24556,7.38930243885431
24557,9.437398380538852
24558,6.640841274796697
24559,10.811235691499133
24560,9.958072929837476
24561,6.009017265175725
24562,9.946186788960366
24563,8.602952015295756
24564,6.00634188312282
24565,15.054365115567808
24566,10.312010851756447
24567,7.308791037471728
24568,10.292551746775393
24569,7.564071247830313
24570,4.949269249165873
24571,6.881316441973041
24572,9.693279332644423
24573,4.703419305104402
24574,7.99333100921946
24575,10.63535255954916
24576,6.622527169866389
24577,10.484678744854996
24578,7.6600238689071265
24579,11.345763811847139
24580,8.895995446641734
24581,11.527907419904075
24582,9.131176641815347
24583,15.190953915232969
24584,10.108616523882581
24585,7.999501446661844
24586,9.842309948877025
24587,9.374633114656124
24588,9.129049775703754
24589,9.054586494367399
24590,10.406984258839195
24591,5.646238320042652
24592,4.820647954436362
24593,8.997689124207689
24594,10.351093392071995
24595,5.9873566516789225
24596,10.921218986044341
24597,10.235799147883125
24598,9.919704536602413
24599,10.092110484312592
24600,11.610010178615665
24601,8.188548213942703
24602,4.0711829304652225
24603,7.03150667633375
24604,6.800861269780643
24605,8.83440939045494
24606,8.333026161270547
24607,9.125861279817595
24608,9.869591240362048
24609,14.517765622297404
24610,10.213093467893072
24611,6.022189590680249
24612,12.263528161593925
24613,12.875371936271904
24614,10.492886804433379
24615,7.971058239603906
24616,10.004765071637689
24617,7.525883559690958
24618,13.59472156126986
24619,6.928461002640253
24620,10.163097021323066
24621,8.904944954654118
24622,9.188243682141202
24623,7.042805582897103
24624,10.525152330718841
24625,8.493325561394728
24626,9.7754376172151
24627,9.086874701430787
24628,8.370500117869351
24629,5.191342155612749
24630,8.967435443896361
24631,9.731708862902313
24632,11.000795147962844
24633,10.361153083758756
24634,4.0556869167540786
24635,9.91997532363537
24636,9.421723401514686
24637,9.993692942717928
24638,11.99066235659609
24639,15.798493807577401
24640,8.394347434413476
24641,9.243879032551433
24642,10.246040547680252
24643,10.672838237945214
24644,5.391104086210667
24645,8.692666976057055
24646,12.258652520586825
24647,9.06401885216453
24648,10.342031381835723
24649,7.106698169014203
24650,7.808822549581215
24651,8.035727493117745
24652,8.516548622189912
24653,9.860428923661722
24654,10.960658545478749
24655,11.094911216409727
24656,6.932959143682908
24657,11.176064812580554
24658,10.931480437205373
24659,6.830775076832518
24660,5.144792238135507
24661,6.999826179095002
24662,10.095449036021261
24663,14.090524145163917
24664,9.619227677265437
24665,7.296983018173165
24666,6.995580869863816
24667,5.643055254443623
24668,15.300832522248308
24669,11.749263644917509
24670,9.668476717656848
24671,9.4895505505953
24672,9.1854144720027
24673,9.809073449213017
24674,10.907248811926095
24675,5.994480806213356
24676,11.843518909419245
24677,10.718307217460147
24678,9.797324304612868
24679,10.325617666685256
24680,7.0587396488831615
24681,10.087901833320764
24682,13.47195548050205
24683,9.82852978145159
24684,9.080966382240224
24685,9.63160861327928
24686,10.259462338514307
24687,7.437705993726249
24688,10.169347247174448
24689,10.22969795141863
24690,9.241057077728357
24691,7.948801801734605
24692,6.669033480681114
24693,9.906601397493288
24694,9.488040562499641
24695,8.006755163176459
24696,10.182862995971123
24697,7.6315193687407605
24698,7.625866615594576
24699,13.580823060321995
24700,10.368087578374531
24701,10.048535804060855
24702,12.224857004156444
24703,6.8029631650057185
24704,11.971345131613742
24705,9.050252206994356
24706,11.149718795409438
24707,5.081963696311952
24708,7.007288512625133
24709,10.571237980225815
24710,7.968065136980811
24711,10.615014209265397
24712,5.567032047234432
24713,9.610850672001735
24714,11.16437225063754
24715,7.050158432297403
24716,9.725246159491288
24717,9.991959880126657
24718,14.873124913199181
24719,9.627328128094744
24720,10.897817368147546
24721,9.58939478856392
24722,9.62221328898309
24723,8.829475748328154
24724,11.816267253520472
24725,6.99166376665079
24726,17.419766443642747
24727,6.827430599169503
24728,10.25739743826377
24729,10.173432482250583
24730,9.642385452136194
24731,11.100592505903286
24732,8.339627945657789
24733,14.85518431274602
24734,10.67786271857062
24735,7.935513237295208
24736,6.578689832305679
24737,5.308674358877969
24738,7.620390737836611
24739,11.116140614423916
24740,6.983880467221982
24741,11.349148515797545
24742,10.19980532671861
24743,10.77701873728964
24744,10.325354534258055
24745,13.13909964644348
24746,5.648760318216246
24747,8.653902975877706
24748,10.39830701764862
24749,8.017544794101788
24750,9.708478362440456
24751,11.638632829002436
24752,8.652736568429471
24753,9.527541294755183
24754,10.984319790520026
24755,9.649589547252056
24756,11.133876188468818
24757,4.841918137148717
24758,12.884726019780237
24759,9.891201695655173
24760,7.414355667741072
24761,11.675978097139868
24762,12.99178594767523
24763,13.208642646950821
24764,10.805144659850987
24765,4.732389536879848
24766,12.36972687819215
24767,5.753627436800068
24768,9.96362214074598
24769,9.83884519424119
24770,5.242930129484155
24771,9.103228187033565
24772,10.213194877918262
24773,10.903037592353833
24774,13.554677793415324
24775,16.67833085058566
24776,10.26936465573267
24777,8.950672141507109
24778,9.664134564037981
24779,7.94728216931316
24780,10.641660274909427
24781,11.173880361782741
24782,10.517752099666598
24783,4.433183347878208
24784,10.16347072918521
24785,11.165872068108108
24786,9.913040959766992
24787,11.12637820637722
24788,6.977028901889854
24789,11.420466141916071
24790,10.620609285349557
24791,10.004601319650517
24792,12.983591678646711
24793,10.869975811506665
24794,6.046525391080641
24795,10.078250386240212
24796,11.061184447432192
24797,8.012061800988253
24798,8.526600657126837
24799,11.983128461743435
24800,5.076890575015552
24801,14.442767022759895
24802,11.530576209341309
24803,11.138664656835575
24804,9.471406228550503
24805,17.148321035202578
24806,10.27086387890051
24807,7.071066238568296
24808,10.610215554388692
24809,9.690438231230644
24810,8.930384208423666
24811,10.15356448532005
24812,8.68516607403149
24813,4.872203517220675
24814,9.659368410605506
24815,11.876959753943751
24816,7.917491168944084
24817,6.366061341385054
24818,8.440887486072356
24819,9.593477221469946
24820,12.071103771692613
24821,10.082934485549856
24822,8.497829925407325
24823,10.130898568085613
24824,6.714809327587105
24825,9.884636907205312
24826,9.087424838133082
24827,5.6453435943300345
24828,8.919280070650323
24829,11.21642032231275
24830,8.22323396838801
24831,10.846993114401947
24832,14.324903816321946
24833,8.67454482502474
24834,10.524453427120962
24835,12.510282316688587
24836,12.481628619427864
24837,8.094903688734753
24838,5.99749585720329
24839,8.253964880048942
24840,8.881278384453475
24841,8.279508724614393
24842,10.166179361751578
24843,8.66020747576448
24844,9.016153392718525
24845,6.588753044114532
24846,10.590189861696357
24847,8.988929628352814
24848,8.079173632151974
24849,8.987751385523792
24850,8.951322088005162
24851,5.219261850118182
24852,9.77244840971114
24853,10.790444579644223
24854,10.251768364982809
24855,10.75928094818296
24856,5.328061393382836
24857,12.966831671058054
24858,11.012709925072164
24859,9.375081331161645
24860,6.54013985695496
24861,6.238738006276462
24862,11.115083944640823
24863,11.884857063453138
24864,10.154366825343082
24865,7.685280133337754
24866,10.084954514019497
24867,8.727425488699948
24868,8.447431497330879
24869,6.975528146528617
24870,9.21950326110751
24871,4.332394620494
24872,10.118390363702996
24873,11.289496683321188
24874,9.89829577960419
24875,10.116221068809661
24876,9.92669386910788
24877,11.838142554133462
24878,10.04413483067151
24879,9.825217037449482
24880,9.547464988452242
24881,11.082217624144096
24882,9.636834871745112
24883,9.512227479292502
24884,7.934580091035901
24885,11.648185098980543
24886,6.000469976252354
24887,7.993090511751479
24888,13.298404548613007
24889,9.554303702876865
24890,11.622874355198906
24891,8.3807066782716
24892,8.764005201154596
24893,11.900612788743565
24894,7.923396744820526
24895,5.03710196855188
24896,7.000480507967232
24897,5.8700725099922435
24898,10.465322686185097
24899,7.719326717779783
24900,5.1698841426834825
24901,12.431309367890314
24902,8.028758341470166
24903,9.99248462243846
24904,9.32993646653984
24905,10.221809113871647
24906,11.280329368273248
24907,13.744277220285142
24908,10.441674968815883
24909,10.231691731268707
24910,10.839251068529077
24911,9.642527440071959
24912,14.864486064174226
24913,6.664371119813364
24914,10.153070452206983
24915,9.021118485196718
24916,10.924517663283595
24917,10.156430798351186
24918,10.812768161111972
24919,7.8978522172832974
24920,8.40558749603617
24921,10.130372142420109
24922,9.071795818192065
24923,8.35648590097556
24924,6.985393513204638
24925,10.216259112403627
24926,11.827016658978147
24927,15.744099041262166
24928,8.016615604047226
24929,6.227341066268839
24930,9.286808220422033
24931,10.40106496441382
24932,7.126771226721811
24933,9.861971312713104
24934,10.757011456260859
24935,6.858409173220657
24936,11.031162057366789
24937,18.859191083730895
24938,8.813912194661349
24939,4.773882257484862
24940,8.662166357319766
24941,10.369733884012565
24942,7.8082422143532
24943,12.313388748657456
24944,8.16699374941348
24945,5.52302130193187
24946,8.743673665353747
24947,9.909311710169922
24948,10.57981690542673
24949,6.1144231401878155
24950,9.025917565677727
24951,9.748924933194285
24952,8.507249068163137
24953,7.0576630827195785
24954,10.782755731636733
24955,6.937689882151862
24956,6.612759282465891
24957,10.939326405651444
24958,8.287153567636564
24959,8.181956428745076
24960,18.2851800527177
24961,10.518100033150835
24962,10.822079967734805
24963,6.138527108749147
24964,10.960053342102361
24965,10.766955970250132
24966,11.02494295789996
24967,9.463609467254994
24968,9.425327376438185
24969,10.965820932979677
24970,9.642317488958042
24971,11.619230125359888
24972,8.79633406592331
24973,4.209710232552164
24974,10.943074072903825
24975,18.421561130753062
24976,9.9013065736839
24977,4.047209084112497
24978,10.3224092648259
24979,7.978379479626518
24980,11.984623891970209
24981,4.723807711325921
24982,12.832941341534537
24983,10.887090265929235
24984,8.944337185466575
24985,8.031660902144338
24986,10.848422248808207
24987,10.953001310836397
24988,5.008622482267129
24989,9.964285359288985
24990,10.133068832245343
24991,7.224705206415017
24992,9.30426364457559
24993,10.62262760873639
24994,9.982226726293087
24995,10.519051301494537
24996,9.98012484368328
24997,8.854200647047957
24998,10.997039566115907
24999,7.680026739832135
