id,age
15000,13.827161832540586
15001,12.761461266313143
15002,9.565820536843269
15003,10.981036547740539
15004,9.324007117917347
15005,10.031769686444889
15006,10.368813062013686
15007,7.971471235014526
15008,11.09399892244416
15009,11.317777768303252
15010,10.348593013277995
15011,10.646978146735332
15012,13.766916507204755
15013,18.234151084722072
15014,11.642500585620343
15015,7.587788661769036
15016,4.607712571455073
15017,10.55416471948979
15018,9.210604234087638
15019,10.314825729588584
15020,7.194112001980337
15021,11.105746866299999
15022,8.363737769473063
15023,3.9133108965370624
15024,9.225396483841253
15025,11.613710863695474
15026,6.589024815438984
15027,11.474085770429149
15028,8.109717635917143
15029,11.303478799471815
15030,6.938956594434898
15031,10.806110560126292
15032,12.10063301840006
15033,9.349768326518237
15034,8.517358963521406
15035,9.549991335304437
15036,9.731875164188065
15037,10.99568766498816
15038,10.513142212599188
15039,15.426144817276736
15040,16.450329673231604
15041,6.9922351143943136
15042,8.311196872956351
15043,6.9716037874364005
15044,8.618588960479439
15045,13.72975288159548
15046,9.331199867472385
15047,11.040346870022411
15048,13.185285620817725
15049,9.576455131304686
15050,9.316140986744688
15051,4.4049992680873915
15052,11.281995356225687
15053,11.246933546966805
15054,12.45119171274183
15055,10.771539718468167
15056,6.7954989406988435
15057,18.928827858159483
15058,11.166184161832168
15059,13.657738653971847
15060,10.917819570730149
15061,8.531578900664023
15062,10.02149884783848
15063,7.911490389059754
15064,8.75960764254929
15065,7.452766907636086
15066,6.706977561238952
15067,11.552297170977546
15068,10.458769809618133
15069,6.877644779684758
15070,11.228382381115582
15071,9.130863557621286
15072,9.429435035301857
15073,6.687429955696327
15074,5.724868908253455
15075,5.8903932970545885
15076,9.642091110536933
15077,10.006185212770788
15078,10.52982140938806
15079,10.833765532493807
15080,8.365866561062319
15081,11.378141130623796
15082,9.394892151185694
15083,10.509649141502518
15084,7.643282806530627
15085,10.554711775692146
15086,15.82793805208674
15087,7.510253796123449
15088,4.122263054561621
15089,10.564172019244085
15090,6.843650734935669
15091,7.0505302407702635
15092,9.639640926522905
15093,10.287847977071756
15094,11.124483877151683
15095,11.464579338558252
15096,10.337407257486944
15097,8.999876740318946
15098,5.178997306053704
15099,14.286760182893492
15100,16.949672409431102
15101,5.4277396659945465
15102,9.853382159097098
15103,11.6796747906434
15104,8.833272321997189
15105,10.584195098866438
15106,9.681474915282134
15107,9.495879055392852
15108,9.581863045195554
15109,9.99303363580795
15110,10.399034540238233
15111,16.872341313848068
15112,6.252489316923011
15113,12.923075030575863
15114,8.569325405092533
15115,7.309276964740911
15116,9.295756955078444
15117,10.053014230193334
15118,9.095584579981168
15119,6.237270305472064
15120,13.046360826488096
15121,8.982686521693175
15122,8.97638813917533
15123,9.728814467335479
15124,8.837243030039396
15125,10.323161324494293
15126,6.615389717642542
15127,10.424882798330014
15128,13.369228593661752
15129,10.430897889019864
15130,7.259058996209257
15131,8.710041922206287
15132,12.420827480174175
15133,5.907271997157588
15134,8.513616672988926
15135,10.604755836221704
15136,9.07749954800172
15137,10.092694897376607
15138,9.873774232269767
15139,11.402695469467162
15140,10.218748582274799
15141,8.25742104647492
15142,10.173195341355772
15143,7.613438147831768
15144,10.029780859776194
15145,8.640308767968012
15146,11.389743174669407
15147,6.221020587685246
15148,7.805377778148463
15149,10.518209474162905
15150,10.461206200422893
15151,10.900115674430417
15152,9.959725097121929
15153,9.437553341061058
15154,6.799779070923305
15155,10.012973567558284
15156,10.261776456697767
15157,7.898759547264358
15158,11.478535639518473
15159,11.072685531955056
15160,10.338492318288758
15161,10.886112992698319
15162,10.943898061669659
15163,11.726447963684278
15164,11.069622401058396
15165,9.678483874011635
15166,7.988943527057991
15167,7.119433191976083
15168,7.24049682910618
15169,12.42316565407245
15170,4.626629210038612
15171,9.207987148205694
15172,6.052387984926187
15173,7.947210111217707
15174,9.678341737032259
15175,8.196327258874792
15176,10.963062027330443
15177,10.561706725716459
15178,6.385615699554881
15179,11.032624372960072
15180,14.322564147567086
15181,6.861803454353802
15182,15.27033142196291
15183,7.148789526008651
15184,8.200149016099436
15185,9.487288841589848
15186,12.141064723442192
15187,11.05267642576015
15188,11.057743048571382
15189,8.721671715498866
15190,7.731991302091627
15191,12.694207470430179
15192,5.54812147464164
15193,13.411246741071079
15194,9.93587555709278
15195,9.304502896498281
15196,9.698175509240839
15197,10.543657308499265
15198,7.573129732693401
15199,7.838213256241406
15200,14.574549132635275
15201,14.294388677365735
15202,10.225913998395306
15203,10.596498740989501
15204,8.713390542315338
15205,13.265048534782608
15206,6.835954360763575
15207,11.547691877538508
15208,5.34953891703964
15209,14.009710345336728
15210,13.911789848706118
15211,9.87123746996575
15212,9.733773279246414
15213,8.673494492287222
15214,8.051341713672471
15215,4.3907735901490454
15216,10.217112152460757
15217,8.472508541202824
15218,8.921268695578439
15219,12.078090049586736
15220,12.140083983551992
15221,5.487123867832745
15222,9.71691749255781
15223,8.096079406664618
15224,10.915920518017357
15225,10.700635397336853
15226,12.667197554569666
15227,10.224055651525433
15228,9.216141096906831
15229,9.308001421379405
15230,6.481785658246549
15231,12.876238631985414
15232,9.12063183549467
15233,8.76482044496164
15234,5.813961814941735
15235,12.144810245000897
15236,11.223909829424876
15237,10.905307699856124
15238,11.48238804866714
15239,8.435716795963184
15240,11.835261611298694
15241,10.787104445793307
15242,11.848920785004509
15243,11.742192885395134
15244,5.978423262405528
15245,10.223756879225355
15246,11.23732266009624
15247,7.4661063636069835
15248,10.998625283445204
15249,10.147939967168778
15250,8.372364923679347
15251,7.305330874141057
15252,13.903405609523336
15253,6.561608877164462
15254,10.434997507789257
15255,8.506853356452304
15256,11.13067316574377
15257,9.529477264226529
15258,10.35793497285846
15259,7.509664212985969
15260,11.394320123476593
15261,9.346019594822463
15262,7.531127168545723
15263,8.323300934730968
15264,8.353703888736153
15265,9.458242232691966
15266,10.293843956854708
15267,8.877250551043673
15268,7.034250210193004
15269,10.46044589348737
15270,4.509418434984312
15271,10.067383079766202
15272,13.431308482976188
15273,9.982797085055985
15274,11.218812196139403
15275,14.32560371567689
15276,6.837543669568594
15277,10.81671194412697
15278,10.491568695424661
15279,10.05283264218476
15280,6.758152358868914
15281,11.42844567197442
15282,10.603473237963234
15283,9.294762156557143
15284,10.790932982455487
15285,11.504122508642842
15286,8.157883616984872
15287,7.058111088920093
15288,9.971856210830664
15289,8.111443919682802
15290,12.04463252657528
15291,9.965362991537967
15292,7.277591896213832
15293,7.640361539605104
15294,6.135429031274468
15295,9.657912727798353
15296,11.130374384916891
15297,8.771401957800665
15298,17.205710118717352
15299,4.062354423302816
15300,6.0456102125895335
15301,6.559178931734901
15302,13.798830906990773
15303,11.344024669574994
15304,11.220488839349514
15305,8.39199816563992
15306,10.00220316027822
15307,5.970126253092298
15308,6.790350764893502
15309,9.88640431048412
15310,11.107292800147277
15311,9.270119380523019
15312,10.976903154904804
15313,6.649115274329898
15314,11.53883962766753
15315,11.188588653685933
15316,10.406773574110455
15317,10.484000531381845
15318,11.079219802433876
15319,9.63120946625364
15320,11.373310651686683
15321,12.126312968428941
15322,5.48855361798665
15323,12.372212180532351
15324,12.565854413754831
15325,5.377725387013998
15326,6.891012275844146
15327,4.324318899519301
15328,12.433541014965773
15329,6.847271990262392
15330,6.697155185632486
15331,10.581015176861104
15332,7.714807654777566
15333,13.161937608758466
15334,11.314686699247776
15335,10.758777486809784
15336,15.745357157105433
15337,10.345616694932227
15338,9.76844414915933
15339,11.522443360112625
15340,12.274149713842775
15341,9.885385277060761
15342,10.100864835221092
15343,6.8476499817741905
15344,4.328997946813269
15345,12.493716638257165
15346,11.554514627362142
15347,12.701443750902584
15348,11.083129207009204
15349,13.033833343540163
15350,9.990670503187769
15351,9.916166657716989
15352,15.958950487811332
15353,7.817970113164936
15354,9.959153310666576
15355,9.457840066606575
15356,13.043964184993111
15357,11.989447153631449
15358,11.442446344058588
15359,12.537912043067635
15360,10.757036712844082
15361,4.257642710021134
15362,8.924322510486085
15363,10.778691972109256
15364,7.63457417992335
15365,6.4418461432427465
15366,13.613668440689464
15367,9.83038876427301
15368,7.080423804915666
15369,15.286821154208383
15370,8.036945760336152
15371,7.600529922663996
15372,7.892865735395075
15373,7.175737096618889
15374,10.85807913774726
15375,7.780519293680989
15376,9.54702154217191
15377,15.259312720721157
15378,7.759098609049656
15379,10.002929096637589
15380,9.73169987840945
15381,10.497364935594238
15382,8.699835142759197
15383,10.70482617927439
15384,7.867810538286136
15385,8.772889354392948
15386,7.672661122656841
15387,8.208406089276151
15388,7.444581477564084
15389,12.87900629998567
15390,8.135879682190232
15391,10.680270382408391
15392,10.464871000824175
15393,9.55098232039236
15394,17.994917356469543
15395,5.514740085881602
15396,10.99813106221777
15397,8.030740991573634
15398,11.2387187618334
15399,14.349068422634135
15400,10.940130883059403
15401,9.339312170227466
15402,6.503289749236638
15403,15.19446003094143
15404,8.910736817477892
15405,6.744718328111272
15406,8.825321102548006
15407,9.13023436798962
15408,10.330891630469882
15409,7.716691391953019
15410,11.522019048602315
15411,10.779463741374833
15412,12.963139096398573
15413,10.27712793334329
15414,13.026021564637569
15415,10.258598213218063
15416,10.972406225552838
15417,11.207131861837869
15418,11.451797634096737
15419,10.815543013337965
15420,12.109422814068138
15421,15.68627032069763
15422,9.71846034369278
15423,8.692746713177137
15424,5.427082751449484
15425,9.552918274464691
15426,8.881808922162787
15427,10.271241076104054
15428,10.189663062205625
15429,7.570317135020002
15430,13.30757429286647
15431,7.3615228349350215
15432,9.712081974277496
15433,10.700048728932092
15434,9.521366084875089
15435,7.914019023274655
15436,7.026145515031497
15437,11.240236960817638
15438,9.735374607004182
15439,9.805499705441264
15440,10.857429951571353
15441,9.172497301455497
15442,7.474250053209452
15443,12.616336413886057
15444,9.967149872022935
15445,8.706303269737791
15446,10.68586933459028
15447,6.597221629216884
15448,10.865309761974373
15449,5.532888944749267
15450,9.401938787778064
15451,6.539844923849096
15452,10.431401327464396
15453,6.856008311092559
15454,7.48502023377547
15455,9.159416469010036
15456,13.076000834916524
15457,13.067095748100822
15458,10.414836959917784
15459,11.106279057653978
15460,6.265779826443834
15461,10.126108897000737
15462,12.628168482636797
15463,15.182336389736827
15464,9.781858580682297
15465,10.135400179123668
15466,6.6975612333430234
15467,7.31851698598623
15468,15.48807323215927
15469,10.280969893914001
15470,7.280589466396845
15471,11.559341300897412
15472,8.097302592588786
15473,7.682518807138533
15474,6.960319807018155
15475,11.940231308907487
15476,14.425946413605324
15477,9.155979140278642
15478,11.154137422331218
15479,9.34079839211571
15480,9.820948923682122
15481,11.203290032137666
15482,7.330132144577231
15483,13.248124853202516
15484,9.23212254422991
15485,9.6889540207923
15486,7.66080206278183
15487,11.439644687973257
15488,8.306144174275369
15489,10.3332174052032
15490,12.450618766513806
15491,9.338775822852039
15492,11.49138622938821
15493,10.529293754308261
15494,5.731735318822441
15495,8.434277003598279
15496,11.025550980775144
15497,10.284089197116783
15498,10.28294363242864
15499,10.460224796229511
15500,10.834702694807483
15501,10.47474237683106
15502,7.054381320793572
15503,8.295118898378488
15504,5.437615227641798
15505,6.8010252798370345
15506,13.264372934177144
15507,14.049957963883497
15508,12.43193439606879
15509,9.872577511003321
15510,11.114052074048153
15511,9.066659367271415
15512,9.406299434912682
15513,6.725298823816964
15514,13.90695799030502
15515,7.1920555267549116
15516,16.382209000649496
15517,10.241298183542295
15518,6.824553369366392
15519,8.956383272596256
15520,11.472427439940915
15521,9.103576951439342
15522,13.371083206416229
15523,7.278625953216906
15524,9.754187126169668
15525,10.16447160417706
15526,11.77815112824826
15527,9.058648993623937
15528,18.717820027832108
15529,10.709999675765877
15530,5.35617445930264
15531,10.90009666110618
15532,10.279007497701249
15533,10.10650143039475
15534,10.005316567584561
15535,4.843868862459495
15536,10.923402723128739
15537,13.367561847984994
15538,9.802973655989025
15539,14.22511716681034
15540,10.018387510066294
15541,10.5592348656337
15542,9.400933400639236
15543,10.332963335297592
15544,9.353168464944662
15545,10.656459508146893
15546,10.216868732814099
15547,11.978046372335267
15548,8.423773006564634
15549,9.5789541769001
15550,15.846826639763261
15551,12.69069651448873
15552,11.877228867235708
15553,10.031685682338956
15554,7.563391473018021
15555,6.912082670348301
15556,4.314133496469208
15557,7.792763385310544
15558,9.838919826256321
15559,7.380904555907362
15560,14.396730059380216
15561,10.29950451851845
15562,12.722236720840023
15563,12.145641194308986
15564,10.603700014917013
15565,6.501720517101322
15566,9.964345894487176
15567,10.76128481152607
15568,16.987410900961226
15569,8.652943601778276
15570,9.594881602873963
15571,10.142495031260875
15572,8.66944303244505
15573,7.079855916625409
15574,9.305571391401738
15575,11.414829220703599
15576,10.989445069810646
15577,15.833291816013247
15578,11.614030474461172
15579,14.771452712220965
15580,5.523983043232526
15581,11.678894982609185
15582,11.580410282820889
15583,7.37311588522662
15584,12.271159031637852
15585,9.030704371901813
15586,12.969041787726752
15587,10.60283699399308
15588,14.234496189602936
15589,10.746354001737537
15590,12.005561702198836
15591,7.105919184787484
15592,9.083014659711054
15593,8.872036454392989
15594,10.002896939472954
15595,5.886255022798181
15596,7.642012535855243
15597,14.248818798581315
15598,9.667443125764628
15599,9.66089530082343
15600,4.75505054882134
15601,8.774831671452723
15602,9.138103341561418
15603,6.833836375154458
15604,8.974560042468422
15605,10.649543645399596
15606,6.012980127067763
15607,10.873295800289279
15608,9.817319914281422
15609,6.606230253787077
15610,6.215171632351452
15611,7.510341793673618
15612,13.717474130919168
15613,12.622903867658431
15614,9.661659793522142
15615,8.673938659473453
15616,6.621687918899936
15617,10.811000467171167
15618,14.73140228204726
15619,8.2934506603467
15620,9.920359799103052
15621,6.323579871787471
15622,6.607128150363986
15623,7.31001943309903
15624,7.720974113143549
15625,11.756845268151423
15626,10.418596323345001
15627,16.538348399100254
15628,17.240733882479304
15629,10.556360161027861
15630,9.304016073643183
15631,8.71297389741282
15632,8.62233158648236
15633,6.237254674934451
15634,10.229291032570377
15635,15.62400328451676
15636,11.866918578552111
15637,7.293251302621855
15638,8.33204221936014
15639,10.24562741362173
15640,11.600592329743112
15641,8.765580906605528
15642,9.154744531720484
15643,6.813988862386598
15644,8.312838227684178
15645,10.404157905361394
15646,9.23780575132693
15647,10.388287315893407
15648,10.895687326199464
15649,11.20463213913784
15650,12.765946335669643
15651,16.38441583756271
15652,7.487896110397759
15653,10.139811766454967
15654,6.832094752856204
15655,10.919040299995878
15656,9.648795197917408
15657,8.851323685482043
15658,10.90910484485039
15659,10.953435898305372
15660,11.13562917638566
15661,10.5142866310182
15662,8.07535060780552
15663,11.443519590108156
15664,13.7735913424251
15665,14.737741030377364
15666,11.195313164927668
15667,9.427315526299573
15668,8.910327285068956
15669,12.314227402386624
15670,10.468112496246528
15671,11.171796812931698
15672,8.13472516389194
15673,10.802077709965396
15674,10.08682320111632
15675,9.58684422994191
15676,12.848685619502444
15677,8.851433586885129
15678,11.962351599925231
15679,8.889736470478267
15680,10.251509618919988
15681,7.961722778888264
15682,9.826518816759577
15683,13.8326505235571
15684,6.51395179035122
15685,8.517558849435634
15686,12.230230080353575
15687,6.600747984716909
15688,7.657891395635303
15689,8.147283394738343
15690,12.33917787451788
15691,11.049343587228405
15692,14.628174829774121
15693,7.1060100325903415
15694,10.167649978461897
15695,6.956274189535272
15696,10.59660607976236
15697,12.353476480718786
15698,10.958491096967016
15699,9.876334258767377
15700,9.75411584828573
15701,9.64680281022423
15702,8.284615761902202
15703,11.485105528272191
15704,10.958132512219374
15705,7.193714462621858
15706,8.989045190623415
15707,10.939841733984284
15708,10.144021391397743
15709,12.003689169791711
15710,15.595121178612569
15711,9.986429353835252
15712,10.486318088449117
15713,10.856775494441875
15714,8.216725731697231
15715,7.01651278993323
15716,6.648133361102257
15717,8.005445076655674
15718,12.6809081140751
15719,7.392084105790783
15720,10.11741097990198
15721,11.765425820403523
15722,5.933218240896252
15723,10.807965461620697
15724,8.867916063551155
15725,6.195131499893199
15726,11.5700749721622
15727,10.025367770549684
15728,6.361335314980788
15729,11.453935602258806
15730,9.274678770929778
15731,8.473070126628354
15732,10.918739514477377
15733,9.305700645566855
15734,9.077990367954175
15735,5.820587904471481
15736,10.494660053296922
15737,6.827523616069318
15738,8.8466918017908
15739,10.211394441189473
15740,8.359230193141855
15741,10.081171015550824
15742,9.995945787962459
15743,9.513254540497558
15744,10.20762543533686
15745,14.40277757748272
15746,5.534781142372436
15747,7.179594763582587
15748,9.686744715080017
15749,10.06947695154474
15750,8.873205868671606
15751,7.8690996365218435
15752,9.694178183914907
15753,7.035025814847769
15754,11.043224563939527
15755,10.942625548372067
15756,9.85027731534669
15757,12.05226337129065
15758,9.809210432055096
15759,10.729105778180026
15760,8.552849198037368
15761,9.522913640353233
15762,14.274281070139553
15763,18.74057724659068
15764,8.768915659501747
15765,8.398351790901483
15766,14.266905620565
15767,10.507050741958311
15768,8.978517966655875
15769,10.196705507301552
15770,9.232216518637674
15771,9.127771554415638
15772,10.856333117683114
15773,9.383674829618085
15774,7.623083380619855
15775,11.506880472880841
15776,14.87247216444
15777,7.341727571864681
15778,8.245495685986617
15779,11.652167974246511
15780,7.040399144670274
15781,10.850760158437154
15782,9.940708298408758
15783,5.538955117071568
15784,9.840232295609695
15785,7.735001153004551
15786,7.523629459536333
15787,10.415368832168053
15788,10.917280409087407
15789,9.42087687693881
15790,7.120965060504782
15791,8.702842064560146
15792,10.218373722285
15793,5.244623899667592
15794,10.873829000633819
15795,10.395145822919833
15796,6.309555354862569
15797,9.876980000473628
15798,10.311872050192456
15799,7.220486303035425
15800,13.522624164198735
15801,13.399067497054979
15802,8.386907425794927
15803,4.849627425884859
15804,7.049863209092672
15805,13.922596959650429
15806,9.445570835994701
15807,10.494448215394364
15808,15.736106515328878
15809,10.9699576526518
15810,12.432335458372034
15811,10.72016998823332
15812,11.171103823335173
15813,8.509373186816244
15814,6.444902228417479
15815,7.022462168755139
15816,10.948602349800797
15817,9.891130797839487
15818,10.823669423847916
15819,10.177262574745527
15820,16.884413537333334
15821,9.292395055119428
15822,10.387579357617287
15823,8.756416590739367
15824,10.469363372501148
15825,9.429601464563156
15826,7.411418331426912
15827,7.850991950165536
15828,11.405744343143297
15829,10.791231741493043
15830,9.80870742582297
15831,10.283367010739548
15832,11.499844689572571
15833,16.419172861418144
15834,14.670891718868646
15835,10.22887783885787
15836,15.065082407626486
15837,6.933832394646233
15838,10.208896523596053
15839,8.818207591101153
15840,7.839923565563872
15841,14.097930926902462
15842,7.300126792817294
15843,11.199820610951484
15844,7.016732268335393
15845,15.368879793787357
15846,9.541017206945586
15847,9.370724908590818
15848,9.69651384707082
15849,9.540146532353784
15850,4.78135810945442
15851,9.931072610134542
15852,9.239071809515304
15853,8.807958095580464
15854,8.818563049209843
15855,15.86889482054745
15856,9.757149701983906
15857,8.72713558036861
15858,10.596859521107376
15859,11.073330439778116
15860,10.915838644632522
15861,9.796116233980033
15862,7.973442850797504
15863,9.427764661560808
15864,11.508579631135735
15865,10.723727301993193
15866,6.176660127539275
15867,10.593501918345119
15868,9.181050383372785
15869,7.441235240856409
15870,13.108192910418662
15871,15.143047058963543
15872,8.857465279193804
15873,9.471742139174061
15874,10.754451154754136
15875,8.881604845934497
15876,9.255821336805639
15877,10.406528905964944
15878,9.966045473396937
15879,11.029110906997019
15880,10.58241788956441
15881,10.667791363522504
15882,6.898579811489078
15883,7.265166006662549
15884,7.844122341738325
15885,12.225516461724403
15886,9.187105053394433
15887,7.749738612525794
15888,9.278866926139532
15889,9.831054396235992
15890,11.998789207423826
15891,13.514173883709507
15892,11.13586544217825
15893,7.122172261972638
15894,9.81392256279933
15895,11.333057541172764
15896,9.472682273706086
15897,11.407733117425053
15898,10.343114982335642
15899,10.388798152157912
15900,6.6281229006603875
15901,11.445000421187554
15902,11.150433937524905
15903,8.749630710222078
15904,8.817652597808484
15905,10.938633944864522
15906,13.321986360026836
15907,8.341182075270266
15908,8.756204230262222
15909,10.206048441618586
15910,11.660991034026498
15911,8.52073441810823
15912,10.436638006220388
15913,6.263419981262683
15914,9.617705748626895
15915,10.492635472270567
15916,13.633311298292458
15917,9.535602702234868
15918,11.430750364700888
15919,9.245360850727788
15920,11.654531583245468
15921,8.873919403072279
15922,7.064583704352282
15923,11.808308496704473
15924,9.410193318365685
15925,10.7237218718689
15926,11.271704592361559
15927,11.675396130225314
15928,6.4530649178182875
15929,10.24589717002392
15930,6.002029607702853
15931,7.910460042509909
15932,9.46932997591454
15933,4.821574338634395
15934,10.655919725003454
15935,15.219195735356296
15936,9.450803450540992
15937,10.53551864893938
15938,9.983059335576552
15939,4.477283652341939
15940,7.013578671319437
15941,12.608353767319612
15942,11.302324587427087
15943,9.361578348574605
15944,10.253953053725985
15945,10.370746718317822
15946,9.809019062834917
15947,8.315729855884985
15948,8.21870150166992
15949,9.054494605566145
15950,13.697752267376798
15951,10.854213692956327
15952,6.579712273761737
15953,10.587808581119418
15954,11.584119046728372
15955,9.320796833879776
15956,6.095729029539143
15957,11.51241955255993
15958,16.1157174536536
15959,5.808797998904174
15960,9.733090589848864
15961,11.79989712555532
15962,16.89493483731657
15963,9.760303100692315
15964,10.331829313270475
15965,7.673490422773385
15966,9.793898290955632
15967,7.29408242409175
15968,10.04689948589801
15969,10.892626613419967
15970,11.01193571223466
15971,11.105551779046547
15972,8.107889610483479
15973,10.932905466940214
15974,6.494539262278193
15975,11.675535819875751
15976,10.07606397416591
15977,10.889524506637711
15978,11.211587343139694
15979,7.176895690428118
15980,9.483622209936271
15981,8.245823530188114
15982,11.380574996554468
15983,11.176199215688765
15984,10.382277967511953
15985,11.720668722352976
15986,7.983088247371533
15987,9.26348929374386
15988,10.0719803609445
15989,11.563546082098394
15990,10.127322073952861
15991,8.435821045470293
15992,11.60376461601941
15993,8.102239591778986
15994,10.518789982388679
15995,7.952293153242891
15996,9.493019929857367
15997,12.05127501322922
15998,10.678095358807767
15999,11.298633554988182
16000,12.728308060657131
16001,14.513536002180333
16002,9.845226068908877
16003,14.816355090164501
16004,10.592154162794262
16005,12.737641022528647
16006,10.636576429632274
16007,10.34338634229923
16008,9.52247280868185
16009,5.267246691810001
16010,13.88554138221014
16011,13.178816931653973
16012,6.28576682297137
16013,12.15309697264825
16014,7.1173884397968346
16015,12.752504580236899
16016,14.160552709941857
16017,6.135333149578717
16018,10.576431541073092
16019,7.301442887937453
16020,10.849821410873634
16021,11.49782950918506
16022,14.042452310759998
16023,13.035363502788814
16024,9.815708434249917
16025,11.057543509434035
16026,14.273872426709238
16027,3.96196454058315
16028,5.558323741642246
16029,9.369440486958442
16030,19.520998049659728
16031,8.93388063020193
16032,12.601790767599852
16033,10.993817145857726
16034,13.808567009814713
16035,11.716004454258691
16036,9.97261507040126
16037,10.852543620285033
16038,5.61459919858343
16039,9.320445594911632
16040,12.022917159956386
16041,6.879912397767569
16042,7.126094763160376
16043,10.661777198070848
16044,10.140600454114956
16045,11.26422730893907
16046,14.174765745469216
16047,9.06047173442591
16048,9.663316549543879
16049,10.952227100010093
16050,10.855466575827027
16051,7.252982262548252
16052,12.701114706424729
16053,14.458942248647569
16054,8.430850312234423
16055,17.162338395904307
16056,10.900122003358415
16057,10.562485127704237
16058,18.131590119990342
16059,9.749053154045761
16060,14.096464737817755
16061,6.547960622814355
16062,4.330583950200223
16063,16.940297213157297
16064,10.25761201575419
16065,10.129828240456645
16066,8.692882655753731
16067,9.463768327426735
16068,13.453980704141065
16069,10.435120885795895
16070,9.669746992807456
16071,10.102798219376217
16072,7.3580044890724965
16073,12.613019489460854
16074,11.086955916086342
16075,10.4466469958097
16076,10.473998448491178
16077,8.119449600235722
16078,11.796062890692225
16079,10.039695130604098
16080,9.980570702809441
16081,9.668375852630579
16082,10.554480797920098
16083,4.135537424018235
16084,8.753516554570878
16085,8.28438361636426
16086,6.230657785676751
16087,7.777996732083553
16088,7.933148782610733
16089,7.9388931324537175
16090,13.931348550926746
16091,11.81426006885773
16092,13.09567760845183
16093,13.583438746640475
16094,14.211463653271823
16095,6.577464156719998
16096,7.928833679273513
16097,5.809929064101523
16098,9.847479850223715
16099,9.406980937154758
16100,9.886566240625013
16101,13.314730746410852
16102,9.793829701949356
16103,6.49100609952253
16104,7.80836176274955
16105,8.164914563636355
16106,10.024659621165437
16107,9.396592816698993
16108,11.207986782825909
16109,9.778181397560736
16110,8.168943493077506
16111,7.444729283408683
16112,8.032151107251622
16113,11.53268978474708
16114,11.064244400398014
16115,4.297677927564437
16116,10.46394259079283
16117,10.378638016559051
16118,13.192978166239113
16119,12.350925341290248
16120,9.484932790015852
16121,10.120902150876143
16122,11.104277363226664
16123,7.228157600053978
16124,11.401118346233375
16125,5.590117061079132
16126,11.232857282938415
16127,9.473064644767463
16128,11.266849612227299
16129,9.58951361999812
16130,11.260492739005599
16131,11.107186799030996
16132,9.704042807636768
16133,9.12015711462717
16134,11.61690602128304
16135,7.104941604202275
16136,9.300806953192861
16137,11.719133033909415
16138,7.1507565960318225
16139,9.250306781197066
16140,12.114104713333504
16141,13.408771027269008
16142,13.991510044267356
16143,10.052019512217022
16144,11.163369362913258
16145,8.60148470022737
16146,10.053809287233168
16147,9.274972001603723
16148,5.42118621476925
16149,10.486110295502279
16150,8.449517937999893
16151,9.644065672466224
16152,10.376070293608489
16153,7.365555018400676
16154,9.788030809056078
16155,9.772997134551687
16156,12.251266989310214
16157,14.943405554414198
16158,7.879862987630059
16159,6.788634209917769
16160,15.691505857418178
16161,8.235225004114584
16162,15.002355431579254
16163,8.398085058468602
16164,11.219139727790278
16165,9.894183063759098
16166,7.79368025277582
16167,9.718529625376078
16168,8.332241111943013
16169,10.525645897437082
16170,14.412423529459481
16171,6.067252766579781
16172,15.147829273417118
16173,11.442137696558758
16174,7.10134552909087
16175,12.904948723486392
16176,4.687053240402642
16177,10.121982397263585
16178,7.482585316140915
16179,5.475325938233436
16180,8.98564257879089
16181,9.811169516758223
16182,10.450531472497225
16183,10.63435759775679
16184,9.748752768693201
16185,6.680224083226451
16186,9.838176644631437
16187,9.439243067982067
16188,10.478118065584724
16189,15.60188428420372
16190,4.47172824492654
16191,10.359963175601926
16192,9.93353368698656
16193,9.709318912943477
16194,8.300769691462552
16195,7.808477536766436
16196,13.15228337453616
16197,8.479785285218107
16198,10.282871259170289
16199,10.090511255312284
16200,11.961372450502356
16201,12.832766724473428
16202,9.766184857141667
16203,11.372935745734793
16204,5.259698002464821
16205,11.139738677744722
16206,9.78192756634714
16207,13.264456075791145
16208,9.958519528703183
16209,8.932734784408312
16210,7.587582062738395
16211,3.911309972607069
16212,6.860115631935459
16213,15.183434060810583
16214,4.6911625486366795
16215,9.695641029469357
16216,8.536909101325037
16217,13.645295579998187
16218,9.229795218723932
16219,10.212648801181786
16220,8.030537141329035
16221,7.65964936167973
16222,10.896550081134666
16223,6.61142533983535
16224,11.043684603476066
16225,10.770651161254499
16226,6.243859846584669
16227,11.737495129265367
16228,7.7897208533242095
16229,5.3032459486413615
16230,10.485527238729047
16231,11.189049759400536
16232,7.1241782418663195
16233,9.798773354694518
16234,6.855805639017281
16235,6.451153122756037
16236,9.082121749592073
16237,12.092955116030694
16238,7.414144113755828
16239,10.302622069605619
16240,6.486995248166739
16241,7.424304726715773
16242,8.595887715182453
16243,9.970854935564471
16244,8.056205603135666
16245,5.6472014519771
16246,12.450598320082124
16247,6.571236240260691
16248,14.156518381540733
16249,10.828584701517862
16250,8.88641875436471
16251,9.939029769900822
16252,8.754784416805736
16253,9.954692602631775
16254,10.218945286324416
16255,8.705887225471876
16256,11.887054093564831
16257,7.969338853759245
16258,11.098337435720945
16259,14.241950962071947
16260,10.57476204131526
16261,19.392353725686913
16262,10.322414020970541
16263,13.514581899759563
16264,13.791804054674785
16265,11.708823675878126
16266,11.220777371321557
16267,10.20804556072088
16268,9.90577198485148
16269,11.739847333292927
16270,8.953921611740041
16271,14.850482826135757
16272,8.66701038829796
16273,10.51411479302444
16274,7.554929646997413
16275,9.187263242230637
16276,7.586256633453133
16277,6.958750726912382
16278,10.276798030177375
16279,13.132034249414414
16280,11.572193876182093
16281,7.9523790217521935
16282,9.166602600379756
16283,6.971292893601892
16284,9.151478785504427
16285,11.652167266719545
16286,7.888721110381601
16287,6.60507806724863
16288,9.864936957249338
16289,9.746271348560754
16290,10.375984516841404
16291,9.717359607164228
16292,6.179697281170612
16293,4.301430223526756
16294,9.338178015744438
16295,6.341770739784223
16296,12.515529278754801
16297,13.424933347108011
16298,10.774189027638855
16299,10.194380535929081
16300,7.862788045176991
16301,7.654059298753051
16302,11.612041231348531
16303,6.096802202178042
16304,10.629016899916323
16305,11.020003824644776
16306,3.9439537241822897
16307,13.949307441499345
16308,9.745313798862352
16309,6.829428669133249
16310,7.347800862768317
16311,8.634468189735413
16312,6.144052108195701
16313,11.208563528722273
16314,7.630371991122554
16315,10.637774101654877
16316,10.754654413736812
16317,10.215500206948137
16318,6.491576181397402
16319,9.385434176920185
16320,10.327784723036803
16321,12.821399459734442
16322,9.843075263380921
16323,10.577097250954456
16324,9.946914768062252
16325,6.204743687826892
16326,11.670973050586765
16327,12.080224559810896
16328,7.4479771957203695
16329,6.579444001767125
16330,7.727607359482973
16331,8.708805220904296
16332,11.680615660474134
16333,11.214157365501144
16334,13.065184811945945
16335,13.09450950076447
16336,10.546912453208648
16337,6.210708116460984
16338,8.89312205243591
16339,10.943254112726798
16340,10.642828731916527
16341,7.7019482199516025
16342,15.366492136916348
16343,10.992773014384756
16344,10.515475020338538
16345,10.770671075425916
16346,10.001607626087504
16347,10.278667419224838
16348,12.106027505527244
16349,15.37941094068702
16350,12.941318608187949
16351,9.06096146300268
16352,11.322702265976645
16353,8.407590431483435
16354,10.690422052113453
16355,8.23934454962813
16356,9.52952598114872
16357,11.099065693597865
16358,11.562437226815405
16359,9.475258180844254
16360,10.564400700359165
16361,6.447478097995383
16362,9.558593975237258
16363,15.153535189596077
16364,9.932742407836269
16365,10.0898760509506
16366,9.16110528050441
16367,9.947272897749427
16368,7.563321843837706
16369,14.72364838126829
16370,15.416103658862582
16371,6.689542387372256
16372,11.749586933823348
16373,9.05544249045356
16374,13.314329390153688
16375,9.15728773478697
16376,6.638304779584228
16377,10.384302141173587
16378,6.369097449097118
16379,12.323007617641952
16380,13.551852416415905
16381,9.369684258022037
16382,12.8940328620635
16383,9.469578219825898
16384,8.250458997805811
16385,10.15188731451398
16386,11.797435112302857
16387,9.448610999894457
16388,8.157273943459588
16389,8.105967451038218
16390,8.544889711139112
16391,11.518800089917775
16392,11.43023150859717
16393,10.091497665896219
16394,10.233555251392728
16395,9.273951953585739
16396,12.021921586404508
16397,7.933700843388095
16398,9.997243539265906
16399,6.439398410350794
16400,12.38869710992228
16401,14.683950501889118
16402,10.284364475665111
16403,11.736204875255499
16404,12.874321618099659
16405,7.17518135851234
16406,15.543567973153657
16407,10.387675291827222
16408,11.288118570378955
16409,10.711277635982222
16410,10.708624880124436
16411,9.3569556064645
16412,9.253684645346823
16413,10.227070319394489
16414,15.203752574450434
16415,12.180841512816247
16416,11.136842568901335
16417,10.52819448537662
16418,8.6099822355716
16419,7.3597650753167505
16420,6.151556961762566
16421,7.960773728227583
16422,8.75769543817627
16423,10.387877041040063
16424,15.939184543877833
16425,7.368236965161232
16426,10.669344271273058
16427,13.439736975364855
16428,11.905512174460062
16429,5.277684464987818
16430,7.717963106974268
16431,10.837653396338066
16432,7.356047069776432
16433,8.449503219881027
16434,5.27839886452583
16435,7.515989388197993
16436,7.620186429234343
16437,5.517660247710498
16438,9.880454322529143
16439,8.652881642153938
16440,11.210968769779836
16441,9.809348477365237
16442,8.912760316897426
16443,11.44005011675411
16444,11.925272541618128
16445,11.83732192970401
16446,10.433044952205286
16447,5.000548485682354
16448,7.97247343093748
16449,9.82203943206995
16450,4.793393170088918
16451,8.340947901121924
16452,9.605696821810376
16453,9.32443824101735
16454,14.675836932600292
16455,13.072147829074405
16456,14.171119717946388
16457,8.184006160456953
16458,8.917850404489183
16459,10.151973698590144
16460,14.9931683428747
16461,13.827887442860558
16462,11.416378383442183
16463,5.633942309452619
16464,7.411010074081798
16465,4.720012264851004
16466,11.174381546952787
16467,10.0678518545486
16468,11.705630005797572
16469,10.995280950769843
16470,8.185192466272731
16471,10.080428668926851
16472,14.203522878860571
16473,6.942557002360143
16474,10.206303415956471
16475,9.699596765304525
16476,9.470667161012107
16477,6.150793111964554
16478,10.207489206982796
16479,6.614282433343973
16480,11.057557851627887
16481,7.699898277731222
16482,10.735045137399494
16483,9.379453770443307
16484,9.92033756917717
16485,11.617692154493962
16486,10.84794652585341
16487,10.404236083916555
16488,8.415033948277983
16489,10.697827621595838
16490,9.25989818655565
16491,10.016880791397764
16492,9.414743373233744
16493,10.416032358680836
16494,10.505062413477944
16495,9.868392186715347
16496,10.384062434909922
16497,9.096498045000057
16498,9.311197282554126
16499,10.504290162523713
16500,10.395824326314226
16501,12.465139672133406
16502,10.625654870115095
16503,11.365533218731308
16504,15.604943215358581
16505,8.669962493841401
16506,6.699968471938865
16507,8.29522365318121
16508,12.849704166004976
16509,5.538800028635687
16510,10.731200071887313
16511,10.5443947722035
16512,8.881665882939245
16513,13.9202417241298
16514,15.850770603050972
16515,5.524332597004859
16516,11.753565245662173
16517,11.9508676383957
16518,9.554389769337472
16519,7.486397132293088
16520,12.466523740525489
16521,7.0170415376114565
16522,13.079679995775544
16523,11.92883189874236
16524,10.781911306086682
16525,5.469642001933169
16526,7.2222170168364475
16527,11.125130955849205
16528,14.093780967171568
16529,10.400932247920235
16530,7.1863764765540115
16531,11.596871507421294
16532,12.713853762119843
16533,13.00559079212165
16534,10.510455850018602
16535,10.255390280158327
16536,8.695082780774781
16537,4.920270186705698
16538,7.701886932950649
16539,6.4667122126413314
16540,5.688813462122106
16541,10.014434147777305
16542,6.3062923459886004
16543,9.119290208811325
16544,7.532388572710199
16545,7.349063296691211
16546,7.272982492510948
16547,9.742178753986291
16548,15.02548214528837
16549,7.763343214916227
16550,8.455558670688472
16551,10.860325413377982
16552,10.155044033455145
16553,6.564868767531148
16554,5.653425862485605
16555,11.721392699419273
16556,9.510012924350782
16557,10.568551769122326
16558,14.102001562776836
16559,3.9716197782406404
16560,9.4507919129837
16561,10.467826018593769
16562,7.657051043015026
16563,11.13170146221726
16564,9.922034011970446
16565,14.800414677478306
16566,11.429909968205646
16567,7.1397668446674185
16568,9.807310278905575
16569,9.879420874014118
16570,7.052206393046536
16571,8.30563107660047
16572,7.372428559873282
16573,8.461734694922669
16574,8.59146329953975
16575,9.79389951155653
16576,12.901643473958105
16577,8.669587787170009
16578,9.921807791574254
16579,9.363311911551534
16580,11.791984963351744
16581,18.335041021284898
16582,9.481295993774765
16583,8.729429979686227
16584,14.222010120396796
16585,10.08600304100379
16586,10.198153088754426
16587,6.5734477139858996
16588,10.41817056912361
16589,9.781629673837427
16590,6.306685155664421
16591,12.541129033392046
16592,12.839720395644886
16593,8.439764603407234
16594,9.254946678676008
16595,15.28857824703551
16596,9.636929744402607
16597,11.856981265564254
16598,17.90626521468271
16599,9.23608815813413
16600,6.275273883466578
16601,7.474713016571806
16602,10.590519390851567
16603,8.156069127152794
16604,8.096552917002791
16605,8.741298798379571
16606,8.974637965430437
16607,6.227537607373041
16608,15.018685057627554
16609,10.352017280887328
16610,11.558358896002659
16611,11.929882000210725
16612,11.381916443905633
16613,6.721092125974845
16614,9.619801522185053
16615,10.050735638538317
16616,13.461439658545201
16617,9.936988790234398
16618,14.786160641125234
16619,10.245087811775791
16620,10.522119134274686
16621,9.594821294787081
16622,9.857259602818838
16623,13.133849918535049
16624,12.467025529117127
16625,12.741715337176073
16626,13.86575879733162
16627,11.487596284408703
16628,11.205362962828417
16629,10.776721190581648
16630,10.592266376092104
16631,7.336136892420865
16632,11.005059276729723
16633,9.484306957849416
16634,11.480845725720433
16635,7.958597338660439
16636,13.783333278216078
16637,16.084880379876264
16638,8.819941237708424
16639,13.1470833392572
16640,15.779247307866651
16641,9.725698247232309
16642,10.516610223504046
16643,12.852915233039262
16644,9.056960168848814
16645,9.671538024526823
16646,9.049981063244154
16647,11.293456877586893
16648,7.865806361416379
16649,7.125654374726109
16650,10.830160330443537
16651,13.783151251361488
16652,11.067138745463325
16653,10.931242272602008
16654,7.408713492085977
16655,12.270747371944251
16656,12.788218737019193
16657,5.339406344455677
16658,18.125013069060653
16659,9.092066744123766
16660,6.9717247587400735
16661,6.900638210416442
16662,9.419825423873924
16663,10.280869771951453
16664,11.148439589598155
16665,11.324150521714392
16666,12.35132885252883
16667,9.201233608480859
16668,9.919594912876263
16669,9.144242030518726
16670,6.547279880779872
16671,9.760985153022698
16672,7.909183074763602
16673,7.8486980014133465
16674,13.213157362963216
16675,8.865430533533985
16676,11.885759339946572
16677,10.900770039750967
16678,9.04074529865397
16679,6.573287998340987
16680,12.047690084109902
16681,8.30187273836151
16682,8.115629838860748
16683,8.66544777803676
16684,13.165566557117483
16685,11.604023790928906
16686,10.464638695735289
16687,14.948626938572563
16688,10.273185168381936
16689,10.850705857732473
16690,8.158571594958197
16691,6.280623482605952
16692,9.228615600852114
16693,7.118796472222858
16694,9.462477143617203
16695,15.32645832620475
16696,7.675476345801849
16697,5.213881350857815
16698,16.243834235600453
16699,10.929601459587749
16700,7.448046047951562
16701,4.744267707376592
16702,6.878853700813819
16703,6.213133379687767
16704,9.169436914106875
16705,9.558685309523886
16706,4.412646856832372
16707,9.249509207870021
16708,7.821333844740252
16709,8.56190175854275
16710,10.249960797066814
16711,10.178577873717211
16712,13.265988365264581
16713,11.499111499046254
16714,10.503587007157387
16715,5.851622047722071
16716,10.906197511119313
16717,11.914160448188099
16718,10.912134775591081
16719,14.279228209898946
16720,11.926203912120108
16721,10.40780593591905
16722,16.8039614586141
16723,12.664197877691949
16724,14.148944299983086
16725,10.990389874737016
16726,9.39789623682384
16727,14.275193449125815
16728,15.332801069327054
16729,10.689179069489311
16730,7.217553217099821
16731,12.312163636571068
16732,14.267271582653017
16733,8.767542951073542
16734,9.633109932872383
16735,10.086962074434997
16736,9.941262491400622
16737,9.220831940364898
16738,12.154350302402007
16739,9.898924090905059
16740,11.810765702945526
16741,11.523879881513318
16742,8.364141960028041
16743,10.686256825082147
16744,7.040580855483867
16745,8.975186140858465
16746,9.911842467393608
16747,7.140041713330203
16748,9.547710457759692
16749,10.757567524027248
16750,8.403486380215277
16751,12.985643877762294
16752,7.870563225583789
16753,5.6925275364811245
16754,9.570567431927055
16755,10.670542248428042
16756,6.545524601247901
16757,10.512227041440529
16758,9.431270953844498
16759,10.966569175862265
16760,7.614402822257963
16761,10.43656195961567
16762,11.846316005073227
16763,9.588026431203822
16764,4.9590557360069205
16765,11.751296891177269
16766,6.57968355750741
16767,9.396787278679838
16768,8.207173094470651
16769,13.311235794299101
16770,16.326197813793726
16771,9.254497377010878
16772,6.378901583512556
16773,11.649864059984122
16774,7.940325898721092
16775,11.842945094385097
16776,9.298468827179619
16777,6.196699641705263
16778,11.335505964110641
16779,8.401596807440402
16780,7.093128816428848
16781,6.964567998338032
16782,8.84908981504686
16783,8.645399008999913
16784,13.830165602086662
16785,11.83628777344654
16786,4.734030521298219
16787,8.752071312535344
16788,9.534748690646012
16789,6.520164349830361
16790,9.46192416733647
16791,10.964427664105166
16792,10.868565528606807
16793,10.13025038994298
16794,10.769769642490296
16795,8.339206901608636
16796,10.590151694929405
16797,10.048062285759041
16798,14.044179966864618
16799,10.030663266596795
16800,10.71542076274909
16801,14.407640780452898
16802,7.483758775405551
16803,9.150111316227246
16804,8.595500221357298
16805,6.693314073651598
16806,11.584615539497698
16807,11.772823690248435
16808,9.798785578948046
16809,7.662512700014813
16810,10.096332310241866
16811,9.734041214103637
16812,14.016411269753487
16813,11.75221610223177
16814,9.586777087568148
16815,10.163822824228738
16816,10.697939404105014
16817,11.779333855900433
16818,9.973901456512984
16819,12.241661346669424
16820,8.253179082860871
16821,10.126246443948734
16822,7.237356993405801
16823,7.241378644042435
16824,7.48245344974468
16825,11.170418326554731
16826,8.146330162649651
16827,7.6302739408051234
16828,9.644784806681878
16829,4.594494465954824
16830,10.629150581885972
16831,11.071627405684719
16832,11.869230070468445
16833,7.4336967994710985
16834,9.445012855940892
16835,10.00754803010226
16836,8.567271141153768
16837,8.893840746920423
16838,8.987746776761908
16839,8.772419681642724
16840,11.746795468708218
16841,13.135807592069643
16842,9.799578847449952
16843,11.316951595923744
16844,6.726851751926967
16845,6.5257987318963195
16846,7.449486910371776
16847,7.329392108056257
16848,14.472543710427182
16849,10.849964244682397
16850,12.664413562185576
16851,12.702385291538842
16852,13.234562753171534
16853,8.985217662692211
16854,6.512910822533089
16855,12.349639288357864
16856,10.592610168928243
16857,15.665750147788998
16858,12.733938855215387
16859,7.1153282102388005
16860,9.613976012029479
16861,4.368917960977489
16862,10.6037639589009
16863,4.082070121517477
16864,8.314947017444187
16865,9.981558674881999
16866,4.284025872667664
16867,9.730944561816926
16868,8.873279580972012
16869,9.461597655070367
16870,14.064952794785013
16871,5.303588957696194
16872,5.521398629670237
16873,7.802613720533865
16874,7.00575183035146
16875,9.939453813833289
16876,8.86244452533583
16877,9.107642034229379
16878,9.841018701538333
16879,10.16244298331764
16880,8.417116974372016
16881,4.597651281379731
16882,7.542312505686975
16883,4.149527390944909
16884,12.177057309650607
16885,6.470765064449602
16886,13.248432910114474
16887,15.848386203858983
16888,8.504839913248787
16889,17.79962454968161
16890,7.757726797713975
16891,9.343788486575768
16892,11.298819618713768
16893,17.58975225443914
16894,10.506216768782245
16895,10.483937330218584
16896,11.108660455823262
16897,11.94851146935666
16898,9.434580836746154
16899,9.88041271330165
16900,12.507742928819944
16901,9.336924280202679
16902,8.826882207083347
16903,4.5354303111709875
16904,12.941014744476783
16905,7.691724157099554
16906,11.28450601197127
16907,11.966741242248787
16908,7.415985605800962
16909,6.796370692244121
16910,6.877303387060918
16911,6.701734618698342
16912,12.001597275214081
16913,11.036155086955745
16914,9.11259092414774
16915,7.160125455078059
16916,14.708989246106931
16917,15.809629744115828
16918,7.4916454338800005
16919,9.93885160755493
16920,6.877317533030981
16921,10.16780908273271
16922,7.239253298960651
16923,9.623974906136702
16924,11.17823641454851
16925,11.919919546078665
16926,10.453910343548683
16927,12.634284452532999
16928,7.213740021872173
16929,7.053120978125374
16930,11.188275199842009
16931,6.017110038214522
16932,9.114894163910172
16933,9.24150563516746
16934,7.569433023541558
16935,15.094770821982417
16936,9.383911785123992
16937,10.45803543555019
16938,8.472421451477672
16939,6.67147398852093
16940,10.661288198104499
16941,8.101208411401789
16942,8.275299518337686
16943,13.208858139143143
16944,15.355296352909127
16945,10.02941068581347
16946,4.520968706443064
16947,12.302979170864635
16948,8.374943081320454
16949,7.133314157456086
16950,13.141462563217129
16951,10.163328785542864
16952,6.955283761960602
16953,11.764183453162188
16954,7.826079776122114
16955,15.358999352001995
16956,11.832269247704911
16957,13.347670638477943
16958,13.683388433931452
16959,9.51452523222875
16960,8.527358852795551
16961,10.29991875598918
16962,12.366110812848989
16963,19.148940927378536
16964,9.095852430197173
16965,11.956801944461105
16966,6.368822429096374
16967,9.88974661460901
16968,12.555464658483
16969,11.64992666268512
16970,12.136648924362337
16971,16.458464906845858
16972,11.185792952726917
16973,9.78991560110407
16974,10.611566552721506
16975,9.252699470220152
16976,10.765754937651803
16977,13.805448564595142
16978,10.874724423679647
16979,10.150189305781993
16980,8.001390956261364
16981,11.751879866068958
16982,10.35782126097816
16983,12.596236319593816
16984,9.122529585992698
16985,6.938598893376831
16986,7.192084133737201
16987,10.398482785923353
16988,7.795009169004889
16989,9.288353354200066
16990,11.467977094000087
16991,8.966935115582183
16992,9.37944541755989
16993,10.961591419259307
16994,11.86387281930616
16995,9.760025635471532
16996,10.308710632358828
16997,10.598986638377093
16998,10.400249761164265
16999,13.199818052890791
17000,10.228639769952395
17001,13.27789102491068
17002,10.400582910653368
17003,15.507704175867225
17004,11.517437456579252
17005,12.128410327924408
17006,10.735134155558784
17007,5.235650258059041
17008,11.847419074711606
17009,6.213912362099379
17010,15.715917434875708
17011,7.50550787627809
17012,9.007292582422762
17013,6.702702838682833
17014,8.3628499297295
17015,7.793496625587663
17016,9.360487448077816
17017,11.987233228452329
17018,9.477881830354203
17019,9.290337280673086
17020,5.530758235034273
17021,7.560206964423941
17022,12.866988927942524
17023,5.8325325468057
17024,11.296651685950277
17025,8.893863133980208
17026,9.324798564554161
17027,10.354533334546382
17028,10.629254255699971
17029,8.480337446364839
17030,14.547819557835146
17031,5.517356444781037
17032,9.12660892039235
17033,10.073282807960142
17034,11.601772549133443
17035,12.528583552503056
17036,7.709876704834149
17037,9.938700696316856
17038,11.203356503511728
17039,6.498449715129841
17040,10.489636200758923
17041,9.664001018064758
17042,10.297842513627526
17043,10.966829727287323
17044,11.180638756895611
17045,10.607147696942098
17046,9.951871801948233
17047,9.934112939934803
17048,7.053981541724402
17049,11.614355281012738
17050,10.600039506418533
17051,10.03849966995324
17052,6.935215032625662
17053,14.939623911073241
17054,9.532119381136903
17055,10.746966190016371
17056,8.429323784583067
17057,10.820611291922773
17058,10.856044574718599
17059,10.906133627918727
17060,9.92535807843077
17061,4.685022438988728
17062,12.603858252275753
17063,15.982391901536474
17064,9.58690215654861
17065,8.917780808562128
17066,9.85559981344137
17067,8.600661049378232
17068,4.755311555448111
17069,10.34570813899673
17070,9.885456162170495
17071,7.685625147560178
17072,10.313527922816343
17073,10.238507111661427
17074,11.181615066581495
17075,10.999139756387326
17076,10.264748182717128
17077,14.590003455901202
17078,7.669063915898042
17079,9.632295629829533
17080,10.431420891486518
17081,12.768734980034004
17082,7.20995190699533
17083,9.832594211118462
17084,13.010036226555297
17085,7.6662770388641395
17086,7.569176990683117
17087,8.45782237291388
17088,6.875567247917856
17089,9.19975835520666
17090,9.832821686766732
17091,13.798480681564815
17092,13.078784609660312
17093,9.747557938983235
17094,10.936584879725281
17095,7.8287306185054995
17096,8.057077038352798
17097,8.277867634043515
17098,4.8175598121470875
17099,10.680650208081506
17100,10.033864964320276
17101,9.68436920215368
17102,6.104147605965386
17103,8.142952624955782
17104,5.230980069717177
17105,9.375245698032225
17106,14.423142890772
17107,10.881461832574082
17108,11.76418483413494
17109,11.105802416000946
17110,8.333456669770069
17111,12.272523657734059
17112,10.890846104668793
17113,6.571778717581315
17114,7.499934168087685
17115,12.083705740446794
17116,11.327222783730424
17117,12.365879201254744
17118,7.485545292273436
17119,7.7491682197611444
17120,19.56981232598458
17121,9.163706159923958
17122,11.166783817026705
17123,6.783517007966504
17124,8.762117217537073
17125,9.750983017843321
17126,10.903294251225692
17127,9.979122361388281
17128,9.345000866467025
17129,7.620645977293693
17130,8.72630434732632
17131,8.472304938758285
17132,9.109503837814717
17133,11.881252267659862
17134,8.331818954660397
17135,7.317600266973321
17136,11.396451381599723
17137,12.295782132801733
17138,12.581742660106055
17139,13.311416054042807
17140,10.55299508866192
17141,14.767635026371947
17142,11.245840368855609
17143,7.009876469735381
17144,7.88290848036808
17145,7.242300074247531
17146,13.126393058414683
17147,14.470421866497157
17148,11.038485936805266
17149,11.407286955398568
17150,5.197225152706523
17151,6.517524551247454
17152,8.398674075261855
17153,8.131372585049794
17154,16.550688929792685
17155,8.639659179467516
17156,5.746629028614013
17157,8.2961987620954
17158,11.62019233393881
17159,9.477117024409143
17160,13.242330227236517
17161,5.28340941577202
17162,5.590443315913664
17163,11.006371180715718
17164,9.868152166780796
17165,13.434584095648244
17166,7.894786907508017
17167,8.623444948325698
17168,9.091721972010733
17169,14.559773354095
17170,7.9150473312591405
17171,9.379500750149054
17172,10.00503562222411
17173,7.77463564572944
17174,4.176285481195386
17175,6.59147054081215
17176,9.776081896047867
17177,7.86912800010578
17178,5.430158376596854
17179,9.677286351685641
17180,11.939055507182077
17181,6.035496423854484
17182,7.713405983832545
17183,7.920577712665763
17184,12.443716598238375
17185,14.458589874828586
17186,9.15812683119627
17187,6.645961198216378
17188,5.338400348080345
17189,8.935957060379383
17190,11.197998407471978
17191,7.846099961786178
17192,8.927752163255061
17193,8.937182291111919
17194,7.951506921376591
17195,10.517127296250003
17196,11.383206597177587
17197,6.541362116072005
17198,9.912610717648798
17199,9.317680150237496
17200,11.210977090779256
17201,7.104964644197276
17202,10.058458712908761
17203,7.74507210564917
17204,8.10381965991305
17205,9.85358378923278
17206,7.7190156633155524
17207,9.071993035121542
17208,7.8067320159024245
17209,9.441526534271757
17210,9.528274435254353
17211,9.930673661107255
17212,11.061763496796988
17213,9.894263023328271
17214,10.80295894106915
17215,10.09864645983702
17216,9.198824995514032
17217,10.622628785701902
17218,7.465330935498598
17219,7.844706294403689
17220,12.202295554902083
17221,10.969583687732895
17222,9.457311629458685
17223,11.79954027634166
17224,7.377580874804189
17225,10.12381036941694
17226,6.2921941859993975
17227,9.23593524293291
17228,13.108902967543129
17229,10.940935214632448
17230,13.056166606300042
17231,15.834127307367396
17232,10.204894177823064
17233,10.922716410012054
17234,6.611618919740604
17235,10.94015764849481
17236,11.639837606525926
17237,10.22554872545277
17238,9.235987567391518
17239,10.776500614630589
17240,7.132422081191689
17241,9.801310589346693
17242,10.79919732977103
17243,9.230639539376995
17244,6.932717446110518
17245,8.661433346926522
17246,9.81274712378406
17247,9.22351243911639
17248,9.696804772008644
17249,7.915607408272413
17250,7.0710698542470425
17251,11.364298616291885
17252,8.888139480799516
17253,7.252963761026514
17254,12.873853582007694
17255,17.835492491576073
17256,7.513686336413112
17257,11.57670552841551
17258,9.438979213317797
17259,7.673457558680706
17260,13.046470109441621
17261,11.394514058848191
17262,10.690142168075978
17263,11.506729646530182
17264,9.738076299178127
17265,10.56802675716893
17266,12.63732358131131
17267,6.82835283066183
17268,12.290020855249988
17269,7.149555926071982
17270,10.322003935924318
17271,11.22127039064489
17272,9.906352267887986
17273,6.46158424001716
17274,5.2053999676507985
17275,10.39410993101517
17276,10.058033200390085
17277,10.998404438262485
17278,9.243343015862054
17279,8.782297078319898
17280,12.787145303628733
17281,11.85748296884695
17282,11.000937538758404
17283,9.066381712278337
17284,10.726125761918988
17285,6.811246989090754
17286,10.973602411501602
17287,12.265257605493682
17288,7.308015027851389
17289,6.715883392411933
17290,8.245595646178794
17291,11.160710697908335
17292,12.862194807728333
17293,13.819052529054833
17294,9.703731135992683
17295,10.181321470634105
17296,10.716107764848793
17297,11.29588441504384
17298,9.043836760982785
17299,8.953092060457777
17300,11.245489414872054
17301,9.720636571474515
17302,12.380222468912232
17303,10.504739281586842
17304,11.456210915773426
17305,8.093187837734744
17306,7.243558251398089
17307,9.696315630187794
17308,9.66038206136206
17309,9.817811141775636
17310,7.0636895159953035
17311,10.704095695068295
17312,10.19533006333251
17313,9.944303807324752
17314,9.267069303069665
17315,6.561175490035737
17316,10.119881747824781
17317,7.208609166302999
17318,9.387273946667197
17319,9.32307365194608
17320,11.084708325149368
17321,10.701189792661605
17322,10.052022138680233
17323,11.122093802403711
17324,9.327237810561071
17325,4.141010102743948
17326,6.342275937645458
17327,12.404610902116161
17328,13.617030356493004
17329,8.397109080529013
17330,10.159144017400799
17331,7.311013312893566
17332,6.5801787048413605
17333,13.048718053039149
17334,8.7157406022129
17335,11.376823717613929
17336,13.579112096683712
17337,9.034607361776017
17338,16.197599220483504
17339,11.318608768882742
17340,16.448641337371242
17341,10.021824995681373
17342,13.748418529222347
17343,10.012401346705216
17344,10.653814025157008
17345,12.198160210777532
17346,18.99004486898994
17347,9.623655554978564
17348,10.97260226139511
17349,11.673513771506197
17350,9.651645455898201
17351,6.310722070244575
17352,13.216174464139606
17353,8.613563791729831
17354,5.797840075899916
17355,10.864797958899754
17356,10.073970172026698
17357,11.64253146611049
17358,9.870075786935615
17359,9.969223229250062
17360,9.004121002657175
17361,14.816019178693393
17362,10.043080504776478
17363,13.875537958597876
17364,11.908000690198621
17365,10.561024823582109
17366,9.515683257248302
17367,9.284272141965758
17368,6.393109973166443
17369,12.909609451331193
17370,14.410666849401027
17371,7.411892279744926
17372,16.87830016481292
17373,8.493469869705036
17374,7.170118555695838
17375,3.9716197782406404
17376,7.720983901402964
17377,6.675014736890328
17378,15.211228619060067
17379,11.315394213080303
17380,8.985048380008667
17381,9.241786885266139
17382,15.245124249881217
17383,12.117547254045686
17384,4.239910226641242
17385,8.508561910224088
17386,6.6160191696568145
17387,9.013351113836817
17388,10.181162303994125
17389,8.444310729871024
17390,14.50330618094065
17391,10.229942914735107
17392,7.268857283707883
17393,8.619408245898956
17394,8.777151059485988
17395,10.573869687456348
17396,5.999404927880924
17397,11.19760179808789
17398,12.615971568982543
17399,11.185841190559938
17400,7.482967223796679
17401,12.850307951623744
17402,11.790719357514
17403,12.609924024011008
17404,7.909960132038272
17405,7.839004492570211
17406,9.478618995175129
17407,13.526778793988985
17408,7.9057761856826225
17409,10.061204188235411
17410,6.041591668088071
17411,8.318287688784135
17412,11.365059424411807
17413,7.354240560282327
17414,9.701092194742614
17415,9.793907157153258
17416,5.106702376341861
17417,9.210462010703608
17418,11.601763759467115
17419,8.660597272292966
17420,9.318583576361025
17421,9.291156816398095
17422,8.083689474147754
17423,16.05946357932465
17424,8.653515175244518
17425,5.206343723208079
17426,8.639497496860018
17427,9.332574382417171
17428,6.59651694061429
17429,11.059382834783612
17430,8.327830804168128
17431,10.26691332859636
17432,8.668327400147561
17433,9.169771088964637
17434,10.226862526337726
17435,8.090319108614464
17436,9.890956272887413
17437,12.599190478229811
17438,6.756549543936055
17439,8.666304371409215
17440,12.470660274017703
17441,11.210524768882262
17442,10.273317927627227
17443,9.85510075305919
17444,10.622094828890482
17445,19.06578386703093
17446,9.213370713962103
17447,4.287610864182125
17448,12.078746473775539
17449,6.892736661489451
17450,9.944918734044451
17451,11.438957310866922
17452,7.4470398158353825
17453,10.868558522159436
17454,5.030072669269005
17455,12.557026612459932
17456,8.06873117704221
17457,9.590440078889223
17458,7.363094675459985
17459,9.06844106916351
17460,10.474973072270416
17461,10.611333527523927
17462,9.76155755382203
17463,11.667325195052214
17464,6.366271855826958
17465,20.352674831129555
17466,10.893323132553022
17467,7.2333459109832
17468,8.838018143583982
17469,10.454406772631298
17470,10.138528644192363
17471,7.277569773678866
17472,10.482856425064377
17473,9.553081595379009
17474,10.343493699944005
17475,11.723921825925498
17476,11.134339544301294
17477,11.191679454567304
17478,8.526089698968951
17479,11.27051548103579
17480,9.679625152552967
17481,12.945375083146011
17482,11.927869242880156
17483,18.256386483855177
17484,9.17428168013021
17485,4.198673203114057
17486,12.261109463289738
17487,9.395248122299964
17488,6.461372693247869
17489,11.270052550107696
17490,10.043741779317699
17491,9.961429877762024
17492,10.421491607790447
17493,10.939885801968348
17494,9.766611975620105
17495,7.139172436354912
17496,7.689085372580544
17497,11.223603628800959
17498,6.560158654024955
17499,11.795053713476607
17500,10.092590747870528
17501,7.695849824774068
17502,10.250049463147896
17503,8.971649467424154
17504,13.591831246926532
17505,10.167489351763395
17506,6.842106760680672
17507,15.175601181743989
17508,9.691432737566789
17509,6.48505603600504
17510,10.786523942696247
17511,11.793860048486968
17512,13.047191683344227
17513,7.550604219700168
17514,9.032281721996846
17515,8.168617625140476
17516,9.117725408018218
17517,13.977326751113507
17518,10.849661591285097
17519,7.289967784526342
17520,10.190230583452063
17521,10.616206778083603
17522,7.261948454342267
17523,8.754615981983122
17524,7.741715554529929
17525,7.134061412227715
17526,11.460744492023503
17527,7.496772155583053
17528,7.405655747172813
17529,9.993052801242875
17530,14.988644961389454
17531,12.170847449853971
17532,15.933838631596963
17533,8.989632558738666
17534,8.83286890515668
17535,11.731301821703735
17536,11.767402999560648
17537,7.637266322765419
17538,4.048301090432025
17539,10.907147879716348
17540,5.377285486632196
17541,10.896775110616677
17542,8.319524468664248
17543,10.724299268452267
17544,10.380553187677389
17545,10.213434643133528
17546,10.510373266396437
17547,11.354754721145898
17548,8.862096669046313
17549,8.33684630638622
17550,7.7485733184152785
17551,6.517496889328778
17552,8.210141351643822
17553,8.63557321911442
17554,10.969086644265666
17555,13.213466677744211
17556,7.733942825146435
17557,7.109271186121891
17558,13.22407709397185
17559,10.134165533974631
17560,13.215266354415386
17561,11.113604573264222
17562,9.419776405155847
17563,12.136478473845866
17564,9.025568244272591
17565,10.19805748099306
17566,8.547472152713736
17567,7.967085968665646
17568,9.095474731535807
17569,6.654756794764006
17570,13.676724144645878
17571,8.22532995334967
17572,8.468971639163112
17573,10.960528304533458
17574,11.72269850343249
17575,6.326396917079429
17576,10.599237017154483
17577,10.366365373065095
17578,7.84067941256416
17579,17.07221966190571
17580,7.663983157324088
17581,9.61785405602273
17582,10.685637220851614
17583,6.858432242317754
17584,12.405723922664574
17585,13.195075560834315
17586,9.4816669369363
17587,10.926759678029375
17588,11.05375049579708
17589,9.622872918111952
17590,12.644165957834703
17591,13.824938185388554
17592,9.76540590071384
17593,7.103174233375313
17594,10.516341385426996
17595,10.320819365715856
17596,13.337096995648832
17597,10.172632671680102
17598,6.6096093014593915
17599,12.929420895673667
17600,15.119593845414176
17601,9.55551728084514
17602,8.92364305741006
17603,10.374517699310918
17604,7.7263815137756175
17605,6.461291481885721
17606,10.911892503241061
17607,10.68798051332993
17608,10.094917262679502
17609,3.890818929721439
17610,10.812330988715921
17611,9.7596146164102
17612,10.69594790702331
17613,10.855301358936302
17614,6.7534518595940085
17615,12.151570649811593
17616,13.540807822503469
17617,17.368972738743583
17618,8.577111992911224
17619,8.819981959940414
17620,9.829575131131998
17621,6.507327053345474
17622,10.829215593361702
17623,10.881860067824999
17624,11.11853774906868
17625,10.538083391449923
17626,11.198295771439568
17627,13.792551681421745
17628,11.799906441364321
17629,7.5979573796369095
17630,8.49725338824035
17631,7.3052667477428965
17632,9.466592504492308
17633,9.922177328019785
17634,5.2469807492466565
17635,11.099966933320307
17636,8.874025018341634
17637,10.114227581868942
17638,16.489455764354688
17639,10.23488943911276
17640,8.976405831977283
17641,13.026622862293792
17642,17.263255552520366
17643,12.347017353615712
17644,10.224546026462708
17645,6.072355921215724
17646,4.457158189409437
17647,8.89779147888106
17648,10.447336826593695
17649,11.764437871445491
17650,7.1339602889342295
17651,12.39804732864595
17652,10.966497998082769
17653,10.647463834225057
17654,5.581129562186813
17655,16.428848172772046
17656,11.70264317889224
17657,11.640004923778665
17658,14.248886044071632
17659,7.73791662366314
17660,10.266959091692227
17661,10.441440133552549
17662,10.042937132640116
17663,11.894179262383393
17664,9.481425131138376
17665,4.436689481543843
17666,10.959924756149164
17667,9.26234772051085
17668,19.304973206967855
17669,13.032419820754304
17670,10.502687895905737
17671,8.47105857680341
17672,11.873484043000001
17673,9.313374372873334
17674,11.430701013367504
17675,8.473546314155653
17676,10.6122684014138
17677,13.675454663704771
17678,9.674672566349297
17679,11.30918753948768
17680,14.439308830078474
17681,10.200155874508166
17682,10.381286637597789
17683,7.963311475114743
17684,7.692129756119026
17685,12.369733479631925
17686,9.745561311351338
17687,10.956457452523406
17688,9.310720177852643
17689,8.176752581234714
17690,10.895695545823665
17691,7.420436657414844
17692,11.286776982082724
17693,8.53304756562693
17694,9.321999929768866
17695,10.84796218345151
17696,13.995669298635665
17697,9.841764392723189
17698,12.570500077882846
17699,10.528751959160118
17700,9.123561982772351
17701,12.766644480811706
17702,10.368353883613825
17703,12.084192302434452
17704,6.855009485543881
17705,14.669866649618632
17706,11.312079839512464
17707,7.189358459290037
17708,12.45286277465039
17709,10.433429842704603
17710,12.628440129891516
17711,7.165392082518133
17712,16.723815889983378
17713,7.108400498391296
17714,11.700377905117374
17715,4.4826637383763615
17716,9.456019706793242
17717,10.05911647248457
17718,12.939607475761711
17719,9.039171472540968
17720,11.451727662950912
17721,10.114862068967998
17722,6.033386302805644
17723,12.481820102670142
17724,14.454909357655378
17725,10.086135233439943
17726,10.260337934483962
17727,4.729803157153864
17728,10.466186679141547
17729,12.590283880437974
17730,8.017108364980125
17731,14.049731102435828
17732,11.468753365195983
17733,10.94827496861585
17734,13.679278297684387
17735,7.177222033814928
17736,11.05084232190006
17737,10.592893339533848
17738,11.183531947342079
17739,9.744232597700224
17740,6.135887268947803
17741,12.623986118118061
17742,9.546173717059663
17743,17.55507012293158
17744,8.756481722102631
17745,11.211239686797661
17746,9.525609887747713
17747,10.126867498616999
17748,7.243278987304322
17749,6.569989047719335
17750,8.35816774261826
17751,10.79041644407853
17752,11.930759068296359
17753,13.679313630074294
17754,9.784166093395584
17755,12.650271462305692
17756,10.491608712947777
17757,12.023822464628726
17758,11.264263482616556
17759,7.264325093418733
17760,10.453407962666883
17761,9.807785847828043
17762,9.166119790175904
17763,10.60026078725463
17764,9.233924613100397
17765,6.676312651830287
17766,4.07375109840142
17767,10.804219082007592
17768,10.023509752574233
17769,10.973269412958775
17770,10.521232450587345
17771,6.2588525201788565
17772,8.890996914786514
17773,8.7217526998833
17774,11.2852709190144
17775,13.26742337593446
17776,10.12514547277003
17777,9.150093511327814
17778,12.630729413095679
17779,8.629357500934326
17780,13.203115965069742
17781,10.30559305743132
17782,6.929889025903435
17783,9.920851008832813
17784,12.820048847553604
17785,9.680328116803587
17786,16.50637746212063
17787,8.494756341851742
17788,16.835004605922766
17789,8.741181379361393
17790,14.75919189824695
17791,6.3054929835079925
17792,6.294741099830916
17793,12.12813111710576
17794,8.716525067246247
17795,7.4758590628512565
17796,9.347035524031822
17797,11.232815538431609
17798,10.041950592568622
17799,10.878830682550657
17800,10.980297493918657
17801,11.485726549153082
17802,8.755120956616222
17803,10.423289787031216
17804,8.414250081499034
17805,8.289378170636473
17806,10.360342189700624
17807,11.081685957059925
17808,9.388349261162531
17809,10.184867952664453
17810,5.876722166589982
17811,11.44939515377298
17812,7.200458190727371
17813,8.09461235076931
17814,8.385503770259358
17815,10.97836344204643
17816,9.831971752087494
17817,5.357841326615741
17818,7.638677736856381
17819,9.01409650350331
17820,9.697194636959043
17821,5.362273446681267
17822,7.774227721759145
17823,12.593733012370357
17824,9.658331497083473
17825,8.971251257124958
17826,16.969374727653577
17827,8.458874997847623
17828,10.682013497316575
17829,7.129485848528008
17830,9.33311049806861
17831,6.866643330111879
17832,7.552526316829895
17833,5.979391087216671
17834,10.38775935025848
17835,11.764497530337172
17836,14.081894419147563
17837,9.468144334610248
17838,4.039909015608433
17839,8.223557631638716
17840,9.841213886873804
17841,7.892907052620432
17842,7.650552819762597
17843,9.909866839546268
17844,9.64338265688227
17845,9.308954496212712
17846,11.214973086039521
17847,14.143212509914699
17848,14.936054419187945
17849,12.285057803858358
17850,11.587505443662408
17851,5.94053554066521
17852,10.829139719902951
17853,10.818920193754305
17854,4.104745496240367
17855,8.849600731366152
17856,8.254739585868338
17857,5.280343069029289
17858,12.236491689768222
17859,14.758274732171706
17860,8.644250587767166
17861,13.920067852775958
17862,9.717406694927712
17863,10.473226459972413
17864,5.472689497938946
17865,10.919489067508321
17866,9.452120753818852
17867,6.957154669722591
17868,6.688578576430715
17869,9.21643331417424
17870,9.718214284690818
17871,11.065833725947092
17872,10.915228843947977
17873,8.515712767564114
17874,10.764308816696674
17875,11.249702056062084
17876,11.045477946762354
17877,10.794536943755823
17878,10.2385378507734
17879,10.179700628331123
17880,7.663769702757957
17881,8.998576963083867
17882,7.655215013768497
17883,10.838551069233258
17884,10.733672989208898
17885,17.9708703448279
17886,11.76828074567867
17887,11.848462780948797
17888,12.924846361896456
17889,11.63488294335863
17890,12.090246711719347
17891,7.209451712983269
17892,8.92208682415409
17893,9.214644349958416
17894,11.080039802107368
17895,10.958325980758937
17896,14.431796389040443
17897,14.076528008914028
17898,9.878376591343773
17899,10.376278705770563
17900,15.508124769459599
17901,9.392938520370558
17902,10.30813316588332
17903,11.029568996411601
17904,8.096500951228254
17905,11.430698323578344
17906,12.33492053351766
17907,6.408369890570977
17908,10.21995965853057
17909,6.652398003555287
17910,11.527555225046527
17911,5.076314035353519
17912,10.961802313020879
17913,8.940558247263063
17914,8.3035757573827
17915,12.260573389068163
17916,11.711111496680594
17917,17.822382391551614
17918,9.933523938935313
17919,8.373713139500389
17920,11.567989457508496
17921,12.837201297662935
17922,4.173034821443507
17923,13.977818890942263
17924,12.196823583629975
17925,16.93684705536828
17926,8.324326467980812
17927,10.652619558942686
17928,8.984934506078128
17929,9.738314096166654
17930,8.39597537779686
17931,10.062288037562842
17932,10.764397769451538
17933,11.873394554404667
17934,9.841998326409215
17935,4.9114681683122585
17936,16.432589151975343
17937,7.763147986100629
17938,10.188353071790461
17939,7.601432559247273
17940,15.582468748492614
17941,8.864207577053934
17942,11.014246946277275
17943,11.253892931389462
17944,10.155408439971989
17945,9.365271846852881
17946,14.690480661107346
17947,17.38465219968851
17948,11.576849459634888
17949,6.7133792138006765
17950,8.765545823259266
17951,9.547611326338455
17952,16.022765709490006
17953,10.903572412097251
17954,9.176329984022338
17955,11.289847584340048
17956,8.28086302593789
17957,6.934958878616419
17958,10.520804668365624
17959,12.153494044696203
17960,9.84511802703092
17961,6.899253639370975
17962,8.980242503045279
17963,10.546651861700088
17964,11.325191674013245
17965,13.000555037126137
17966,9.728788089193166
17967,10.495315717080919
17968,12.083279251191748
17969,8.511165335837882
17970,16.02649887742316
17971,7.588128753006252
17972,10.14613033689553
17973,10.204005341968873
17974,10.059834539753126
17975,15.490727306026711
17976,6.662080491093393
17977,8.481786714775815
17978,12.194058503761473
17979,16.447623497301844
17980,11.902526513562531
17981,11.442804777505053
17982,10.364079396766243
17983,8.514839412241653
17984,9.462555658756925
17985,9.114255662903696
17986,12.427720066942165
17987,10.304788857873598
17988,9.784311926312522
17989,10.059923356395293
17990,6.236798286766457
17991,10.109909079228474
17992,4.873511894109631
17993,14.030384603327139
17994,12.943707679349874
17995,11.222204920653734
17996,11.294706915569053
17997,11.06237439958043
17998,7.8396966285630185
17999,9.45494081676596
18000,7.534052611128691
18001,6.683963933004767
18002,8.597345667291105
18003,9.096742510202903
18004,6.862427944979919
18005,6.289085961938216
18006,11.596180212434444
18007,7.139983633653486
18008,15.29297215357095
18009,9.866952125076269
18010,10.277413501428668
18011,8.331919587745283
18012,12.524268416432264
18013,6.386713204394902
18014,13.949855084784152
18015,10.337113722877408
18016,10.019846769008417
18017,10.101321845060049
18018,8.484789732299355
18019,10.037240278214338
18020,7.648253309395555
18021,7.753306057708625
18022,9.349466491945954
18023,6.9637717883747525
18024,6.878061153871165
18025,8.334997306347379
18026,7.146640508960504
18027,10.070689645380519
18028,10.010777174927725
18029,10.600844360310884
18030,9.973552188407423
18031,13.399539846430676
18032,9.388421241891042
18033,10.345011344764046
18034,9.235932830257713
18035,4.108063671447532
18036,10.783218165083493
18037,11.290432812187547
18038,9.875480862972667
18039,10.923154880122105
18040,6.631508968787619
18041,10.130496695592619
18042,10.093520279819675
18043,12.046982601625633
18044,12.927926971372045
18045,10.683881934850358
18046,10.71760019176953
18047,10.940747026360917
18048,13.957400809174423
18049,8.985594063851636
18050,6.574022173979496
18051,15.589341542217893
18052,11.018688761909452
18053,12.055712270736954
18054,7.894250934365571
18055,10.12668321150381
18056,10.921627900394444
18057,12.63948384078509
18058,15.563410831951224
18059,11.142841302415796
18060,9.972829139314383
18061,12.581655725801252
18062,11.813930788191453
18063,10.679270124593879
18064,10.9808295129612
18065,6.567401949257719
18066,13.696968218641864
18067,11.05094090823166
18068,12.917715744657219
18069,14.853422723833926
18070,9.716601769057265
18071,4.2124880246925525
18072,10.050240080160151
18073,13.187269307895605
18074,12.349644990145379
18075,11.449805058034457
18076,11.847733434400315
18077,6.844377548971741
18078,10.440757078789112
18079,7.579231066853857
18080,9.368604784622717
18081,10.059867692432327
18082,10.539558275956654
18083,8.546647639549008
18084,11.783243650764932
18085,8.47413336751431
18086,10.361513739960099
18087,4.825467389110203
18088,8.616682926054976
18089,14.29716956700374
18090,8.027143436410768
18091,9.723574378719452
18092,8.524366350040813
18093,4.232741948478748
18094,8.246430389056908
18095,11.700244334307026
18096,11.004724896612412
18097,10.9074094313089
18098,7.298907558975438
18099,3.9899335861701815
18100,9.13778865628883
18101,11.968327119334365
18102,6.598190790096524
18103,6.555456863212671
18104,12.75437804795577
18105,13.968188832692356
18106,11.224174926934811
18107,7.835046737674885
18108,7.805319892114607
18109,7.565240886542748
18110,11.375046606744501
18111,7.087909818013026
18112,11.326353526272122
18113,8.852564382538256
18114,13.366876082701735
18115,8.2078466798317
18116,13.54350582434027
18117,10.459234117087748
18118,7.594492989171782
18119,11.701407195964038
18120,12.192510598441885
18121,7.445549323798644
18122,9.158615762126
18123,7.2342398402331165
18124,5.550484148526042
18125,12.26742754215651
18126,5.176845799541528
18127,11.803303578854242
18128,10.7552825813723
18129,9.045923747076284
18130,9.157382099358836
18131,12.000291171941123
18132,8.818082422296992
18133,7.633105402762457
18134,10.573154957688633
18135,8.68351273845666
18136,16.49877919592406
18137,11.435393245864196
18138,8.851390930744047
18139,10.264747050851064
18140,12.148724842114975
18141,10.798639450266158
18142,7.074498071293411
18143,5.8872341424593495
18144,9.688066408664007
18145,10.625059855822698
18146,7.139530056272282
18147,7.498305901057821
18148,13.988249417675657
18149,9.916554681565973
18150,11.220878215286053
18151,10.713108839556638
18152,8.604158538440615
18153,15.694402803094704
18154,7.870165605450914
18155,10.105043708927195
18156,7.8863168796556256
18157,11.857431654108687
18158,8.20484713920288
18159,11.023274809115021
18160,15.02428695734531
18161,9.862902147345444
18162,15.664595592468554
18163,13.133665844604783
18164,12.638734259168686
18165,10.955237290315141
18166,6.85628747180127
18167,11.098274976767312
18168,9.987045647787616
18169,7.355333311861338
18170,9.801841472661476
18171,11.073345885012055
18172,11.56653850084511
18173,18.448795775692073
18174,13.626858132240375
18175,9.60953713939605
18176,8.753764482341548
18177,7.272226848511297
18178,11.92243186920058
18179,12.799609746080929
18180,12.113549539880655
18181,7.976367513314692
18182,10.004579236094507
18183,5.440602523598146
18184,14.115408715819807
18185,10.385681171270384
18186,8.894348223047102
18187,7.5901066174812915
18188,6.653802819601523
18189,6.614587098185602
18190,13.400633379937512
18191,10.077841063671114
18192,11.29671812804458
18193,4.130654618114786
18194,13.054949411674993
18195,10.606244384669022
18196,7.129533414537427
18197,8.198248205062786
18198,9.059936250801538
18199,7.995223562400506
18200,10.47132518194701
18201,13.386783070558645
18202,9.989801741107621
18203,12.144510664283917
18204,8.897479604356977
18205,9.377717390240809
18206,10.025920407988355
18207,5.548724793852885
18208,11.521539075901039
18209,14.874638501121812
18210,11.268666094104695
18211,11.006532986728816
18212,13.029043638486732
18213,10.405673185870786
18214,4.611991840053496
18215,12.818514311063995
18216,10.019648162640923
18217,9.29307069128732
18218,7.588912964308795
18219,10.964242680089935
18220,10.761833108253526
18221,9.650738663936728
18222,9.587288070606292
18223,8.336411723060845
18224,12.231481427866925
18225,14.774920624345942
18226,10.183715898299981
18227,5.780728460833761
18228,11.138359785064798
18229,10.125303785182457
18230,7.528833957854074
18231,13.326889236708505
18232,8.207386090165933
18233,9.310800879692735
18234,3.911991361625189
18235,9.326218423678426
18236,10.769249966788434
18237,8.981069199348008
18238,11.448989171361683
18239,10.602951735111235
18240,10.428591831794318
18241,8.012992596616833
18242,9.205210174776738
18243,9.037692991239467
18244,6.6466232070877584
18245,12.574472757323639
18246,10.360639692643058
18247,14.897317737014315
18248,6.582535104106599
18249,8.751773184781676
18250,5.842886751349468
18251,10.944257583561228
18252,8.856430741182294
18253,9.751526814914932
18254,7.906830187089749
18255,10.890001550148888
18256,7.566132497019455
18257,9.533744838671684
18258,4.347508558606055
18259,8.424031002415372
18260,11.406254493855243
18261,11.601563049640621
18262,7.572590448109884
18263,11.022181100450128
18264,9.16294959535661
18265,11.734638459916873
18266,8.480904125803265
18267,11.136831947787739
18268,6.53682716921584
18269,8.855225711653603
18270,12.060902913985014
18271,8.360982929736778
18272,5.678505207134105
18273,10.914949085837844
18274,10.657217254294714
18275,9.352351394011674
18276,6.42769726598739
18277,6.448697475292671
18278,11.440716053581903
18279,7.722322907385239
18280,14.120089633208998
18281,8.839226233808409
18282,15.04560489183928
18283,8.95892312482503
18284,10.930276499775168
18285,9.556659208467117
18286,9.775141352611803
18287,10.795028092796827
18288,12.285848933841894
18289,13.322730362705634
18290,13.675321730964296
18291,8.433248328733615
18292,10.203611717587673
18293,9.488232632134821
18294,6.282084930384293
18295,8.75433892889222
18296,6.470977235771503
18297,11.991325381778754
18298,9.250299138576635
18299,7.956717235734551
18300,11.180558650405207
18301,10.551124174202158
18302,11.797276833988505
18303,10.140303254241754
18304,7.3761089971198786
18305,9.094277607171938
18306,10.094572867051316
18307,10.446598756663338
18308,10.946114339577061
18309,9.35596139976205
18310,7.348890765371737
18311,6.434822942531522
18312,11.172997986748982
18313,10.98033838240489
18314,8.300603794085266
18315,11.800710494517523
18316,13.023272936534264
18317,8.653473757407426
18318,9.451011337416261
18319,7.317024358317452
18320,10.083996741257913
18321,10.322902920131943
18322,11.123544105947943
18323,10.873088767822903
18324,11.039049057142996
18325,10.435985686795844
18326,8.693317906467755
18327,5.477091586928397
18328,11.885999265980466
18329,8.565605685001408
18330,8.5281480283982
18331,7.773646380669159
18332,10.845893761265453
18333,7.6190309353639165
18334,7.914374696392684
18335,7.69507240497172
18336,11.536677408771283
18337,6.339278294950514
18338,12.335111420035826
18339,3.916748214366926
18340,7.470655692167848
18341,12.36840702284414
18342,10.630801300442002
18343,9.121643507217607
18344,8.333766626774107
18345,7.746648945168634
18346,8.868265675976991
18347,12.019207395648664
18348,9.54813404189494
18349,11.564247468392779
18350,11.728289528427988
18351,8.569733814784808
18352,20.101797207674114
18353,11.020305105293332
18354,10.716301193090423
18355,10.293121558123353
18356,13.38243496259257
18357,10.456641113562174
18358,5.489241976162447
18359,9.071610225315885
18360,9.716139310891794
18361,9.583515254082634
18362,10.953805752550341
18363,12.583936021545359
18364,15.65146812540524
18365,8.195878369613514
18366,10.762886045133058
18367,8.224679464571343
18368,3.9820461864981933
18369,10.174844535842464
18370,9.495987345012242
18371,11.10934005063092
18372,10.63938862279816
18373,8.5377661737729
18374,10.66738667991009
18375,10.105382304139571
18376,9.633282971835316
18377,11.014151915174539
18378,10.206545837347193
18379,8.28558522927208
18380,12.652391924399542
18381,11.564101979201409
18382,12.101892127611814
18383,10.295961284538903
18384,8.847924676972358
18385,11.609963766560588
18386,9.777810135058079
18387,8.3070099391505
18388,11.205546088007107
18389,5.563083073278693
18390,6.35817927898214
18391,9.275362619536727
18392,9.236429758889749
18393,10.519690743295111
18394,6.667233703182355
18395,10.22480460347958
18396,16.905533885000764
18397,10.776104338454198
18398,11.552665967528451
18399,11.508164291399762
18400,14.964715452229987
18401,9.887996159923373
18402,7.025865512659335
18403,10.478107904161991
18404,8.959826499543844
18405,10.470023548241876
18406,9.466322709768674
18407,11.30594493942774
18408,11.31078782166282
18409,8.816326948494607
18410,8.765700030481463
18411,10.251120112890074
18412,8.97162387579974
18413,8.28204655007212
18414,12.031697379801116
18415,10.170696155158666
18416,11.234506653358384
18417,13.136965401240323
18418,11.656161785277678
18419,10.40211994289499
18420,8.003184550370865
18421,11.132631726167496
18422,13.138870863109485
18423,13.927821159071552
18424,6.802932332192067
18425,10.314412184684477
18426,10.592822872838621
18427,6.88236974941632
18428,8.529852954310414
18429,7.141749131850356
18430,15.912188746944857
18431,10.303291105103906
18432,9.431685060282748
18433,8.969183656556858
18434,12.015059985092766
18435,7.9470145290993415
18436,13.612165956416325
18437,15.672869782241541
18438,9.403885328346908
18439,9.017926061140818
18440,5.756621857968481
18441,10.503808058020763
18442,6.810525151092989
18443,8.735701463185068
18444,11.512948670305573
18445,7.347589442977222
18446,12.153809090133276
18447,8.048156174448167
18448,10.976830084451414
18449,11.222695457277794
18450,10.808538638238659
18451,10.50327432509397
18452,7.023944774976906
18453,9.164613898264655
18454,5.854159856054469
18455,8.918960976330787
18456,11.211360184477043
18457,11.265988052335555
18458,10.657872505551419
18459,10.485724166015363
18460,11.035760979859909
18461,11.370277082289803
18462,6.924951858368141
18463,9.668560929690283
18464,12.37946926736959
18465,9.817325861510678
18466,8.463088974944545
18467,5.698914800975016
18468,15.112794364216324
18469,4.911631422913038
18470,9.432172099065092
18471,5.20289881521429
18472,9.0484733352686
18473,10.473118532312785
18474,12.598347185470308
18475,3.9385599439271433
18476,12.341533803784731
18477,7.12210372453105
18478,10.754395631991224
18479,8.144184415091743
18480,10.7598277538032
18481,14.382833250159743
18482,11.29236710602725
18483,9.337402681137338
18484,11.452417699086574
18485,10.661339321225583
18486,10.538395457949205
18487,10.896532113913894
18488,10.83858684536813
18489,9.554888688425331
18490,9.212997823733918
18491,11.406046410909266
18492,10.52744129817388
18493,11.348253745260056
18494,8.838211948389297
18495,12.370166529652117
18496,9.95848044562835
18497,4.208529891494304
18498,10.19431451581898
18499,10.54501804138346
18500,8.028555113283348
18501,10.009481764774506
18502,6.35668322274469
18503,9.959996144527983
18504,6.292619493390303
18505,11.132689970880804
18506,6.404322012620685
18507,10.21657145410136
18508,7.65723149024279
18509,8.182213193465444
18510,17.59826972431068
18511,12.287281319411846
18512,10.826520367113172
18513,9.59865915726441
18514,12.236308900307568
18515,12.68740777972173
18516,6.631281096568314
18517,9.341701209687201
18518,4.612171391978331
18519,5.098427004002881
18520,6.7685556792762025
18521,7.580873397508952
18522,9.925080717873904
18523,10.193444453430338
18524,16.820439198363026
18525,9.035820042942806
18526,9.172143853826377
18527,9.736301147863049
18528,13.81820036535578
18529,8.938367929325725
18530,10.511694717766936
18531,11.972691832218633
18532,10.971109792738172
18533,10.138049982460348
18534,7.313460133297294
18535,9.836309887167594
18536,9.527249884526832
18537,10.046741993829492
18538,9.824964880382318
18539,9.95389299981514
18540,10.230140382430543
18541,7.905034676178815
18542,7.886660507637718
18543,7.208627706611147
18544,10.091155727190788
18545,8.047536660682264
18546,8.751216980413012
18547,9.29572253796633
18548,11.947013647987104
18549,6.4969661235494
18550,9.930248463685837
18551,10.530445111051232
18552,15.933415247795676
18553,10.673229039124376
18554,13.530546456532097
18555,15.983322482320787
18556,10.4594225158801
18557,6.9414624993911875
18558,8.987626565868831
18559,9.639991731496021
18560,5.690317882263864
18561,6.5193807351553135
18562,7.1869357566401755
18563,12.526458900000993
18564,10.681048452572064
18565,11.183529496595801
18566,8.921310571449297
18567,9.978674211657196
18568,10.744927458266869
18569,12.067465057580847
18570,6.329965109239204
18571,4.855562144670254
18572,10.448273618648717
18573,8.596999313781023
18574,11.192951889900051
18575,8.431260467808226
18576,8.28868954513842
18577,13.871944616114565
18578,13.969450159465602
18579,10.95458752305166
18580,9.981227119454186
18581,9.978878065947352
18582,10.978013999335456
18583,6.0660125625570895
18584,10.947673146619632
18585,9.022045377840296
18586,11.36584675743149
18587,12.873980204706873
18588,7.279666774392558
18589,10.100278748804
18590,11.635932110280981
18591,8.209628075336164
18592,11.211196175496305
18593,10.215184733180404
18594,4.028524633745697
18595,13.113042025628506
18596,5.0543456938365265
18597,10.005813121487137
18598,9.125521151777527
18599,7.25956025871053
18600,9.881725589623343
18601,9.928536554693064
18602,14.851918146765511
18603,13.221294341412877
18604,11.25546502566424
18605,13.11229672995438
18606,9.873032595110802
18607,6.591634524081112
18608,10.058919441154918
18609,7.3871703762457255
18610,12.245948358284949
18611,15.221671996243249
18612,9.530564927561297
18613,6.208812029981447
18614,10.90342724043862
18615,9.43761679145334
18616,6.176453378093953
18617,8.63530050890515
18618,7.2424385949449945
18619,10.41159826529748
18620,11.216361489396835
18621,5.417409056042356
18622,13.657700663293658
18623,11.266314718060737
18624,15.728834143867251
18625,11.263447114522979
18626,7.300643846894503
18627,10.054044801981455
18628,5.5657319082053425
18629,8.045339427728829
18630,10.74370468289789
18631,11.015319201497594
18632,5.552038909715218
18633,14.62389514763461
18634,10.138515378708563
18635,9.857336670946703
18636,10.519278361466913
18637,11.308959545297572
18638,11.198445095242427
18639,7.705804045759467
18640,11.14780191278949
18641,11.55803062983677
18642,10.03389570096952
18643,8.581433568810269
18644,11.433424648674926
18645,8.175910487447739
18646,11.778729416607677
18647,7.469337684384154
18648,14.178666854771452
18649,7.8011701934568745
18650,15.569942503610871
18651,10.178697846151366
18652,9.986178472390309
18653,10.663344479078601
18654,13.044904900705266
18655,16.139887337713102
18656,6.254171294180036
18657,16.592831999399007
18658,8.229808940148029
18659,8.506033654560962
18660,8.713431409226198
18661,10.256092854492739
18662,10.570101806636693
18663,13.195744220196383
18664,12.243525636602559
18665,8.346905632077423
18666,6.079430830786478
18667,11.771287380420299
18668,8.006272062005934
18669,10.08217381707096
18670,6.452300584344455
18671,8.998930494036088
18672,10.91091016667793
18673,11.042302215349956
18674,13.716826005338008
18675,11.837942062501106
18676,14.257069156959407
18677,9.232053022997889
18678,7.26016278031142
18679,11.726561340439154
18680,11.183614245461001
18681,10.838859464303876
18682,9.819826234148163
18683,9.454874278997336
18684,11.107140292704067
18685,5.2485323765002425
18686,6.496667999462199
18687,12.88318414471741
18688,14.062883599857003
18689,4.781469646316749
18690,11.30299726996535
18691,9.86912300941587
18692,7.043500222138282
18693,10.85403354445015
18694,4.388556670829816
18695,9.605153671933309
18696,10.563475289004337
18697,10.847625021606428
18698,9.289463910580888
18699,8.051481069261376
18700,6.546468885554116
18701,7.302786824045361
18702,5.93155696373863
18703,9.98595926878766
18704,9.131325884249103
18705,14.926363877666688
18706,6.095738162682288
18707,10.960212886158427
18708,11.318170008139898
18709,9.22340417171696
18710,9.74892057011451
18711,6.92067543500876
18712,12.060239364189274
18713,8.057488390973205
18714,11.295600821237212
18715,10.096584418628769
18716,7.208465378511905
18717,7.650092170444182
18718,10.612463610695801
18719,6.62321475454909
18720,9.147104039139247
18721,5.6411278578264135
18722,7.149904316596418
18723,6.729522522497019
18724,7.026190838587482
18725,8.995504923188287
18726,5.9530619890431975
18727,8.038428298339227
18728,13.827867772396825
18729,9.070169070085742
18730,10.893511597341476
18731,6.46670720961698
18732,11.473363227422222
18733,11.68463696893685
18734,9.75123216158866
18735,9.688257154219176
18736,10.28437474892787
18737,11.943330427145181
18738,7.684243513613257
18739,10.730559049075435
18740,7.281905768791988
18741,9.820256591631836
18742,12.282854056572226
18743,6.499933591501672
18744,10.044829270860891
18745,11.157793531069041
18746,12.660929288747386
18747,8.772461901001313
18748,11.13581241214984
18749,8.248808563256992
18750,12.364985458310205
18751,10.067003683323714
18752,5.160029442791667
18753,10.666466404229293
18754,9.812824862807064
18755,7.2145174018497595
18756,8.241212559519148
18757,7.363370338566527
18758,10.186979544456214
18759,10.069760711987499
18760,10.569047657922019
18761,5.388067096108925
18762,9.946271963709805
18763,10.43610176759585
18764,14.938047489706392
18765,10.598817265974269
18766,13.257185686185858
18767,10.788850055075937
18768,9.1862086279546
18769,11.142385466803105
18770,10.777761837341664
18771,10.536256132359183
18772,6.533259498820334
18773,13.227981950307866
18774,12.956319911437593
18775,6.6253919797605985
18776,10.181680083205439
18777,7.630185263267676
18778,12.075768114948312
18779,7.185056302490536
18780,5.46958591202473
18781,11.398141581969398
18782,14.046723398486074
18783,11.494439497351829
18784,9.567462012161148
18785,11.421398465979108
18786,14.357165303853545
18787,11.944460174525798
18788,10.712775831747233
18789,5.320790846021369
18790,17.017015011538266
18791,10.30619098189938
18792,11.251715309036632
18793,5.191838421415529
18794,10.372868598625796
18795,12.45492036807555
18796,7.517264247375312
18797,8.68328759201361
18798,9.152819298476988
18799,8.161957355685843
18800,7.658202709516088
18801,12.349605255473442
18802,5.345923435706114
18803,10.445888744951947
18804,8.461998651931609
18805,10.476269291019516
18806,14.360642042331014
18807,7.691296581441377
18808,11.742775270963843
18809,7.305843560439052
18810,5.4865705740584545
18811,11.40741833510847
18812,11.592763816044595
18813,10.860295951949169
18814,5.428460039819939
18815,10.163143930845386
18816,4.697016777673848
18817,11.268067368218933
18818,10.393804107755784
18819,7.312614856907081
18820,9.199146850074147
18821,10.667688628009628
18822,6.348300020195953
18823,4.104007043929519
18824,12.338188980005011
18825,12.052950707573277
18826,10.339988711053493
18827,4.2061883723142435
18828,8.888812126863781
18829,8.1654621496014
18830,11.179493555154286
18831,10.889773671147548
18832,7.0905544442222155
18833,7.359867093627972
18834,11.644274708922078
18835,4.960222152279991
18836,9.044001886806667
18837,9.960937079974226
18838,10.773211521113723
18839,11.849636214310483
18840,14.119382676966241
18841,6.922709979155567
18842,7.601820154257085
18843,4.095858006925509
18844,7.755679665483607
18845,10.305774282125627
18846,7.651406285570328
18847,7.914091569696726
18848,14.142093336400237
18849,6.930419606844369
18850,8.839015864325424
18851,13.82513771133444
18852,10.705737224596506
18853,7.351373641130135
18854,10.447095855225813
18855,11.596425476637483
18856,9.377325847684173
18857,9.291988615958388
18858,8.927491888006578
18859,10.12063267624309
18860,8.971313566029101
18861,11.07135117787643
18862,6.290860300267059
18863,9.054982077659565
18864,6.15832245041215
18865,12.156705165624153
18866,6.715015964887671
18867,10.932322671912855
18868,8.438756942663117
18869,5.799887115146063
18870,7.101723545526782
18871,9.477664094093297
18872,6.435576842772022
18873,13.561010778263297
18874,10.97094747108067
18875,9.416814479814814
18876,10.874933303416762
18877,11.681146984773568
18878,9.554118977295841
18879,8.624752707658317
18880,7.831584073908436
18881,11.107573491613191
18882,13.094041434941932
18883,11.862324456516653
18884,9.39228773070203
18885,11.454339450482014
18886,13.3425967982519
18887,16.19348395341685
18888,10.92444835282637
18889,7.842024118552736
18890,9.681694471104842
18891,13.132159563711213
18892,15.574960045595663
18893,11.15672188366825
18894,5.603028046786003
18895,9.96501713035834
18896,10.713944311841658
18897,9.426646718955372
18898,10.197707517266998
18899,10.37771791481929
18900,9.768988203334231
18901,11.250805380833334
18902,12.735110865365664
18903,7.686755917651187
18904,10.92077666126328
18905,11.968352447273347
18906,11.283418089813251
18907,9.614189854304612
18908,10.134851312433398
18909,9.898849341526361
18910,6.425664403654076
18911,9.05490162883222
18912,11.138250153728968
18913,10.67287422494427
18914,10.106538199787279
18915,10.313319163839985
18916,16.304669427210232
18917,10.787526469996767
18918,11.900535612662964
18919,12.01449365919956
18920,6.64990780856885
18921,9.728002641612811
18922,4.049977497027417
18923,9.281174284437846
18924,15.553154242845096
18925,13.02202958307807
18926,7.001003950094351
18927,6.623239475209811
18928,6.987664297455758
18929,9.555441008874741
18930,8.482284294273324
18931,7.270705968164904
18932,13.693669930499812
18933,10.77814837435503
18934,12.411925639839836
18935,6.289958822854876
18936,5.614894472464687
18937,11.811443969350645
18938,9.710326593974674
18939,4.570325713894906
18940,9.927464451413089
18941,9.78472160741831
18942,10.34217927456271
18943,10.664464506166684
18944,13.436578293490602
18945,7.964570678163472
18946,11.302689755745984
18947,10.063396042217668
18948,7.803009399738581
18949,10.277670217406474
18950,11.109304863315739
18951,11.572945474784369
18952,9.311347121662411
18953,10.795913720208965
18954,9.150197765315808
18955,9.968920433034478
18956,11.391076719751744
18957,9.600004419030682
18958,11.581627807191225
18959,7.2874749276402015
18960,11.944050854436346
18961,10.781333462591128
18962,10.583344040974477
18963,12.10091729461844
18964,9.395204792217811
18965,6.6106073021843965
18966,11.073978747425215
18967,11.81318948878297
18968,8.68510432986466
18969,11.281872573301243
18970,14.335477059000178
18971,10.900040079183697
18972,12.95313631844002
18973,7.085398233530775
18974,8.687011850344426
18975,13.229500177449378
18976,9.949412918155382
18977,9.572691493119084
18978,11.346123599828822
18979,11.304169486558227
18980,9.53015444695765
18981,10.036258820558373
18982,16.731375376010135
18983,9.161430447397683
18984,9.788982720890136
18985,15.534250665724407
18986,10.199681069810428
18987,14.45676970010963
18988,11.36514012557511
18989,10.156167071050639
18990,11.252901966908473
18991,4.670748658347062
18992,10.354823220714477
18993,13.112011815200635
18994,9.050237317080986
18995,6.386800478857674
18996,7.1602059157305735
18997,6.653608195077576
18998,10.578164321218287
18999,15.128348429271908
19000,10.58039899604602
19001,11.379727170804792
19002,15.11117946016206
19003,8.354637788804611
19004,10.18557089055457
19005,10.464081350405879
19006,7.554067755203027
19007,10.4994899740593
19008,11.995086108116471
19009,9.980313302721555
19010,7.130659761482515
19011,7.23275847017373
19012,13.979840900421106
19013,9.186828483837399
19014,9.655049959206956
19015,10.072178086111425
19016,9.116624425075965
19017,10.402549339665544
19018,11.209727090054713
19019,9.9025700706101
19020,5.648534088248785
19021,10.915536977948133
19022,10.29348108239677
19023,10.392672681401132
19024,14.952089120009198
19025,6.194173790012317
19026,11.65843446786916
19027,12.052054940114324
19028,11.01607723544361
19029,9.674694678760751
19030,11.040357602945301
19031,7.817165785800865
19032,7.426854647598412
19033,11.860230251443998
19034,10.033517445072631
19035,7.850147367577151
19036,10.64677687719502
19037,8.340675906599706
19038,7.566234860243272
19039,10.42536445534297
19040,6.449609933484496
19041,10.02043949181793
19042,11.797207709104333
19043,8.273242709328557
19044,11.24464935722908
19045,6.913653612700392
19046,18.831247055365953
19047,17.504126410265062
19048,14.103102639843963
19049,11.003617122937737
19050,9.269578926770583
19051,11.73722357689591
19052,8.874651118141001
19053,9.524598373552614
19054,7.0315591757979075
19055,17.07452391151328
19056,16.397027310459432
19057,11.95080427485298
19058,7.3334653521505135
19059,7.005100855628412
19060,7.891107576200554
19061,11.91759442579291
19062,16.44958656308469
19063,9.124339480589377
19064,10.722441932997665
19065,10.221561152597868
19066,8.665497365311136
19067,9.647004065469856
19068,12.601966467828849
19069,6.853847765913792
19070,8.477188631316986
19071,11.5587346341025
19072,9.794375733225237
19073,13.976835530999647
19074,13.265244093297554
19075,11.682962501703315
19076,6.2833866089249355
19077,10.421671392864184
19078,9.70733594400826
19079,7.274331598926644
19080,11.124155057138255
19081,6.373349683909482
19082,8.587758142668147
19083,10.666319311558563
19084,12.21994400042566
19085,11.263257812609417
19086,4.900348819567485
19087,11.337564131331638
19088,12.033210737796358
19089,9.386544378452824
19090,7.7078911345229155
19091,10.495825902201872
19092,7.442131765678489
19093,11.625795572581033
19094,6.794537026589808
19095,8.449249869668876
19096,7.55540748255731
19097,9.253886334096375
19098,8.07747778978967
19099,12.67131363788793
19100,9.732203967754991
19101,10.866820079096815
19102,13.200245361856222
19103,11.443204858466103
19104,9.222731902256482
19105,15.995134371029987
19106,10.534070354103008
19107,8.643643925704946
19108,10.455589553109457
19109,9.532699653802053
19110,9.565068608587918
19111,9.025625227921235
19112,8.325754201785026
19113,6.142373760102104
19114,6.57641223066007
19115,9.023595599581897
19116,12.87454613428601
19117,13.558961020331106
19118,9.752113277774415
19119,14.588309167946978
19120,4.445646745111228
19121,15.026388828852646
19122,6.489242053370692
19123,9.439960939323354
19124,9.708688311877577
19125,6.190257321014376
19126,8.0395278021694
19127,12.101828518762893
19128,12.405382876309591
19129,8.67871164172593
19130,13.771633128007089
19131,9.631425320042325
19132,7.201649137439007
19133,12.952691413196455
19134,11.556617015795336
19135,10.416142986539095
19136,13.654157908561118
19137,7.922467382161077
19138,4.524100574257048
19139,6.7207988790849615
19140,7.024103702346398
19141,11.231590339646761
19142,5.473066897778303
19143,11.148042718294489
19144,6.275838505682963
19145,9.660239699402865
19146,8.866005454630525
19147,10.937938651382801
19148,9.91560821271737
19149,10.28265379721882
19150,9.423162648669056
19151,10.211887682453224
19152,9.712249613960559
19153,9.583680518063979
19154,15.774221528864858
19155,14.275751229610343
19156,11.48486601607772
19157,10.943349489385389
19158,6.142215602498496
19159,10.09419740965874
19160,15.563643128584523
19161,7.625730288659089
19162,9.125433083917734
19163,7.150945020120606
19164,8.998091057079675
19165,11.87332837562429
19166,4.547528810504962
19167,9.240771104738702
19168,9.106308102121636
19169,9.47238120415096
19170,11.084986550099046
19171,10.802068954530338
19172,9.848943358629292
19173,7.960363434961481
19174,12.051786016513955
19175,12.366645879039357
19176,6.180136803260994
19177,9.35992342751543
19178,12.046071350315877
19179,6.524621582588468
19180,5.414237349979761
19181,10.354548254349355
19182,7.282991880558321
19183,14.947352553276527
19184,12.270005388164076
19185,6.675051614521187
19186,9.667913484249807
19187,8.351835978869683
19188,12.447561156605795
19189,12.030808057424617
19190,8.321272879655092
19191,8.351021467261369
19192,5.286898774822136
19193,9.382522156629705
19194,11.397449569278104
19195,7.9384178280242015
19196,5.221908884966092
19197,7.179192274954459
19198,9.742044089919826
19199,7.076221978118469
19200,16.637378661789658
19201,9.885492239051612
19202,9.178620635116747
19203,11.305739065154782
19204,12.340273872143975
19205,10.174511267220073
19206,9.478478451749353
19207,8.942906479327192
19208,14.192660679728398
19209,7.918702052161791
19210,9.202096112043234
19211,5.918729480840108
19212,9.93270925047727
19213,10.070024190884485
19214,9.160345871702653
19215,9.088826341601818
19216,7.2448117119766895
19217,9.28835345081739
19218,6.737648390778596
19219,10.948451739569716
19220,11.661865089188023
19221,7.633901115292525
19222,13.68690022100274
19223,10.384422019092518
19224,7.189659440525186
19225,15.057621435029336
19226,7.2106119654385
19227,10.271458724913225
19228,7.424136269378426
19229,9.86944837150916
19230,8.277964681732252
19231,6.558299835766461
19232,6.89424676885982
19233,11.235305959238774
19234,12.06790302480779
19235,8.8771329784689
19236,13.995119598612234
19237,11.176247860970435
19238,7.315328386841623
19239,8.330290270741706
19240,7.926115010905033
19241,7.573524184124231
19242,9.673900021163726
19243,8.821263079180717
19244,11.642145882710397
19245,9.629316251161214
19246,9.874597933712739
19247,7.249865081738984
19248,6.807326667408154
19249,11.592022176085877
19250,10.754767706461681
19251,9.474555111968192
19252,14.688829290255057
19253,10.611031522414143
19254,14.230428723015287
19255,8.26027274098983
19256,10.042253319063839
19257,9.424198699118609
19258,10.666186240905134
19259,10.157681841055727
19260,12.242438727373742
19261,10.840311236842602
19262,9.640803878433854
19263,9.030367259554986
19264,11.624843101165942
19265,10.836261294317675
19266,6.892764470291876
19267,10.42489791711427
19268,8.473952845380698
19269,8.600599383691
19270,9.661116660923119
19271,6.87643422583841
19272,11.873771437320004
19273,13.353242749754994
19274,9.829742057939205
19275,9.904430266124564
19276,9.865353457899513
19277,8.910908649572635
19278,10.16006991918404
19279,11.045267778469475
19280,10.85412728783278
19281,6.917584159600822
19282,6.660441156809388
19283,10.782888808048178
19284,11.159124447022489
19285,16.053141562324377
19286,9.575963479422747
19287,11.367853967352808
19288,8.739636463538654
19289,15.926593507938883
19290,8.265729795412295
19291,8.445704527667148
19292,11.253671346121115
19293,9.004962485174019
19294,12.045165293645375
19295,8.407817416117249
19296,8.813191244643686
19297,12.66949265333399
19298,6.75163699628711
19299,10.885449185527454
19300,4.5703729254635235
19301,8.350883700636068
19302,7.418227272652276
19303,7.2126298368415185
19304,16.093961083871722
19305,8.977385906841015
19306,10.743002584495144
19307,7.444661297444923
19308,6.733870871330544
19309,10.911716931937328
19310,9.468652472092268
19311,17.019964094328206
19312,12.125909462597653
19313,11.897160555009958
19314,9.466345987631836
19315,9.476043146559602
19316,12.589390602678506
19317,9.482454050754725
19318,9.917545513453117
19319,9.86346727998807
19320,7.490277835229601
19321,13.950647178364914
19322,10.501669784196238
19323,9.607570426726246
19324,10.616164174534935
19325,9.813362753711946
19326,6.863371360915018
19327,9.01605283354305
19328,13.422338531021222
19329,12.845612744261047
19330,5.58726278311384
19331,10.62063220813291
19332,11.809376725272683
19333,9.7630193566326
19334,13.568909174780934
19335,9.797428439989599
19336,14.279025682346887
19337,8.160926738620155
19338,9.333618814891159
19339,10.949311080004453
19340,12.195949183755026
19341,8.021908340045764
19342,10.582922461766366
19343,7.21518438109675
19344,9.445266823300068
19345,12.174773596674502
19346,11.405180889346596
19347,6.608817038499209
19348,10.978875578372051
19349,10.818802805467392
19350,11.233613115514245
19351,11.611305871356024
19352,9.395646910135817
19353,11.597816748410132
19354,5.086857651627494
19355,11.136506142923263
19356,10.71849507786429
19357,4.399181841604308
19358,11.774861629037517
19359,6.951757954114173
19360,9.77934587802619
19361,8.911610797977254
19362,9.063376207645025
19363,10.12383306717528
19364,11.621174260626312
19365,5.315508446388504
19366,11.406759393725746
19367,10.372647840551437
19368,10.369540296071047
19369,12.037247403720635
19370,8.742079547707405
19371,11.952682101111666
19372,10.529138716005699
19373,11.865776576410672
19374,5.061673533838134
19375,4.417830402379517
19376,9.797117640298346
19377,11.875144962801546
19378,11.175373081503114
19379,5.283521328192933
19380,8.916645101314888
19381,9.335563552715762
19382,7.619119575532566
19383,7.840012340929594
19384,8.00383628403904
19385,6.9008201726056235
19386,6.643670336085892
19387,13.192257015868272
19388,8.69672349445552
19389,11.337480149595729
19390,12.1746597518463
19391,11.259022909386937
19392,9.118990876853665
19393,12.644265012147583
19394,16.056308291808033
19395,11.334197328592968
19396,8.883430603038477
19397,11.191951530213487
19398,10.867465121668184
19399,11.643879814801704
19400,11.779695557853362
19401,12.582980001318559
19402,11.121227575272865
19403,11.8639629377358
19404,6.592276912981488
19405,16.622488664471202
19406,10.723077616529586
19407,7.469123774049113
19408,6.774891547271537
19409,8.674809885825375
19410,9.346467573735566
19411,10.151082884102635
19412,9.004742079791036
19413,7.835540799118174
19414,9.015863962575004
19415,11.491178488713347
19416,7.297008963816252
19417,9.515896090776693
19418,11.042659033610839
19419,7.807307191522854
19420,9.718093149189244
19421,6.2076427604195805
19422,10.798707469079936
19423,15.753463574777609
19424,7.94450116369644
19425,9.14830997891161
19426,9.527226767936808
19427,6.641191276109508
19428,13.027780661205073
19429,6.659379199231226
19430,10.378134841008297
19431,10.455938174089997
19432,11.110436405596428
19433,11.594469514321919
19434,8.777479053301292
19435,7.029917774805863
19436,11.790146484306614
19437,10.754028051718844
19438,7.124154601346545
19439,8.938082129813965
19440,10.259338487824689
19441,9.696449616985445
19442,6.65409282884357
19443,9.984599220587945
19444,13.42979219251976
19445,15.640062442796669
19446,14.150407706086902
19447,8.175219689643061
19448,7.673092965955383
19449,9.157784926705698
19450,10.707544173300597
19451,6.47944324208344
19452,13.790632440508421
19453,10.69537518597988
19454,11.393450759845464
19455,7.691570328832126
19456,10.884868610134092
19457,11.924113211642567
19458,11.872407647292224
19459,11.340715893921157
19460,9.24819521139835
19461,10.012984462097936
19462,10.79415534513948
19463,10.5475725739457
19464,6.9498272899249915
19465,6.998690746118968
19466,8.79465990576794
19467,11.32534522180007
19468,16.170004623718686
19469,5.655017279733596
19470,9.906755227293747
19471,10.455564357132772
19472,10.322151319754724
19473,14.760018443286551
19474,11.908686071257252
19475,11.307720847374927
19476,10.13607467011858
19477,10.276343741838275
19478,7.222877137101852
19479,10.40871812104335
19480,10.054956489013723
19481,10.055237172573054
19482,14.026959689345688
19483,11.423396008818285
19484,12.1956972637433
19485,9.644907417017052
19486,13.531887399088536
19487,7.250770293475716
19488,8.967340696901921
19489,3.937945557130491
19490,11.433475054762372
19491,11.966133761297014
19492,10.735032255161752
19493,5.693430455222412
19494,11.561575182976712
19495,7.933112195647663
19496,11.012242989375427
19497,10.31337091351509
19498,7.418220721080838
19499,9.384690923164165
19500,11.851263496244396
19501,11.819602979208428
19502,16.214304654720422
19503,10.296812627794717
19504,10.352818895182011
19505,15.441522426299887
19506,10.137664960492582
19507,8.754606477711302
19508,18.22750587906714
19509,11.025730867346386
19510,11.119271188517615
19511,10.069651966055119
19512,9.670956515630792
19513,11.025556764067002
19514,10.102369238582385
19515,10.097160290471791
19516,9.385984020609396
19517,10.784980453754095
19518,7.442645322727287
19519,11.093517239287742
19520,12.02350623964312
19521,9.951529865633049
19522,10.706382601063241
19523,11.255444787916202
19524,10.186858646768638
19525,11.809033547659393
19526,13.886643167626039
19527,11.794147544521422
19528,11.077834586046642
19529,10.498740492996518
19530,8.791066510197657
19531,7.562283392917573
19532,11.354594811596009
19533,10.363638181538203
19534,8.771130801195206
19535,13.188202596833795
19536,9.284461301029188
19537,11.11973324820896
19538,13.813719004641687
19539,11.110817392676113
19540,13.193238021120301
19541,7.803733803330314
19542,9.886164526764075
19543,12.142390764516888
19544,9.272018910594928
19545,9.896615147068701
19546,14.087902181526747
19547,11.128999127483276
19548,13.500087713116047
19549,11.290280257728458
19550,10.540438256401663
19551,10.076927435592937
19552,12.52296813713686
19553,8.446829362940488
19554,10.404043335883628
19555,9.922074051196644
19556,7.91995964108923
19557,12.536691489004664
19558,9.168356393548486
19559,10.009647165101256
19560,10.9091612838176
19561,8.138527954117713
19562,9.23173132966198
19563,7.504280269557942
19564,9.273538062518938
19565,9.379136848748482
19566,6.994944742036435
19567,13.600543012493638
19568,7.84118705613886
19569,9.980892703281107
19570,10.904940565024699
19571,10.627438916650119
19572,7.455790610622634
19573,9.833404649051817
19574,11.284477328451004
19575,8.692871063343167
19576,8.772392643039202
19577,13.325443682610274
19578,6.736929792720093
19579,4.4365086878208695
19580,10.744836098056163
19581,10.941967944538202
19582,11.492430825482918
19583,10.123241832431194
19584,9.058405736235223
19585,10.85742822208706
19586,11.443172483903563
19587,4.356341389435197
19588,9.067214921426347
19589,9.431351623634907
19590,11.647653595491953
19591,6.709378161836045
19592,12.84639631930306
19593,11.806526116758752
19594,10.398276087656777
19595,11.032538229574916
19596,9.514268120076625
19597,11.418092094601406
19598,6.542816202192211
19599,9.420548748643514
19600,7.5600463078392535
19601,11.50550074409015
19602,19.798895578917044
19603,9.934732594062815
19604,11.347636850544454
19605,13.295715868765049
19606,5.616680645630483
19607,8.563757456070585
19608,10.57966934444362
19609,9.276602713132956
19610,6.046323444984593
19611,17.632568192060543
19612,6.882330209506599
19613,11.291366819343477
19614,6.004414731704662
19615,14.501343617759888
19616,6.50946672746914
19617,8.584921261953664
19618,6.161739224278793
19619,10.21988748410083
19620,7.992251177736248
19621,11.957965118493538
19622,11.300761660870082
19623,7.3590343226034545
19624,4.34658225493253
19625,15.76671606685883
19626,14.569931262244411
19627,11.048922082393503
19628,12.912263509112968
19629,11.074583545475846
19630,9.14486919866581
19631,13.807323035221811
19632,10.881463264162672
19633,8.978788297201167
19634,14.411828388781727
19635,11.605425459449911
19636,12.129627173605185
19637,9.760963361885782
19638,7.4908366972495735
19639,7.343927713994289
19640,7.170835812798456
19641,10.928177748584258
19642,14.79471557275635
19643,4.5248091991462385
19644,13.244349711390194
19645,6.928375944296221
19646,10.931794004016158
19647,9.445343152611914
19648,11.869753312967228
19649,11.31019068446032
19650,4.296036801767412
19651,7.735119989805172
19652,6.843143653276035
19653,7.729057657803425
19654,9.987770073455362
19655,14.387254618008075
19656,10.536980233007778
19657,14.347104517928235
19658,12.331341917717326
19659,9.217158533001827
19660,9.22302072732768
19661,7.883076882377786
19662,10.352403985992769
19663,9.99368472321353
19664,10.370876763727665
19665,6.951254631427056
19666,10.742864786642151
19667,10.966953305285188
19668,9.54911999163857
19669,9.567844459461304
19670,8.646855787194728
19671,7.776426508868392
19672,9.77495924250098
19673,11.411629391497284
19674,11.360005131475589
19675,10.671172117671901
19676,11.392289795938353
19677,5.204566837465183
19678,10.957001819493888
19679,11.390306917911103
19680,11.674756584057025
19681,10.111067583386959
19682,9.812686227807399
19683,11.3946898550628
19684,9.371311471249829
19685,9.374599986317389
19686,10.10457140728495
19687,10.59519612231033
19688,12.101798998541751
19689,9.543698128381783
19690,8.678656578220028
19691,9.477773764214636
19692,10.580024229011478
19693,5.6636258772777115
19694,9.336638659022032
19695,9.229135974405299
19696,8.495805547302076
19697,5.226634585359351
19698,5.180813679268769
19699,5.504896479182458
19700,13.818125536043752
19701,9.54839685378272
19702,11.70287536734147
19703,9.437345407451796
19704,11.284368141481771
19705,9.693468655388484
19706,9.463598874142626
19707,6.976399887867275
19708,6.248326869328084
19709,11.118927842365313
19710,7.1895787323544065
19711,11.236645344147245
19712,5.08949517009834
19713,6.353343754309722
19714,10.425389948679557
19715,11.417754688691705
19716,10.514162243485572
19717,11.150796741161198
19718,10.212702214867676
19719,12.316291950054612
19720,10.634089387041168
19721,8.479178032802754
19722,10.590057649231841
19723,7.065898943076329
19724,9.194919660471806
19725,10.729075684453601
19726,7.885012147730793
19727,10.883280615235847
19728,6.503380630927518
19729,7.721933232788609
19730,12.142296703146233
19731,10.61710380590503
19732,13.13322826105465
19733,7.600609158519625
19734,4.183648776550014
19735,11.108818275830439
19736,4.126539756417487
19737,7.633288843129256
19738,16.205621707082592
19739,9.535588589064762
19740,11.19232953872839
19741,6.935467048914205
19742,4.816419524750442
19743,9.8911246924051
19744,10.828858993160488
19745,6.639760785969539
19746,17.006573835483675
19747,4.079819720605048
19748,12.125949779249012
19749,13.679778710070877
19750,17.55043076475025
19751,10.276080332694363
19752,11.470356600325625
19753,10.549761754844937
19754,5.1191195992965595
19755,10.948641639692195
19756,9.435212819890772
19757,7.123336236209736
19758,12.634247660645208
19759,8.072636920311721
19760,7.294111082118334
19761,7.386692673131661
19762,8.59680580514642
19763,10.941861200189734
19764,11.27950918648429
19765,10.702829073802913
19766,9.599700831185261
19767,8.258530292852395
19768,11.623996853027151
19769,11.206512160369833
19770,8.097965785246569
19771,10.976694026065765
19772,9.988755898604948
19773,5.1105434118331186
19774,8.919415412920369
19775,9.396236899057538
19776,10.379230267327038
19777,12.275429608266204
19778,6.860929436900277
19779,11.618854467230221
19780,9.284463638233623
19781,12.110422688503286
19782,10.658179027248654
19783,10.626301376394746
19784,10.77029452324007
19785,9.720562780921904
19786,9.543045037587596
19787,9.531723560316504
19788,6.404498861515386
19789,9.220330483729667
19790,7.256755898449738
19791,4.284122025914359
19792,12.979910896206524
19793,8.023551840026643
19794,9.88874827061942
19795,11.557392593751914
19796,11.58090926227921
19797,12.527987196408237
19798,8.546994239905178
19799,9.220375757880449
19800,9.103309399624372
19801,7.690432971570106
19802,11.948146862703855
19803,10.449390159574717
19804,7.457759800441181
19805,12.042560479868659
19806,13.781916758392814
19807,7.399962793655773
19808,4.592094941559546
19809,12.174331764667519
19810,12.763259243641803
19811,9.070958000471855
19812,7.0073553298913005
19813,11.175148903157883
19814,10.655070213026287
19815,10.29092517715244
19816,10.820497204450877
19817,7.92638577367693
19818,9.441777502653393
19819,7.511549445107118
19820,5.348511058746484
19821,8.021971156968444
19822,7.581713113203118
19823,12.191791936682494
19824,5.186252006740117
19825,12.444642756305218
19826,9.306703916151314
19827,10.192893973874476
19828,10.230088872297841
19829,11.947244595118619
19830,6.844783202535856
19831,9.8092633209053
19832,9.938902863509462
19833,14.37420141862998
19834,6.790009456042617
19835,10.7663342709129
19836,10.274876894984905
19837,9.449103864286197
19838,6.0048114167965725
19839,10.878054549995724
19840,9.89031914979067
19841,8.200798792015247
19842,8.256329934759004
19843,9.071254509557036
19844,15.276978739422045
19845,9.081245558082628
19846,8.751670809391786
19847,9.126080719009693
19848,7.319008079157422
19849,9.411074931225667
19850,8.740389656542863
19851,10.764163423403751
19852,9.572220921517786
19853,7.606223391498271
19854,10.296486288482825
19855,9.718622094087397
19856,9.175960343986855
19857,7.518209530790281
19858,11.992052371752935
19859,10.762664973874806
19860,9.879329434883221
19861,10.32511548760505
19862,10.424617860353376
19863,9.202096829426726
19864,9.302178400708662
19865,11.164623431060233
19866,8.914886234888375
19867,10.247676700687446
19868,10.615590386246454
19869,6.518890906261042
19870,14.407362427589835
19871,9.016740128593433
19872,10.347888320704891
19873,10.230766243629294
19874,11.374139833043913
19875,12.996956100616938
19876,9.353460005562502
19877,6.515351932963096
19878,7.629537272204516
19879,11.570917874437907
19880,11.335099327622533
19881,10.848289625843298
19882,6.541099138514699
19883,9.007433034701975
19884,9.945641649793627
19885,6.916961988246731
19886,9.905892325581068
19887,10.45520214935885
19888,12.02965613074258
19889,11.220350126325256
19890,12.780970004277433
19891,9.704886719176233
19892,12.627258332573282
19893,7.491704623186483
19894,11.305148033110582
19895,10.792242191205041
19896,9.794445071471678
19897,6.406275518340004
19898,10.576984367337339
19899,9.798185870450336
19900,11.73514486012256
19901,9.704244929694676
19902,5.359911238719125
19903,7.715868399635533
19904,8.168906874734255
19905,10.386000924545277
19906,10.443866162293089
19907,6.573712217426575
19908,10.643681255864157
19909,12.352929533302872
19910,8.969439227427774
19911,9.303927435376767
19912,7.651052660589808
19913,9.469900171874432
19914,10.773326603473603
19915,9.04437637600375
19916,8.31385619696041
19917,7.01709780211661
19918,7.177328922334436
19919,9.939528775622659
19920,6.355772444346329
19921,9.668269632364666
19922,10.918887354242674
19923,9.850925953414466
19924,13.769149769848228
19925,6.7328739087539535
19926,8.98837047222793
19927,15.097476805005156
19928,7.244785389791267
19929,6.5543805666182635
19930,8.312001592863178
19931,9.475153446504093
19932,8.893772908504676
19933,6.923877493060488
19934,10.472120799080852
19935,10.542403653405973
19936,10.370882181564214
19937,10.39609204638573
19938,14.551896644498191
19939,7.466793049222248
19940,10.176593200541816
19941,11.36117925949079
19942,8.883994182347553
19943,11.143291351654511
19944,13.215050500014076
19945,7.028645473107791
19946,13.319450567119535
19947,9.796736745688452
19948,12.052241320462613
19949,6.420451673895401
19950,9.362852313449054
19951,9.22591884996156
19952,17.844433584026735
19953,10.417004516194178
19954,13.016248016479626
19955,7.707983385214856
19956,9.767973649297572
19957,6.523843044593272
19958,4.706325092471555
19959,8.878490920379948
19960,7.432653349879271
19961,6.468481757328013
19962,7.348656852069785
19963,12.676566797009565
19964,10.246420799211158
19965,10.851377057988017
19966,11.478339636605266
19967,8.74669006115815
19968,14.358080549181881
19969,9.114454919288246
19970,8.740413529014601
19971,10.13040533184844
19972,12.08693586124933
19973,9.254138838685153
19974,9.720175612092392
19975,11.651123762315185
19976,7.147095988663817
19977,10.9473220452685
19978,10.182399225329224
19979,9.024924297683999
19980,11.613700354186108
19981,9.64115071636341
19982,8.964219812136122
19983,11.286866843602402
19984,13.626634017778152
19985,13.42806683405071
19986,6.930697313093167
19987,11.508013570754617
19988,12.149620024416333
19989,9.155488035615818
19990,8.94217329479166
19991,5.791126678571443
19992,7.22617357297164
19993,12.04085595729567
19994,10.456612215137266
19995,8.402698660905585
19996,10.363909950896876
19997,6.960377993557914
19998,6.44160921985596
19999,9.300073177655795
20000,11.034530967709411
20001,8.220547636146533
20002,9.83739339596291
20003,5.386308245992903
20004,10.516354785849039
20005,7.475311609046134
20006,10.568770208299048
20007,10.635976812755459
20008,11.827954621134197
20009,15.156180279178045
20010,13.310245702172839
20011,12.335581668671637
20012,13.72393808617336
20013,10.748639367476859
20014,10.16186252800457
20015,10.064202934248158
20016,13.888456013545106
20017,8.543286815085292
20018,10.460289404606058
20019,12.410662403281671
20020,9.447459167500044
20021,10.282961994808453
20022,9.881266863453458
20023,9.629855436332234
20024,16.472215213924198
20025,5.511838411110461
20026,13.806703208590521
20027,10.016325692064985
20028,8.741686744067978
20029,5.366011489095832
20030,15.80585516862158
20031,13.153411964204015
20032,9.318308934770752
20033,9.21453525508035
20034,9.435550978531193
20035,8.825187071195316
20036,7.13830239766141
20037,16.065748691583515
20038,12.362168313012887
20039,6.732036255713565
20040,9.455142047789042
20041,14.458824246915125
20042,7.569356122755033
20043,15.861704043480476
20044,4.293973340867552
20045,11.133785415794705
20046,11.559291305962281
20047,12.316156995520899
20048,11.210508685144399
20049,10.898144451641839
20050,10.181444566916888
20051,9.611997210660244
20052,9.624944479090297
20053,10.685345226056647
20054,5.743536824222437
20055,9.696668700931072
20056,11.358520474888078
20057,9.015736741665295
20058,9.213316733131288
20059,6.427562388216389
20060,9.580157775768853
20061,9.369584607116055
20062,9.708502189205284
20063,9.980875903341403
20064,6.5449181477117655
20065,10.547494930199473
20066,10.203894196896126
20067,9.674602211902869
20068,5.525527833100143
20069,15.597892394306573
20070,10.151811903749504
20071,10.43623550616451
20072,10.280463061305975
20073,13.970612136705814
20074,14.969327605597211
20075,7.0752881575950495
20076,9.050344719980961
20077,8.837693265960537
20078,12.632197641804808
20079,7.279602770959444
20080,9.132906510440561
20081,9.964351250768694
20082,9.972834551024958
20083,7.2871839709588855
20084,9.645968008119084
20085,6.975631212492744
20086,11.345549639159406
20087,9.636259666659523
20088,8.028813330328408
20089,13.327526118983544
20090,10.136495188842199
20091,9.08020753592504
20092,7.508403898509332
20093,10.041015838175925
20094,14.885273537482224
20095,10.506898515425885
20096,11.03130934721982
20097,11.633801184814017
20098,13.220688683928152
20099,7.492096796139472
20100,6.768846647532037
20101,7.8342013608972145
20102,9.89040859736543
20103,12.987901402416044
20104,8.75629605572618
20105,9.69980758303447
20106,10.208679726436724
20107,7.832033234188463
20108,8.07570101399257
20109,10.326277459779757
20110,10.69047516759151
20111,7.413704965947066
20112,12.682741625575812
20113,7.138318208048856
20114,11.353405683753522
20115,9.74934169017371
20116,6.10739024699242
20117,12.160689946617765
20118,15.727083877349735
20119,6.207209251360872
20120,4.921613261926509
20121,11.060753030313702
20122,9.911878086461012
20123,9.169570139480754
20124,8.350635752822441
20125,14.480510723309266
20126,7.982762288269724
20127,6.959694645686856
20128,7.590935434232822
20129,6.743212510667897
20130,10.949143759686566
20131,10.521770991181647
20132,11.198058512525968
20133,4.67826721218778
20134,10.908502070536215
20135,12.674009260291381
20136,8.079091379071816
20137,7.865407176014767
20138,11.308139171188012
20139,6.893737532266604
20140,6.923231911826602
20141,7.049203113094559
20142,7.7351842646343565
20143,12.500418690967756
20144,8.158898942135007
20145,9.875817027028422
20146,11.115918311568912
20147,7.229549331910228
20148,10.845552141135187
20149,7.495586893657567
20150,11.460601845876967
20151,5.722489842677776
20152,9.4688664952222
20153,9.442003838931882
20154,7.495413078106232
20155,9.50669610183703
20156,9.633250220314515
20157,11.28862821321114
20158,8.947074948599003
20159,12.622082305846526
20160,9.961455356972554
20161,12.847940215829322
20162,9.00723365384565
20163,10.547683651608398
20164,9.269964376888407
20165,7.953457242824367
20166,6.312693127118402
20167,11.989641944129591
20168,10.824134916937327
20169,16.314931479577133
20170,11.494115325838479
20171,13.19944401536167
20172,9.97844259071461
20173,11.06341158595237
20174,10.417033116703493
20175,10.437998062209592
20176,14.028063438516782
20177,7.701601623770394
20178,11.146772702825125
20179,11.360432029615176
20180,5.314181775123998
20181,11.445793421223538
20182,6.705897860951815
20183,9.730127887114948
20184,10.82115591272752
20185,8.491617394989003
20186,10.744254897858811
20187,12.607602773102276
20188,13.80052271492335
20189,4.649672976715388
20190,11.694057247827441
20191,10.350453108261108
20192,7.75432965312906
20193,11.275751328139819
20194,9.589001701078585
20195,12.026353121200447
20196,10.191017480302683
20197,6.448975857200867
20198,8.611095880672988
20199,12.811901666541697
20200,10.847991233514096
20201,9.862733280029673
20202,4.019027102970727
20203,11.314452371899382
20204,10.223619658046076
20205,12.213525761532114
20206,12.000383264687331
20207,11.694176762536573
20208,12.454590603528185
20209,8.689239882395054
20210,13.23501300278295
20211,7.483026421121077
20212,10.421423757656367
20213,7.098921663131393
20214,10.490320064846781
20215,11.116480651560408
20216,9.799930141008048
20217,11.974151271506303
20218,11.347226467939446
20219,13.598806788418543
20220,5.354941412100663
20221,15.129635771052278
20222,9.624595796563215
20223,11.24985824187927
20224,7.804357917560294
20225,10.742211393951676
20226,11.380373270746283
20227,11.459562393078567
20228,7.150155841737454
20229,10.479697773498545
20230,11.234489613395798
20231,7.981461968136285
20232,6.872897326155032
20233,12.188262188387682
20234,8.536367212203565
20235,16.003174955772362
20236,8.359731989582603
20237,11.606017693289697
20238,10.880313694896383
20239,8.833116010717376
20240,12.979064787170419
20241,11.509735572221857
20242,10.01721845749055
20243,7.825703257542909
20244,8.715347998228545
20245,12.048208398568304
20246,6.567123452986559
20247,8.814588566412212
20248,6.417429370240033
20249,7.112589754863355
20250,10.138337324240133
20251,10.81757124358602
20252,9.519659003073798
20253,6.45698643134046
20254,7.972523087649506
20255,11.843794949613246
20256,11.116747464057532
20257,9.007343243734912
20258,9.428439851630579
20259,12.235478011490672
20260,13.50946120253177
20261,9.329063600346107
20262,11.196351959234413
20263,11.28065220528222
20264,10.6660343404853
20265,7.689903795845757
20266,9.978402452207321
20267,11.288773122631964
20268,9.772651783660898
20269,10.267649221980822
20270,9.52612567067465
20271,9.233735691965498
20272,9.710026141936897
20273,10.1644361362112
20274,9.157021079265258
20275,8.587428118846873
20276,11.69720713650559
20277,10.948159966366763
20278,11.138157314442998
20279,9.762816086704909
20280,7.164046163123077
20281,4.325252488448727
20282,8.143984510049465
20283,13.04502619767237
20284,6.7667225013073615
20285,9.84957395164873
20286,10.142891801950729
20287,13.343944446196058
20288,11.587198577586207
20289,8.571172732153947
20290,8.999108146141637
20291,5.351948146586903
20292,14.826449161876678
20293,7.129753282078273
20294,6.879841681192877
20295,6.71660273923594
20296,11.40750175277317
20297,10.819887905601716
20298,7.28870297414229
20299,9.592263744106834
20300,6.158489796723682
20301,9.434478033535086
20302,8.005227264469335
20303,12.102411112249849
20304,7.31533987188419
20305,4.220589720876971
20306,8.55959326776037
20307,11.135654116860742
20308,14.137623709813369
20309,8.784560356898083
20310,9.144034881556072
20311,9.373077283795471
20312,8.572502909424088
20313,9.82525760159651
20314,4.498694193376473
20315,10.367026247732419
20316,9.15994978394444
20317,8.135028926472419
20318,10.633105584182651
20319,8.756973741730505
20320,8.785944131917962
20321,8.118554313105891
20322,8.323841916072528
20323,8.456941187067116
20324,11.41066738421703
20325,13.525672859763095
20326,8.443496979746838
20327,8.161851894389981
20328,7.6160345255956905
20329,11.22144094176286
20330,9.803556267120431
20331,11.998835931666468
20332,6.194764845870015
20333,11.047349162376335
20334,11.463624554573407
20335,15.318186394159497
20336,6.964989407102514
20337,5.461786444516235
20338,10.871836829044733
20339,10.327272303995278
20340,8.74114637514716
20341,8.086440721559569
20342,10.984802871908686
20343,12.778008014529071
20344,4.079815740650997
20345,13.594991355007057
20346,14.211841099081788
20347,11.255137865532134
20348,10.636232474467803
20349,10.744651867675564
20350,15.361112061049587
20351,11.092633239994793
20352,12.211182079708518
20353,10.834957074213726
20354,9.954892897418233
20355,7.092224530421622
20356,4.596766694091366
20357,10.29508613459191
20358,12.031608167415648
20359,9.504366022982975
20360,11.002351216190808
20361,8.689615863001526
20362,9.654460528699168
20363,6.8228602852307025
20364,10.539109723770204
20365,6.547172147084654
20366,15.53896657257322
20367,8.391146847098337
20368,10.820013596085067
20369,9.239040538475535
20370,7.849467551475584
20371,8.793041101882592
20372,13.6872917888267
20373,14.10496445504079
20374,6.574183445235035
20375,9.780693240480499
20376,10.679861533552627
20377,9.255108539564258
20378,17.5507815416992
20379,13.892911112706516
20380,7.159015766615985
20381,10.318205530944654
20382,9.735772353901748
20383,8.226306114884574
20384,10.535165759663998
20385,8.318819509745225
20386,6.82325491917375
20387,11.49612271335462
20388,8.80358397291782
20389,6.304747304533809
20390,15.174014070262837
20391,11.409963203286015
20392,9.73773911786843
20393,11.648542667096521
20394,10.187960194827898
20395,11.112495920009417
20396,9.674448754243489
20397,10.21001874428627
20398,7.930696002177191
20399,10.518725804861171
20400,10.556444124187106
20401,8.455678424247376
20402,10.75780242168809
20403,7.304991272141894
20404,13.045644595716471
20405,10.68804472855378
20406,9.293949764260955
20407,10.591994952093344
20408,11.372098433602009
20409,10.83415598698856
20410,9.323373244008577
20411,9.615826886032773
20412,9.182209921063773
20413,9.073232003671016
20414,9.528868495225257
20415,10.41658861130636
20416,11.359110489476336
20417,9.673050987792003
20418,16.498183710059106
20419,11.046944504785532
20420,5.443896233876936
20421,8.42931082248372
20422,10.025544090102553
20423,7.605643882243877
20424,10.391267517948666
20425,6.544919011585589
20426,10.352663706460593
20427,14.749007335731545
20428,7.545948685422913
20429,9.014184742101504
20430,10.955563679109979
20431,10.826308152882564
20432,13.918333840920077
20433,9.591475235854336
20434,6.157129451042988
20435,8.879294058797683
20436,13.38063807930071
20437,10.571032004212084
20438,7.63057638391262
20439,10.765085973213612
20440,11.17187731160589
20441,10.434726846261322
20442,10.60155088072556
20443,10.912165968159556
20444,9.991126040123875
20445,5.549075002567292
20446,8.887116398373585
20447,10.021700211564381
20448,6.818670666153431
20449,8.175873411289231
20450,13.570780838959664
20451,11.735906271718196
20452,15.39469973436971
20453,10.321769946739053
20454,12.32698767240472
20455,10.477568623593154
20456,9.478071054789838
20457,7.1441020750443
20458,12.906155825625618
20459,10.238067245596513
20460,10.71255819659847
20461,7.896259124488331
20462,6.166979920391797
20463,14.86853147329718
20464,10.159965923772603
20465,9.691061166783985
20466,9.2514641222172
20467,7.4667342774931615
20468,10.945789286045283
20469,7.912171923194743
20470,13.951220588306096
20471,10.25897844416302
20472,5.646977291131924
20473,10.126794327778455
20474,11.179241321464659
20475,8.033113346880548
20476,6.816585630284563
20477,9.656218642483068
20478,7.495401594281587
20479,10.597930264087772
20480,7.643305579138806
20481,9.831905616130708
20482,16.557162093202418
20483,11.722805251370641
20484,11.500873211840478
20485,11.667645043402466
20486,9.510671792592511
20487,10.700339588169747
20488,11.781317311602727
20489,15.193808370249384
20490,9.19159607119033
20491,10.802101233464448
20492,9.241712968953513
20493,11.347618171862969
20494,10.033551247365919
20495,7.613343928967876
20496,11.148495462725014
20497,11.737689638587547
20498,11.49846887517156
20499,10.391750596066949
20500,7.036673608486629
20501,9.300284941733127
20502,9.751807083042532
20503,10.992938999993072
20504,8.68484415583002
20505,13.934811694175977
20506,15.906317958025184
20507,7.831268461010811
20508,9.886954059550975
20509,6.612735388523721
20510,12.760056322375698
20511,8.926509914301109
20512,10.981100896895839
20513,5.161473735321504
20514,8.573041734461434
20515,8.465853234864596
20516,7.821006740442911
20517,11.928771349728342
20518,15.819513365987781
20519,13.822765489832518
20520,10.600771920425561
20521,13.066400720671131
20522,13.608703639166844
20523,11.168676644674651
20524,9.786774209758171
20525,9.83340887920599
20526,5.983947644115739
20527,13.239900765053363
20528,9.365787633943052
20529,10.044047783156184
20530,9.749946632752604
20531,6.427326347525148
20532,12.243582499483782
20533,9.664800672300455
20534,6.360868888454114
20535,9.809675405449394
20536,10.242924620278863
20537,9.606814286704733
20538,11.57893063923602
20539,9.238591905037175
20540,11.756876912094974
20541,11.24811394632166
20542,7.583557014086132
20543,6.288109068426655
20544,11.215667917316473
20545,15.377135169330092
20546,6.112332320167982
20547,4.729144330171655
20548,11.827701606040574
20549,7.470548040995434
20550,9.933023698285597
20551,8.007097071756627
20552,11.576504953761118
20553,8.763396620088278
20554,4.0946493348849415
20555,10.570845112531167
20556,10.76908607665288
20557,9.882815590138634
20558,8.228202521029097
20559,10.485960882598683
20560,10.574766258918977
20561,9.587384985806032
20562,11.578598784647802
20563,11.44069728604336
20564,10.461261546238894
20565,13.501614180793169
20566,10.876434403155978
20567,10.397643742021662
20568,9.684157664893931
20569,7.978177474476134
20570,8.283584224020508
20571,11.89288865551122
20572,11.856270445387377
20573,10.791949483277325
20574,11.234950594814471
20575,8.639112709422726
20576,9.15122321858134
20577,13.221687165795496
20578,11.91148519739992
20579,6.671315446662698
20580,8.992225719271229
20581,10.78039765053234
20582,10.35227240371607
20583,8.702529444922632
20584,15.217733135714589
20585,9.012649999055606
20586,15.511690136502475
20587,10.833887719702432
20588,7.677563951036509
20589,7.761555897532786
20590,8.831428650789206
20591,8.099015401997885
20592,9.034511025280997
20593,10.66065019196478
20594,10.50463956239156
20595,6.853543734820284
20596,7.0681835254602134
20597,11.064605500091492
20598,14.022623420578478
20599,10.91023709834084
20600,8.707199179633406
20601,11.6550832981213
20602,9.9799498203292
20603,14.862265551833497
20604,6.538964136212239
20605,9.70648731989523
20606,8.402457209126954
20607,9.62526832963163
20608,4.4319775821309575
20609,11.435049336386665
20610,11.123343580393218
20611,6.694369999866463
20612,7.306954804510747
20613,9.058612028821887
20614,10.357968360837013
20615,10.02323434502686
20616,8.029312081045255
20617,15.690634744734878
20618,11.075601129102742
20619,10.80955445245695
20620,7.6074702369724845
20621,9.454256026492095
20622,5.253461989577397
20623,12.606780296249854
20624,5.049455226130184
20625,10.628477482643662
20626,4.018959645810074
20627,12.79329467131226
20628,10.535155754002496
20629,10.362324328553434
20630,14.22938860789815
20631,9.603149745111104
20632,12.594175234209962
20633,7.935292222042461
20634,9.811932470387555
20635,10.464056602034962
20636,12.407007669653233
20637,10.324352280571684
20638,10.003588627143424
20639,11.415178889541995
20640,8.798953948973374
20641,11.309796612858174
20642,4.105046557495908
20643,8.031903978267366
20644,8.09503435505803
20645,11.197806655293615
20646,9.625455510193557
20647,11.00997449482892
20648,9.113106689246028
20649,10.641918056226174
20650,10.565146677975058
20651,14.61875005450303
20652,9.113318204846578
20653,8.668231746264967
20654,9.768019889666558
20655,10.043926090427469
20656,8.844029903651343
20657,9.575573076543476
20658,9.305332330050664
20659,8.999251027436657
20660,6.893152962192413
20661,10.814028432229474
20662,14.615573573454146
20663,10.008316596052367
20664,16.05967841497252
20665,9.259365884026648
20666,10.258210028243967
20667,9.778529532448523
20668,9.126190330906997
20669,10.42230141634478
20670,8.99425236438796
20671,6.529349055424875
20672,10.270769847961846
20673,13.129267693899928
20674,9.245394141780457
20675,7.992354530628447
20676,10.442220993322222
20677,11.123173016022808
20678,10.604752555764458
20679,13.86252022546477
20680,9.964742014240741
20681,10.600090694550953
20682,7.131323876306454
20683,7.682835565176131
20684,11.179573902516738
20685,4.756325276662011
20686,10.17469014593767
20687,7.785159184002322
20688,6.327025550073066
20689,11.565810714065053
20690,9.587264875097286
20691,9.280766253230109
20692,9.752327497717925
20693,10.104254364525953
20694,9.779749307255226
20695,9.049673304380669
20696,10.466796283791606
20697,6.8885330778923635
20698,8.478264851480695
20699,17.196251330732736
20700,10.307268691454627
20701,10.948505077139476
20702,9.316255508783785
20703,8.31592299628952
20704,12.237205687004689
20705,11.630005015770852
20706,11.48869640997643
20707,8.131680047843322
20708,17.42783562786836
20709,14.20258342970725
20710,10.94956531575167
20711,9.653344641139416
20712,10.987379836782768
20713,5.343611717873882
20714,9.864797094894538
20715,12.938512456304753
20716,10.868492508819603
20717,8.575916552538658
20718,7.524826433555681
20719,11.198961107704111
20720,15.924868950119244
20721,9.825634591964517
20722,10.647726378600026
20723,8.05844471909824
20724,6.642193376309729
20725,15.020771361955266
20726,10.017690349991256
20727,8.438354921280922
20728,10.69045061203052
20729,8.979326902899826
20730,9.448872307523752
20731,6.984188878694203
20732,6.792162717697703
20733,10.666862224026914
20734,12.8552373346261
20735,9.626893605083312
20736,15.374356404020176
20737,9.981809126971196
20738,8.991264944338653
20739,11.547821687563474
20740,9.790788613946617
20741,10.046165915527716
20742,13.58855134009154
20743,10.04525513394901
20744,8.582224704640222
20745,5.626961709381678
20746,7.2956478642115705
20747,11.390750106916268
20748,16.446223815932864
20749,9.23280489046206
20750,9.9198980128216
20751,10.802686641488684
20752,6.558610846391879
20753,7.854497930468865
20754,10.037203211755685
20755,10.790386197920887
20756,10.675986807144525
20757,9.367967389748822
20758,10.98011427212721
20759,6.461930119921957
20760,5.565642999071953
20761,10.960666861868512
20762,9.314841462410467
20763,7.853146069797361
20764,10.742951602518193
20765,10.53119189932357
20766,9.116374786149407
20767,7.239189755739712
20768,8.759444522577379
20769,7.645210748593297
20770,10.206553756477675
20771,12.168548184743402
20772,12.052233807134083
20773,10.50187783705335
20774,17.193716215818615
20775,10.189904132844498
20776,8.766536871440112
20777,14.377969512821075
20778,10.814517168293673
20779,8.276117593068324
20780,7.054923948723875
20781,11.40872800410976
20782,15.7914241234696
20783,9.27982961940063
20784,7.584419634555189
20785,14.225119469752341
20786,9.471378981034979
20787,11.587430537128327
20788,15.454548148468998
20789,10.45880525667929
20790,9.088274015602611
20791,7.794928288871576
20792,11.58424529864719
20793,10.767589813987968
20794,6.83266904884658
20795,8.298033556947106
20796,5.182848145652352
20797,10.18252824504821
20798,9.954503551464619
20799,6.417647298939368
20800,9.746573964856633
20801,10.219741889724508
20802,5.539261728675197
20803,8.794334765374014
20804,7.817289554192191
20805,10.116199223390574
20806,8.599824640549567
20807,10.287174819421208
20808,12.806231911982303
20809,10.916686411267163
20810,10.379690955810332
20811,7.882209749741456
20812,7.430904543651422
20813,9.533499900339212
20814,10.051826042623423
20815,7.6195697742755115
20816,10.386375407530407
20817,10.592284071258907
20818,7.082653221292463
20819,4.355537800101313
20820,9.084009898632983
20821,11.500319722164324
20822,8.144970813379558
20823,9.001284396455256
20824,11.469275104587604
20825,13.468679706368434
20826,9.324302807851119
20827,9.458561706717521
20828,6.772184983634894
20829,9.859550941935066
20830,8.628514127195071
20831,6.433957300068356
20832,8.752764429001875
20833,9.116794793009594
20834,9.326058313324872
20835,8.146808279480013
20836,16.422814343755515
20837,7.38173123983308
20838,6.989494673940321
20839,10.820995539550793
20840,10.841946455936599
20841,10.875942258887644
20842,9.918390473937826
20843,9.225786283843945
20844,10.295903767578388
20845,13.431533085027743
20846,11.66214473300349
20847,10.03422223697172
20848,10.804925813206939
20849,5.526901728334481
20850,9.696266404133041
20851,10.335814504102693
20852,9.314877212666683
20853,9.913283046088486
20854,12.28286490810815
20855,12.224667747185764
20856,12.242896420538795
20857,11.406292115921108
20858,8.012301742408408
20859,9.84645075725633
20860,9.293159133483668
20861,16.26895474982536
20862,10.308199245997994
20863,9.618984724242328
20864,4.644950588457721
20865,9.536645899794905
20866,11.87760918595913
20867,11.72186052823485
20868,9.379811654177944
20869,10.98032431982633
20870,9.059864021848492
20871,12.383894355949135
20872,8.60226108334805
20873,6.531632331073426
20874,7.637729325189895
20875,12.978729017817246
20876,10.8941567235196
20877,11.729830570304134
20878,10.900313880013567
20879,10.16559281993316
20880,10.622510480318383
20881,10.438496172551943
20882,10.878189954059692
20883,8.35723730026126
20884,11.584095092848443
20885,11.923900245082518
20886,10.8473091637381
20887,9.275389057963952
20888,10.141332829418182
20889,8.797758464941234
20890,7.868341405613339
20891,5.2633617525067145
20892,8.204212361772244
20893,9.759984191633846
20894,11.475075951721482
20895,7.355994669305758
20896,10.609886158384736
20897,13.55749494334184
20898,6.414331596570267
20899,11.865886968246793
20900,9.714044574800562
20901,8.273101479942667
20902,15.299171358470888
20903,8.751470486065351
20904,14.375716911336966
20905,9.20907480948675
20906,11.981339972293547
20907,10.371060240312946
20908,16.982261765516885
20909,9.794315886069025
20910,7.74037556892543
20911,11.195003707970626
20912,6.062616244931668
20913,9.826279837765426
20914,7.836100845277926
20915,9.788483866783272
20916,9.96894974892056
20917,8.603943418567296
20918,8.757681588772463
20919,10.088648180636088
20920,8.672700119735122
20921,4.344212679367109
20922,9.201963458358009
20923,11.638826375947875
20924,10.52911623140877
20925,9.441950976817822
20926,8.147160257768286
20927,9.837719826541043
20928,12.490665255351734
20929,8.279479815244777
20930,10.11664676033274
20931,8.25070964924256
20932,7.081332119314538
20933,10.22731681920071
20934,14.257406071626557
20935,15.085725448674586
20936,11.259621496707476
20937,6.23456536966703
20938,10.851781178522309
20939,5.874199928167059
20940,10.598063064777772
20941,11.065075923460238
20942,9.585464224993775
20943,7.623485056487029
20944,10.006406175692838
20945,7.194501208670118
20946,11.028696908246527
20947,11.013091306969976
20948,14.116701255323413
20949,9.79979292605123
20950,7.852872016805129
20951,11.602905291344115
20952,8.008738942420736
20953,6.48126843889836
20954,12.056147706532755
20955,11.011487187572632
20956,10.905012483779977
20957,10.764469155054744
20958,7.996013991378973
20959,12.590245117269117
20960,10.667093739286539
20961,8.728300077364354
20962,11.806437563048489
20963,16.00016915073364
20964,10.19235191049669
20965,11.543926969548673
20966,10.088395765055036
20967,9.802946186551907
20968,10.968295490090187
20969,9.264949767680836
20970,8.376285805806708
20971,4.152822108615308
20972,10.7148514543129
20973,9.864166603842886
20974,11.256219776825223
20975,9.059140124788643
20976,10.931915575843163
20977,13.22172612469581
20978,8.26760933715544
20979,12.502322966394129
20980,12.995000978668767
20981,10.177086859547352
20982,9.684478860438729
20983,11.305327428474161
20984,7.0574619476048035
20985,9.967552304699405
20986,7.210429468523709
20987,10.607342381730472
20988,9.807062878703073
20989,14.101593152561563
20990,13.954905824050169
20991,4.220825494814463
20992,10.545601609142993
20993,11.389262548300284
20994,9.880468566177699
20995,10.810508238915036
20996,10.825756205709432
20997,11.376218280903867
20998,11.264931007738133
20999,8.873670437541062
21000,6.998143689698833
21001,10.623193776144896
21002,10.71331595025614
21003,6.2934658661200364
21004,8.614189910704813
21005,7.080186813813469
21006,10.61855577117045
21007,5.237105144910426
21008,9.331095175233756
21009,11.525634293800225
21010,4.394293963831698
21011,6.240723250268953
21012,12.40499637756525
21013,8.243287474745355
21014,10.470485170748564
21015,8.479097562385224
21016,11.219817639929943
21017,6.540576627919531
21018,6.532826927243765
21019,11.156352135359755
21020,11.682078351054766
21021,10.751081998649667
21022,8.391726059513427
21023,8.038162742977946
21024,10.239582491155097
21025,4.373284357100092
21026,11.270413625790344
21027,10.965074295686646
21028,10.96661769775831
21029,5.6279638361940325
21030,8.181258894742399
21031,11.866150965705637
21032,12.59751869913779
21033,7.998463850030477
21034,10.143429738654099
21035,11.495524128632134
21036,7.5754435721756375
21037,9.933947857711905
21038,9.705575298997156
21039,9.510840232332065
21040,10.679225765854401
21041,14.460955328348042
21042,9.082578185327804
21043,11.207125457275193
21044,6.448779210348402
21045,7.476224408344797
21046,10.048770610557977
21047,8.528640486116174
21048,11.244732940212177
21049,12.05042124627159
21050,9.0809247380387
21051,9.135339794414659
21052,11.401017371916335
21053,11.00708151885799
21054,8.384260987732858
21055,10.688427526275012
21056,12.786179686420724
21057,15.297295509086323
21058,16.242537443000924
21059,11.250434985404958
21060,10.803879800760999
21061,7.913332100013591
21062,11.899323504748462
21063,12.364896594368522
21064,10.150821919526866
21065,10.324476159973594
21066,11.094747078745241
21067,11.687190774842522
21068,12.810211472670707
21069,10.097347168951043
21070,9.293002943715916
21071,9.642407784628615
21072,12.692484944816822
21073,10.18423602462428
21074,6.560366348701045
21075,4.541362630893476
21076,7.684314595696735
21077,13.917952643710604
21078,10.105744457821029
21079,4.532325219058073
21080,14.644711840244929
21081,10.056886801082124
21082,9.594098969921186
21083,8.946244771219332
21084,13.094585021293511
21085,9.576138324963726
21086,10.234935314432803
21087,8.874975212056848
21088,10.894451383744745
21089,9.324967465283176
21090,7.919047331336529
21091,10.912875994778624
21092,10.211445551316753
21093,10.915151595416397
21094,7.507014705533688
21095,15.357692057570556
21096,7.963222566093814
21097,7.436971894266647
21098,11.410099231435517
21099,10.99174425304101
21100,7.703878118066396
21101,9.026677741560883
21102,10.959910592857298
21103,6.051398536945255
21104,12.193993041322948
21105,9.589293096114755
21106,10.360957202791049
21107,7.278111385688813
21108,16.45691402791467
21109,13.1172949809948
21110,10.913162177870204
21111,12.761801991152844
21112,9.789144602193073
21113,14.343237168659794
21114,9.995715675946567
21115,10.385975592095512
21116,11.12562602203728
21117,6.683698639114115
21118,10.56756205936993
21119,8.711096634511073
21120,18.311081756897433
21121,9.000133574027451
21122,10.137056498461112
21123,9.310707283502778
21124,8.841965677426103
21125,11.860708997782686
21126,6.951448831563017
21127,7.5419268273374875
21128,12.321311721489211
21129,10.964301251071848
21130,13.788350394855287
21131,11.080817311701743
21132,10.070045421895433
21133,6.960359841974107
21134,11.035279139546006
21135,6.3309885730027435
21136,10.593056212226667
21137,9.502109267338552
21138,9.071874754296081
21139,11.119751673198998
21140,13.566302210435476
21141,6.419208900427796
21142,11.166945673379502
21143,8.980750144661817
21144,10.973351806244963
21145,9.470189955657231
21146,8.76751200158625
21147,10.814114172372626
21148,9.434730685596785
21149,7.658366214467922
21150,11.598570829461773
21151,9.670944270001248
21152,7.324984840036651
21153,10.486162607700898
21154,9.773142822640594
21155,9.50903196951646
21156,7.928637644045963
21157,9.623424684143284
21158,9.743223876106324
21159,8.647946496750727
21160,11.405538024312389
21161,12.047222556679198
21162,12.715392970258854
21163,12.205770072506027
21164,10.821180268085218
21165,16.467194299045143
21166,8.055635298874769
21167,9.01236169132201
21168,7.967357233115626
21169,4.5197598525521565
21170,11.564487849409389
21171,7.084168729597585
21172,11.259579778655576
21173,6.693277781457211
21174,11.922953265515565
21175,8.717754136123222
21176,9.149990915131259
21177,12.009287306414745
21178,16.025523869910256
21179,7.020754402305161
21180,11.851596729514998
21181,9.958932103424496
21182,10.609235696223935
21183,11.685307004152492
21184,10.538415372018669
21185,8.831146822291252
21186,6.931744402523893
21187,7.976077737844408
21188,9.819417572962346
21189,9.708148181845866
21190,14.502505855297816
21191,10.107312219828337
21192,9.916667787995728
21193,11.093748283737067
21194,6.963969898944248
21195,12.406710683095426
21196,10.057414585306097
21197,9.728717902627274
21198,10.622829182116156
21199,15.124804694302313
21200,9.672418518796361
21201,8.896212011335649
21202,9.581953210815357
21203,10.991751962296643
21204,13.873621692537654
21205,14.992186508840955
21206,9.434132491271736
21207,10.250265720819652
21208,10.307117738206692
21209,10.822720930075885
21210,9.95973727691165
21211,10.05978749480375
21212,10.370343161429386
21213,11.128592063286622
21214,7.808217953671974
21215,10.05746851908572
21216,13.144167638994595
21217,7.706413862241031
21218,6.895338445773608
21219,13.95040297178185
21220,7.068527306412795
21221,13.58673319558335
21222,13.242955068164644
21223,10.789614402816262
21224,11.050155924611317
21225,8.940854993016947
21226,8.534681487243677
21227,10.751232076938436
21228,11.90074881570424
21229,6.008758483274519
21230,10.96127547387611
21231,7.844162179731516
21232,8.401751816325119
21233,7.925526363748078
21234,9.688481695799437
21235,11.246203557519495
21236,17.829046373061402
21237,11.292822136063933
21238,12.043358397466024
21239,9.196984133049781
21240,8.829826450875895
21241,8.322120479842622
21242,9.822326978669139
21243,9.03151621052833
21244,12.561343123150163
21245,9.717650505889083
21246,12.87330719139153
21247,9.754271804191205
21248,5.516534893823589
21249,6.749067999691414
21250,11.378171672937246
21251,8.05379371116812
21252,9.439563168351043
21253,12.246435190954383
21254,10.951957980743906
21255,9.78158383400372
21256,10.636236219030103
21257,10.47397840827107
21258,15.905864980336315
21259,4.092917584504757
21260,12.523388006676754
21261,10.6027935141515
21262,10.54648762636672
21263,11.057453618113147
21264,11.12160700641282
21265,6.359349267037207
21266,5.385610275597347
21267,10.981997815711477
21268,5.534658145093529
21269,6.637462863954115
21270,12.415049299712264
21271,6.630770794703573
21272,9.518104685903788
21273,11.279744638204798
21274,7.676125236809476
21275,12.53315590651046
21276,7.043720880142188
21277,5.877031064517848
21278,7.49070828339693
21279,5.374750221358477
21280,9.005253271982024
21281,9.378008084813525
21282,8.297907670924406
21283,8.372200302392375
21284,9.466908648531113
21285,9.323996456803837
21286,7.083997579363959
21287,6.799981701944149
21288,4.273012037625887
21289,9.97223919886589
21290,8.776354724672919
21291,9.778408558801518
21292,12.183413670968239
21293,9.668024062367875
21294,8.013966391570968
21295,9.797452703135825
21296,10.098158674617807
21297,8.112400182339183
21298,8.290512717842851
21299,8.7798589531074
21300,12.462431734661903
21301,9.779736651292351
21302,11.578862489357785
21303,9.226947922319477
21304,8.454372981910467
21305,9.367150641364825
21306,12.111404011078546
21307,11.483782357758667
21308,7.355162122933129
21309,8.646596894862604
21310,6.32079173559022
21311,8.948599217439424
21312,7.721712123480531
21313,7.271453866575612
21314,8.123360253519301
21315,8.701720863050237
21316,9.222553468670181
21317,11.162524828117485
21318,10.504505245575395
21319,9.148664854306535
21320,8.980481258499527
21321,10.792023909281042
21322,15.439050880958996
21323,10.434235846236778
21324,14.015771202601183
21325,11.02849358589675
21326,9.38500970359217
21327,10.383942864697792
21328,3.9860334276659763
21329,6.840286475380612
21330,7.159341155495952
21331,5.363028937395578
21332,10.01181677950423
21333,10.600945172674116
21334,11.423924329324647
21335,10.189737954405413
21336,10.836597123881756
21337,12.794831070804431
21338,9.014519975987687
21339,10.57091501297866
21340,13.227285548776925
21341,12.359072423310746
21342,13.630342384799349
21343,7.767072358188287
21344,7.114415358542214
21345,8.232082300332916
21346,6.188989678721381
21347,14.769150175462048
21348,8.245999816302225
21349,11.05000414159208
21350,7.175838175838342
21351,12.995972675878317
21352,6.993684469731971
21353,9.804135951288458
21354,5.1956155996376765
21355,9.054848767827512
21356,9.689338436918344
21357,10.624834713531179
21358,9.868599499036696
21359,10.355145045280958
21360,10.496804128581243
21361,11.262411933652091
21362,6.60942232851066
21363,10.211685582074761
21364,6.474915909824373
21365,9.622920390052482
21366,10.900769404950195
21367,9.288049297349982
21368,9.89415423737689
21369,11.19610609639283
21370,7.507028605360864
21371,9.371352624394007
21372,6.325406384045367
21373,11.730666221348157
21374,8.969631325731244
21375,10.450275518224894
21376,10.069082278708018
21377,11.045363672007245
21378,10.815038764397894
21379,9.804189645547932
21380,4.470208434241703
21381,7.8823420546067045
21382,8.476500982849743
21383,10.753833643566637
21384,9.628975120210645
21385,12.249990805184654
21386,10.510987953197123
21387,10.370345470108948
21388,11.352980678616742
21389,10.418238976807935
21390,9.18170405163681
21391,8.867539411037388
21392,9.30194297625092
21393,9.752748350063893
21394,11.358220095248784
21395,11.33460242591444
21396,9.27074038634446
21397,5.115749727689524
21398,10.84193686225949
21399,7.287663221075967
21400,10.20526706252736
21401,11.658356644157527
21402,10.264929587588647
21403,9.475867591212658
21404,17.62741176245802
21405,9.643998752669642
21406,4.7628238752529235
21407,11.550928920200576
21408,9.944142889199036
21409,8.059461640582072
21410,12.366981955109363
21411,10.825884778185733
21412,8.64480913655093
21413,10.85180041151347
21414,9.09508002682091
21415,7.167204667944668
21416,9.048547021936425
21417,8.371391609336154
21418,9.34721736891907
21419,11.898015991330258
21420,10.432340423458559
21421,8.838746405988381
21422,7.330066730289925
21423,9.739133820058136
21424,7.331549090190938
21425,9.911036272897304
21426,10.03080559261435
21427,9.686317217442452
21428,8.70178685468478
21429,11.271526422292599
21430,10.52544174511149
21431,11.402480939465216
21432,10.386206454147269
21433,5.740113467209604
21434,10.130086636437913
21435,10.14387419798591
21436,8.102998905296886
21437,9.052763897957883
21438,8.515530388112229
21439,8.836270356506969
21440,12.517788318864365
21441,11.697706623739755
21442,10.645326419322807
21443,11.944871311872838
21444,11.338827900561695
21445,8.37653025566522
21446,6.879608285534919
21447,4.320625932207159
21448,11.252197103714987
21449,14.05925498449641
21450,11.358805257887896
21451,11.824688846374125
21452,8.974645911190269
21453,10.595190599807829
21454,10.558486087253026
21455,10.733273850478698
21456,10.61607846809601
21457,8.706905080316648
21458,9.006885409314322
21459,7.5918009950487555
21460,5.137617566079659
21461,9.956333517004811
21462,10.762880102129635
21463,9.669301863643955
21464,11.312233014124187
21465,10.6854786212015
21466,8.880802497945197
21467,3.984825948811565
21468,11.27966210228511
21469,12.69351492018253
21470,9.487234304844774
21471,6.153648934568067
21472,14.207685471783604
21473,11.231560972118533
21474,11.535149221933246
21475,9.712527761318594
21476,10.861119806516705
21477,10.021031025003225
21478,9.471782615603818
21479,6.7093853368894525
21480,8.73781811696919
21481,8.982057786431154
21482,12.0319879278563
21483,12.510278908500961
21484,14.691174357796168
21485,10.662462443130696
21486,12.012786945325159
21487,12.171928009370308
21488,6.260274580744651
21489,9.747433349106403
21490,9.027216972829994
21491,12.53272492413139
21492,7.84319479160132
21493,11.457262439164754
21494,10.443023596489084
21495,9.337400436404689
21496,12.070315130872295
21497,6.952347187286087
21498,7.347696760395387
21499,7.044335464174268
21500,10.255741639210207
21501,9.78946931258172
21502,10.801210683381953
21503,12.938292422298405
21504,8.078946722415047
21505,11.035602185062098
21506,6.686097946863939
21507,10.953718891340516
21508,10.85837447892601
21509,9.454002095405313
21510,11.012163668839491
21511,10.235680018555588
21512,9.77007257261566
21513,10.846180202987536
21514,4.76316648053526
21515,14.158686336014043
21516,10.298355764578819
21517,3.9573031364222775
21518,7.946911766733418
21519,8.164055929480359
21520,17.62410064454951
21521,16.110625340868985
21522,14.431091479909185
21523,9.470137852140521
21524,8.471617663841416
21525,13.406561280760606
21526,8.415232573033013
21527,11.710518726090834
21528,15.155437029315134
21529,9.247855105967897
21530,7.307985858964496
21531,9.105311607864003
21532,7.390882695184463
21533,6.726839308715831
21534,6.449026309225209
21535,6.982244461880862
21536,12.780856579732713
21537,11.362702431064694
21538,7.836980863606215
21539,11.857791276423404
21540,11.255459510648677
21541,11.311724721235034
21542,7.752706637470077
21543,12.810726452531167
21544,8.106045933130286
21545,9.645940314862589
21546,9.89921842610465
21547,10.10175989811476
21548,6.96535762350064
21549,9.692585104063472
21550,7.625619861747249
21551,10.188409477301441
21552,7.519236669489068
21553,7.989414462584241
21554,10.05809000418514
21555,9.600252795725122
21556,9.683408307672615
21557,9.697718075415239
21558,8.33219684875915
21559,10.152302319794645
21560,9.521651539191824
21561,12.20968154062568
21562,5.238117651232537
21563,11.782030942982786
21564,8.537852057498556
21565,5.525922420116379
21566,7.572567785124309
21567,6.819495560649787
21568,10.021552212240291
21569,10.434909510536713
21570,9.804680384647781
21571,6.148314174289642
21572,4.481228696488882
21573,9.23978968192771
21574,13.24276324663462
21575,11.459548913087175
21576,10.076235669190826
21577,10.825682568880094
21578,8.986739896236251
21579,7.0075393957460985
21580,10.673071282413812
21581,11.262840840738356
21582,10.067158544950708
21583,9.731129870118227
21584,10.381023067730641
21585,11.308831026783457
21586,9.761446195695633
21587,9.776648577790514
21588,10.847768304782434
21589,11.014368515726083
21590,12.625221511750635
21591,4.44806877749097
21592,10.358848784634002
21593,10.630709145775374
21594,7.841279334475672
21595,6.26492240590524
21596,14.250530716317545
21597,7.270724504474419
21598,11.577912219793909
21599,9.84930698339388
21600,12.380618005254352
21601,8.569527598959112
21602,9.921541024160758
21603,10.967089057272265
21604,9.811305851675204
21605,11.804116808675868
21606,9.394147519392776
21607,11.227889806126635
21608,10.072053223592237
21609,9.906223072380856
21610,12.817105973455565
21611,11.345347051277688
21612,10.904540141783578
21613,7.492288023166298
21614,10.536259010892195
21615,12.462479086583674
21616,10.382302884398511
21617,11.29489602781138
21618,9.614315897175327
21619,8.660460563027506
21620,6.550176577857778
21621,17.49173972116837
21622,10.151486924004287
21623,12.936537727241138
21624,5.68869150604474
21625,13.872193316275773
21626,8.944181671912084
21627,8.87519186605727
21628,8.469425968113702
21629,10.66117262543103
21630,14.134367549523636
21631,10.26698190737175
21632,10.997413549881706
21633,4.800320825560483
21634,8.699819512026991
21635,5.386854621804607
21636,10.85791839127084
21637,9.290414190323016
21638,10.094159672364063
21639,10.341445454258139
21640,11.57617702628887
21641,10.183900238767858
21642,10.889930413846773
21643,12.350106191665128
21644,9.12086383068214
21645,7.159077065496139
21646,8.172761237857864
21647,9.884140891307915
21648,7.133958548409974
21649,10.706264840568307
21650,11.451241476668724
21651,9.862841390597541
21652,8.272541673468549
21653,6.83421422734116
21654,9.370906243240157
21655,7.111606180165039
21656,10.988194173959778
21657,12.949715851964259
21658,9.380813329455227
21659,7.468008450008585
21660,9.056336538948772
21661,10.392118866696283
21662,10.016140853411608
21663,6.211573438416906
21664,13.946461016432655
21665,10.43465351592281
21666,8.417108273901269
21667,6.522479248887451
21668,12.471635720221451
21669,11.698429383435673
21670,10.875966649436542
21671,7.860066087221194
21672,12.780234510177973
21673,11.63585282769223
21674,10.384434928866673
21675,8.322965664137627
21676,8.47708825850542
21677,9.714062601074401
21678,5.623994480415229
21679,13.099583114943925
21680,10.966964149714421
21681,6.2039510802824696
21682,4.473820915630151
21683,8.031526021727881
21684,11.861571477153614
21685,8.702205339685726
21686,12.072464867955965
21687,11.512210633363315
21688,12.26041723849023
21689,16.280695404020882
21690,12.06844464631913
21691,9.411900706311183
21692,6.715383914316775
21693,7.0208288109728345
21694,8.291556524230675
21695,10.510409323033919
21696,9.799920150815954
21697,11.570107674652217
21698,13.339748963448843
21699,12.749632776268847
21700,10.87178207948159
21701,7.063414700854439
21702,12.31962437160279
21703,10.428428963694266
21704,13.276806807122753
21705,6.369621285376368
21706,13.388626124954872
21707,9.37043304469534
21708,9.807658574210093
21709,12.47954734171429
21710,9.142194294105225
21711,10.780973137604398
21712,6.386913140234753
21713,14.450496163663122
21714,9.509817039492637
21715,4.963089342819073
21716,7.429097268665128
21717,11.874805518446635
21718,13.466028814960058
21719,8.550845263582394
21720,10.465923550884005
21721,10.003915363967765
21722,7.243611828326421
21723,10.493840891416955
21724,17.515770089785473
21725,11.788307517564341
21726,13.370081966267968
21727,10.065045291996274
21728,7.001717030021002
21729,7.607290622232206
21730,17.519107888593187
21731,10.469734200447114
21732,18.78651336868227
21733,6.30650730075632
21734,10.051881350213073
21735,11.274290689943186
21736,9.925277860609807
21737,9.953436907422365
21738,10.098582141832773
21739,7.745731969140108
21740,6.6761478807876795
21741,9.357661961333182
21742,6.9016205973768905
21743,9.65695815849713
21744,11.531621403778917
21745,7.847022853631707
21746,8.725277856668272
21747,9.9510850678244
21748,5.477308442419715
21749,9.583791967529702
21750,10.394572699377456
21751,14.861472099384024
21752,10.365887020614839
21753,11.380089652099281
21754,12.33843960882097
21755,15.569473735737013
21756,8.929005432063231
21757,10.953902154712722
21758,11.119153117375665
21759,13.345242148167506
21760,18.047291344310434
21761,9.839110241028909
21762,9.395962279641168
21763,9.83891189823722
21764,14.969890120662516
21765,11.646885345891906
21766,6.889850984142371
21767,7.050092579879675
21768,10.779177283242893
21769,8.112209359424554
21770,9.534210994877398
21771,9.029462998579275
21772,10.172817307527412
21773,11.207101938240061
21774,10.891136919046456
21775,12.749972899533283
21776,11.653308342289272
21777,7.687239091733114
21778,9.586124881829482
21779,5.808848880503051
21780,3.9555768844591004
21781,6.920099201830511
21782,8.119448837783782
21783,11.196486942831832
21784,11.720310292605566
21785,9.105722402233306
21786,11.037103561152222
21787,6.201540010065291
21788,6.610143239505497
21789,9.507642044312885
21790,10.932533069825965
21791,13.070219591399582
21792,8.032357476944783
21793,7.278670699971652
21794,10.712209929102993
21795,10.699592120430644
21796,9.279470483771084
21797,9.886769340199095
21798,10.85203895593746
21799,11.593304706327464
21800,10.499810636949158
21801,10.303524124396507
21802,7.1730220369646425
21803,11.626136348964772
21804,13.510807835276703
21805,11.596456219467854
21806,7.316590641076354
21807,4.744379097946074
21808,8.508358866213953
21809,11.11112070195042
21810,10.646043446083336
21811,14.034495138624749
21812,10.795761513732655
21813,10.923470908943635
21814,10.98144668554676
21815,10.235475540430627
21816,4.975568562597278
21817,11.573812084071662
21818,6.908624793937705
21819,10.716883829378371
21820,9.125335919674876
21821,9.796659068127003
21822,5.554630922944677
21823,10.815881709043335
21824,11.888165322914023
21825,11.211193139199796
21826,9.780041757440756
21827,6.044244450875143
21828,11.108022621039268
21829,9.829847201878682
21830,9.756706093930363
21831,7.168023444101907
21832,9.726496045836878
21833,11.340056697980046
21834,16.017833419413083
21835,10.223014163106907
21836,8.278228248771855
21837,10.354113726168627
21838,10.197510089917891
21839,12.253950473215166
21840,11.631871042925486
21841,6.43906117377575
21842,10.859223329950922
21843,6.976896726457019
21844,8.104142288000077
21845,6.475823978440009
21846,10.253955894569
21847,11.84679029702558
21848,6.3718133482851815
21849,12.19586580063035
21850,11.499465248592147
21851,6.857065367268474
21852,11.110916486264049
21853,10.031379234705748
21854,10.797843658796928
21855,8.149978177285451
21856,11.899933256372048
21857,6.987396235968941
21858,10.22658113449889
21859,9.894018684523328
21860,5.899710598627869
21861,11.981516334251001
21862,9.888978067764645
21863,8.386389731712859
21864,10.009104790843667
21865,9.049715554965756
21866,10.195051855694402
21867,9.077298846939051
21868,11.28552624276577
21869,12.179747478208004
21870,10.988449338633846
21871,8.17646948643257
21872,9.516245041245844
21873,7.557137046937987
21874,13.31971550410989
21875,10.52683548908965
21876,7.497866791879073
21877,12.22922140734485
21878,11.111826186262263
21879,9.635082089445646
21880,11.805259698644875
21881,14.540167233293678
21882,7.394933212328832
21883,12.462634759621494
21884,10.366237495498535
21885,9.929259359822378
21886,7.164444295795584
21887,11.333816684221246
21888,11.320344828098406
21889,16.55787517533852
21890,8.242746505905131
21891,11.443000334662349
21892,11.521134033986907
21893,4.04403723432323
21894,11.599004489260606
21895,8.846116186485261
21896,8.391377927940928
21897,9.070451254745857
21898,10.833019199971682
21899,10.52617257541936
21900,10.473933966431133
21901,8.315284855789514
21902,7.31220225204792
21903,13.415502575565927
21904,10.550164020843805
21905,6.832693795329035
21906,11.817948021175784
21907,9.49294496192569
21908,11.532596721836821
21909,11.654850467506717
21910,11.307286461335314
21911,8.77678068848084
21912,10.466725565027664
21913,8.060914884698857
21914,5.403125967147165
21915,9.453503299040168
21916,12.415123727633514
21917,9.827457408524557
21918,4.252550310570186
21919,7.110598279732397
21920,11.313481367522122
21921,11.192475494305736
21922,11.813810895749658
21923,5.4068937874885945
21924,5.9459177576921665
21925,13.40415328845717
21926,5.178464508766574
21927,5.695883037486468
21928,9.757682906903646
21929,11.207616170049299
21930,10.870910948555387
21931,9.097967557405857
21932,3.972102054591737
21933,14.066415303073777
21934,14.037037674272314
21935,10.018268120973646
21936,17.56846254610018
21937,9.566505072183876
21938,10.466867278578817
21939,10.268279716670673
21940,10.313618712316384
21941,9.424018366412362
21942,7.57705516308083
21943,8.806723276998856
21944,9.01016311154198
21945,9.96841774110121
21946,13.193746425003543
21947,13.5839253234277
21948,9.786121063797989
21949,7.6944499467180005
21950,7.171154473035766
21951,7.698052356080965
21952,11.506577048392518
21953,8.222835002492896
21954,9.697142432801417
21955,13.256703609785804
21956,9.932391306202664
21957,4.476865844596041
21958,11.986622568899335
21959,9.18708418121204
21960,8.34314640291996
21961,9.00068125501317
21962,16.596339943708006
21963,7.535953530656958
21964,4.784587901961244
21965,8.870683427374622
21966,13.176390067206476
21967,8.048591221292638
21968,10.00438017106697
21969,14.474288564161704
21970,4.8220732766991725
21971,9.993029932997462
21972,6.995230861010456
21973,13.362633517474663
21974,9.095858255930187
21975,10.27784542326929
21976,10.952223340147073
21977,11.192138418555725
21978,8.604412937584419
21979,11.483355404871451
21980,8.498053322635206
21981,8.961745966192177
21982,8.921128682487296
21983,10.939288941038658
21984,11.403052936097811
21985,7.3317587425620285
21986,6.439674625132689
21987,6.124401373299823
21988,13.057804928074214
21989,7.496803438954494
21990,6.040005603022935
21991,10.541754509150245
21992,9.40320150434726
21993,18.168152566896737
21994,8.6495105219736
21995,13.011012905625275
21996,9.529113093847654
21997,12.159831364133748
21998,9.727393056050833
21999,8.196301427269901
22000,6.337088715624483
22001,9.894391559761445
22002,10.3130762000102
22003,9.555529851535535
22004,7.796967634168992
22005,10.290954112360021
22006,11.413207134890843
22007,10.498977337420545
22008,13.372396865894398
22009,9.864468769026457
22010,18.106185843693442
22011,7.600274369576566
22012,9.948379549993973
22013,9.809206080108419
22014,10.78455289009446
22015,6.556189187440139
22016,9.53421042937674
22017,6.06221323376032
22018,5.7027316266678945
22019,11.915945330968698
22020,5.2004945202098956
22021,9.1778685511776
22022,15.301131499147713
22023,9.384956856067799
22024,10.431875912756855
22025,11.23953288125806
22026,10.839164376610777
22027,10.550097434335783
22028,8.639946454207465
22029,10.55743004858516
22030,5.204566837465183
22031,7.843792351175853
22032,9.482816247527346
22033,9.457297952045547
22034,8.914212845597424
22035,11.962628664502883
22036,8.899264096218058
22037,9.009851007851054
22038,14.188504159130908
22039,7.361844925948887
22040,8.842638030258513
22041,10.379671078958113
22042,9.245670289978799
22043,10.484033463189752
22044,3.9854429918190917
22045,11.088468494753016
22046,11.236638511909435
22047,16.07427886951488
22048,11.110082188279296
22049,4.046882481998848
22050,10.898046223741193
22051,10.55226213665403
22052,10.273983484362635
22053,9.452547667799056
22054,18.320116098458573
22055,15.52780220341025
22056,7.3811379483756285
22057,10.897148485296942
22058,10.582502905203288
22059,12.007948688689385
22060,11.767646221259355
22061,10.416222610289514
22062,12.920104311942083
22063,10.303786470605148
22064,8.635776548209963
22065,8.071565466836994
22066,11.592015670653126
22067,11.214319405047611
22068,9.53801837967596
22069,9.17841368232628
22070,6.719100371893884
22071,4.2232234856017765
22072,10.790657349290491
22073,11.318465243855279
22074,11.096758082589385
22075,9.658079639683752
22076,11.343386064034728
22077,10.048387624892914
22078,6.75341908571108
22079,8.514508704591421
22080,4.069385049966837
22081,11.310210304514351
22082,11.417303806209876
22083,6.227609846429769
22084,10.366165720564986
22085,8.77923448591212
22086,6.57569903296128
22087,12.701084566082416
22088,8.039052481181313
22089,14.352272364596683
22090,11.526155673633237
22091,10.966210431365237
22092,10.76324971674678
22093,3.865380512871158
22094,10.212556832946175
22095,7.045639371640352
22096,5.70584976778579
22097,11.60571250460978
22098,8.535043820082803
22099,7.504862232261476
22100,10.262779883978823
22101,12.69141941889724
22102,5.290685858948322
22103,10.337973447544618
22104,6.534856119628915
22105,9.677372614695006
22106,9.920903511940448
22107,14.730939432168483
22108,6.6623241560462585
22109,9.334956206292443
22110,7.742573258858468
22111,10.481335603718028
22112,7.775862033852541
22113,8.482480996303163
22114,10.129326918123473
22115,6.879504033034005
22116,5.613646155373157
22117,10.99100187988563
22118,7.723330449370495
22119,13.44177626661953
22120,11.05891947502727
22121,8.286272578068761
22122,8.470182120764427
22123,12.049902649765938
22124,9.970716793786032
22125,9.298498545045309
22126,10.524130148773736
22127,13.112157673733876
22128,8.787368378927164
22129,6.692677353585394
22130,8.073688824352134
22131,5.710216086481329
22132,6.427671208482272
22133,4.961254088459723
22134,10.076818245115778
22135,8.156197880257528
22136,7.951839109320741
22137,6.9972307457775464
22138,7.639453695851299
22139,10.306451861664776
22140,7.684579073122464
22141,11.57796288783273
22142,10.994139832245548
22143,3.9050802643567373
22144,10.521203370382157
22145,9.528594462000669
22146,11.95999412863046
22147,7.904176153277934
22148,6.243566739158313
22149,15.147084754553884
22150,10.95354774329264
22151,9.404927265915045
22152,9.696827713171823
22153,5.15424397853451
22154,8.817854180067366
22155,11.547728754394871
22156,11.002516116196102
22157,15.112861781557275
22158,10.315130685151875
22159,15.70768054620497
22160,7.791660378238894
22161,13.947603116874136
22162,13.576135368943003
22163,8.17008310810842
22164,13.896068601762114
22165,9.408595271726341
22166,18.17100303802651
22167,9.655262917552692
22168,7.298638068111532
22169,7.591492953701962
22170,14.769174107369683
22171,6.9055248318147475
22172,10.16640484248389
22173,13.302428047679594
22174,10.003182222875044
22175,11.490239153077624
22176,7.5053347852707475
22177,9.722946840870378
22178,9.740704831531241
22179,16.03345915024386
22180,7.737992733066918
22181,12.5512301482426
22182,9.342604855306549
22183,9.039979318890287
22184,12.248421185481142
22185,9.235513053756563
22186,5.381135392841552
22187,9.817560208947619
22188,10.387336439647864
22189,6.410133058689901
22190,8.452301022963656
22191,8.841001511365706
22192,7.465582437786745
22193,11.46119702849332
22194,6.233166107669404
22195,7.631743136555001
22196,10.423830196144326
22197,5.662340213851883
22198,14.401427724855346
22199,10.662848804824694
22200,8.875425719042001
22201,12.026264135797291
22202,12.065284452221299
22203,11.161643023955236
22204,12.654815598459574
22205,9.738150537967009
22206,4.335584611327123
22207,13.149236799105386
22208,7.370114532122185
22209,11.482084937772605
22210,9.142019156710106
22211,8.991187489098351
22212,8.38911785719308
22213,9.35835800250433
22214,9.942320542751137
22215,17.106417439951542
22216,8.400734458419823
22217,11.254052357404568
22218,4.500847216911311
22219,8.350856696676413
22220,12.244549840475642
22221,12.427815633334793
22222,6.169680327249184
22223,11.75520084429727
22224,11.164345161103721
22225,9.667575268965413
22226,11.596913032623053
22227,7.025947598519759
22228,9.772904561512858
22229,12.63211109913653
22230,14.06912243050792
22231,14.113267841997219
22232,5.598077676068677
22233,6.831141199979292
22234,9.634870548713298
22235,8.77731862997343
22236,8.463672100516483
22237,9.381283311323859
22238,11.124341542070908
22239,7.129254040523746
22240,9.610903198033286
22241,13.629764459760146
22242,9.44450276192281
22243,7.567915739094666
22244,7.213457430643315
22245,11.328530445696842
22246,11.152603862393548
22247,8.18350563066437
22248,11.427194403369004
22249,14.340269418697988
22250,9.651650462793548
22251,9.235064044285913
22252,11.859531149388467
22253,6.943058863983983
22254,13.263201192402276
22255,13.354637069212593
22256,7.558548125243073
22257,10.248144572015239
22258,12.246845066638517
22259,14.62466826815274
22260,10.035137183552608
22261,12.369032219844001
22262,11.537248512993305
22263,11.39848584706499
22264,9.995714648554712
22265,10.280711773324171
22266,10.164148931083709
22267,8.99105589570035
22268,5.2542864929324375
22269,11.198373789984618
22270,12.742400887430104
22271,4.821917309496576
22272,9.33234478228045
22273,13.911139389243074
22274,8.339359763615036
22275,11.198002331788846
22276,15.091543329267537
22277,8.82322698114756
22278,8.03222130440944
22279,10.50561943922517
22280,6.998265179223239
22281,7.711556643778546
22282,11.379640867861724
22283,15.537813497958112
22284,11.894108466232609
22285,11.689724109108223
22286,11.461572661322801
22287,9.726412012617295
22288,8.469312280114629
22289,11.202975603041288
22290,8.78320660518586
22291,17.37431916498325
22292,11.539907360936589
22293,8.901369441896465
22294,8.954951712146912
22295,11.52443755711394
22296,11.165332677941041
22297,9.074902652381832
22298,20.4462433285443
22299,10.796577678022159
22300,10.139517685043517
22301,10.320476748766009
22302,8.4799650254289
22303,10.022399263050588
22304,9.30921850749904
22305,16.042510541059254
22306,11.164543806388245
22307,9.235712513762017
22308,10.448758705657959
22309,6.185183668141526
22310,15.39577266567745
22311,6.473129757984025
22312,13.766046291316801
22313,10.0062949554146
22314,7.205524697714249
22315,8.310360223204807
22316,6.19063570565391
22317,8.504942385652525
22318,6.848337771048588
22319,9.067363006215093
22320,15.417968529426217
22321,10.390183621081345
22322,11.273202445121896
22323,7.567326768542056
22324,7.735047367341604
22325,8.270633188712065
22326,13.689752114612148
22327,14.773252463726621
22328,5.342092875242006
22329,14.651345001099969
22330,8.75423968949857
22331,10.922783758432
22332,13.589354598293752
22333,9.058700526379168
22334,11.534035305575507
22335,9.201591387271574
22336,6.586674177314771
22337,9.007751291662554
22338,11.745931536862422
22339,10.47087027621917
22340,8.616430560990572
22341,11.746285084544638
22342,12.957043704173909
22343,8.271226449356067
22344,5.6702330444516384
22345,10.853347589921295
22346,8.645150929075632
22347,6.749999925975328
22348,11.135924845557511
22349,9.53199269194707
22350,11.18624141752927
22351,10.242652634659946
22352,9.256718109919255
22353,7.231956423654994
22354,12.029375947190143
22355,12.28689065385274
22356,10.480380890268119
22357,10.733413805617094
22358,9.76426294790923
22359,9.544180338110527
22360,7.660041431841227
22361,9.35173536175876
22362,12.450911998615847
22363,9.440185984959253
22364,11.776235118767739
22365,7.8066993123933734
22366,7.439723128872655
22367,10.695427592092468
22368,8.359318692498864
22369,6.283803363864708
22370,8.464093802981811
22371,9.064029526278336
22372,10.2145205376437
22373,10.665502711010351
22374,11.286765674946333
22375,9.815531728462528
22376,6.510883530805331
22377,6.878235025561835
22378,5.151590559959674
22379,10.369743160797514
22380,7.922821871130926
22381,10.53317904860692
22382,6.402874695154077
22383,6.914369481221176
22384,8.04817259380169
22385,11.202216414256736
22386,18.572589452876915
22387,10.56350026417536
22388,6.501132306452655
22389,9.580911990960885
22390,11.533426412925225
22391,8.893914287749901
22392,12.27438819923626
22393,14.388917401882715
22394,13.503397324215294
22395,14.030399802176165
22396,14.130816538919177
22397,11.872944692999233
22398,10.090346557147964
22399,12.090530612300963
22400,11.179325784918461
22401,10.545637739387118
22402,7.873260898977406
22403,6.156281490077905
22404,5.260575507134705
22405,7.932300069720123
22406,12.679055439864172
22407,9.844198139511901
22408,6.682417589796857
22409,10.464186348875469
22410,9.840383683990005
22411,10.501280594409444
22412,4.586701303535209
22413,11.100975835384329
22414,6.832518423010496
22415,6.550957307990553
22416,10.836544499186559
22417,11.365196185515336
22418,9.605953494867038
22419,10.69353709073173
22420,9.920115644719282
22421,11.882049428161643
22422,12.747812514579765
22423,4.1069551505297825
22424,5.118617976772903
22425,10.265547474238568
22426,8.681783061640783
22427,17.07745475611128
22428,7.1081326104252645
22429,11.999944428167256
22430,7.306122755440208
22431,8.115298142285582
22432,17.661971522901116
22433,11.178092009205832
22434,9.17581364679711
22435,10.24629604282128
22436,13.634699824497348
22437,14.62393946399089
22438,13.173513554210778
22439,8.26005402976407
22440,6.4962277018149175
22441,8.577180520626122
22442,12.095923194917303
22443,14.86885413712155
22444,10.77789159942299
22445,11.443226487673709
22446,7.595700824852112
22447,6.658276973532406
22448,11.109280846140638
22449,11.812620807948804
22450,9.953444663652002
22451,4.2877920161044525
22452,13.025447085344483
22453,10.638475792107261
22454,10.627826985159125
22455,9.487392656649368
22456,7.965258926978359
22457,14.877696711740303
22458,9.08639868779977
22459,8.967432103352822
22460,6.464027240599729
22461,10.717270489726468
22462,8.14251328551409
22463,10.042289472118993
22464,12.996105495224963
22465,15.78775936046439
22466,8.262042550333398
22467,4.669361320682005
22468,9.25425950977079
22469,8.450681105772876
22470,8.91045840625354
22471,9.841779323314508
22472,6.695153347257258
22473,7.76425363997274
22474,11.33225839124717
22475,4.152822108615308
22476,12.700131215689659
22477,8.492359070935004
22478,8.92150733926269
22479,7.234740852020456
22480,12.23806681180837
22481,4.317778492367181
22482,9.963964133847266
22483,9.993625049741555
22484,9.489402167266483
22485,14.818454537938887
22486,10.995662685510755
22487,9.757287879851217
22488,10.958095530244968
22489,8.487639144277338
22490,4.379085972190666
22491,12.507175838244757
22492,7.998209622351867
22493,9.990574868420287
22494,12.212925999895383
22495,9.618328605026399
22496,9.339224989371381
22497,5.719720734764886
22498,5.395986034683439
22499,10.143896222350973
22500,6.91202982322813
22501,12.35780052091485
22502,13.025516090825406
22503,11.87959404652801
22504,13.055280566618515
22505,10.828352683276862
22506,6.646423182812084
22507,11.837394144970801
22508,12.085706296388837
22509,13.020034445984926
22510,8.165460045065837
22511,10.457107281993732
22512,8.875941878927684
22513,9.396654665306187
22514,16.219784625202617
22515,7.605101368245588
22516,14.27266272519288
22517,10.104936477133034
22518,7.912109750435587
22519,13.944905981249994
22520,10.628748448559845
22521,9.836767249092237
22522,9.111923451859866
22523,10.292897141343904
22524,5.5940215932868735
22525,9.142495020486486
22526,6.928450064186444
22527,9.840778197476975
22528,10.221200299446238
22529,11.952945483136103
22530,9.847256160179425
22531,10.406692776896659
22532,11.905723830373539
22533,14.547405810806305
22534,7.268619063857781
22535,8.49133970095307
22536,8.776309474725128
22537,11.18186218232171
22538,10.319437588911372
22539,7.157514630107329
22540,10.444841901593469
22541,6.507384160411283
22542,10.756603976434178
22543,9.935921677959975
22544,8.908952432331896
22545,5.863853739906821
22546,10.259220194937612
22547,10.8867298961733
22548,11.189241271483397
22549,13.038834054387785
22550,5.95834819683652
22551,5.564159992899386
22552,7.391432921207332
22553,8.427455923032934
22554,10.173675886388466
22555,15.79737326675584
22556,9.420310940169767
22557,7.49055633892681
22558,10.053887285881626
22559,9.132741790464284
22560,11.12235040647451
22561,11.925059473423675
22562,15.49729794317215
22563,8.073636405051625
22564,8.617066440567081
22565,12.905861797706642
22566,10.897332981023418
22567,6.146799292267378
22568,11.444617454796884
22569,18.673385672276012
22570,9.498375057367166
22571,4.127583912117377
22572,9.725123049505946
22573,7.576808492864232
22574,9.911318186239496
22575,6.141166259300379
22576,9.229418703274831
22577,10.719067161018714
22578,8.978679116271058
22579,11.374579018163582
22580,9.674043829600382
22581,12.91276993129145
22582,7.254105173089039
22583,11.184559026994293
22584,11.72484873809136
22585,9.91669570548248
22586,5.710863102117533
22587,10.030997761936032
22588,9.017773116610492
22589,10.723075169284833
22590,10.29282896409464
22591,6.60133153133704
22592,10.048249882477814
22593,12.743886412165683
22594,10.908989854087164
22595,11.264372292629655
22596,8.678616097993398
22597,10.917293842729402
22598,9.617741437347394
22599,9.472337542090163
22600,9.467645449636864
22601,8.261661091667293
22602,5.947222745523774
22603,9.949270023781125
22604,7.374167429753885
22605,13.558917667806698
22606,9.209481222899864
22607,13.489958472257847
22608,11.318792624129173
22609,6.466918395233495
22610,5.644455872583002
22611,10.318265537092469
22612,12.74660590374243
22613,19.025274350228848
22614,9.967762359879709
22615,8.187963577368915
22616,4.429675081358693
22617,9.633742109612704
22618,11.337062136730717
22619,6.703588972230267
22620,11.718311867225948
22621,16.046886773282548
22622,10.364810444580609
22623,12.920510575969862
22624,9.724601498207669
22625,11.170487996005352
22626,11.478875065927546
22627,17.789445498497027
22628,7.718616441437107
22629,9.365135437287192
22630,15.499476264670811
22631,11.018831930247483
22632,9.878711407114512
22633,11.206822513919114
22634,10.954442435942259
22635,13.33075405786318
22636,9.714022795612907
22637,11.515295368889937
22638,14.480131349324033
22639,5.307728343271036
22640,10.112776958428785
22641,9.654747876042668
22642,10.263033362479947
22643,7.560686381825935
22644,7.227661467671259
22645,9.270152696701732
22646,7.908730659071987
22647,9.611869515130188
22648,7.0838976951758275
22649,7.013564337940463
22650,9.369012439115279
22651,10.88600735707815
22652,9.731780454906616
22653,6.5458934682877645
22654,9.335092299802575
22655,11.375182819423285
22656,7.917786862567985
22657,7.742089844758653
22658,9.509481017194345
22659,10.961133962238804
22660,11.871922794692692
22661,8.502674620744685
22662,6.982111682262321
22663,14.647137067411474
22664,10.463341708712909
22665,8.371048585680853
22666,11.800316688456785
22667,10.661454599501084
22668,18.72985143046459
22669,8.52710173738781
22670,11.320084498957684
22671,7.335427731678037
22672,5.3931915433664255
22673,10.790714632080507
22674,10.886548196525547
22675,7.3333291570989
22676,10.864378853564936
22677,8.982921768599866
22678,10.989256622068652
22679,10.183845358211368
22680,9.884920829477117
22681,4.369952662014196
22682,7.551774559271436
22683,7.880897069557024
22684,10.452827114028223
22685,9.487132515009895
22686,10.50077534144317
22687,10.18309154846546
22688,8.684281663130815
22689,10.040313405076255
22690,10.038841955557414
22691,8.905893579629055
22692,11.164046492056933
22693,6.118275995641046
22694,5.4820687129043515
22695,9.97525798533246
22696,6.448673906864098
22697,7.545766414532476
22698,10.198981213531772
22699,7.739868871111222
22700,9.253722103970587
22701,11.32150929439322
22702,6.894770426899321
22703,11.43176686473981
22704,12.893073744955755
22705,16.005876589009933
22706,11.278839488655631
22707,7.759576646901785
22708,8.94649645758304
22709,10.78332392032717
22710,8.389439070616314
22711,9.275564004270029
22712,6.087316339668616
22713,6.9805735052473805
22714,10.839301759229631
22715,10.69447465241887
22716,8.589454457491104
22717,12.75199015884988
22718,10.344976036997451
22719,6.635598399520385
22720,13.107281507615333
22721,11.870584437106928
22722,8.355992583023648
22723,7.241574749279455
22724,9.859362744935753
22725,8.067833775279336
22726,9.162277501448033
22727,12.157604245103652
22728,8.142998016888262
22729,10.42427974583175
22730,9.746486254114037
22731,6.8458797587386115
22732,10.006120424148323
22733,8.776129820910883
22734,14.19017333503351
22735,10.106017720920214
22736,17.05384216429613
22737,10.107734183282972
22738,16.473638966755832
22739,8.970490629620487
22740,10.737712713610367
22741,9.548051994735715
22742,5.659016989019039
22743,6.493886917079542
22744,10.383179418550316
22745,11.965732593709939
22746,9.14387499170008
22747,7.931754260687081
22748,10.84524921547763
22749,8.26770178605046
22750,4.787755821123355
22751,14.605089755016014
22752,12.112207660204177
22753,11.20736386366962
22754,11.423292741811395
22755,10.473490396940713
22756,9.600670583242259
22757,11.57758721138087
22758,8.550295170468312
22759,8.896086922520384
22760,9.048702849957357
22761,6.272038826818924
22762,7.580333146611666
22763,12.68610763746385
22764,7.400584269917799
22765,6.56047967178027
22766,9.914411238137589
22767,7.111746148667464
22768,12.331566687251815
22769,11.317662965016794
22770,8.71922976279878
22771,8.02470353794997
22772,11.032217538814017
22773,14.87480822381373
22774,9.46581550711078
22775,6.467863451509668
22776,10.231089080836728
22777,8.014176802339321
22778,10.345454570760255
22779,10.363424615017598
22780,9.613438495515634
22781,6.073602990138141
22782,9.482957325052766
22783,7.5396197775168305
22784,10.467091754357835
22785,14.255262217028609
22786,9.959948055964077
22787,10.319687691803317
22788,10.879717324747842
22789,11.639862876494444
22790,4.055981760407341
22791,15.52636704361821
22792,11.643203750284735
22793,4.075738399852036
22794,9.67409321969707
22795,11.172589804756813
22796,6.671142364536129
22797,9.068366354851099
22798,12.235019712653807
22799,13.895602242179823
22800,11.59052316494288
22801,11.000423320919765
22802,5.99917553345538
22803,10.863577920522356
22804,8.95522862106817
22805,8.121610687736155
22806,11.835515214621896
22807,10.567468866710536
22808,10.246967607381633
22809,10.75056967749418
22810,5.9296668377944
22811,10.942693832284977
22812,10.103798437321318
22813,8.469396763328852
22814,10.412697776546587
22815,10.33784400034953
22816,9.942478667201419
22817,10.275463405973035
22818,14.264386405395175
22819,4.049965309030365
22820,9.605942700471726
22821,11.787254539510014
22822,11.738613563102557
22823,10.378438719060684
22824,12.11746327463953
22825,10.209898096225869
22826,9.770386632269666
22827,11.373537791521876
22828,10.806622013351106
22829,10.404164221090909
22830,9.37830390025583
22831,9.940903121170708
22832,8.827446103969695
22833,9.171904027747974
22834,5.091402049972131
22835,8.866421112435212
22836,8.557813864676588
22837,14.106117599781356
22838,8.71694709332676
22839,7.113326109677685
22840,10.21271580445611
22841,9.252002255133004
22842,11.390496471129014
22843,9.708250864926484
22844,9.01229041508782
22845,9.394343761680954
22846,9.08993803237811
22847,11.406695650513441
22848,6.368914425314755
22849,6.398128671010221
22850,10.102369718053103
22851,9.296791095443922
22852,11.056593798375003
22853,6.437944748987141
22854,10.723134807611359
22855,10.402283656628423
22856,8.07528618473745
22857,5.266108144103919
22858,8.54089183963569
22859,12.433608181864763
22860,8.864580957871173
22861,7.827222704287836
22862,11.575167708610579
22863,10.507545802324866
22864,8.952785412197326
22865,9.939014376199442
22866,9.732930325142728
22867,11.712018262884348
22868,9.915790056579176
22869,5.527503376791669
22870,8.929262630416572
22871,11.484469726341999
22872,10.361393517441027
22873,9.409286125705577
22874,9.223039482626561
22875,9.232203852087764
22876,8.020813986972925
22877,9.716024308886276
22878,11.462593436972277
22879,10.12845944406789
22880,9.773115386735975
22881,6.6513250524002
22882,10.117003282019393
22883,12.31823412134127
22884,12.048775061130332
22885,16.158252918322383
22886,10.091088753521355
22887,7.63043006800746
22888,11.009203930411628
22889,12.101089735422065
22890,9.415234655544516
22891,10.881224264239933
22892,10.034746599819208
22893,13.773819330764763
22894,10.33919604246815
22895,7.9129571437157065
22896,10.446016423126055
22897,8.009916172553991
22898,8.663497219953188
22899,4.206789975890166
22900,9.980144827043642
22901,9.148716871630924
22902,7.895966040045458
22903,9.170460410887014
22904,7.731446089588825
22905,10.867921537408014
22906,9.490519758656296
22907,8.262404787467375
22908,8.549895376808955
22909,8.987141050287713
22910,8.385496346602837
22911,10.646873651825011
22912,11.21403855627871
22913,13.673675139231507
22914,10.061696407613006
22915,9.40723868432086
22916,6.224607019904001
22917,9.30696172539146
22918,14.763696590312428
22919,11.266130178171192
22920,11.473766237018589
22921,10.565044761975983
22922,10.37944235660488
22923,10.043384167169819
22924,7.300144306517767
22925,9.162300312223369
22926,5.691330695495543
22927,10.982488203422871
22928,8.225485702501889
22929,9.151029022603279
22930,18.41930889439666
22931,11.462605182957606
22932,9.781402570149156
22933,10.45737749892251
22934,9.289249928794838
22935,8.287936942337081
22936,10.946740891599326
22937,9.850051164232301
22938,6.982504715208776
22939,12.82354390552229
22940,10.950060049637454
22941,10.260404605817161
22942,13.597627498556903
22943,10.521588334712845
22944,12.623735316612478
22945,11.092292741640948
22946,10.981246737361893
22947,4.066602043182627
22948,14.36895805678504
22949,11.665991070974073
22950,8.511857945527284
22951,13.137154761037642
22952,10.586884478125507
22953,11.460113080784726
22954,6.160561540194171
22955,6.748725699554406
22956,7.241520431359685
22957,9.037634451672421
22958,10.63297408463363
22959,7.187917442695358
22960,9.757641303301963
22961,6.8846942986203015
22962,12.117974246122056
22963,6.5578037242796485
22964,10.897086805861182
22965,8.535390038152663
22966,7.164302527415713
22967,7.816411410718288
22968,10.519174486797958
22969,13.603129233809165
22970,10.47423254628539
22971,6.5796097031793295
22972,11.44946648050037
22973,4.676475516571914
22974,7.974097041667861
22975,7.019675951770208
22976,5.995849587104809
22977,10.65085042196889
22978,10.170196508186812
22979,9.509563408593957
22980,9.571715225992588
22981,10.49088536552399
22982,8.387746733750802
22983,11.404294828113628
22984,11.515407087955445
22985,8.697006152774103
22986,8.458115058203358
22987,6.65104266468904
22988,8.365582592607135
22989,9.191003766350967
22990,15.82971403706956
22991,11.780287747004131
22992,14.278847007767808
22993,10.68749238432224
22994,12.849932530849134
22995,14.741240495288528
22996,9.271638166804568
22997,8.033840521786106
22998,8.060512051693966
22999,6.455546280975903
23000,13.128435618963866
23001,9.815561613585231
23002,8.189368462282168
23003,15.507116014423358
23004,6.350661695027715
23005,9.292836439562382
23006,8.64903843884337
23007,9.726055077701279
23008,10.089629567206767
23009,6.342161011096877
23010,10.627385376333963
23011,5.854835220902479
23012,11.548048316201545
23013,10.844779965009195
23014,10.144503104431418
23015,10.316008949611756
23016,8.499825685845874
23017,8.814819162501486
23018,10.711377354593704
23019,9.661705074840135
23020,9.82371916854715
23021,7.066013065387015
23022,7.309019148047621
23023,9.963928102530778
23024,8.934859132319502
23025,7.467505407658118
23026,12.29688875942803
23027,5.04581716028121
23028,8.131091226871506
23029,13.18312416972164
23030,11.321804480895992
23031,9.984892900683644
23032,10.751906609402882
23033,8.52873631574182
23034,11.044924915298079
23035,9.511158669613353
23036,13.153192718876397
23037,10.20470660165482
23038,8.466826784026
23039,12.75952697422828
23040,6.262975618503973
23041,11.526258838376503
23042,14.044065372694119
23043,6.572242202257787
23044,12.429287254705837
23045,10.412827703732688
23046,13.334259152130723
23047,8.031059411221268
23048,7.752768211624198
23049,8.377967458410522
23050,7.872490684350641
23051,11.499710120500321
23052,11.849203692492505
23053,10.29650554829987
23054,15.087625860513661
23055,10.231173959506885
23056,7.469948257442498
23057,6.851207358163219
23058,12.042211817912921
23059,12.28204564376245
23060,7.9392191208585245
23061,11.612205136873442
23062,8.758513542404778
23063,8.931302878861072
23064,11.57166974978167
23065,10.041475443716323
23066,13.161903708682047
23067,10.549838715904748
23068,10.599354364534763
23069,9.827350797504176
23070,6.29302343974695
23071,7.744746818146706
23072,10.833569984386937
23073,11.698470273730656
23074,9.78081148329758
23075,4.482833866502341
23076,8.686112510313578
23077,9.215196964347644
23078,9.360301866624567
23079,9.428334167860786
23080,7.383317317515152
23081,11.350076673732406
23082,11.475075372158013
23083,10.32089753121025
23084,11.360885808494128
23085,10.252604577346922
23086,9.71989677298352
23087,10.70042226369435
23088,8.57199046887448
23089,10.165676255455118
23090,10.435334716751791
23091,9.64419687475259
23092,9.077925091162804
23093,14.266761579617699
23094,9.359003305226864
23095,8.526188257177296
23096,13.291753694267523
23097,8.66376579551482
23098,7.775445671748136
23099,6.310348653044326
23100,9.979937422276562
23101,9.870251416130007
23102,10.89557678723066
23103,7.499481461984872
23104,4.493226439912008
23105,5.486213733199159
23106,9.102616589017845
23107,6.876411694679279
23108,3.9209275728392274
23109,10.875016823891977
23110,8.819014068252933
23111,7.869406665291514
23112,11.678209248996314
23113,10.952508767360321
23114,11.352699182989188
23115,11.069872869910693
23116,11.150371283090118
23117,9.961775070024135
23118,7.50293980541114
23119,14.543364304062065
23120,6.627345259928537
23121,9.579966910729887
23122,10.83314385001296
23123,6.5803575942803105
23124,8.383157036035511
23125,11.427476058345352
23126,10.53261841039271
23127,6.810522314715437
23128,13.89760499085686
23129,11.545272701603526
23130,13.616763225349752
23131,10.729570667896297
23132,15.957224404828413
23133,10.02806732433613
23134,12.355119960494658
23135,15.261105557131893
23136,12.563610286888498
23137,7.798457210801331
23138,11.04930827792246
23139,11.12681478351531
23140,7.562316786553556
23141,9.409962789702337
23142,10.790648105309698
23143,7.551130997158896
23144,10.509605000263715
23145,10.732572042340134
23146,11.296283200207057
23147,10.577474685722242
23148,7.843557506676479
23149,11.171426310488233
23150,10.927186227031704
23151,11.903776352381403
23152,11.021805821441056
23153,8.501405619253736
23154,10.99507580807953
23155,9.96876309106708
23156,7.904716125404885
23157,16.267632228492104
23158,7.612563865644442
23159,10.170653011083694
23160,6.304456074210678
23161,7.990252936525726
23162,6.823916684703197
23163,13.278546167946653
23164,9.50352798017227
23165,6.838186065587465
23166,12.1189429998938
23167,7.745376439333965
23168,9.189857438470671
23169,9.013795413700391
23170,7.069186966948426
23171,4.137414997208213
23172,6.452025056792015
23173,7.051190312535584
23174,16.637901457913056
23175,9.564625631760972
23176,9.92867258716918
23177,12.260868583588547
23178,10.59800289470584
23179,10.31739692977579
23180,8.0898795298164
23181,10.772007987875774
23182,11.370510818794424
23183,10.788121288250675
23184,5.700862320225797
23185,16.478711017228616
23186,10.853805814104243
23187,11.907725238716033
23188,10.571962530325331
23189,7.016687322714649
23190,7.422911456175676
23191,6.814388765388475
23192,9.454043568952113
23193,15.323120704780564
23194,10.883637228999145
23195,8.00586306718683
23196,12.320705876614557
23197,6.990707621951514
23198,11.19567643991326
23199,10.544713164744456
23200,7.780311813879753
23201,12.097944563608088
23202,6.653407138507828
23203,16.086417919847463
23204,8.654352827039864
23205,10.328986716539752
23206,12.911605801828774
23207,9.796632693146204
23208,13.418081768801231
23209,14.32068403415641
23210,9.98796040189303
23211,7.865205893959612
23212,10.77402207739524
23213,6.611817278142078
23214,7.040354505713603
23215,9.838609172708903
23216,9.211998438226663
23217,8.672152227922023
23218,7.607405540055331
23219,12.29620617204649
23220,10.168400236261666
23221,9.478736136441759
23222,12.529601235489675
23223,10.600978850876213
23224,11.999973916351301
23225,9.385274277270984
23226,10.214145039745624
23227,8.318591487165072
23228,12.195136463876185
23229,11.237567393293208
23230,6.7315647051322545
23231,16.572037225260008
23232,11.712733714677672
23233,8.825921804240732
23234,12.035596906453033
23235,9.522165725172437
23236,7.042715126117038
23237,6.665442873929115
23238,10.669243329496926
23239,7.3007351868695425
23240,7.455254927892378
23241,7.88964546864587
23242,6.326820470779431
23243,7.334864283148453
23244,13.409277152597587
23245,14.087347243492399
23246,11.118137451098555
23247,10.592222695966225
23248,10.19468873378279
23249,11.054055124291398
23250,9.482533626335407
23251,7.598605671636118
23252,8.96381256947781
23253,9.596838418681783
23254,10.519185905418578
23255,5.411220997724632
23256,9.11547859187247
23257,6.839997622710873
23258,5.711211528476448
23259,10.77418642837548
23260,10.960733281309636
23261,10.361635832810114
23262,9.274690819732236
23263,7.817286045973557
23264,11.311572905695403
23265,6.893347708850968
23266,10.307875745143114
23267,7.5249548365267716
23268,7.035498774728003
23269,8.862715043877387
23270,7.473329577952081
23271,11.548146813797835
23272,10.293297896381969
23273,11.415224425730464
23274,6.787907128864383
23275,12.78804396460864
23276,7.731653842751125
23277,9.07116967542392
23278,5.569529268106651
23279,10.976944366827066
23280,8.54532528280011
23281,10.0099885036276
23282,9.597093797114251
23283,8.728173220167472
23284,6.448987187457356
23285,11.036124730624302
23286,10.767459909674395
23287,9.401265411839788
23288,9.029030805482062
23289,6.636292684155819
23290,10.35304612389285
23291,11.427083485940877
23292,13.886095582677244
23293,5.389091962106449
23294,7.211856565968884
23295,11.75180509443191
23296,9.324402259776893
23297,5.464318270713382
23298,12.029034933819538
23299,7.416490733094987
23300,10.067243232981674
23301,9.871555111540674
23302,10.665057723058435
23303,10.646743584051588
23304,13.329186094348266
23305,10.90151932828023
23306,12.552767658133465
23307,7.361557146413838
23308,11.637383214338895
23309,12.522504317470439
23310,7.787754107715344
23311,10.982785833344135
23312,10.203754677991117
23313,7.7313734040509825
23314,12.036715946648368
23315,12.11867006556651
23316,11.070608579248994
23317,5.9034401799084
23318,11.629224465739187
23319,11.87781213898361
23320,9.07940413944651
23321,9.243693546227245
23322,15.315334804158635
23323,9.307087581199479
23324,9.38023613175011
23325,7.505656605905933
23326,8.612238935079894
23327,8.393722657461641
23328,9.224818419495065
23329,10.643007603846566
23330,7.0486386376801695
23331,8.236059283431342
23332,13.78321513201512
23333,9.793388565673233
23334,9.698200106475655
23335,5.273471301779919
23336,10.075898559989941
23337,10.084321901355086
23338,12.779719705815742
23339,8.887946402722488
23340,8.994770358304173
23341,10.39700281465512
23342,7.537349080880218
23343,9.238825293148235
23344,14.263844218481475
23345,9.67014276716682
23346,9.134615280608946
23347,15.90561758211187
23348,11.948299368241901
23349,4.0692700719889725
23350,6.183143779181107
23351,7.375334814300489
23352,12.891292787465995
23353,7.9550211589673925
23354,9.186708284970406
23355,7.879908782634679
23356,7.499969461952185
23357,7.524184148815271
23358,9.385989727500972
23359,11.090132430075439
23360,11.273496592880639
23361,9.309672147691284
23362,6.8347278843769255
23363,8.554323468687354
23364,6.807459079494723
23365,17.340027132797157
23366,5.269078158866948
23367,6.834886498996087
23368,9.916282733371188
23369,9.261147584644444
23370,9.351257738816656
23371,13.59754541444704
23372,9.200509310660076
23373,7.090099118475394
23374,10.645306129518223
23375,8.726402715580479
23376,11.419958394501226
23377,6.631287787520351
23378,6.706403374185939
23379,10.730987766101391
23380,11.803235295120862
23381,10.53950999073259
23382,14.73188594187262
23383,12.98668871019421
23384,7.8498740706781085
23385,12.981200987669737
23386,12.280211899939335
23387,10.715953726690545
23388,9.803668149810989
23389,15.93627159785402
23390,9.468705094353759
23391,4.327583957699903
23392,5.44186150591568
23393,8.522878440703433
23394,6.687647202910048
23395,12.73217384731544
23396,11.066685681532451
23397,6.033499901634745
23398,10.500926185795244
23399,14.30152078756947
23400,10.573691269824934
23401,7.632716511973567
23402,9.728384444901545
23403,13.94844830472636
23404,11.174882734272312
23405,9.030000319251405
23406,8.039624708581693
23407,11.897350117544075
23408,11.460846228245511
23409,6.13347853662377
23410,7.080608923894722
23411,7.592966824595857
23412,8.208313583650295
23413,8.891705268066032
23414,6.654177558808001
23415,6.426145404296565
23416,13.896232079109604
23417,7.059209441181546
23418,10.919730035993085
23419,10.266293004972818
23420,7.176203093949283
23421,7.058680013292657
23422,6.8123105236555705
23423,10.125825294614128
23424,9.715252942232794
23425,11.792885159648304
23426,7.42336165491565
23427,10.559916997694806
23428,11.736231961885625
23429,6.584112935256278
23430,12.207511974665945
23431,11.88179203413722
23432,9.476479015718501
23433,10.21341997542731
23434,10.253001165953687
23435,9.34249015428023
23436,10.149417921624496
23437,9.82099222751641
23438,8.374564193134233
23439,10.98971747924487
23440,8.024473200291403
23441,14.15975974107138
23442,11.225096085207873
23443,11.818739189517501
23444,14.305874032632014
23445,10.45159248113232
23446,7.1765460565029935
23447,12.026308060192587
23448,9.307083261988033
23449,10.823247538288381
23450,10.95036349334151
23451,7.1550009935083665
23452,11.594080084867347
23453,9.186079226563349
23454,10.806050357979462
23455,8.97947416610793
23456,8.567444059749551
23457,9.86034241123652
23458,10.306564578806801
23459,11.595959848371438
23460,9.87044981278594
23461,9.450888480391932
23462,10.19180949607314
23463,10.64245527242543
23464,9.36376276308353
23465,10.115553757726286
23466,9.270729753844172
23467,10.576827275130789
23468,8.69484055121135
23469,11.3384085563853
23470,10.527434194055555
23471,6.015491348125741
23472,9.590377768140943
23473,8.76833107595698
23474,9.161868116011105
23475,14.202556481022723
23476,6.436077206950867
23477,12.378782373461874
23478,10.712293638555387
23479,9.005352304541544
23480,9.857929938130383
23481,9.48150121530539
23482,7.6925627861248955
23483,9.181896355684799
23484,9.400044330662961
23485,14.721411248305488
23486,10.53110635408167
23487,10.002505313766282
23488,10.262229081085358
23489,8.464857095386343
23490,9.397315255982178
23491,8.976891789391065
23492,5.8690843544406714
23493,9.241541068054392
23494,10.789309918951002
23495,7.503949086472643
23496,10.098581069201654
23497,6.544248381110771
23498,12.424803723525432
23499,5.995180778195266
23500,7.570625042866659
23501,9.97883871207101
23502,13.889919456881936
23503,10.701775184124987
23504,14.863460024206534
23505,10.218071519105571
23506,13.204213998489825
23507,9.952459235141891
23508,6.613964321477811
23509,7.39764658249178
23510,11.626298107464008
23511,7.734910978824667
23512,7.467224523099421
23513,14.581820839001326
23514,9.841718174763734
23515,11.055053712116836
23516,10.737595195598502
23517,11.227739985140701
23518,10.261290685651435
23519,8.636814313846376
23520,9.604119854980146
23521,7.646501155378488
23522,14.178703943967006
23523,12.283615561909574
23524,6.390232009732331
23525,11.585398016462486
23526,6.964426800092988
23527,3.974448600466456
23528,11.863084927778875
23529,8.997914887659011
23530,11.360258082302492
23531,7.230022870979452
23532,10.464927859118614
23533,10.194543992052493
23534,6.913549687868745
23535,7.618782113783697
23536,10.636050544134571
23537,10.926023897229435
23538,12.794926296313275
23539,10.5366128680031
23540,12.909174245054071
23541,9.301955912995398
23542,6.593244418054478
23543,9.825933177619309
23544,12.070553417077878
23545,10.456571675907764
23546,12.74532928307017
23547,10.876457787566439
23548,12.529262128217386
23549,6.8747665934948685
23550,9.251382851509778
23551,11.71252925909969
23552,10.671781599097688
23553,4.9244944533790225
23554,12.146786928362957
23555,9.908236456169517
23556,17.066176962137572
23557,14.068630457242246
23558,10.743392154649303
23559,9.580504406560294
23560,9.031412175321202
23561,11.011146888373538
23562,10.894475753523327
23563,8.061148248587056
23564,7.065246041130933
23565,13.743926416341044
23566,11.456753363419569
23567,17.007489018231936
23568,11.56302961824316
23569,5.9405161091986685
23570,9.405742863222345
23571,7.466516445858285
23572,8.836081512482309
23573,8.049184312211917
23574,9.678443934954696
23575,17.666939690793495
23576,10.333857978006588
23577,10.298861810932074
23578,12.402427317153764
23579,16.32568367967425
23580,11.0618775005728
23581,10.04150214404497
23582,15.847287739433334
23583,8.349763684347263
23584,6.735342168536952
23585,12.497309168893732
23586,7.8516760423303715
23587,11.577754108029676
23588,6.589210318274848
23589,6.750451360802437
23590,9.10087160327341
23591,7.4310078250937845
23592,6.658846542478889
23593,8.889554423950162
23594,11.186588481099275
23595,7.952393941901674
23596,8.314499550134546
23597,9.564937206819499
23598,8.567479494006465
23599,4.50876069011928
23600,10.932918392922915
23601,9.42861509858394
23602,9.996257221492572
23603,7.888787539622202
23604,9.6752048687693
23605,9.32454111148766
23606,14.867145372500042
23607,9.708944132651768
23608,9.861424419884298
23609,8.266394002460427
23610,10.746681355180222
23611,11.381025508189204
23612,10.633480672977226
23613,10.679844421197146
23614,9.327119321267299
23615,11.453297468337905
23616,9.590286536478338
23617,8.912362551109084
23618,9.468392562382249
23619,11.688366677531029
23620,8.381871864038924
23621,6.33951311279163
23622,6.79258985865082
23623,11.57240361276617
23624,12.154574683689784
23625,11.742759880355141
23626,7.507050637751591
23627,9.645216119419121
23628,10.714561330761487
23629,6.300194889563105
23630,10.682705717826849
23631,5.465221199793882
23632,9.79562172895261
23633,8.61192141237845
23634,8.697600325336394
23635,11.627009147449737
23636,10.01201289161263
23637,8.883497516711408
23638,10.330713119384232
23639,7.861983896128301
23640,10.466409113955608
23641,6.249413847993153
23642,12.319871438958842
23643,9.668368459141313
23644,4.61505284066458
23645,7.18062690298694
23646,6.866733583521662
23647,6.443796436738012
23648,6.726799348798634
23649,7.540267458845884
23650,11.15612532112825
23651,6.203615594235074
23652,10.963865855649068
23653,6.668081947223016
23654,11.337724564610458
23655,9.509378304553788
23656,10.97702028973105
23657,7.684944937307769
23658,10.033037261281692
23659,9.866471281826637
23660,9.185647101899987
23661,8.737398438327622
23662,12.105363670842266
23663,6.834462025613188
23664,8.609204902253964
23665,6.528487917213145
23666,8.565315714311993
23667,12.527601453088801
23668,19.017625284383076
23669,8.784540815002103
23670,8.349477754589406
23671,10.627583035056446
23672,10.612101633733136
23673,10.833554374093705
23674,9.638245172369828
23675,15.327944574909484
23676,10.719486006868534
23677,4.998514116324506
23678,10.779825346161601
23679,14.171378207093744
23680,9.11885480695792
23681,9.209247091043428
23682,10.412705842594278
23683,12.241324235868902
23684,11.389760266368327
23685,17.34421801426541
23686,6.001425819501675
23687,11.30953829273205
23688,10.698501781595745
23689,12.281953260524679
23690,14.851739156139601
23691,9.423470271329776
23692,10.545995881714214
23693,4.762419684239077
23694,6.766617763793889
23695,9.298874868478272
23696,10.382351276425517
23697,14.869090113078183
23698,6.71535031699554
23699,6.328790810767945
23700,8.909734188427832
23701,10.567330253988935
23702,12.353061991419334
23703,8.947158333622305
23704,6.64299941420764
23705,7.569550336014039
23706,7.312486263645155
23707,11.417660933408158
23708,8.502010819503468
23709,10.447049090835819
23710,11.379495198698152
23711,7.152660618206011
23712,13.042752821032398
23713,4.734772509277632
23714,8.865481058383466
23715,8.274860150331603
23716,12.145258305995835
23717,12.787978243625194
23718,6.633007648840447
23719,8.360386862429852
23720,11.240046863885562
23721,7.785075436378644
23722,9.476211455586034
23723,8.810049228992197
23724,10.170229729134743
23725,10.62291341257962
23726,6.715816711559665
23727,4.593615476954757
23728,5.90522036216427
23729,15.400213758313658
23730,5.5272339377410145
23731,11.156373637972418
23732,9.017843974771282
23733,8.286170354517154
23734,8.426773364134078
23735,6.366871266642063
23736,13.347676188463863
23737,9.854270207216906
23738,12.039106829641945
23739,10.238118487360023
23740,9.162549683568683
23741,12.365633760984192
23742,7.18945704949379
23743,15.472158849244504
23744,13.206805198308391
23745,7.064443116912836
23746,8.626241493019794
23747,12.082543033120334
23748,10.127124765513228
23749,9.700790070962043
23750,7.75744312864581
23751,6.696491546984379
23752,9.452775204208638
23753,7.177019010773147
23754,7.660994327965907
23755,11.278560032438829
23756,9.337859147972221
23757,4.14777632365621
23758,10.480708912786927
23759,10.788587790212244
23760,9.352909433960502
23761,10.191994484315751
23762,10.484355942477618
23763,9.819179525991279
23764,9.20405558024534
23765,6.807948291739691
23766,8.87394312552243
23767,7.748134911386668
23768,9.174102278356477
23769,9.845222107776559
23770,9.997043920299411
23771,9.47483717056825
23772,8.373925875463165
23773,14.874402793293582
23774,8.519595062675917
23775,6.2039440715843215
23776,12.202013657517302
23777,10.4600982077847
23778,11.82632744113885
23779,4.8144376167128184
23780,16.3754571211388
23781,6.819000133747696
23782,9.114432502471045
23783,12.695610929465298
23784,13.129588345396556
23785,13.282627133815515
23786,4.492898897839566
23787,10.536105426727353
23788,9.87739789308022
23789,7.425392621738974
23790,9.193065069348759
23791,6.053887328620589
23792,12.051674030250508
23793,13.793874861810274
23794,10.640945917412044
23795,11.56066466390308
23796,15.27316694274604
23797,9.394535998099503
23798,12.355501453026328
23799,8.467843753424878
23800,11.125061777171117
23801,11.561616571673689
23802,7.94339591916696
23803,6.281937833760022
23804,12.00783892720815
23805,10.76566804602045
23806,7.86260714026097
23807,8.41553901012892
23808,16.221312621273906
23809,12.441508805296305
23810,11.331135960622543
23811,9.696950059428488
23812,10.541023129040017
23813,17.762471871005523
23814,6.848916114091714
23815,8.24063865803883
23816,6.036114542515925
23817,7.146448995993298
23818,8.252113825510015
23819,12.633247566623245
23820,10.246260003446906
23821,8.379783905643889
23822,6.938094486837148
23823,10.458915764251604
23824,9.935402133400995
23825,7.779780014959759
23826,4.1118202604431655
23827,9.192896678326356
23828,9.046704526852213
23829,11.843197956661745
23830,6.613908648069298
23831,11.995206377712703
23832,9.33268026234925
23833,11.024927814761698
23834,9.700924021563194
23835,5.622621290085341
23836,14.44416305921664
23837,8.613383670942705
23838,10.661709326188005
23839,10.35986083930275
23840,9.01904218989402
23841,11.17858939147263
23842,8.067123296124525
23843,9.512698212818176
23844,14.723183646829145
23845,17.806287111161904
23846,9.381786983407226
23847,9.575477475961977
23848,9.005567107840525
23849,9.241803019372444
23850,11.088910484794294
23851,7.642071362058965
23852,4.7922360483740665
23853,9.627982035835371
23854,10.135975761665492
23855,6.552737656858627
23856,3.9050802643567373
23857,11.816508324564966
23858,6.518698287356928
23859,15.931837872719722
23860,9.705577551589542
23861,10.393196005737785
23862,12.90289504258129
23863,8.545225544245383
23864,11.117500649341817
23865,9.440915888079758
23866,11.656908098512744
23867,9.5386414598467
23868,6.09279440696217
23869,13.67290970041319
23870,11.430767966095502
23871,6.595785079850852
23872,9.555770044219125
23873,5.326810020017561
23874,7.141067638517114
23875,10.764407292607997
23876,9.07890605203959
23877,10.907980621393186
23878,7.656658647283127
23879,10.180358837297504
23880,7.495138425318195
23881,10.094454315443988
23882,8.72044754535666
23883,11.156399359119288
23884,10.019246505119145
23885,7.111089255233156
23886,8.52155530317516
23887,15.339439933954916
23888,8.11747783770856
23889,8.169423435661944
23890,5.958247352840868
23891,8.807164880711065
23892,7.063634730533
23893,4.176772156108946
23894,12.557619762525075
23895,9.420028839108085
23896,9.330385176938442
23897,10.834747387956995
23898,8.514773297243968
23899,11.27545754435178
23900,8.72075233254816
23901,6.076000645786658
23902,12.682332461927345
23903,9.627586888141453
23904,6.804534972928244
23905,5.369921435758398
23906,14.220868912124825
23907,9.058198124690406
23908,10.384730435471326
23909,11.889851512623148
23910,6.72225871104323
23911,6.446091289785198
23912,8.091569875961213
23913,14.078561428173696
23914,11.900996467772437
23915,9.599498848415976
23916,8.82194600472196
23917,9.815755785808022
23918,6.88818078600224
23919,7.531912034080875
23920,7.012782394216378
23921,10.835104055399242
23922,10.37686074012245
23923,12.107251248860553
23924,5.156118309352943
23925,10.866728296768962
23926,11.962703451352152
23927,10.17670493345313
23928,13.087332885316968
23929,8.057997275351923
23930,11.28709994911063
23931,6.766833964576407
23932,11.180357418918469
23933,6.506206610412227
23934,10.531099467594068
23935,9.794598012236095
23936,12.791057812865578
23937,5.978542559664639
23938,10.160076786354757
23939,9.986308635473396
23940,8.15491299793686
23941,9.950238386310543
23942,6.9758017394125424
23943,13.405612970204192
23944,5.934977847940995
23945,10.372742415745044
23946,12.745300343765695
23947,12.50546270546998
23948,7.054957994691204
23949,11.402315145236951
23950,7.839673497434511
23951,9.382972429463623
23952,8.89964266738288
23953,10.742267690380972
23954,5.546887199990222
23955,6.68103488274949
23956,7.790482773382221
23957,13.793474305694318
23958,6.29710856647974
23959,7.564546781187448
23960,7.007484144677651
23961,7.366642947240219
23962,6.822508792959777
23963,10.570160829566836
23964,10.467159245505071
23965,9.41461354635916
23966,11.831572341082154
23967,7.051797472772279
23968,11.328839027078702
23969,9.757249083830562
23970,12.574641396461363
23971,9.506017410791815
23972,15.782444724523204
23973,10.480527187864526
23974,14.73627074552863
23975,7.44522104625998
23976,9.021140030016737
23977,9.89740889971141
23978,9.099205408964192
23979,14.33451058504359
23980,9.683524458631863
23981,5.728675913616736
23982,10.964536328630498
23983,9.499184294091506
23984,11.042987627268705
23985,10.21436195359577
23986,9.782605415263644
23987,12.084968661039401
23988,7.657953065015377
23989,8.845390076136662
23990,5.437991709084765
23991,10.649653589827322
23992,9.588097194798216
23993,10.235010402430664
23994,9.757614287807481
23995,8.739839159955569
23996,8.105621829317085
23997,8.301448136557294
23998,10.896704982452714
23999,11.406057212343537
24000,10.297231011338784
24001,6.999054108191191
24002,10.633289862054248
24003,15.053930788499123
24004,11.624943917475111
24005,12.028924793828232
24006,7.2649579850788655
24007,8.651185303561649
24008,9.616910810539602
24009,9.172499898940899
24010,10.377680921559822
24011,7.07566469601576
24012,10.57238414025116
24013,10.742292980186727
24014,8.292402658230541
24015,7.062881074742027
24016,7.330221814450982
24017,10.208057389443962
24018,9.014402578741906
24019,7.95451283505262
24020,9.86940552180721
24021,11.111662812181972
24022,12.283388642415803
24023,9.069929064481714
24024,10.611528539984338
24025,11.466617394321172
24026,10.661635902425946
24027,10.741265171271666
24028,9.70154613083123
24029,8.797834303299558
24030,9.963307682736982
24031,12.424154674006976
24032,5.242184071184813
24033,7.25288910128205
24034,8.4062778430994
24035,12.16572906479771
24036,9.953261187917299
24037,13.270747708873689
24038,15.312456880788964
24039,10.80433122625504
24040,13.270843459577643
24041,12.100944479186364
24042,7.342764230272911
24043,9.422250859864416
24044,10.371559219487253
24045,15.661548934474432
24046,9.612682071730783
24047,4.899784434491162
24048,7.068262759582597
24049,11.028499700999161
24050,11.077717780348893
24051,14.967023041421156
24052,13.807182487524457
24053,9.644202712388006
24054,5.753988393705384
24055,11.900783212723624
24056,12.591585733178897
24057,11.725342017755477
24058,15.561059555243933
24059,7.164503643726171
24060,12.940454841358385
24061,6.20803836615027
24062,8.935797118226137
24063,11.49715400296437
24064,4.47883954786981
24065,13.697043839874155
24066,9.922002234175974
24067,8.653994500075154
24068,15.873018013883911
24069,11.846698259320622
24070,7.909816467029589
24071,7.336341591901927
24072,9.338292135387475
24073,10.39502379159218
24074,8.93610438836054
24075,9.57482818459372
24076,9.670623905929807
24077,12.852293581731164
24078,12.00957098199223
24079,9.82729022086852
24080,8.084294567311677
24081,10.021043907783778
24082,12.509075777983426
24083,12.010506030002054
24084,7.955979762660718
24085,9.439756011602189
24086,7.1932592450772805
24087,9.28032235264936
24088,8.382827321465749
24089,9.261508669536203
24090,13.194610330793449
24091,11.961386606883853
24092,10.584153267160474
24093,6.843993223002691
24094,10.82687051906241
24095,10.584905424998794
24096,11.55885497130812
24097,8.445604528083685
24098,13.201054175216777
24099,9.260994565648943
24100,9.671302121067912
24101,10.742111679317997
24102,10.001556942705353
24103,9.58429215381986
24104,9.086154358438618
24105,10.038160982993343
24106,12.83496075435543
24107,11.251754863848046
24108,10.37298416200958
24109,12.140500567523418
24110,12.938505273492412
24111,8.067810717381988
24112,7.101855889348933
24113,4.221956919821425
24114,12.75676645715784
24115,9.100824882228423
24116,10.971000198871646
24117,9.192981048333618
24118,10.869684896053812
24119,10.30867118601931
24120,9.475489569383488
24121,9.022858722150108
24122,8.363821375289817
24123,7.483170617317349
24124,9.48850433703289
24125,4.534368410061784
24126,12.487906122959831
24127,7.9299151980544735
24128,7.735501665524994
24129,9.91530679442349
24130,10.639273897846447
24131,9.77909743771335
24132,8.669868989575626
24133,15.035569014085091
24134,8.912591915663338
24135,12.141383610132568
24136,8.224986365771825
24137,12.493749638468257
24138,4.109608773292832
24139,8.391269656920416
24140,6.093352145073625
24141,11.761113606066267
24142,9.456922779900772
24143,11.422995932652174
24144,9.43410619878178
24145,11.369060893676085
24146,16.675624728827717
24147,12.859520793085391
24148,10.951607199356353
24149,7.290357743720826
24150,12.357985059590053
24151,8.150964456421509
24152,10.588133183941792
24153,8.114836003101143
24154,11.347753923921763
24155,9.671578285760813
24156,16.134368821969584
24157,11.451194080404328
24158,9.886384726354493
24159,10.225401065852438
24160,8.204218335274236
24161,6.8785701377220985
24162,8.425819274060181
24163,9.147531252785596
24164,9.689703936324014
24165,12.277357628508948
24166,10.77950667449536
24167,17.46023082272526
24168,12.72559122351932
24169,7.56776903246611
24170,11.199563052258615
24171,7.042291840878205
24172,14.011112522047135
24173,8.752017489452248
24174,10.931668272431622
24175,16.516598935196537
24176,11.019924909064846
24177,7.647048734057431
24178,6.803981474366905
24179,7.523968087755822
24180,10.261548597762253
24181,9.582175342175795
24182,13.53981188014467
24183,9.771345391893464
24184,7.583259556790099
24185,8.134539276039863
24186,15.662889619509423
24187,4.011479131650596
24188,11.484199993967438
24189,17.185668026906352
24190,9.43614983158018
24191,8.054403186097106
24192,9.512078304622147
24193,7.651389829656894
24194,6.635904131380533
24195,11.781860174105013
24196,10.262187582179166
24197,10.263696968878117
24198,8.153508757817868
24199,12.171929164294855
24200,11.561568157178437
24201,10.311808737137543
24202,6.554665564697562
24203,10.826603711996977
24204,10.31782533847088
24205,15.689629798922907
24206,7.480480382508599
24207,12.559136361389406
24208,10.982650781966838
24209,13.264015073987865
24210,10.52069103840105
24211,15.43808590145336
24212,8.938517120387923
24213,7.024442827891389
24214,4.933871310747481
24215,9.148041923936459
24216,11.060565546095193
24217,10.167001581823277
24218,8.734853023779849
24219,15.221745010730872
24220,9.376511542000543
24221,9.710437227914554
24222,7.6390876171696265
24223,11.174582861027051
24224,7.147115942112002
24225,10.77846753245462
24226,6.112679293259305
24227,13.443392838186927
24228,13.346133914583138
24229,11.089856276414062
24230,11.572309872185212
24231,14.36970929709798
24232,6.296167841597322
24233,10.339015926210372
24234,13.399670523613528
24235,14.672335814065372
24236,8.532430124003383
24237,6.52130131278761
24238,7.835477898352941
24239,9.922930029827896
24240,10.760462444428253
24241,10.508549790763459
24242,15.059072295977181
24243,8.539451075715647
24244,11.466259759111896
24245,11.291282316780126
24246,7.425788544921377
24247,9.458444226704014
24248,12.669334574235195
24249,10.608505389109677
24250,10.248868831862003
24251,15.118913259954041
24252,8.702411575431022
24253,9.068433521321259
24254,6.825342816136198
24255,8.737104246307023
24256,11.067153264580142
24257,15.13029370919678
24258,12.438410521307631
24259,14.28795155436764
24260,6.296917293398746
24261,10.563342194747456
24262,12.379504162209145
24263,9.400695870346429
24264,7.717681361988988
24265,12.529360006210894
24266,7.433174920964246
24267,6.238726543468816
24268,15.649925187418084
24269,9.984611347254695
24270,8.76209059882757
24271,10.156347522323346
24272,9.511495863205623
24273,9.832011771082204
24274,10.674367254178833
24275,8.551196737599575
24276,5.860813986429217
24277,13.975935024941666
24278,8.691892378387504
24279,10.18223962455437
24280,10.734161220514812
24281,8.012725830025097
24282,10.884157467732054
24283,9.489836372902497
24284,7.913721317586132
24285,11.919759784611458
24286,9.925676818558973
24287,8.28999974377898
24288,7.821984109404866
24289,9.786098514948907
24290,6.826565847313667
24291,12.052028309539633
24292,10.578194294443675
24293,11.488829164681867
24294,10.610636745851519
24295,11.5935338807116
24296,10.390745413434324
24297,8.497949382546592
24298,4.393006634980152
24299,7.326767887193023
24300,6.760215373176637
24301,9.229824758822028
24302,9.843243424027456
24303,6.2914845621231255
24304,13.76179882054597
24305,9.857981687869128
24306,7.569650966870463
24307,8.200533233388272
24308,13.188924352379011
24309,10.977746820625569
24310,9.003567301077673
24311,17.913424821737042
24312,9.489228216777338
24313,10.07500687772695
24314,10.405111088923384
24315,10.687041578603672
24316,11.55265330975525
24317,7.812791330709523
24318,9.134392080744565
24319,7.067838540941254
24320,10.575661521743694
24321,7.110246535248102
24322,11.512400652560522
24323,8.8260437336447
24324,11.214299055538593
24325,4.006800869548734
24326,9.732798123085608
24327,9.53711282808082
24328,4.116344478570605
24329,10.586468154430634
24330,11.829950232294372
24331,12.049201930324152
24332,9.805918400818662
24333,4.250626796025665
24334,9.926289316761498
24335,9.378854561261086
24336,9.33937171354808
24337,13.014653938336686
24338,6.783848794048312
24339,12.814660794797774
24340,12.065845369086023
24341,10.575479940644264
24342,15.454713936996752
24343,10.14144702614274
24344,15.004474538493822
24345,6.655069316161935
24346,6.163102403366893
24347,11.722057918138708
24348,11.613734331386912
24349,8.93750670569713
24350,10.686449009262493
24351,9.075829532096211
24352,13.533289169094868
24353,8.187572231009199
24354,9.402126958764377
24355,10.622247657583669
24356,13.795100187272672
24357,9.950772939240155
24358,8.238062493717237
24359,11.884591134707946
24360,9.697292299672593
24361,6.07694791512664
24362,8.236021767517684
24363,9.82072566159129
24364,10.684660135553209
24365,12.186064257751166
24366,12.197747713172383
24367,11.167442877854327
24368,8.979902587444801
24369,10.095923162305226
24370,14.14978892944141
24371,10.540487366041342
24372,4.560552037100499
24373,8.098157224658975
24374,4.531045567528612
24375,9.661255103075211
24376,7.646315038878205
24377,11.423921219612836
24378,9.60614572468856
24379,11.516606041449661
24380,10.43954563020958
24381,10.228578904014457
24382,9.958461488233118
24383,12.706859283509576
24384,5.877739269908965
24385,13.005612837248457
24386,10.479084106720762
24387,8.157584498083708
24388,10.589509987772487
24389,11.51641760967707
24390,5.645008892017522
24391,4.136236452443976
24392,11.919273399219602
24393,9.433965061116016
24394,14.759262064145041
24395,7.37256534357197
24396,8.95592849196823
24397,5.135412341098205
24398,10.1923367817565
24399,8.751588770703048
24400,9.343782536591627
24401,7.957831853515767
24402,9.714834971623675
24403,6.751300649632933
24404,9.099397510209343
24405,6.983546138182328
24406,7.039787537978945
24407,10.663990234834282
24408,8.228362625456578
24409,13.674613190194437
24410,10.322906210203248
24411,8.597387870521832
24412,10.721889418102922
24413,10.134855939682604
24414,4.734523682053103
24415,5.58718987176783
24416,5.2390481611776005
24417,10.023745712400995
24418,6.578131946501569
24419,10.646140581911588
24420,10.210447115824454
24421,14.984900572185305
24422,7.795447238965527
24423,10.679346276253145
24424,13.024989447496417
24425,11.905176478775967
24426,9.622461633134549
24427,14.988168787274713
24428,11.240323280283437
24429,9.701704816943831
24430,13.544607841397935
24431,11.076816992233816
24432,11.56530736791315
24433,7.7922379973865326
24434,16.93678914815122
24435,12.89992964130085
24436,9.900500000750704
24437,13.721537784863564
24438,10.624346477257369
24439,8.972906829578836
24440,9.57691863320358
24441,6.7800571932979485
24442,7.909202550895028
24443,6.492455681961233
24444,9.753518037616416
24445,10.525176179046714
24446,11.29448972835562
24447,11.5491446563953
24448,13.052123772123108
24449,11.968871705555493
24450,11.310737576061701
24451,6.903713957426164
24452,12.647498695152493
24453,7.207412987636021
24454,9.326247998366581
24455,9.26047637392531
24456,10.754723208783467
24457,9.326375465430768
24458,9.294721266842151
24459,9.175836046019796
24460,14.296308771905629
24461,9.369756760558133
24462,13.129449594236505
24463,9.33499634659276
24464,10.258147522570425
24465,8.41827924164917
24466,8.791100076793182
24467,10.664175736003994
24468,8.418467292441214
24469,7.174998352228015
24470,6.9057869468644
24471,10.032991584535672
24472,5.646535967986363
24473,11.53019251688787
24474,12.570874595841097
24475,5.586174315929282
24476,6.299332823348347
24477,12.832182879071112
24478,10.69327444356681
24479,5.295446001833975
24480,11.685514054151458
24481,12.192881327715359
24482,6.637655982970111
24483,8.83996545392657
24484,8.535292001495613
24485,9.37552284279119
24486,13.331698104706929
24487,9.56525534272511
24488,8.958578954987106
24489,4.796314970095549
24490,19.7252936946882
24491,12.368939574311762
24492,10.271585318802028
24493,7.304368430372653
24494,4.697792890236357
24495,9.922103335803389
24496,11.560712279110735
24497,7.594477690217963
24498,11.875901167711005
24499,16.626342873980885
24500,11.543825900324464
24501,16.23108015369263
24502,14.603349772407533
24503,6.66403330910308
24504,8.035609015750282
24505,9.745744191743423
24506,10.897715689195662
24507,12.147980328220955
24508,10.216743342331606
24509,5.486531423357649
24510,4.228085442184822
24511,9.287148815982336
24512,8.92785669384151
24513,8.461309489062465
24514,10.807067414299558
24515,5.729830621017015
24516,6.5237426724747625
24517,8.62404739504324
24518,11.615363173174305
24519,10.805408991976208
24520,6.85318837711082
24521,10.818756878481949
24522,6.968421415491921
24523,11.073207459737247
24524,10.298292627670602
24525,10.34470536179968
24526,9.937350069620067
24527,5.370267821284291
24528,7.441379566219998
24529,10.630211247487999
24530,11.886319730579572
24531,9.923416317114551
24532,6.589707015878417
24533,10.454680269662493
24534,6.945488688423395
24535,11.730959398401371
24536,10.66840397773818
24537,8.936470886469213
24538,11.108528412256888
24539,9.876885810577631
24540,9.316608361238535
24541,5.500185538074701
24542,10.53562331574836
24543,8.234373730357255
24544,10.096538087646449
24545,11.588068102198703
24546,12.23080745177733
24547,7.818581966338478
24548,8.3658267862674
24549,8.844163322895296
24550,7.947653724325981
24551,8.000211575405073
24552,7.9472377126952765
24553,10.790091221226422
24554,8.727745720637948
24555,6.874875182560988
24556,7.554088396515125
24557,9.528237356817641
24558,6.555723123568789
24559,11.562891942807571
24560,10.315537326349563
24561,6.1582085109225835
24562,10.109196522505904
24563,8.760942035843216
24564,6.325544639061354
24565,15.217374279036179
24566,10.355162614663671
24567,7.446626762912217
24568,10.882688602134952
24569,7.829558089776022
24570,4.499232409294674
24571,6.874883085894894
24572,9.884295404165687
24573,4.656938473357181
24574,7.984359783888777
24575,10.995853135932562
24576,6.659487105439892
24577,10.844317852390013
24578,8.300737179406996
24579,11.592599054207136
24580,9.228202168550293
24581,11.69081672805869
24582,8.957621779174122
24583,15.42370820670665
24584,10.140811489069161
24585,8.083278633431974
24586,10.491008603404332
24587,9.270476220490313
24588,9.362098351175721
24589,9.204314189756614
24590,10.49341276793692
24591,5.63893362548288
24592,4.532401047897246
24593,9.164740008126284
24594,10.246910306310227
24595,6.398687979202576
24596,11.520970715684827
24597,11.295295997111062
24598,10.225489371396009
24599,10.588053666171344
24600,13.260255218494128
24601,8.577589312004726
24602,3.936350005482712
24603,7.276807575875088
24604,6.991954434220393
24605,8.82432926278876
24606,8.39434831861128
24607,9.19077344991743
24608,10.319342659739672
24609,14.965185047537979
24610,10.980181949485766
24611,6.608461196783836
24612,14.027135986845499
24613,13.903154079690026
24614,11.25381770035687
24615,7.918772283928229
24616,10.323130148109648
24617,7.855486203650434
24618,14.19633839316262
24619,7.219991235346371
24620,10.984777106953056
24621,9.648194121657871
24622,9.325430255735366
24623,7.263909805728692
24624,11.028259133766708
24625,8.822191449516168
24626,10.162688515486604
24627,9.28246677631533
24628,8.85225428382143
24629,5.372881924414104
24630,8.890324095717027
24631,9.756228748521433
24632,11.902165054195514
24633,10.582730998332897
24634,4.164243204964653
24635,10.960122154411891
24636,9.490644848113824
24637,10.42969486940438
24638,12.79096837292012
24639,16.874292954888187
24640,8.585014628181156
24641,9.464411962009862
24642,10.657428245353373
24643,11.882532295777846
24644,5.835364190414163
24645,9.423362308583847
24646,12.402816796316536
24647,9.598277281883078
24648,10.777419763138559
24649,7.380892335809304
24650,7.745870105111333
24651,7.892682847850043
24652,8.566682028689925
24653,10.312003146259997
24654,11.723956165691002
24655,11.457975828040121
24656,7.11212860967822
24657,12.636068943598906
24658,11.918427189036056
24659,7.295324969456011
24660,4.831139588131308
24661,7.40366762574259
24662,10.833998469374874
24663,14.670173465971136
24664,10.018692455323894
24665,7.5754547947457755
24666,7.098955410997146
24667,5.528852132011984
24668,16.55634064575559
24669,12.685985325749376
24670,10.144862933092321
24671,9.648470287441885
24672,9.159704273202323
24673,9.690940835239047
24674,11.338929080913687
24675,6.26837184749675
24676,12.164880742284701
24677,10.96380737464098
24678,9.667528665972418
24679,10.857463181568153
24680,6.986418951281089
24681,10.306705503013443
24682,13.455512298808172
24683,10.829081791315168
24684,9.493355044450162
24685,9.642614659161048
24686,10.54249659530344
24687,7.7729101427168805
24688,11.124295508042813
24689,11.556734196432583
24690,9.202250075679736
24691,7.993084459067802
24692,6.751041886851093
24693,9.840398560371337
24694,9.68939318691125
24695,7.925521002128807
24696,10.093395485324741
24697,7.797979520940753
24698,7.757208516483687
24699,14.04007529775075
24700,10.642246804833992
24701,10.791920174520998
24702,12.037220139720615
24703,6.617938679572937
24704,12.838005883400008
24705,9.30046476298705
24706,11.408707681264724
24707,4.896540695117144
24708,7.181210924996417
24709,11.008597877480067
24710,8.37254455159722
24711,10.807181451854412
24712,5.591232682298117
24713,9.867883389668147
24714,11.4221503209622
24715,7.341442548043923
24716,9.902509922701565
24717,10.482852076593876
24718,15.194664551933336
24719,10.145741090538028
24720,11.393903346642052
24721,9.751608679851282
24722,9.81334505075305
24723,9.167411461130769
24724,11.975516437047485
24725,7.129518378492818
24726,17.128596707565503
24727,6.866064968758539
24728,10.847987651868385
24729,10.625994929298216
24730,10.474952256563036
24731,11.68506921087618
24732,8.45170763373132
24733,14.982979236236954
24734,11.354463388227945
24735,7.972025676464774
24736,6.658173973229698
24737,5.4809517092426745
24738,7.72190572252568
24739,10.492526556579644
24740,6.975060758882501
24741,12.345019990179276
24742,10.632965683679114
24743,10.976977477194353
24744,11.042752489135891
24745,13.535192710162688
24746,5.4453754782697
24747,8.6797026434904
24748,11.259954909060317
24749,8.068192348580956
24750,9.607525109385763
24751,11.619088262451735
24752,9.321408660661605
24753,9.368913330819723
24754,11.016687514348718
24755,9.485484207688327
24756,11.325534252288936
24757,4.558221499432998
24758,13.440623630482158
24759,10.205427588337578
24760,7.547743561406004
24761,12.124004085135686
24762,13.305228446334187
24763,13.782639013856642
24764,11.621075851668392
24765,4.545265935419684
24766,13.048455575188079
24767,5.683315820117657
24768,10.619232405085814
24769,9.728358081404982
24770,5.304493420417355
24771,9.434531150231743
24772,11.42932341049954
24773,11.581282249638587
24774,13.197625939214344
24775,17.187373169825758
24776,10.724087526329228
24777,9.23720114384069
24778,10.037215231767991
24779,7.790196164119313
24780,11.079686591008176
24781,12.130254894011012
24782,10.99827990242156
24783,4.31894056094996
24784,10.43070515185908
24785,11.193971528138395
24786,9.96625856837449
24787,11.483661770659936
24788,7.402999259089545
24789,12.228160934117257
24790,11.446996792291488
24791,10.416790903211401
24792,13.665842244515307
24793,11.283489365491963
24794,6.300727464408592
24795,10.743582929401189
24796,11.710504548321474
24797,8.112561903706252
24798,8.574245635681425
24799,11.994804123638596
24800,5.2392562706038
24801,14.442522948668577
24802,12.324230788404325
24803,11.431444977111015
24804,10.160894063802006
24805,17.61689595723882
24806,10.36298201036848
24807,7.284599323198507
24808,11.16997977952891
24809,10.043307554471987
24810,9.002719782788972
24811,10.717079822951742
24812,8.719568620569902
24813,4.6215030398860435
24814,9.909720605258899
24815,12.376621744348697
24816,7.8969394996676705
24817,6.650920194708764
24818,8.525747043740644
24819,10.202245283290047
24820,12.44221213946055
24821,10.606245392432776
24822,8.328565749578317
24823,10.64928548602808
24824,6.664859718758504
24825,10.05016413216105
24826,9.07294671001547
24827,5.678867471596494
24828,9.182091533561218
24829,11.89354357926318
24830,8.081326408397402
24831,11.578566647698022
24832,15.061331891682197
24833,8.728556041604724
24834,11.105091198917716
24835,12.550862916140034
24836,12.93873880127089
24837,8.01713831488345
24838,6.30869319112645
24839,8.67854219452942
24840,8.940447436384254
24841,8.0262879351356
24842,10.775208672857016
24843,9.063714294717544
24844,9.180915384094106
24845,6.484094894194825
24846,11.218918663289806
24847,9.215617585708406
24848,8.298728025137361
24849,9.29145749045681
24850,8.962222467135918
24851,5.399551924559487
24852,9.698079956147863
24853,11.09995069188
24854,10.565147604209422
24855,10.707632528376593
24856,5.453146245091702
24857,13.59841747382036
24858,11.493552281898562
24859,9.246436912792973
24860,6.540108397499586
24861,6.414833484373812
24862,11.880525392604795
24863,12.585077214345084
24864,10.026714898211882
24865,7.406158916187621
24866,10.138331639370744
24867,8.876748561259436
24868,8.708020870897808
24869,7.0418381213312875
24870,10.191349434215184
24871,4.144532686945935
24872,10.309247759163483
24873,11.408149672057629
24874,9.968636833044508
24875,10.004567051816286
24876,9.938135806849669
24877,12.557297803693677
24878,10.907470294167613
24879,10.273714161082307
24880,9.693586831953741
24881,10.985184964056613
24882,9.972093568227018
24883,9.552724892100493
24884,7.969344674205773
24885,12.361106221740776
24886,6.438052975587759
24887,7.952865885994667
24888,13.342464359233183
24889,9.81746770586147
24890,12.241343166290562
24891,8.54081112968996
24892,8.97450994728951
24893,12.15984713438011
24894,7.89375273665307
24895,4.809600275373052
24896,7.0180934233852925
24897,6.253121085854339
24898,11.436429717164302
24899,7.736865189685524
24900,5.514770681538172
24901,12.7999915634329
24902,8.218231098240988
24903,11.246372561115987
24904,9.34387135429122
24905,10.721978524092965
24906,12.297415817707709
24907,15.854021616224706
24908,11.406897381777519
24909,10.814439517087306
24910,11.234227496820864
24911,10.065488765543595
24912,14.63435514121748
24913,6.458093439652239
24914,10.181593578310526
24915,9.976328921181382
24916,11.235007504159224
24917,10.627097986889268
24918,10.866489012736523
24919,8.156769980706802
24920,8.474999908025772
24921,10.424709406194491
24922,9.110217467580991
24923,8.522620335478926
24924,7.329388625964412
24925,10.393551245826494
24926,12.956944458147055
24927,15.728249698780072
24928,8.127033545176742
24929,6.67152905757489
24930,9.478319916504747
24931,11.003866520931474
24932,7.37775295632181
24933,9.93772912371455
24934,11.415302225897683
24935,6.791646579652792
24936,11.423032323634231
24937,18.32212225061481
24938,9.276210660313422
24939,5.170124157928406
24940,9.139564651426813
24941,10.676795680892448
24942,7.8887292500427755
24943,12.661591653679734
24944,8.368629098677774
24945,5.513697163790649
24946,8.746336565799687
24947,10.139718652699056
24948,10.601189421595372
24949,6.380968921489666
24950,9.188871005411968
24951,9.6705873918834
24952,8.622749662898078
24953,7.018462703918681
24954,11.830475446798836
24955,6.957600550625744
24956,6.815329735756007
24957,11.612108960526292
24958,8.571468227064175
24959,8.25513962818197
24960,17.532412076121343
24961,10.809376254614744
24962,12.125079503605356
24963,6.370169324186819
24964,10.853982104781817
24965,11.092613877881682
24966,12.001777837374828
24967,9.28214608628112
24968,9.901430363104753
24969,11.41425652337811
24970,9.551187711586671
24971,14.274868493869686
24972,8.866313643499808
24973,4.273897222121059
24974,11.403321271293315
24975,19.297094769467588
24976,10.616307732141976
24977,4.149699660194399
24978,10.913861137451786
24979,7.528163566839634
24980,12.742883497379548
24981,4.484070304283465
24982,13.9004548369397
24983,11.274910465121387
24984,8.85180578805591
24985,8.273202310286758
24986,11.164499487561747
24987,11.260750735096877
24988,5.049511375600642
24989,11.043546903640074
24990,10.386705407067241
24991,7.483926698685527
24992,9.908170588054853
24993,11.076704360334055
24994,10.34533389844561
24995,10.82570520603183
24996,10.356511311231142
24997,9.508179892686295
24998,10.856992735893584
24999,7.564727449598685
